id,name,industry,country,sent,price,itemCount
4488,alnc.,Consumer Staples,United States,64,12%,8
4302,hirp.,Energy,China,8,-6%,5
5166,hiion,Energy,China,34,-6%,1
4386,oyion,Consumer Discretionary,Japan,35,4%,6
4584,ol AG,Consumer Discretionary,Germany,39,2%,1
4237,oyplc,Energy,Netherlands,30,7%,5
2709,ppnc.,Information Technology,United States,26,-5%,6
3607,ernc.,Financials,United States,66,8%,5
5160,hiion,Energy,China,26,3%,8
4513,xxion,Energy,United States,40,1%,8
4045,cKion,Healthcare,United States,62,4%,6
4430,nited,Healthcare,United States,55,4%,3
3605,P .c.,Energy,United Kingdom,62,8%,1
7774,ettd.,Energy,China,90,8%,5
3712,VSion,Consumer Staples,United States,65,-4%,6
1921,amtd.,Information Technology,South Korea,60,-5%,1
10112,ai AG,Consumer Discretionary,Germany,46,3%,0
3877,enany,Consumer Discretionary,United States,90,-3%,4
4350,T&nc.,Telecommunication Services,United States,51,-2%,7
2343,lePlc,Materials,Switzerland,67,-1%,5
3827,orany,Consumer Discretionary,United States,64,4%,4
3468,meion,Healthcare,United States,84,0%,4
7904,hited,Industrials,China,68,8%,5
498,XA SA,Financials,France,8,-2%,0
9674,ontd.,Information Technology,Taiwan,48,-5%,4
2756,manc.,Consumer Discretionary,United States,84,6%,3
3918,ontd.,Consumer Discretionary,Japan,26,1%,2
4392,OT.A.,Energy,France,5,-2%,7
3627,arnc.,Healthcare,United States,97,-3%,4
4463,ernc.,Telecommunication Services,United States,65,-1%,2
8833,aptd.,Financials,Japan,25,-2%,7
3829,ia.V.,Consumer Discretionary,United Kingdom,5,1%,4
2858,osion,Consumer Staples,United States,10,-4%,0
3862,enany,Industrials,United States,85,3%,8
391,ll SE,Financials,Germany,52,5%,0
3380,alnc.,Consumer Staples,United States,61,-4%,6
7690,intd.,Financials,China,96,4%,8
3999,heCo.,Consumer Staples,United States,23,3%,8
7860,AIted,Consumer Discretionary,China,21,-2%,2
9108,istd.,Consumer Discretionary,Japan,22,5%,2
3653,hited,Telecommunication Services,Hong Kong,97,8%,0
9469,ipion,Telecommunication Services,Japan,85,-3%,7
395,ayaft,Consumer Discretionary,Germany,5,-6%,4
3713,heion,Energy,United States,17,8%,3
2924,xpany,Healthcare,United States,65,3%,3
2371,ruplc,Financials,United Kingdom,73,-4%,8
3902,henc.,Consumer Discretionary,United States,94,2%,3
3570,heany,Industrials,United States,55,-6%,3
2402,ubrom,Energy,Russia,74,0%,0
181,ss.A.,Financials,Italy,71,-7%,1
4578,es.A.,Consumer Staples,Switzerland,28,-7%,6
3978,PMCo.,Financials,United States,58,3%,4
2967,lpnc.,Information Technology,United States,74,4%,1
4750,ieaft,Industrials,Germany,17,8%,4
494,ar SA,Consumer Staples,France,84,-2%,8
4574,ittd.,Information Technology,Japan,97,8%,2
3134,icion,Information Technology,United States,13,5%,2
7662,ndted,Financials,China,10,0%,2
3519,ntnc.,Healthcare,United States,62,-1%,5
4475,elany,Financials,United States,57,8%,2
401,eu AG,Telecommunication Services,Germany,92,-4%,7
9566,ofrp.,Telecommunication Services,Japan,72,3%,2
4690,ubOIL,Energy,Russia,5,1%,3
1908,yuany,Consumer Discretionary,South Korea,95,6%,7
4178,etras,Energy,Brazil,19,8%,3
2843,omion,Consumer Discretionary,United States,28,2%,5
3572,anion,Financials,United States,51,0%,8
3944,ntion,Information Technology,United States,72,-2%,8
500,le SA,Utilities,France,46,2%,8
2393,esPLC,Consumer Staples,United Kingdom,73,-6%,8
179,neSpA,Utilities,Italy,24,6%,0
9364,eotd.,Consumer Staples,Japan,94,-3%,0
501,NG SA,Utilities,France,59,-8%,3
7783,hiion,Financials,China,34,-4%,7
9285,arion,Industrials,Japan,18,0%,1
479,ir SE,Industrials,Netherlands,0,-4%,8
8679,X nc.,Energy,Japan,49,3%,4
3973,ohson,Healthcare,United States,13,-1%,2
7368,niice,Government Institution,United States,83,3%,0
9289,oyion,Industrials,Japan,69,7%,8
4219,hi 66,Energy,United States,56,2%,5
4452,alion,Energy,United States,65,7%,3
4373,arion,Consumer Discretionary,United States,1,2%,6
4301,onion,Consumer Discretionary,Japan,6,5%,5
7953,ur AG,Financials,Switzerland,87,3%,3
8998,anion,Consumer Discretionary,Japan,48,-7%,8
7657,heted,Financials,China,43,-3%,5
10123,UD AG,Consumer Discretionary,Germany,89,-7%,5
4190,heany,Consumer Staples,United States,96,2%,2
4025,ownc.,Consumer Discretionary,United States,59,2%,0
10114,eu AG,Industrials,Germany,69,7%,8
4566,AS SE,Materials,Germany,79,-8%,3
4053,etnc.,Financials,United States,92,8%,0
3484,etnc.,Healthcare,United States,83,0%,0
3621,itnc.,Financials,United States,79,-4%,1
4184,epnc.,Consumer Staples,United States,78,-3%,6
7723,anted,Financials,China,93,0%,1
3477,rcany,Consumer Staples,United States,80,0%,7
3776,niSpA,Energy,Italy,95,-4%,2
9397,ainc.,Financials,Japan,44,6%,6
4434,ninc.,Industrials,United States,36,5%,8
2396,odPlc,Telecommunication Services,United Kingdom,49,-1%,7
4217,runc.,Financials,United States,100,3%,4
534,eu.A.,Consumer Discretionary,France,90,-6%,8
4866,lbLLC,Consumer Staples,United States,50,-1%,1
3023,ntion,Information Technology,United States,40,-1%,0
4363,el.A.,Telecommunication Services,Spain,28,-6%,1
456,ni.V.,Consumer Staples,Netherlands,23,4%,8
2394,niPLC,Consumer Staples,United Kingdom,54,0%,3
3836,edion,Industrials,United States,75,-5%,4
4440,niion,Industrials,United States,100,2%,8
9308,ition,Industrials,Japan,42,6%,7
4086,rctal,Materials,Luxembourg,24,-3%,5
523,en SA,Consumer Discretionary,France,89,3%,4
6646,etnos,Energy,Mexico,57,8%,0
4074,arion,Energy,United States,8,2%,7
3771,elnc.,Information Technology,United States,4,1%,0
3742,heany,Consumer Discretionary,United States,16,4%,0
3551,viplc,Financials,United Kingdom,47,5%,1
440,on.V.,Consumer Staples,Netherlands,89,-2%,5
2137,K td.,Industrials,South Korea,7,6%,7
3937,umnc.,Healthcare,United States,37,-1%,3
7947,oc AG,Healthcare,Switzerland,24,0%,2
4349,ysion,Consumer Staples,United States,48,1%,3
4188,finc.,Healthcare,United States,6,-4%,0
8334,evtd.,Consumer Staples,Japan,82,8%,7
3647,hitd.,Telecommunication Services,China,97,-7%,1
2053,orrp.,Utilities,South Korea,72,8%,5
4567,ay AG,Healthcare,Germany,30,-1%,6
3516,me.V.,Telecommunication Services,Mexico,51,-3%,0
3494,menc.,Financials,United States,10,4%,5
157,ested,Consumer Staples,Australia,15,8%,0
9480,okted,Utilities,Japan,18,2%,2
6648,ethad,Energy,Malaysia,52,5%,3
4139,ov AG,Healthcare,Switzerland,94,1%,3
9396,S&nc.,Financials,Japan,45,7%,4
3924,ewany,Information Technology,United States,92,-2%,2
3925,P nc.,Information Technology,United States,100,0%,8
2869,isnc.,Information Technology,United States,44,5%,2
421,WE AG,Utilities,Germany,98,-8%,7
415,ET AG,Consumer Staples,Germany,91,-3%,4
2174,G nc.,Consumer Discretionary,South Korea,47,-8%,5
3754,heany,Materials,United States,33,6%,2
5157,hiion,Healthcare,China,66,1%,8
4202,OSSCO,Materials,South Korea,54,3%,8
1766,iarp.,Consumer Discretionary,South Korea,35,-8%,6
4329,taASA,Energy,Norway,91,2%,6
519,range,Telecommunication Services,France,37,-3%,4
398,onaft,Consumer Discretionary,Germany,81,-8%,6
3931,SBplc,Financials,United Kingdom,38,8%,0
493,NP SA,Financials,France,16,-6%,0
10129,hy AG,Materials,Germany,94,-5%,0
9470,DDion,Telecommunication Services,Japan,96,-5%,8
3455,elted,Energy,India,66,1%,6
526,om.A.,Industrials,France,38,5%,1
403,.O SE,Utilities,Germany,77,6%,4
3727,TTnc.,Telecommunication Services,Japan,91,8%,3
3585,unted,Consumer Staples,United States,59,-3%,8
4576,ented,Information Technology,Hong Kong,48,-3%,6
3995,heany,Consumer Staples,United States,33,3%,1
4570,ujted,Information Technology,Japan,41,-6%,6
8716,ipion,Materials,Japan,61,-5%,5
276,atted,Consumer Discretionary,India,28,-5%,8
515,VM.E.,Consumer Discretionary,France,21,2%,4
3898,CAnc.,Healthcare,United States,83,2%,7
9050,ENion,Consumer Discretionary,Japan,5,-8%,4
3655,hited,Telecommunication Services,Hong Kong,24,-4%,6
1782,anrp.,Industrials,South Korea,32,5%,8
3950,ngnc.,Information Technology,United States,73,5%,3
9372,umnc.,Financials,Japan,28,0%,3
2708,menc.,Industrials,United States,49,3%,0
10001,anion,Financials,Canada,57,-8%,3
497,asyme,Consumer Staples,France,60,-2%,3
4080,ernc.,Healthcare,United States,36,-3%,1
3656,igion,Healthcare,United States,42,-8%,3
3721,elnc.,Industrials,United States,2,-4%,5
9371,itnc.,Financials,Japan,39,-5%,4
3578,esnc.,Consumer Discretionary,United States,56,-3%,6
9293,ittd.,Industrials,Japan,33,-6%,7
3922,onnc.,Industrials,United States,21,2%,1
8936,ition,Industrials,Japan,58,3%,6
3051,D.nc.,Consumer Discretionary,China,5,3%,6
7584,F  AG,Consumer Discretionary,Germany,94,-3%,0
7637,intd.,Healthcare,China,24,0%,3
3631,atnc.,Industrials,United States,54,5%,7
4304,anofi,Healthcare,France,59,2%,0
9305,umion,Industrials,Japan,87,0%,2
205,an.A.,Financials,Spain,7,1%,1
3676,enion,Healthcare,United States,79,4%,8
9833,egion,Information Technology,Taiwan,91,2%,6
3815,ne.P.,Energy,United States,87,0%,6
4164,raion,Information Technology,United States,23,-6%,1
8935,osion,Industrials,Japan,49,-5%,7
3326,-Mnc.,Telecommunication Services,United States,84,8%,0
6709,T ro),Energy,Indonesia,99,5%,8
4021,ocion,Industrials,United States,92,-3%,0
4407,ysnc.,Consumer Staples,United States,45,8%,1
7812,TTted,Energy,Thailand,41,3%,7
3889,laplc,Healthcare,United Kingdom,55,3%,3
2386,SEplc,Utilities,United Kingdom,71,7%,0
7905,RRted,Industrials,China,47,3%,0
4420,ninc.,Industrials,United States,76,-1%,3
3503,heion,Financials,United States,40,3%,6
4978,aoion,Materials,China,64,3%,1
4055,agnc.,Consumer Discretionary,Canada,72,-7%,0
308,ajtd.,Consumer Discretionary,India,11,6%,5
9098,ittd.,Industrials,Japan,36,4%,4
3969,ohplc,Industrials,Ireland,98,-7%,6
9910,linc.,Consumer Staples,Canada,38,1%,8
7954,hitd.,Real Estate,China,41,-8%,2
380,.PA/S,Industrials,Denmark,23,3%,2
9979,renc.,Financials,Canada,99,6%,5
7623,auion,Materials,Saudi Arabia,8,-6%,2
4585,B bl),Industrials,Sweden,0,-8%,6
9994,obted,Consumer Staples,Canada,65,1%,3
413,euaft,Industrials,Germany,50,7%,8
3576,HPplc,Materials,United Kingdom,17,-1%,0
3589,HPted,Materials,Australia,63,0%,0
4082,orley,Financials,United States,42,2%,7
8260,ojion,Industrials,Japan,26,0%,6
2229,K td.,Energy,South Korea,3,7%,7
1980,yutd.,Industrials,South Korea,54,4%,3
4115,IKnc.,Consumer Discretionary,United States,1,-2%,6
7935,BBtd.,Industrials,Switzerland,56,4%,2
2375,ioplc,Materials,United Kingdom,56,-1%,1
3474,ccplc,Information Technology,Ireland,4,8%,4
7042,ocis.,Industrials,France,62,-7%,7
7630,K ted,Industrials,Hong Kong,62,6%,6
2023,yutd.,Consumer Discretionary,South Korea,40,-7%,2
2379, Splc,Consumer Staples,United Kingdom,75,2%,3
4379,henc.,Consumer Discretionary,United States,60,-1%,5
6715,ubnc.,Consumer Staples,United States,17,7%,7
9284,TOion,Industrials,Japan,12,3%,7
4273,prion,Telecommunication Services,United States,68,2%,6
4231,ition,Consumer Staples,United States,52,5%,4
202,be.A.,Utilities,Spain,95,-8%,8
407,reGaA,Healthcare,Germany,63,4%,6
8129,aitd.,Real Estate,Japan,54,-6%,7
9136,istd.,Consumer Discretionary,Japan,41,-1%,1
3724,eu AG,Financials,Germany,45,-5%,5
8501,ition,Materials,Japan,99,6%,6
3632,huted,Financials,Switzerland,47,-5%,6
9229,annc.,Information Technology,Japan,91,-6%,0
3825,xeion,Utilities,United States,69,-5%,5
3858,enion,Industrials,United States,78,-3%,8
459,nh/NV,Consumer Staples,Belgium,93,-8%,3
3611,T plc,Telecommunication Services,United Kingdom,68,2%,7
4610,riion,Consumer Discretionary,Japan,81,2%,1
9395,omnc.,Financials,Japan,6,8%,8
2959,ilnc.,Healthcare,United States,10,-4%,4
5184,HSnc.,Consumer Staples,United States,39,-4%,3
4445,al.A.,Materials,Brazil,55,7%,4
4062,M any,Industrials,United States,97,-3%,4
9141,ujtd.,Consumer Discretionary,Japan,47,-7%,4
3562,meany,Financials,United States,61,1%,1
9138,azion,Consumer Discretionary,Japan,34,-8%,2
4406,aited,Information Technology,Taiwan,2,-1%,4
8720,FEnc.,Materials,Japan,78,-5%,2
4049,edplc,Healthcare,Ireland,69,6%,4
4416,imnc.,Consumer Discretionary,United States,70,-4%,2
241,ta.A.,Financials,Brazil,11,-4%,7
4035,yo.V.,Materials,United Kingdom,27,8%,7
2837,hanc.,Consumer Discretionary,United States,2,2%,8
4423,BS AG,Financials,Switzerland,72,-2%,3
7093,talic,Energy,Azerbaijan,46,-7%,5
7591,hetd.,Consumer Discretionary,China,14,-8%,0
518,'O SA,Consumer Staples,France,46,1%,6
10028,oyada,Financials,Canada,57,4%,8
9482,heted,Utilities,Japan,61,8%,8
9140,uzion,Consumer Discretionary,Japan,27,7%,2
9177,edion,Healthcare,Japan,21,1%,7
9700,uanc.,Information Technology,Taiwan,10,-8%,0
2946,wenc.,Consumer Discretionary,United States,22,-2%,6
8678,detd.,Energy,Japan,13,-7%,4
4295,chted,Energy,United States,79,4%,0
4579,ep.A.,Energy,Spain,45,-7%,3
2933,acnc.,Information Technology,United States,49,-8%,0
477,ir SA,Industrials,France,53,2%,2
531,ch SE,Industrials,France,26,4%,0
2331,omPLC,Consumer Discretionary,United Kingdom,79,0%,3
4194,on.V.,Industrials,Netherlands,96,-7%,8
3956,orion,Energy,United States,5,7%,2
507,ocoup,Financials,France,78,0%,6
4206,hinc.,Consumer Staples,United States,76,1%,0
9415,asany,Industrials,Japan,88,-5%,8
4997,eiive,Consumer Discretionary,China,88,5%,4
3733,eeany,Industrials,United States,44,-4%,3
3059,heany,Consumer Staples,United States,26,-5%,4
3793,nbnc.,Energy,Canada,88,6%,8
3317,ecion,Information Technology,United States,97,-4%,2
4124,okion,Information Technology,Finland,13,7%,2
2919,elbl),Information Technology,Sweden,81,-2%,4
3106,onnc.,Consumer Staples,United States,87,5%,1
2315,arPLC,Financials,United Kingdom,56,5%,3
4038,acnc.,Consumer Discretionary,United States,0,2%,4
2093,ottd.,Consumer Discretionary,South Korea,34,-3%,6
8756,umtd.,Consumer Discretionary,Japan,75,8%,0
3467,bbnc.,Healthcare,United States,21,5%,8
2127,amtd.,Financials,South Korea,60,7%,3
4356,heank,Financials,Canada,70,7%,3
7130,unted,Consumer Staples,Japan,100,0%,5
4646,edion,Financials,United States,30,-8%,3
8973,ECion,Information Technology,Japan,34,5%,8
4044,cDion,Consumer Discretionary,United States,96,-2%,4
3729,. any,Materials,United States,0,-8%,4
4123,orion,Industrials,United States,100,-3%,6
2115,amion,Industrials,South Korea,88,-1%,0
9481,huted,Utilities,Japan,51,4%,2
422,AP SE,Information Technology,Germany,89,-1%,2
2406,ubeft,Energy,Russia,0,-2%,0
228,an.A.,Financials,Brazil,12,2%,5
492,anone,Consumer Staples,France,95,1%,7
9677,omnc.,Information Technology,Taiwan,49,7%,0
9383,iznc.,Financials,Japan,40,7%,8
4408,esion,Energy,United States,52,-6%,2
4268,ayany,Industrials,United States,25,0%,4
3685,onips,Energy,United States,46,3%,1
3541,rrnc.,Information Technology,United States,42,8%,7
3221,UAted,Information Technology,United States,87,-7%,5
2938,letd.,Information Technology,Singapore,77,1%,7
3677,NH.V.,Industrials,United Kingdom,67,0%,1
8261,lfion,Healthcare,Japan,93,-2%,2
2314,AEplc,Industrials,United Kingdom,29,-3%,7
4192,heion,Financials,United States,18,7%,7
516,omSCA,Consumer Discretionary,France,56,-5%,5
9392,RIion,Financials,Japan,99,-6%,1
197,an.A.,Financials,Spain,20,-8%,4
2133,G td.,Information Technology,South Korea,87,7%,4
3804,nt.P.,Energy,United States,22,-7%,1
449,ei NV,Consumer Staples,Netherlands,32,8%,7
5163,hiion,Industrials,China,36,4%,8
3567,stPLC,Healthcare,United Kingdom,64,-4%,3
2748,mgnc.,Healthcare,United States,34,0%,8
4436,S rp.,Consumer Staples,United States,87,-6%,4
7754,ented,Information Technology,China,4,1%,0
2405,beJSC,Financials,Russia,74,-7%,2
3767,ukion,Utilities,United States,82,-1%,7
5654,S rp.,Energy,South Korea,98,-2%,3
9173,ittd.,Consumer Staples,Japan,32,-2%,8
7994,untd.,Consumer Discretionary,China,98,2%,4
3276,eaion,Consumer Discretionary,United States,68,8%,0
3737,olion,Consumer Discretionary,United States,54,-4%,6
7779,NOtd.,Energy,Hong Kong,48,0%,8
4367,evted,Healthcare,Israel,29,-7%,7
7962,idtd.,Consumer Discretionary,China,17,-6%,3
3818,ne.P.,Energy,United States,30,-7%,6
8646,UJion,Information Technology,Japan,24,-3%,1
158,ooted,Consumer Staples,Australia,55,-2%,7
3262,taion,Consumer Discretionary,United States,51,1%,1
7859,hitd.,Financials,China,56,5%,1
3517,utnc.,Consumer Discretionary,United States,55,0%,1
4108,atplc,Utilities,United Kingdom,15,2%,0
2361,m.plc,Consumer Staples,United Kingdom,0,-3%,3
7697,luted,Materials,China,3,-7%,3
3571,lited,Information Technology,China,15,4%,5
389,di AG,Consumer Discretionary,Germany,67,2%,8
191,el.A.,Telecommunication Services,Italy,9,4%,1
10082,MVaft,Energy,Austria,14,7%,6
4020,liany,Healthcare,United States,72,0%,5
5262,PCwan,Energy,Taiwan,9,-1%,1
3958,ntany,Materials,United States,24,-4%,7
213,omC.V,Consumer Staples,Mexico,69,-1%,1
1788,J ion,Industrials,South Korea,53,6%,8
3470,bbies,Healthcare,United States,89,1%,2
3555,vnnc.,Information Technology,United States,11,-7%,6
445,lt.V.,Consumer Discretionary,Netherlands,99,3%,6
503,au.A.,Consumer Discretionary,France,51,4%,1
2895,olnc.,Consumer Discretionary,United States,57,4%,2
4480,hiion,Consumer Discretionary,United States,56,2%,2
410,enGaA,Consumer Staples,Germany,42,8%,6
3537,rcnc.,Industrials,United States,65,-4%,0
7939,re AG,Financials,Switzerland,6,-1%,2
4031,ouCo.,Industrials,United States,1,1%,5
4333,unnc.,Energy,Canada,11,2%,7
9567,uztd.,Healthcare,Japan,76,7%,7
4172,la LP,Energy,United States,99,-3%,0
4169,la.P.,Energy,United States,73,-6%,1
8843,oyion,Consumer Discretionary,Japan,81,-6%,1
4171,ennc.,Consumer Discretionary,United States,75,4%,8
3073,ibplc,Consumer Discretionary,United Kingdom,15,0%,8
4431,niion,Industrials,United States,12,3%,4
4305,heany,Utilities,United States,86,3%,8
8286,apnc.,Consumer Staples,Japan,7,-2%,7
2118,T rp.,Telecommunication Services,South Korea,18,2%,5
3300,tanc.,Consumer Discretionary,United States,80,3%,7
8680,ostd.,Energy,Japan,39,-2%,1
3817,atplc,Industrials,Ireland,0,-7%,6
2377,olplc,Industrials,United Kingdom,96,-5%,5
6988,hoion,Materials,China,18,-4%,6
7863,ianc.,Industrials,China,2,2%,8
4374,enrp.,Healthcare,United States,91,-3%,1
2316,ri.c.,Consumer Staples,United Kingdom,31,1%,5
2350,mpPLC,Consumer Staples,United Kingdom,95,2%,8
3602,riany,Healthcare,United States,57,0%,4
9796,ision,Information Technology,Taiwan,60,-2%,5
8674,on.k.,Energy,Japan,99,6%,3
4066,ltnc.,Consumer Staples,United States,49,-1%,6
8229,irted,Consumer Staples,Japan,53,-3%,5
3682,apion,Financials,United States,21,2%,4
3847,luion,Industrials,United States,14,-8%,6
2399,PPplc,Consumer Discretionary,United Kingdom,100,-8%,6
8130,ektd.,Consumer Discretionary,Japan,7,0%,1
5799,NAtd.,Industrials,China,95,7%,7
10130,UI AG,Consumer Discretionary,Germany,100,4%,5
9230,ictd.,Information Technology,Japan,39,-1%,6
9919,hetia,Financials,Canada,92,-6%,7
2142,orrp.,Utilities,South Korea,32,-5%,6
8892,aitd.,Industrials,Japan,38,0%,1
4002,ohion,Consumer Discretionary,United States,28,-7%,0
8339,ornc.,Materials,Japan,34,7%,8
9957,mpted,Consumer Staples,Canada,12,-1%,8
4011,eaion,Consumer Discretionary,United States,14,0%,3
8999,haion,Consumer Discretionary,Japan,31,1%,4
3717,omnc.,Healthcare,United States,32,6%,1
405,reGAA,Healthcare,Germany,21,7%,6
3967,abnc.,Information Technology,United States,64,1%,2
504,al SA,Consumer Discretionary,France,61,8%,7
9490,ohnc.,Utilities,Japan,35,2%,0
4388,henc.,Healthcare,United States,49,8%,5
3910,henc.,Financials,United States,91,-4%,4
3987,imion,Consumer Staples,United States,30,-7%,6
7733,onted,Consumer Discretionary,China,35,4%,7
450,NG.V.,Financials,Netherlands,57,-1%,1
119,omlia,Financials,Australia,92,0%,1
7168,aiany,Utilities,Taiwan,4,2%,5
2161,G td.,Materials,South Korea,63,3%,8
9111,ition,Consumer Discretionary,Japan,91,4%,8
9985,mptd.,Energy,Canada,6,-5%,6
9433,ipsha,Industrials,Japan,4,-2%,3
8468,umtd.,Materials,Japan,31,-1%,1
4181,G&ion,Utilities,United States,39,-7%,4
192,ni.A.,Financials,Italy,57,6%,0
9109,sutd.,Consumer Discretionary,Japan,27,8%,6
3671,umnc.,Industrials,United States,23,-7%,6
3473,ECCOM,Industrials,United States,34,-8%,5
3705,ennc.,Telecommunication Services,United States,42,0%,4
3024,NTnc.,Financials,United States,42,1%,2
7682,AIted,Consumer Discretionary,China,91,0%,4
4070,olnc.,Healthcare,United States,7,8%,1
8778,IXion,Industrials,Japan,1,-7%,3
7583,F rp.,Consumer Discretionary,United States,77,1%,3
3792,meCo.,Industrials,United States,8,-7%,6
7858,hitd.,Industrials,China,19,-2%,7
8341,saion,Materials,Japan,61,-8%,0
7756,irted,Industrials,China,10,7%,8
9870,orrp.,Energy,Taiwan,4,6%,0
3920,uanc.,Utilities,China,89,2%,7
3189,ACInc,Industrials,United States,6,-7%,4
397,ay AG,Industrials,Germany,60,2%,7
9492,yuted,Utilities,Japan,47,-7%,5
4560,kabl),Industrials,Sweden,33,-2%,1
7886,intd.,Consumer Discretionary,China,8,6%,1
7016,inoup,Energy,China,79,-1%,0
236,enras,Utilities,Brazil,6,7%,1
2382,kyplc,Consumer Discretionary,United Kingdom,37,-2%,8
8096,baion,Industrials,Japan,24,-4%,0
9816,PGted,Information Technology,Taiwan,77,6%,4
7920,mp.A.,Energy,Chile,90,-8%,1
3748,elPLC,Consumer Discretionary,United Kingdom,22,5%,0
3478,diplc,Consumer Discretionary,Ireland,50,8%,6
4577,erGaA,Healthcare,Germany,58,-5%,5
381,ovA/S,Healthcare,Denmark,49,5%,6
9916,CEnc.,Telecommunication Services,Canada,23,-5%,4
9541,ipion,Industrials,Japan,2,7%,3
7961,CLion,Consumer Discretionary,China,61,-3%,6
509,ha SA,Industrials,France,64,8%,3
270,atted,Materials,India,69,-5%,8
3639,arion,Consumer Discretionary,United States,0,8%,0
3481,menc.,Utilities,United States,62,2%,5
4189,erany,Consumer Staples,United States,49,8%,8
2210,antd.,Financials,South Korea,3,2%,0
9914,omnc.,Industrials,Canada,17,-1%,8
3008,ca.P.,Industrials,United States,53,5%,2
1779,yutd.,Industrials,South Korea,57,-8%,1
3990,arnc.,Consumer Discretionary,United States,14,-7%,2
9441,NAnc.,Industrials,Japan,44,1%,2
5754,eanc.,Healthcare,United States,22,-7%,8
8099,ajion,Industrials,Japan,67,-3%,1
4137,ucion,Materials,United States,17,-6%,7
2374,heplc,Financials,United Kingdom,83,-5%,0
9565,astd.,Consumer Discretionary,Japan,59,7%,4
3778,co SA,Energy,Colombia,31,-2%,4
9417,enany,Industrials,Japan,90,0%,7
4103,exnc.,Utilities,United States,8,3%,8
8817,ectd.,Industrials,Japan,4,8%,1
473,DP.A.,Utilities,Portugal,59,2%,4
8544,akted,Healthcare,Japan,42,-4%,2
4442,isnc.,Information Technology,United States,90,2%,2
8228,satd.,Consumer Staples,Japan,60,-4%,5
8671,ho.K.,Energy,Japan,23,-7%,2
4175,BFnc.,Energy,United States,10,5%,4
3381,esion,Information Technology,United States,88,-2%,4
8866,omtd.,Industrials,Japan,3,-4%,1
3895,alany,Energy,United States,9,-7%,4
3600,aneal,Financials,Canada,94,2%,5
4544,elASA,Telecommunication Services,Norway,37,-6%,0
3387,honc.,Consumer Staples,United States,19,-6%,8
3871,ennc.,Consumer Staples,United States,93,4%,3
441,kz.V.,Materials,Netherlands,40,-5%,8
4334,un LP,Energy,United States,46,1%,6
8717,obtd.,Materials,Japan,37,-6%,8
4515,erion,Information Technology,United States,69,-6%,4
2782,roted,Information Technology,Singapore,61,3%,3
7918,en.A.,Consumer Staples,Chile,77,3%,6
4568,YDtd.,Consumer Discretionary,China,90,-6%,1
3886,henc.,Consumer Discretionary,United States,59,7%,3
4159,mnnc.,Consumer Discretionary,United States,9,-3%,8
3883,enany,Consumer Discretionary,United States,62,1%,4
9110,intd.,Industrials,Japan,97,-2%,3
9505,TTion,Information Technology,Japan,100,-1%,1
3594,heion,Financials,United States,31,-5%,1
4867,lcent,Information Technology,France,62,-8%,0
3661,olany,Consumer Staples,United States,33,7%,7
7959,TErp.,Information Technology,China,66,-3%,6
2894,ision,Consumer Discretionary,United States,27,3%,4
7749,unted,Consumer Staples,Hong Kong,35,-1%,1
9399,ittd.,Real Estate,Japan,38,-1%,5
9497,oktd.,Utilities,Japan,83,-7%,2
414,AN SE,Industrials,Germany,9,7%,2
5208,MA.A.,Industrials,France,30,5%,0
1776,K nc.,Information Technology,South Korea,6,-3%,2
2334,iaplc,Consumer Staples,United Kingdom,95,-5%,3
2068,K td.,Telecommunication Services,South Korea,64,-7%,5
6797,ABted,Consumer Staples,United Kingdom,68,-4%,0
7223,heted,Financials,United Kingdom,48,-7%,6
7748,hitd.,Industrials,China,59,-8%,3
8876,ubion,Industrials,Japan,70,6%,2
423,ch AG,Consumer Discretionary,Germany,3,-2%,7
3979,ornc.,Consumer Discretionary,United States,32,-4%,3
3769,aVnc.,Healthcare,United States,33,-1%,3
3141,icnc.,Information Technology,United States,55,-1%,0
4208,henc.,Financials,United States,52,-1%,2
7691,retd.,Consumer Discretionary,China,25,-3%,2
317,hated,Telecommunication Services,India,63,8%,6
2356,ohPlc,Materials,United Kingdom,45,-5%,2
3486,llplc,Healthcare,Ireland,99,8%,0
230,ra.A.,Materials,Brazil,91,7%,4
1133,te.V.,Consumer Discretionary,South Africa,32,-1%,8
1876,yuany,Materials,South Korea,6,1%,6
8097,hirp.,Industrials,Japan,62,-4%,8
9545,amtd.,Consumer Discretionary,Japan,14,-5%,2
3536,raark,Consumer Discretionary,United States,6,8%,0
2154,OSion,Industrials,South Korea,66,0%,3
9693,SUnc.,Information Technology,Taiwan,27,0%,3
5318,aitd.,Consumer Discretionary,Japan,16,-2%,5
2,miJSC,Telecommunication Services,United Arab Emirates,62,-2%,4
4470,elnc.,Healthcare,United States,17,3%,8
1998,-Oion,Energy,South Korea,87,-1%,5
7617,anion,Industrials,Philippines,88,1%,4
3837,irrp.,Utilities,United States,28,7%,5
4569,B bl),Consumer Discretionary,Sweden,22,-2%,4
3741,anion,Healthcare,United States,62,2%,7
404,vo AG,Materials,Germany,100,2%,8
4303,YNion,Information Technology,United States,73,5%,1
9100,HIion,Industrials,Japan,60,7%,4
9099,awtd.,Industrials,Japan,9,2%,7
108,usted,Financials,Australia,16,8%,7
2826,DWion,Information Technology,United States,6,-6%,6
4071,onany,Materials,United States,85,-1%,2
9143,amtd.,Consumer Discretionary,Japan,89,4%,0
2332,ixplc,Consumer Discretionary,United Kingdom,89,-7%,1
495,ap.A.,Information Technology,France,79,-8%,6
168,PF.A.,Energy,Argentina,25,7%,1
7627,auany,Telecommunication Services,Saudi Arabia,2,-5%,0
4418,exnc.,Industrials,United States,20,-7%,3
227,mb.A.,Consumer Staples,Brazil,30,3%,7
5311,aetd.,Industrials,South Korea,99,0%,7
3489,grnc.,Materials,Canada,4,-5%,0
9434,ittd.,Industrials,Japan,76,-6%,6
1073,T Tbk,Consumer Discretionary,Indonesia,99,-2%,7
8115,aitd.,Real Estate,Japan,94,6%,6
4484,asnc.,Industrials,United States,43,3%,5
3483,heion,Utilities,United States,26,4%,1
3961,ngPlc,Industrials,Ireland,30,2%,7
7324,kitry,Industrials,China,76,-2%,2
535,eo.A.,Utilities,France,42,1%,0
5255,o-ted,Consumer Staples,United Kingdom,80,2%,6
9425,amtd.,Industrials,Japan,89,-2%,6
467,ol SA,Materials,Belgium,47,1%,2
8095,aiion,Industrials,Japan,34,-3%,3
3344,exted,Information Technology,United States,49,-3%,1
2208,yutd.,Industrials,South Korea,38,-5%,6
9416,esany,Industrials,Japan,37,-3%,4
211,EM.V.,Materials,Mexico,33,-6%,4
9318,antd.,Industrials,Japan,80,0%,8
9257,optd.,Industrials,Japan,70,3%,3
8539,aoion,Consumer Staples,Japan,41,-4%,0
210,ru.V.,Consumer Staples,Mexico,51,6%,7
245,omcao,Consumer Staples,Brazil,12,-3%,0
4141,ewnc.,Consumer Discretionary,United States,24,3%,8
1919,ontd.,Financials,South Korea,37,7%,3
7669,unted,Real Estate,Hong Kong,88,8%,1
182,eo.a.,Industrials,Italy,99,-3%,2
4061,arnc.,Financials,United States,21,0%,8
7739,hited,Telecommunication Services,China,74,6%,4
388,ov AG,Materials,Germany,55,4%,3
3636,BSion,Consumer Discretionary,United States,87,5%,1
8235,unted,Consumer Staples,Japan,50,1%,3
6003,iatd.,Materials,China,9,-4%,0
9258,aitd.,Industrials,Japan,80,-5%,0
4005,oeion,Financials,United States,10,-1%,1
8441,jiion,Materials,Japan,49,-5%,4
2373,ecplc,Consumer Staples,United Kingdom,22,-6%,7
3989,innc.,Energy,United States,75,-7%,4
6191,annc.,Consumer Staples,United States,40,-5%,8
6192,annc.,Consumer Staples,United States,12,2%,5
3980,elany,Consumer Staples,United States,15,-4%,7
7924,.Alla,Consumer Discretionary,Chile,56,3%,4
9081,yorp.,Information Technology,Japan,45,1%,4
2264,-Mnc.,Consumer Staples,South Korea,59,5%,1
9577,niion,Consumer Staples,Taiwan,86,-3%,2
3247,osnc.,Consumer Discretionary,United States,14,-3%,4
252,el.A.,Telecommunication Services,Brazil,46,6%,2
7797,P ted,Consumer Staples,Thailand,80,4%,8
5374,iglth,Healthcare,United States,45,-6%,0
7952,yn AG,Materials,Switzerland,73,-8%,2
2231,J ion,Consumer Staples,South Korea,71,-7%,5
3361,ianc.,Consumer Discretionary,United States,17,-1%,2
3740,.Rnc.,Consumer Discretionary,United States,31,-8%,3
8310,oyion,Consumer Discretionary,Japan,32,7%,2
4006, Bnc.,Consumer Discretionary,United States,92,-1%,6
3970,. nc.,Consumer Discretionary,United States,86,3%,2
4232,eync.,Consumer Staples,United States,99,-2%,8
7692,eiLtd,Industrials,China,43,-3%,3
3584,ecany,Healthcare,United States,33,-4%,2
4130,RGnc.,Utilities,United States,86,3%,5
5248,oö.A.,Financials,Netherlands,5,4%,4
9394,omnc.,Financials,Japan,8,-8%,2
5164,hiion,Materials,China,35,2%,4
5821,uated,Consumer Discretionary,China,98,-3%,4
1134,astd.,Energy,South Africa,85,2%,2
2131,ootd.,Industrials,South Korea,54,0%,3
8924,TEion,Industrials,Japan,67,1%,7
8747,itrp.,Materials,Japan,83,7%,5
8545,stnc.,Healthcare,Japan,83,7%,2
4337,UPnc.,Consumer Staples,United States,53,-7%,4
2786,ednc.,Consumer Discretionary,United States,32,3%,7
4548,tl AB,Industrials,Sweden,66,-4%,3
1811,K td.,Industrials,South Korea,0,2%,0
3780,onnc.,Utilities,United States,60,-2%,8
2725,utnc.,Information Technology,United States,25,-8%,7
7814,heted,Materials,Thailand,64,7%,3
4449,.Fion,Consumer Discretionary,United States,4,-4%,0
7855,inted,Telecommunication Services,Singapore,77,-2%,0
7706,atted,Industrials,Hong Kong,83,3%,2
9440,aptd.,Industrials,Japan,7,-6%,1
536,iv SA,Consumer Discretionary,France,31,-7%,8
144,anted,Industrials,Australia,24,-7%,5
7948,wi AG,Telecommunication Services,Switzerland,39,1%,1
8692,satd.,Industrials,Japan,25,3%,2
476,re.A.,Financials,France,56,0%,2
3788,dinal,Utilities,United States,80,-4%,0
4291,heany,Materials,United States,5,-1%,2
2742,ppnc.,Information Technology,United States,25,6%,7
9336,ohtd.,Healthcare,Japan,13,-7%,5
7303,oync.,Consumer Discretionary,United States,2,8%,4
3513,menc.,Financials,United States,86,-4%,0
3719,omnc.,Utilities,United States,10,0%,6
2195,S rp.,Energy,South Korea,55,0%,5
2342,KNplc,Consumer Discretionary,United Kingdom,26,-8%,6
7712,intd.,Materials,China,91,-2%,8
10110,re AG,Industrials,Germany,51,0%,4
3522,onplc,Financials,United Kingdom,19,-8%,1
2994,ennc.,Healthcare,United States,54,1%,1
471,mi.A.,Materials,Belgium,88,-2%,2
8306,setd.,Consumer Discretionary,Japan,93,-5%,3
2004,otion,Materials,South Korea,89,-2%,6
2857,ornc.,Consumer Discretionary,United States,57,-5%,3
8201,eitd.,Consumer Staples,Japan,10,6%,1
4109,GL LP,Energy,United States,45,7%,2
3832,renc.,Materials,United States,95,-4%,3
4545,arASA,Materials,Norway,91,-7%,1
8221,akInc,Consumer Discretionary,Japan,97,6%,8
2796,ionc.,Healthcare,United States,75,-2%,5
2164,hited,Financials,South Korea,21,-3%,5
4340,tanc.,Industrials,United States,75,0%,7
3281,hiplc,Healthcare,Ireland,55,-2%,3
2387,taPLC,Financials,United Kingdom,19,-4%,7
3789,henc.,Consumer Staples,United States,32,3%,0
8481,hitd.,Materials,Japan,7,1%,3
755,ür.S.,Energy,Turkey,6,8%,4
4348,trion,Healthcare,United States,99,-2%,5
9935,anrce,Financials,Canada,90,-4%,8
384,esA/S,Industrials,Denmark,67,-3%,4
2828,elion,Healthcare,United States,28,0%,0
4193,arion,Industrials,United States,31,6%,7
2209,annc.,Financials,South Korea,75,6%,4
9898,irada,Industrials,Canada,28,2%,5
8326,idtd.,Consumer Discretionary,Japan,51,2%,6
4402,hoion,Financials,United States,51,-2%,3
3598,lanc.,Financials,United States,70,8%,1
4512,cenc.,Utilities,United States,11,-3%,3
8587,tstd.,Healthcare,Japan,75,-7%,1
9488,henc.,Utilities,Japan,70,6%,6
3143,yl.V.,Healthcare,United Kingdom,74,7%,0
2873,SXion,Industrials,United States,87,-5%,4
8027,hotd.,Consumer Discretionary,China,94,-3%,2
4517,"Yum! Brands, Inc.",Consumer Discretionary,United States,40,-5%,5
4212,"PPG Industries, Inc.",Materials,United States,1,-7%,4
3310,Seagate Technology plc,Information Technology,Ireland,65,-8%,7
8497,"Mitsui Chemicals, Inc.",Materials,Japan,92,-3%,5
9498,"Osaka Gas Co., Ltd.",Utilities,Japan,52,-3%,6
738,Stora Enso Oyj,Materials,Finland,81,6%,1
4412,Tennessee Valley Authority,Utilities,United States,6,-2%,3
4030,Leucadia National Corporation,Financials,United States,47,0%,6
739,UPM-Kymmene Oyj,Materials,Finland,1,3%,7
3819,Entergy Corporation,Utilities,United States,6,3%,1
3220,"PayPal Holdings, Inc.",Information Technology,United States,87,2%,1
7841,Singapore Airlines Limited,Industrials,Singapore,59,-7%,3
9003,TDK Corporation,Information Technology,Japan,49,-7%,6
4456,"Voya Financial, Inc.",Financials,United States,52,2%,4
9981,Hudson's Bay Company,Consumer Discretionary,Canada,75,-8%,5
4039,Mastercard Incorporated,Information Technology,United States,23,-2%,4
521,Publicis Groupe SA,Consumer Discretionary,France,22,-4%,1
3568,"AutoZone, Inc.",Consumer Discretionary,United States,28,6%,7
3190,The Priceline Group Inc.,Consumer Discretionary,United States,82,-1%,8
7940,DKSH Holding Ltd.,Industrials,Switzerland,86,0%,6
7960,"China Great Wall Computer Shenzhen Co., Ltd.",Information Technology,China,36,7%,7
1163,Tenaga Nasional Berhad,Utilities,Malaysia,67,-5%,0
9688,Synnex Technology International Corporation,Information Technology,Taiwan,13,-6%,0
3971,Jacobs Engineering Group Inc.,Industrials,United States,87,-6%,5
2391,Thomas Cook Group plc,Consumer Discretionary,United Kingdom,69,-2%,3
4501,WestRock Company,Materials,United States,68,8%,7
8952,Nidec Corporation,Industrials,Japan,2,3%,3
3766,DTE Energy Company,Utilities,United States,53,5%,1
7619,"Top Frontier Investment Holdings, Inc.",Industrials,Philippines,97,6%,0
2795,"Baidu, Inc.",Information Technology,China,59,-5%,8
3906,HollyFrontier Corporation,Energy,United States,55,-1%,8
4222,"Praxair, Inc.",Materials,United States,36,-6%,2
4019,"L-3 Communications Holdings, Inc.",Industrials,United States,91,8%,5
525,Safran SA,Industrials,France,61,2%,2
9085,"Murata Manufacturing Co., Ltd.",Information Technology,Japan,87,7%,0
10023,Rogers Communications Inc.,Telecommunication Services,Canada,15,2%,3
1791,LG International Corp.,Industrials,South Korea,57,-8%,7
1127,MTN Group Limited,Telecommunication Services,South Africa,31,5%,2
9411,Tokyu Corporation,Industrials,Japan,15,1%,4
1896,Hyosung Corp.,Materials,South Korea,89,6%,8
2351,Inchcape plc,Consumer Discretionary,United Kingdom,34,1%,3
3772,Devon Energy Corporation,Energy,United States,71,5%,3
461,Etn Fr Colruyt NV,Consumer Staples,Belgium,85,4%,1
9400,"Mitsubishi Estate Co., Ltd.",Real Estate,Japan,22,-4%,2
3550,AU Optronics Corp.,Information Technology,Taiwan,21,5%,3
1763,Doosan Corporation,Industrials,South Korea,78,-3%,1
7896,"Sichuan Changhong Electric Co., Ltd.",Consumer Discretionary,China,21,6%,5
4509,United States Steel Corporation,Materials,United States,78,-5%,7
1862,Korean Air Lines Co. Ltd.,Industrials,South Korea,41,-2%,4
3230,QVC Group,Consumer Discretionary,United States,40,3%,0
229,BRF S.A.,Consumer Staples,Brazil,36,7%,8
4330,State Street Corporation,Financials,United States,5,0%,0
4318,Sempra Energy,Utilities,United States,100,-2%,0
3574,Baxter International Inc.,Healthcare,United States,96,6%,2
3893,"W.W. Grainger, Inc.",Industrials,United States,67,-4%,5
8262,"Ajinomoto Co., Inc.",Consumer Staples,Japan,28,-6%,4
3637,Coca-Cola European Partners Plc,Consumer Staples,United Kingdom,97,3%,4
4168,Occidental Chemical Corporation,Energy,United States,22,-3%,5
3506,"Autoliv, Inc.",Consumer Discretionary,Sweden,33,1%,0
5839,Hydro-Quebec Utility Company,Utilities,Canada,25,8%,3
376,DSV A/S,Industrials,Denmark,40,0%,5
184,Luxottica Group SpA,Consumer Discretionary,Italy,53,-6%,1
2398,Wolseley plc,Industrials,Switzerland,52,4%,1
4262,R.R. Donnelley & Sons Company,Industrials,United States,4,0%,2
8125,Sumitomo Forestry Co. Ltd.,Consumer Discretionary,Japan,98,0%,8
6689,Precision Castparts Corp.,Industrials,United States,96,4%,2
731,Huadian Power International Corporation Limited,Utilities,China,39,6%,7
9594,Formosa Chemicals & Fibre Corporation,Materials,Taiwan,15,8%,1
2126,LG Uplus Corp.,Telecommunication Services,South Korea,57,-4%,1
4583,Telstra Corporation Limited,Telecommunication Services,Australia,53,6%,8
7813,PTT Global Chemical Public Company Limited,Materials,Thailand,43,-7%,0
4133,Norfolk Southern Corporation,Industrials,United States,8,4%,0
4564,Telia Company AB,Telecommunication Services,Sweden,23,4%,7
8505,"Sekisui Chemical Co., Ltd.",Consumer Discretionary,Japan,19,6%,5
9983,Husky Energy Inc.,Energy,Canada,89,-3%,5
7780,PVted,Information Technology,Hong Kong,21,-7%,2
1132,hotd.,Consumer Staples,South Africa,46,3%,3
4426,ninc.,Healthcare,United States,65,6%,1
9290,anrp.,Industrials,Japan,56,-1%,0
4160,wenc.,Healthcare,United States,92,-6%,1
10041,ELion,Telecommunication Services,Canada,64,4%,0
2153,aetd.,Industrials,South Korea,48,0%,8
4459,alnc.,Healthcare,Canada,55,1%,6
3938,union,Materials,United States,41,-2%,8
9940,antd.,Consumer Discretionary,Canada,96,-2%,8
8192,amtd.,Consumer Staples,Japan,88,8%,4
4093,urnc.,Consumer Discretionary,United States,13,5%,3
7680,OStd.,Industrials,China,31,0%,3
1932,S ion,Industrials,South Korea,76,7%,6
3466,dvnc.,Consumer Discretionary,United States,56,5%,5
4559,an AB,Industrials,Sweden,29,-7%,1
10049,raion,Energy,Canada,68,-3%,3
3929,orion,Consumer Staples,United States,0,7%,7
3170,XP NV,Information Technology,Netherlands,99,-6%,3
9435,awtd.,Industrials,Japan,46,-6%,1
4017,abngs,Healthcare,United States,56,-1%,0
8984,eirp.,Information Technology,Japan,67,-2%,0
3876,orted,Information Technology,United States,44,1%,1
9131,alion,Consumer Discretionary,Japan,72,-4%,1
4265,epnc.,Industrials,United States,28,-1%,6
3675,NAion,Financials,United States,36,2%,5
478,ir SA,Materials,France,47,-1%,4
7902,anLtd,Consumer Discretionary,China,40,8%,0
3463,lcion,Materials,United States,49,3%,6
373,arA/S,Consumer Staples,Denmark,93,6%,5
9967,aited,Financials,Canada,38,-4%,8
7374,NYtd.,Consumer Staples,Japan,33,6%,2
3842,idnc.,Information Technology,United States,96,-1%,2
9942,ennc.,Energy,Canada,1,4%,8
9937,anany,Industrials,Canada,89,-3%,7
4346,un.P.,Energy,United States,23,7%,2
9646,hirp.,Materials,Taiwan,47,-8%,0
4238,ELPLC,Industrials,United Kingdom,24,3%,4
3173,ffnc.,Consumer Discretionary,United States,54,-4%,4
140,rited,Energy,Australia,36,8%,7
1989,amtd.,Industrials,South Korea,68,-4%,3
3615,ornc.,Consumer Discretionary,United States,97,-6%,5
3599,alion,Materials,United States,62,7%,2
3703,STnc.,Consumer Discretionary,United States,68,-3%,1
4183,ubted,Utilities,United States,0,-7%,1
4056,GMnal,Consumer Discretionary,United States,11,7%,7
3526,irnc.,Materials,United States,43,2%,6
9401,umtd.,Real Estate,Japan,34,6%,5
8442,iptd.,Materials,Japan,79,3%,0
2378,SAplc,Financials,United Kingdom,94,-3%,2
3791,asany,Materials,United States,25,-7%,5
4015,AT.A.,Industrials,Chile,52,-2%,7
2906,Banc.,Information Technology,United States,69,1%,5
8647,onnc.,Information Technology,Japan,72,0%,1
9805,nnion,Information Technology,Taiwan,84,-2%,8
4057,ohnc.,Consumer Discretionary,United States,32,-1%,0
437,or.C.,Telecommunication Services,Qatar,3,-6%,3
4156,NEnc.,Energy,United States,2,-1%,1
4157,NE.P.,Energy,United States,75,4%,2
3353,ninc.,Consumer Staples,United States,33,2%,0
3363,imtd.,Telecommunication Services,Netherlands,2,-7%,3
2950,roion,Telecommunication Services,United States,49,-7%,2
5975,arrp.,Consumer Discretionary,United States,25,8%,6
8581,aited,Healthcare,Japan,91,-1%,0
9550,attd.,Consumer Staples,Japan,45,-6%,6
3153,etnc.,Consumer Discretionary,United States,47,0%,3
9385,okion,Financials,Japan,5,7%,7
7974,OEted,Information Technology,China,85,4%,1
3935,ernc.,Industrials,United States,34,-7%,8
3625,onnc.,Consumer Staples,United States,48,-6%,6
2928,xpnc.,Consumer Discretionary,United States,41,1%,5
1105,T Tbk,Telecommunication Services,Indonesia,5,-3%,0
7894,D Ltd,Utilities,China,49,1%,0
104,GLted,Utilities,Australia,94,0%,7
8922,SKtd.,Industrials,Japan,75,6%,3
2815,vinc.,Industrials,United States,49,-5%,6
411,ap AG,Industrials,Germany,74,-7%,3
4264,elCo.,Materials,United States,20,1%,6
9726,ednc.,Information Technology,Taiwan,76,6%,8
3878,amrp.,Consumer Discretionary,United States,12,-5%,1
5161,hitd.,Information Technology,China,59,-8%,3
4364,ennc.,Consumer Discretionary,United States,91,0%,0
9585,anion,Materials,Taiwan,83,-3%,8
3182,'Rnc.,Consumer Discretionary,United States,41,6%,3
9524,ECTD.,Industrials,Japan,53,7%,0
3545,dvnc.,Information Technology,Taiwan,74,8%,1
9671,dvnc.,Information Technology,Taiwan,30,5%,0
1764,aetd.,Industrials,South Korea,15,-2%,1
9889,ouion,Consumer Discretionary,Taiwan,58,-1%,3
3471,arion,Materials,Canada,11,6%,0
7769,hited,Utilities,Hong Kong,27,-4%,2
10119,an AG,Materials,Germany,36,2%,6
4580,KF AB,Industrials,Sweden,62,5%,5
7981,hatd.,Materials,China,65,-4%,8
4235,oytd.,Consumer Discretionary,United States,82,2%,4
7738,ueted,Consumer Discretionary,Hong Kong,88,-2%,0
10102,oljna,Energy,Poland,68,-3%,7
418,el AG,Telecommunication Services,Germany,17,8%,6
6474,etted,Industrials,United Kingdom,79,4%,4
3525,naion,Energy,United States,1,0%,1
8734,ittd.,Materials,Japan,59,2%,5
187,ry.A.,Industrials,Italy,81,1%,5
5058,roion,Information Technology,United States,44,5%,5
3696,alnc.,Information Technology,United States,97,-3%,7
7734,OMted,Consumer Discretionary,Hong Kong,54,0%,1
3610,osion,Healthcare,United States,75,-2%,7
7710,inrp.,Consumer Staples,China,35,0%,2
1930,S rp.,Industrials,South Korea,70,6%,4
9360,2Oion,Consumer Discretionary,Japan,88,0%,5
4036,ivnc.,Consumer Discretionary,United States,17,-1%,3
480,rk.A.,Materials,France,27,-7%,0
9359,aktd.,Consumer Discretionary,Japan,47,2%,7
4458,erion,Industrials,United States,83,-8%,5
1123,mpted,Consumer Discretionary,South Africa,81,-2%,4
3875,lo LP,Energy,United States,96,4%,0
125,orted,Materials,Australia,79,0%,6
4221,VHrp.,Consumer Discretionary,United States,97,3%,2
3169,ewion,Consumer Discretionary,United States,35,3%,3
216,ru.V.,Materials,Mexico,38,-7%,1
4032,evnc.,Telecommunication Services,United States,74,-4%,6
4325,unnc.,Financials,United States,80,-2%,6
284,iptd.,Information Technology,India,22,-4%,5
9974,GInc.,Information Technology,Canada,72,2%,1
8069,arion,Consumer Staples,Japan,16,6%,0
2311,meplc,Energy,United Kingdom,22,0%,4
4433,ninc.,Industrials,United States,37,0%,6
1983,anrp.,Materials,South Korea,67,7%,7
4097,avion,Industrials,United States,35,1%,5
7674,eetd.,Consumer Discretionary,Hong Kong,7,7%,4
9936,anted,Energy,Canada,20,-1%,4
7941,uf AG,Consumer Discretionary,Switzerland,17,-4%,4
7732,niPlc,Materials,Russia,53,0%,6
484,ls SA,Industrials,France,99,-1%,1
7856,uhtd.,Materials,China,72,2%,3
7714,ngted,Materials,China,99,4%,2
3210,ilion,Consumer Staples,United States,7,-6%,8
3688,amany,Consumer Staples,United States,54,1%,1
3745,icnc.,Consumer Discretionary,United States,62,5%,6
224,rg CV,Consumer Staples,Mexico,40,1%,1
2368,etted,Energy,United Kingdom,86,-4%,4
7872,nhtd.,Consumer Discretionary,China,1,-8%,7
1130,tated,Financials,South Africa,70,-8%,5
8648,hited,Consumer Staples,Japan,94,5%,8
243,i .A.,Telecommunication Services,Brazil,37,6%,0
3959,henc.,Consumer Discretionary,United States,87,-3%,1
3833,irion,Information Technology,United States,61,0%,5
733,hitd.,Consumer Staples,Hong Kong,42,1%,3
3651,heion,Energy,United States,96,5%,1
2400,ubnes,Industrials,Russia,21,2%,0
2366,AOTEK,Energy,Russia,16,3%,7
3390,ilany,Financials,United Kingdom,84,-4%,0
3307,tenc.,Materials,United States,66,4%,7
3845,oonc.,Consumer Discretionary,United States,5,1%,0
8618,ahion,Information Technology,Japan,75,-4%,6
4490,esnc.,Energy,United States,96,0%,5
3303,paany,Consumer Staples,United States,16,2%,1
8528,ennc.,Consumer Discretionary,Japan,92,-3%,0
8755,urtd.,Industrials,Japan,99,4%,6
3734,eaany,Consumer Staples,United States,64,3%,6
4518,imnc.,Healthcare,United States,61,1%,2
8937,ujtd.,Industrials,Japan,86,8%,8
4498,. ion,Financials,United States,1,-4%,6
3811,vergy,Utilities,United States,77,8%,4
3559,ninc.,Information Technology,United States,69,-8%,5
8082,npion,Energy,Japan,77,5%,2
9146,oitd.,Consumer Discretionary,Japan,87,-6%,3
8989,apnc.,Information Technology,Japan,87,8%,4
3801,OGnc.,Energy,United States,70,-2%,2
451,on.V.,Telecommunication Services,Netherlands,35,8%,1
3679,ennc.,Utilities,United States,67,-5%,8
3699,omion,Information Technology,United States,37,6%,0
4213,PLion,Utilities,United States,59,8%,4
3739,ueted,Healthcare,United States,30,0%,5
444,SM NV,Information Technology,Netherlands,68,8%,0
3497,ssnc.,Financials,United States,29,-1%,7
4485,henc.,Energy,United States,44,-7%,1
4496,il.P.,Energy,United States,46,-6%,5
7410,irany,Utilities,United States,64,6%,0
118,luted,Materials,Australia,41,-3%,5
4769,NT.V.,Industrials,Netherlands,4,-1%,3
4278,heion,Financials,United States,62,-8%,0
7701,hitd.,Financials,China,33,4%,8
3933,heany,Consumer Staples,United States,12,3%,5
2986,D nc.,Industrials,United States,58,4%,3
9690,ceted,Information Technology,Taiwan,99,8%,4
4294,heany,Consumer Staples,United States,44,4%,7
3485,GCion,Industrials,United States,84,0%,3
8698,airp.,Materials,Japan,86,-3%,4
7957,hitd.,Industrials,China,12,-5%,5
758,yaplc,Industrials,Ireland,27,0%,2
4041,asion,Industrials,United States,59,-6%,5
9191,ontd.,Consumer Discretionary,Japan,61,8%,0
4469,ESnc.,Industrials,United States,87,7%,7
8965,MRion,Information Technology,Japan,31,6%,4
10116,nf AG,Information Technology,Germany,75,7%,7
8765,oytd.,Materials,Japan,37,-1%,7
4125,atnc.,Energy,United States,45,1%,1
4332,onnc.,Consumer Staples,United States,60,0%,4
8004,hetd.,Information Technology,China,67,0%,7
3735,isces,Financials,United States,85,1%,5
8632,aknc.,Consumer Discretionary,Japan,47,-6%,7
196,cc.A.,Utilities,Spain,56,-8%,5
4417,er.A.,Materials,Argentina,32,7%,4
3992,innc.,Healthcare,United States,16,6%,0
3916,ilnc.,Consumer Discretionary,United States,25,-1%,6
3896,arted,Consumer Discretionary,United States,28,8%,5
3930,arion,Information Technology,United States,51,-7%,1
9709,hutd.,Telecommunication Services,Taiwan,77,6%,1
2752,-Mnc.,Financials,United States,90,7%,1
9668,itrp.,Information Technology,Taiwan,94,-8%,3
4072,heany,Materials,United States,22,-2%,7
3480,llion,Information Technology,United States,9,0%,3
2075,amtd.,Information Technology,South Korea,17,2%,3
9221,ikion,Consumer Discretionary,Japan,84,6%,6
4454,Mwnc.,Information Technology,United States,86,2%,1
8325,okion,Real Estate,Japan,45,-6%,7
8098,ASion,Consumer Discretionary,Japan,89,0%,4
3911,unnc.,Industrials,United States,48,1%,5
8298,icnc.,Consumer Discretionary,Japan,32,-4%,5
4354,ected,Materials,Canada,18,2%,7
4009,einc.,Information Technology,United States,61,-7%,7
8748,umtd.,Materials,Japan,90,5%,8
8685,umtd.,Consumer Discretionary,Japan,87,7%,3
1864,G rp.,Industrials,South Korea,3,1%,3
3335,esnc.,Consumer Discretionary,United States,93,-4%,6
3761,arnc.,Consumer Discretionary,United States,37,0%,5
4347,ynial,Financials,United States,26,-8%,1
4327,TM NV,Information Technology,Switzerland,24,5%,4
5738,antd.,Materials,South Korea,1,-1%,3
3690,alion,Utilities,United States,72,7%,0
8606,ICion,Materials,Japan,89,2%,6
4250,alion,Consumer Discretionary,United States,57,-7%,0
9420,annc.,Industrials,Japan,6,-1%,6
9151,oytd.,Consumer Discretionary,Japan,42,1%,8
3166,VIion,Information Technology,United States,63,1%,0
2770,scnc.,Consumer Discretionary,United States,22,-7%,7
4043,obJSC,Telecommunication Services,Russia,28,0%,1
9223,lyion,Healthcare,Japan,78,3%,6
2325,oc AG,Consumer Staples,Switzerland,63,3%,0
172,TL SA,Consumer Discretionary,Luxembourg,64,-5%,0
9007,lptd.,Information Technology,Japan,17,-1%,8
2766,RRplc,Information Technology,United States,83,-5%,3
7688,uatd.,Consumer Discretionary,China,96,5%,1
7700,alted,Consumer Discretionary,Hong Kong,80,-2%,6
9088,ition,Materials,Japan,41,-3%,1
9316,hiion,Industrials,Japan,6,-3%,7
8338,eitd.,Materials,Japan,71,-4%,0
3753,ovion,Industrials,United States,81,-3%,4
4313,pinc.,Industrials,United States,5,0%,3
8152,GCrp.,Industrials,Japan,80,-3%,4
4229,ydnc.,Industrials,United States,30,-7%,1
3334,raany,Consumer Discretionary,United States,27,-4%,8
4286,eaion,Materials,United States,20,2%,4
9494,letd.,Utilities,Japan,86,-3%,1
7878,inion,Industrials,China,32,8%,2
7670,ewted,Real Estate,Hong Kong,94,2%,2
3446,CLtd.,Information Technology,India,96,8%,7
9598,arion,Industrials,Taiwan,7,0%,7
9762,rerp.,Consumer Staples,Taiwan,14,-2%,6
4104,ewion,Materials,United States,39,8%,5
4154,wenc.,Materials,United States,80,-5%,0
9670,elnc.,Information Technology,Taiwan,43,-5%,4
4401,arrp.,Energy,United States,52,6%,6
3258,anion,Information Technology,United States,82,0%,7
3049,etion,Industrials,United States,55,-5%,1
6680,OStd.,Industrials,South Korea,40,-8%,6
8869,ittd.,Industrials,Japan,26,-1%,6
2778,ctnc.,Information Technology,United States,83,-6%,2
2006,YUrp.,Consumer Discretionary,South Korea,29,-1%,3
9287,agtd.,Industrials,Japan,81,6%,1
3433,katd.,Industrials,Japan,23,-3%,5
5109,ened ,Industrials,Japan,71,3%,0
9096,ittd.,Industrials,Japan,39,1%,5
9331,niion,Consumer Staples,Japan,16,-3%,6
3048,.Bnc.,Industrials,United States,8,-6%,8
9493,oknc.,Utilities,Japan,14,-4%,2
4101,CRion,Information Technology,United States,29,4%,3
1833,B td.,Financials,South Korea,96,2%,0
122,SLtd.,Healthcare,Australia,78,2%,2
9295,okted,Information Technology,Japan,61,-7%,7
2893,isnc.,Consumer Discretionary,United States,12,7%,6
3810,mb.A.,Industrials,Brazil,46,-5%,1
8254,raion,Consumer Discretionary,Japan,13,-3%,0
466,roPLC,Telecommunication Services,Belgium,11,-3%,7
1942,SRtd.,Consumer Staples,South Korea,12,-3%,3
198,ai.A.,Financials,Spain,76,3%,1
3757,r nc.,Consumer Staples,United States,90,1%,3
8476,osion,Materials,Japan,86,0%,5
3732,ilnc.,Consumer Discretionary,United States,46,7%,1
4292,igted,Consumer Discretionary,Bermuda,48,-1%,4
3674,MSion,Utilities,United States,75,6%,5
2340,asplc,Industrials,United Kingdom,54,-7%,8
4507,eyCo.,Real Estate,United States,20,-4%,1
3092,amion,Information Technology,United States,96,-7%,8
2799,uinc.,Industrials,United States,79,-6%,4
3091,ifnc.,Healthcare,United States,45,5%,7
8867,umtd.,Industrials,Japan,48,1%,6
3820,nvnc.,Healthcare,United States,68,-1%,8
9124,OKion,Consumer Discretionary,Japan,10,-8%,1
5642,ranc.,Industrials,United States,25,7%,4
1125,asted,Consumer Staples,South Africa,42,-8%,6
4118,ieplc,Industrials,United States,85,-4%,2
8253,DIrp.,Consumer Discretionary,Japan,43,-1%,8
3527,mpion,Information Technology,United States,4,6%,5
8923,TNrp.,Industrials,Japan,85,-5%,8
9491,hinc.,Utilities,Japan,9,-4%,4
4167,shion,Industrials,United States,25,-8%,6
7684,IHted,Information Technology,China,22,-6%,6
292,ottd.,Consumer Discretionary,India,92,3%,1
7773,STtd.,Information Technology,Hong Kong,25,2%,8
8467,ho.K.,Materials,Japan,2,0%,4
1119,atted,Information Technology,South Africa,25,-1%,0
4768,el.V.,Telecommunication Services,Mexico,37,-7%,1
4377,renc.,Consumer Staples,United States,53,-7%,7
9160,akion,Consumer Discretionary,Japan,20,-2%,8
2723,doted,Information Technology,United States,58,3%,5
9431,ittd.,Industrials,Japan,95,1%,7
9337,totd.,Energy,Japan,62,-5%,8
2113,amtd.,Industrials,South Korea,7,-1%,4
8484,irnc.,Materials,Japan,2,-7%,8
3557,veion,Materials,United States,25,-4%,5
330,edtd.,Information Technology,India,14,7%,3
8615,ujnc.,Consumer Discretionary,Japan,84,8%,0
9366,'sion,Consumer Discretionary,Japan,41,-8%,1
2383,S Plc,Materials,United Kingdom,85,2%,7
4084,otnc.,Information Technology,United States,36,-4%,2
8912,rotd.,Information Technology,Japan,53,6%,4
3897,annc.,Consumer Discretionary,United States,85,-8%,3
3487,vanc.,Utilities,United States,14,-2%,2
2240,B nc.,Financials,South Korea,5,-7%,3
3667,elnc.,Information Technology,Canada,71,-8%,8
4326,t.nc.,Healthcare,United States,6,5%,2
7913,aitd.,Industrials,China,49,3%,3
3921,arnc.,Consumer Discretionary,United States,97,-1%,6
2372,eaplc,Consumer Discretionary,United Kingdom,63,2%,2
7677,ahted,Consumer Discretionary,Hong Kong,44,0%,8
8636,tsrp.,Information Technology,Japan,4,-2%,3
4257,ocnc.,Industrials,United States,62,-3%,2
2389,AOtal,Materials,Russia,1,1%,1
8250,TOtd.,Consumer Staples,Japan,26,0%,8
8983,enion,Information Technology,Japan,52,-5%,1
3499,K ion,Materials,United States,66,8%,3
8757,ujtd.,Industrials,Japan,29,-5%,6
9327,antd.,Energy,Japan,7,-2%,3
3669,heany,Consumer Staples,United States,85,-2%,6
4376,honc.,Consumer Discretionary,United States,78,4%,8
9296,ition,Information Technology,Japan,64,7%,8
1843,mooup,Consumer Staples,South Korea,24,2%,2
7746,TRted,Industrials,Hong Kong,24,-7%,7
3722,anted,Consumer Discretionary,United States,90,-7%,7
9291,amtd.,Consumer Staples,Japan,20,-8%,7
2328,arplc,Industrials,United Kingdom,94,-1%,8
7864,eitd.,Consumer Discretionary,China,2,-7%,5
9310,annc.,Consumer Discretionary,Japan,36,-5%,8
2937,iforp,Financials,United States,82,4%,1
4251,earp.,Real Estate,United States,57,4%,1
233,PF.A.,Utilities,Brazil,6,8%,4
3515,meion,Real Estate,United States,26,2%,8
4201,acica,Materials,United States,85,6%,8
2270,antd.,Consumer Discretionary,South Korea,64,-8%,0
8792,HKtd.,Consumer Discretionary,Japan,27,5%,6
7431,al.A.,Consumer Staples,Chile,20,-8%,1
4425,GIion,Utilities,United States,42,-3%,7
5335,anA/S,Industrials,Denmark,33,-6%,0
4476,eaplc,Energy,Switzerland,51,-1%,6
8068,iptd.,Consumer Staples,Japan,94,8%,0
3554,vonc.,Consumer Staples,United States,91,-6%,7
3954,ngted,Consumer Staples,United States,36,8%,5
3160,etnc.,Information Technology,China,98,-6%,6
538,odace,Industrials,France,19,4%,0
1928,K Ltd,Materials,South Korea,10,6%,2
4146,weing,Industrials,United States,79,7%,8
4310,&Pnc.,Financials,United States,92,6%,3
3573,ooion,Information Technology,United States,54,-8%,8
4215,erplc,Healthcare,Ireland,74,4%,6
9242,ANnc.,Consumer Discretionary,Japan,10,2%,6
3864,ennc.,Healthcare,United States,8,-1%,6
9584,orion,Materials,Taiwan,63,0%,4
9422,agtd.,Industrials,Japan,51,-8%,0
3193,atnc.,Healthcare,United States,33,-8%,6
6832,anc.),Information Technology,United States,21,5%,6
8315,itnc.,Healthcare,Japan,34,-8%,5
2408,ubion,Industrials,Russia,77,4%,3
3613,urnc.,Consumer Discretionary,United States,89,-6%,8
8891,hiion,Industrials,Japan,33,-5%,7
9393,ainc.,Financials,Japan,67,8%,6
8309,aitd.,Information Technology,Japan,76,-5%,1
4158,liion,Materials,United States,96,-7%,0
8246,awnc.,Consumer Staples,Japan,51,3%,2
8507,betd.,Materials,Japan,79,4%,2
3316,raLLC,Consumer Discretionary,United States,27,3%,7
8198,ortd.,Consumer Staples,Japan,1,-8%,3
8600,iptd.,Materials,Japan,64,8%,8
2936,isnc.,Information Technology,United States,92,1%,6
2732,mTnc.,Financials,United States,67,5%,2
8681,heted,Consumer Discretionary,Japan,23,3%,4
3158,nsnc.,Information Technology,United States,39,-5%,2
7747,ected,Consumer Discretionary,Hong Kong,69,0%,2
8202,egtd.,Consumer Staples,Japan,17,3%,4
3100,atnc.,Consumer Discretionary,United States,42,-8%,2
3932,osnc.,Real Estate,United States,88,8%,7
4505,heany,Information Technology,United States,50,1%,7
3159,etnc.,Information Technology,United States,26,3%,7
532,ec SA,Consumer Discretionary,France,30,4%,5
3686,otnc.,Consumer Staples,United States,89,4%,4
7612,anCo.,Utilities,Philippines,6,0%,1
7777,JMted,Consumer Discretionary,Hong Kong,20,-8%,6
3642,elion,Materials,United States,61,0%,4
8336,sunc.,Consumer Staples,Japan,27,-2%,6
3389,innc.,Telecommunication Services,United States,53,-1%,6
288,dated,Industrials,India,68,-2%,2
84,eaion,Consumer Staples,United States,85,8%,3
2923,ssnc.,Industrials,United States,28,4%,3
3524,paion,Energy,United States,24,-3%,2
4224,uinc.,Healthcare,United States,53,3%,4
8053,srtd.,Materials,Israel,75,-7%,3
219,ex.V.,Materials,Mexico,58,4%,7
8927,intd.,Industrials,Japan,15,-2%,4
2160,G td.,Consumer Staples,South Korea,75,-1%,4
9328,natd.,Industrials,Japan,8,-8%,0
7709,rited,Industrials,Hong Kong,47,-2%,8
754,ür.S.,Telecommunication Services,Turkey,46,-8%,6
1761,J ion,Industrials,South Korea,15,1%,3
10124,SR AG,Industrials,Germany,18,0%,0
741,ärAbp,Industrials,Finland,72,6%,5
3684,ocnc.,Industrials,United States,89,-5%,3
9323,waion,Industrials,Japan,77,1%,4
8413,-Gion,Consumer Discretionary,Japan,0,7%,8
1971,amtd.,Information Technology,South Korea,35,4%,0
4245,obnc.,Industrials,United States,90,0%,2
7989,unted,Materials,China,29,-6%,7
9664,ottd.,Consumer Discretionary,Taiwan,9,1%,8
8753,ACion,Materials,Japan,82,6%,8
9358,hitd.,Consumer Discretionary,Japan,54,-1%,7
10121,TU AG,Industrials,Germany,33,-7%,1
511,li SA,Telecommunication Services,France,46,0%,5
7699,inted,Materials,Hong Kong,89,-3%,5
6656,icted,Consumer Staples,South Africa,42,3%,0
3469,BMted,Industrials,United States,94,-5%,3
9969,ornc.,Utilities,Canada,80,0%,4
3590,ignc.,Consumer Discretionary,United States,9,-1%,3
8705,ottd.,Industrials,Japan,19,-3%,1
3399,ahnc.,Information Technology,United States,35,4%,4
4508,ynion,Consumer Discretionary,United States,76,-8%,7
8324,omnc.,Real Estate,Japan,60,-3%,4
3949,ntPLC,Consumer Discretionary,United Kingdom,24,-3%,3
2874,inion,Industrials,United States,19,-8%,6
4091,asnc.,Industrials,United States,73,-3%,2
8496,itnc.,Materials,Japan,31,7%,4
4360,elnc.,Telecommunication Services,United States,25,4%,8
2279,anion,Consumer Discretionary,South Korea,41,0%,5
2084,sinc.,Industrials,South Korea,30,8%,3
4424,omion,Materials,United States,87,2%,1
201,am.A.,Industrials,Spain,75,-6%,2
225,ru.B.,Consumer Discretionary,Mexico,55,-2%,3
1988,ortd.,Materials,South Korea,91,-2%,0
4502,ilnc.,Consumer Discretionary,United States,18,-6%,5
4787,isrp.,Utilities,United States,37,-5%,2
5491,neorp,Utilities,United States,1,-2%,2
4481,esion,Materials,United States,83,1%,7
8493,anion,Materials,Japan,99,-3%,2
4822,ceion,Consumer Discretionary,United States,78,8%,2
3482,er.V.,Industrials,Ireland,48,-4%,0
8165,isnc.,Consumer Staples,Japan,72,-5%,8
5816,ottd.,Consumer Discretionary,South Korea,29,-5%,1
4309,penc.,Consumer Staples,United States,18,0%,3
3701,SRnc.,Information Technology,United States,49,-7%,2
4211,osnc.,Consumer Staples,United States,17,-2%,5
8227,aptd.,Consumer Staples,Japan,38,8%,7
1075,T Tbk,Financials,Indonesia,4,3%,4
2979,asnc.,Consumer Discretionary,United States,31,-7%,8
3286,irnc.,Consumer Discretionary,United States,53,7%,0
8266,ewion,Consumer Staples,Japan,50,-8%,5
8274,icrp.,Consumer Staples,Japan,29,-1%,6
2248,antd.,Industrials,South Korea,90,-4%,2
9980,ydted,Utilities,Canada,3,-2%,2
3974,unnc.,Information Technology,United States,8,-8%,5
2000,G td.,Information Technology,South Korea,89,-3%,8
3165,orion,Financials,United States,50,-8%,4
8465,entd.,Materials,Japan,27,3%,6
3828,ornc.,Industrials,United States,66,2%,4
9489,okany,Utilities,Japan,74,2%,7
3543,shnc.,Materials,United States,54,-8%,7
8304,attd.,Consumer Staples,Japan,98,-7%,7
2360,ubFon,Telecommunication Services,Russia,62,1%,4
9195,entd.,Consumer Discretionary,Japan,5,-6%,6
2079,anems,Consumer Discretionary,South Korea,99,-4%,5
195,ma.A.,Information Technology,Spain,11,-2%,6
6462,einc.,Consumer Discretionary,United States,96,-3%,7
4375,henc.,Financials,United States,71,-1%,4
2215,morp.,Consumer Staples,South Korea,14,-3%,6
2854,omnc.,Information Technology,United States,23,1%,8
8555,istd.,Healthcare,Japan,49,8%,3
8511,ittd.,Materials,Japan,82,-3%,1
4285,perp.,Energy,United States,36,-3%,3
7839,epted,Industrials,Singapore,86,2%,2
6710,T sia,Materials,Indonesia,97,-1%,0
4519,oenc.,Healthcare,United States,50,-3%,4
4351,olany,Consumer Staples,United States,17,5%,3
9116,istd.,Consumer Discretionary,Japan,22,0%,5
3150,ortd.,Consumer Discretionary,United States,89,7%,5
9071,anion,Industrials,Japan,98,-5%,7
3237,egnc.,Healthcare,United States,70,-3%,0
7848,inLtd,Industrials,Singapore,54,1%,8
4260,PMnc.,Materials,United States,53,-6%,4
8308,isnc.,Industrials,Japan,52,2%,0
3352,LTnc.,Consumer Discretionary,United States,60,-8%,5
10097,GHjna,Materials,Poland,52,7%,6
3025,ntnc.,Information Technology,United States,91,-3%,2
7203,EDtd.,Materials,China,73,8%,7
3111,agnc.,Healthcare,United States,14,7%,0
7972,entd.,Materials,China,49,5%,0
4419,ndnc.,Consumer Discretionary,United States,37,6%,3
1769,antd.,Financials,South Korea,97,-2%,7
3457,unted,Healthcare,India,30,0%,7
8721,istd.,Materials,Japan,25,-5%,6
4307,onany,Materials,United States,34,3%,0
3710,VRnc.,Energy,United States,61,8%,8
9404,eoion,Real Estate,Japan,59,4%,8
8003,antd.,Information Technology,China,80,-8%,5
458,ol.V.,Industrials,Netherlands,90,1%,8
9938,anted,Industrials,Canada,55,-8%,2
9426,annc.,Industrials,Japan,70,2%,2
3612,eaion,Energy,United States,100,-4%,2
251,IM.A.,Telecommunication Services,Brazil,91,-5%,2
4562,webl),Financials,Sweden,86,1%,6
1755,ootd.,Financials,South Korea,40,-8%,3
2831,erion,Healthcare,United States,67,7%,5
3905,esion,Energy,United States,55,7%,2
212,ru.V.,Consumer Staples,Mexico,93,2%,0
10122,VV AG,Utilities,Germany,20,3%,5
753,ur AS,Telecommunication Services,Turkey,20,-7%,7
2384,miplc,Healthcare,United Kingdom,89,-2%,3
8567,erion,Healthcare,Japan,4,8%,1
8949,osion,Information Technology,Japan,71,1%,7
3997,icted,Consumer Discretionary,United Kingdom,64,6%,7
2905,lenc.,Information Technology,United States,40,3%,5
9669,niion,Information Technology,Taiwan,40,4%,0
7899,iaion,Consumer Discretionary,China,36,0%,0
4197,olnc.,Consumer Discretionary,United States,19,-6%,3
4403,rinc.,Industrials,United States,47,6%,5
9384,uytd.,Financials,Japan,74,0%,7
9995,inrp.,Consumer Discretionary,Canada,6,-2%,6
4,buJSC,Utilities,United Arab Emirates,79,-3%,7
8121,entd.,Industrials,Japan,31,2%,4
1116,artd.,Industrials,South Africa,73,-2%,6
8553,hutd.,Healthcare,Japan,73,7%,2
6207,evCo.,Consumer Discretionary,United States,44,-7%,6
8280,isLtd,Consumer Staples,Japan,78,-4%,7
1935,amtd.,Information Technology,South Korea,30,-3%,8
7719,inted,Industrials,China,25,-1%,0
3377,WRion,Healthcare,United States,25,3%,1
9779,T td.,Information Technology,Taiwan,62,8%,8
3946,ntnc.,Financials,United States,79,2%,4
4274,ciion,Information Technology,United States,35,-8%,8
8340,urtd.,Materials,Japan,81,-8%,1
266,heted,Utilities,India,24,1%,0
3579,ruion,Consumer Discretionary,United States,58,-2%,6
3782,nb.P.,Energy,United States,35,-8%,6
2970,ri.A.,Healthcare,Spain,53,0%,6
9627,alion,Industrials,Taiwan,14,8%,1
190,en.A.,Energy,Luxembourg,40,-5%,6
8237,totd.,Consumer Staples,Japan,3,7%,6
9752,varp.,Industrials,Taiwan,19,6%,1
4368,erion,Industrials,United States,82,-8%,8
3711,VR LP,Energy,United States,16,0%,5
9294,apted,Industrials,Japan,95,-8%,6
7621,heank,Financials,Saudi Arabia,59,-8%,3
4059,cCted,Consumer Staples,United States,6,-5%,1
3755,ipnc.,Healthcare,United States,55,2%,2
2111,GFtd.,Consumer Staples,South Korea,75,0%,5
6078,eunc.,Consumer Staples,United States,33,7%,5
9227,oyrp.,Healthcare,Japan,46,1%,1
105,utted,Consumer Discretionary,Australia,28,4%,0
4387,eanc.,Healthcare,United States,34,-7%,5
10005,atada,Financials,Canada,21,8%,6
4696,il SA,Telecommunication Services,Luxembourg,94,3%,4
8445,aiion,Materials,Japan,99,7%,1
221,nd CV,Materials,Mexico,78,-4%,8
8111,odion,Industrials,Japan,66,-2%,3
8861,MCrp.,Industrials,Japan,98,-5%,1
7790,dvted,Telecommunication Services,Thailand,28,-5%,3
3775,ynnc.,Utilities,United States,34,5%,6
8888,barp.,Industrials,Japan,37,-6%,6
9471,iknc.,Consumer Discretionary,Japan,68,2%,6
10107,irPLC,Industrials,Germany,65,-7%,1
3884,raany,Materials,United States,53,-2%,4
10083,ai AG,Financials,Austria,81,6%,7
8232,octd.,Consumer Staples,Japan,57,0%,7
8141,inion,Industrials,Japan,71,2%,8
2324,omplc,Information Technology,United Kingdom,5,0%,6
7799,ssted,Energy,Thailand,20,-3%,3
8140,antd.,Industrials,Japan,94,5%,2
2421,dvnc.,Information Technology,United States,41,-4%,0
5056,riity,Utilities,Canada,36,7%,0
3982,BRnc.,Industrials,United States,61,-3%,6
3795,nLLLC,Energy,United States,56,-6%,7
3796,nL LP,Energy,United States,80,4%,0
4573,usbl),Consumer Discretionary,Sweden,75,-2%,7
3458,ected,Information Technology,India,23,6%,2
3462,ginc.,Healthcare,United States,38,1%,5
3595,ronc.,Healthcare,United States,66,3%,2
7956,hitd.,Healthcare,China,23,8%,0
6643,etnc.,Consumer Discretionary,United States,99,-2%,3
3332,. nc.,Financials,United States,53,1%,7
3624,ACInc,Information Technology,United States,81,1%,8
6582,ntoup,Utilities,Canada,27,-6%,8
8975,kitd.,Information Technology,Japan,46,-6%,5
4287,elion,Healthcare,United States,31,4%,3
3254,usnc.,Industrials,United States,58,-4%,3
4444,heion,Materials,United States,26,6%,8
9091,oktd.,Consumer Discretionary,Japan,100,2%,2
4506,heany,Consumer Staples,United States,87,5%,6
3900,elnc.,Real Estate,United States,6,7%,6
2385,poplc,Consumer Discretionary,United Kingdom,15,-1%,1
321,ettd.,Energy,India,92,4%,6
4409,otnc.,Information Technology,United States,88,-2%,2
4248,ratd.,Energy,Switzerland,53,3%,7
2793,eanc.,Industrials,United States,83,8%,7
4999,"elc.,",Consumer Discretionary,United States,76,5%,8
8745,iptd.,Materials,Japan,56,2%,4
4226,esnc.,Consumer Discretionary,Canada,43,8%,2
344,vi.A.,Industrials,Panama,16,-5%,8
9367,alion,Consumer Discretionary,Japan,68,1%,4
5172,hitd.,Industrials,China,68,1%,2
2026,yuion,Industrials,South Korea,90,7%,8
3622,abted,Consumer Discretionary,United States,44,-8%,8
4050,DUnc.,Utilities,United States,90,-3%,1
8105,aerp.,Industrials,Japan,89,-7%,3
3564,xatd.,Materials,United States,23,2%,8
4081,arion,Energy,United States,46,6%,0
1113,ngtd.,Materials,South Africa,13,0%,4
3520,egnc.,Energy,Greece,56,6%,8
159,ootd.,Energy,Australia,88,2%,0
1003,ojion,Consumer Discretionary,Japan,63,8%,1
9166,ojion,Consumer Discretionary,Japan,73,-2%,1
9303,amrp.,Industrials,Japan,100,1%,4
9315,uatd.,Industrials,Japan,21,-1%,0
8729,aitd.,Materials,Japan,48,0%,5
486,as SA,Industrials,France,73,-8%,1
7876,hotd.,Materials,China,92,1%,5
2811,"A,nc.",Information Technology,United States,45,-1%,1
4339,wiany,Industrials,United States,31,7%,8
9689,ision,Information Technology,Taiwan,99,-8%,8
8299,CMtd.,Consumer Discretionary,Japan,52,0%,5
10132,al SE,Consumer Discretionary,Germany,39,-8%,0
3834,renc.,Consumer Staples,United States,55,3%,2
2913,ndplc,Healthcare,Ireland,84,-6%,8
3563,XIted,Financials,Bermuda,99,6%,2
3601,emnc.,Materials,United States,38,-4%,5
4378,ifCo.,Consumer Discretionary,United States,25,-3%,1
9535,ennc.,Consumer Discretionary,Japan,23,-2%,3
2005,yutd.,Industrials,South Korea,38,3%,2
8008,hetd.,Information Technology,China,70,4%,2
7887,anted,Healthcare,China,98,-2%,7
8503,aiion,Materials,Japan,4,-5%,1
5417,ontd.,Industrials,South Korea,57,1%,8
2294,olnc.,Materials,South Korea,51,4%,0
7967,iatd.,Consumer Discretionary,China,81,-4%,7
2932,asany,Industrials,United States,70,7%,1
4277,alnc.,Consumer Discretionary,United States,73,0%,5
4223,ioany,Energy,United States,98,8%,4
3596,arnc.,Consumer Discretionary,United States,83,6%,6
3560,menc.,Consumer Discretionary,United States,9,4%,0
4438,niion,Telecommunication Services,United States,67,2%,8
3846,lonc.,Consumer Staples,United States,90,8%,1
7997,intd.,Industrials,China,39,-3%,5
2757,henc.,Consumer Staples,United States,61,5%,0
9161,S td.,Consumer Discretionary,Japan,33,5%,1
3638,rorp.,Real Estate,United States,19,-2%,7
10017,otnc.,Materials,Canada,30,3%,7
3580,oiany,Materials,United States,48,2%,5
3177,N ion,Information Technology,United States,82,-1%,8
8746,itted,Materials,Japan,42,1%,1
2749,mknc.,Information Technology,United States,14,1%,8
9211,ugtd.,Consumer Staples,Japan,70,-7%,8
120,octed,Consumer Staples,Australia,40,8%,6
9457,ipnc.,Consumer Discretionary,Japan,20,-8%,2
8706,GKtd.,Industrials,Japan,54,-4%,5
1084,T Tbk,Industrials,Indonesia,75,-1%,6
9412,eiion,Industrials,Japan,44,2%,0
8523,omtd.,Information Technology,Japan,17,0%,8
8690,umted,Consumer Discretionary,Japan,90,-4%,5
2150,ootd.,Industrials,South Korea,7,-8%,1
7656,exted,Consumer Discretionary,United States,39,8%,1
9672,innc.,Consumer Discretionary,Taiwan,50,1%,6
3509,MEnc.,Industrials,United States,79,-8%,4
8548,ition,Healthcare,Japan,11,5%,6
9125,uttd.,Consumer Discretionary,Japan,6,-1%,3
3502,lonc.,Energy,United States,98,-7%,0
3013,ngted,Consumer Staples,United States,52,7%,6
6746,aí.A.,Consumer Staples,Brazil,41,7%,4
7824,hated,Consumer Staples,Thailand,17,-1%,6
496,FA SA,Consumer Discretionary,France,53,-3%,6
8059,an.M.,Financials,Israel,40,7%,8
10032,hanc.,Consumer Discretionary,Canada,36,8%,5
7990,uaLtd,Healthcare,China,74,-1%,3
406,re AG,Telecommunication Services,Germany,37,8%,6
8630,TOion,Information Technology,Japan,64,1%,8
3313,ymion,Information Technology,United States,73,1%,4
9268,amion,Consumer Discretionary,Japan,86,7%,7
9743,veLtd,Industrials,Taiwan,26,-6%,2
8948,akion,Industrials,Japan,93,-2%,4
2898,mdted,Information Technology,United States,53,-1%,4
4012,egted,Consumer Discretionary,United States,82,5%,7
7985,isted,Consumer Discretionary,China,10,-4%,3
5150,hiion,Materials,Taiwan,67,-8%,5
3398,ENnc.,Healthcare,United States,68,-4%,8
4533,teASA,Information Technology,Norway,76,0%,5
4058,eaany,Consumer Staples,United States,78,7%,1
8210,ohtd.,Industrials,Japan,57,1%,1
8546,umtd.,Healthcare,Japan,83,6%,2
8089,istd.,Consumer Discretionary,Japan,21,8%,5
3852,MCnc.,Energy,United States,25,-1%,1
4405,ri SA,Materials,United States,9,-6%,2
3582,. nc.,Healthcare,United States,3,-8%,8
8104,umLtd,Industrials,Japan,89,6%,0
4300,nated,Industrials,United States,17,-5%,1
3152,asnc.,Financials,United States,90,-5%,0
9265,SIrp.,Consumer Discretionary,Japan,84,2%,6
9097,itrp.,Industrials,Japan,6,7%,2
9009,ioion,Consumer Discretionary,Japan,70,-8%,7
442,RC NV,Industrials,Netherlands,75,-6%,6
3700,arted,Industrials,United States,45,-4%,0
1992,yutd.,Industrials,South Korea,91,-5%,4
4371,rinc.,Industrials,United States,37,1%,8
8116,ipion,Industrials,Japan,19,-4%,8
7911,hatd.,Industrials,China,55,-7%,2
8649,ioion,Consumer Staples,Japan,80,5%,8
8676,ujtd.,Energy,Japan,47,1%,2
3646,olion,Industrials,United States,7,2%,1
3915,eaion,Healthcare,United States,32,4%,5
4018,ennc.,Industrials,United States,42,5%,5
9783,aiLtd,Telecommunication Services,Taiwan,67,-7%,1
8366,ISnc.,Information Technology,Japan,27,-5%,3
2724,nanc.,Information Technology,United States,77,4%,8
4521,irted,Industrials,New Zealand,38,-8%,4
7795,erted,Industrials,Thailand,10,8%,6
4022,inion,Information Technology,United States,100,-4%,3
3288,ilnc.,Materials,United States,22,6%,5
2918,qunc.,Real Estate,United States,92,-2%,0
5936,srtd.,Industrials,Israel,14,6%,8
4046,ooion,Financials,United States,46,-7%,6
9031,okrp.,Information Technology,Japan,17,-4%,7
8312,acnc.,Information Technology,Japan,64,-3%,3
2840,al.P.,Energy,United States,58,2%,3
4113,iSnc.,Utilities,United States,40,-1%,1
2307,ob.P.,Telecommunication Services,Kuwait,90,7%,5
8939,asrp.,Information Technology,Japan,15,-5%,8
8877,oyion,Industrials,Japan,32,-1%,2
2321,urplc,Consumer Discretionary,United Kingdom,9,3%,4
4455,annc.,Information Technology,United States,32,3%,1
7901,nitd.,Information Technology,China,57,7%,1
8916,egnc.,Consumer Discretionary,Japan,29,-3%,2
9661,ultd.,Consumer Discretionary,Taiwan,97,8%,4
3401,ebion,Information Technology,United States,95,3%,5
2996,ubnc.,Industrials,United States,25,0%,4
1795,ontd.,Materials,South Korea,68,0%,6
2995,SNnc.,Consumer Discretionary,United States,18,-3%,1
136,ewted,Materials,Australia,73,-2%,0
8749,owtd.,Materials,Japan,47,4%,1
4242,esnc.,Materials,Canada,31,2%,4
7822,ruted,Telecommunication Services,Thailand,74,-4%,1
2289,oonc.,Industrials,South Korea,52,8%,8
9747,anion,Industrials,Taiwan,50,0%,7
9274,intd.,Information Technology,Japan,74,-6%,0
8200,aktd.,Consumer Staples,Japan,76,6%,1
8684,oytd.,Consumer Discretionary,Japan,91,-8%,7
2651,atrp.,Financials,United States,72,4%,3
3098,arnc.,Consumer Discretionary,United States,15,6%,4
237,le.A.,Utilities,Brazil,60,1%,6
8275,oytd.,Consumer Staples,Japan,91,-1%,7
2167,eArp.,Materials,South Korea,82,7%,0
3264,canc.,Information Technology,United States,49,-1%,5
238,ne.A.,Utilities,Brazil,82,3%,0
3962,roted,Real Estate,United States,21,7%,1
3868,olnc.,Materials,Canada,36,-1%,6
9057,tatd.,Consumer Discretionary,Japan,48,0%,6
2140,avion,Information Technology,South Korea,57,6%,6
4209,inion,Utilities,United States,23,0%,4
3648,hunc.,Consumer Staples,United States,56,6%,8
8305,ocnc.,Consumer Staples,Japan,15,8%,1
4034,exnc.,Information Technology,United States,46,2%,7
7263,iaion,Materials,China,32,-5%,6
9878,uptd.,Information Technology,Taiwan,20,-6%,7
3692,oonc.,Consumer Discretionary,United States,74,1%,4
9990,inion,Materials,Canada,62,-4%,4
8826,MGtd.,Industrials,Japan,37,0%,4
4582,ouCo.,Utilities,United States,74,-8%,5
428,miJSC,Telecommunication Services,United Arab Emirates,26,4%,0
4556,et AB,Healthcare,Sweden,45,-3%,0
447,em NV,Information Technology,Netherlands,71,7%,6
2014,umtd.,Materials,South Korea,43,3%,2
3606,ronc.,Information Technology,United States,19,-6%,4
8498,SRion,Materials,Japan,60,0%,8
8054,an BM,Financials,Israel,80,-5%,8
4230,er.V.,Consumer Discretionary,Italy,40,3%,6
7979,awtd.,Consumer Discretionary,China,37,-1%,1
8024,hated,Materials,China,32,0%,0
8026,uatd.,Utilities,China,37,-5%,8
2878,itnc.,Information Technology,United States,2,-3%,1
10109,ec AG,Information Technology,Germany,53,-8%,0
8707,GKtd.,Consumer Discretionary,Japan,63,-8%,5
4177,itnc.,Industrials,United States,58,7%,3
3565,cunc.,Industrials,United States,24,0%,8
235,omnal,Materials,Brazil,63,1%,2
4144,rbnc.,Industrials,United States,30,0%,0
4098,obnc.,Energy,United States,72,-5%,0
4464,aync.,Consumer Discretionary,United States,85,-4%,4
4384,ainc.,Consumer Discretionary,United States,24,6%,2
4471,asnc.,Industrials,Canada,48,7%,3
499,as SE,Information Technology,France,2,-7%,0
3255,abion,Information Technology,United States,10,-6%,5
9321,ipion,Healthcare,Japan,99,-6%,1
7628,tiany,Telecommunication Services,Saudi Arabia,42,2%,0
9391,ition,Financials,Japan,37,7%,5
186,spSpA,Information Technology,Italy,41,-5%,1
1156,ethad,Materials,Malaysia,4,-3%,6
8203,ritd.,Consumer Staples,Japan,31,6%,4
132,B ted,Consumer Discretionary,Australia,73,0%,6
4558,AAl.),Industrials,Sweden,82,-2%,3
3972,intd.,Information Technology,China,27,0%,2
326,ettd.,Industrials,India,86,4%,8
2333,ebplc,Consumer Discretionary,United Kingdom,37,4%,7
2982,unted,Financials,United States,13,6%,7
8774,anion,Industrials,Japan,97,-2%,4
7987,nited,Information Technology,China,85,-3%,6
1233,untd.,Consumer Discretionary,South Korea,68,-2%,3
8479,ented,Materials,Japan,56,-2%,5
4024,llion,Utilities,United States,0,3%,7
3725,ieted,Information Technology,United States,43,-7%,8
9312,ition,Industrials,Japan,69,1%,0
4563,elbl),Telecommunication Services,Sweden,14,-3%,3
4065,alany,Healthcare,United Kingdom,24,-5%,6
8128,anion,Consumer Discretionary,Japan,90,2%,1
4358,rated,Industrials,United States,24,1%,1
3849,MCion,Materials,United States,64,0%,1
1938,irtd.,Financials,South Korea,7,-4%,8
3311,kync.,Information Technology,United States,76,-1%,4
537,al SA,Energy,France,23,0%,6
3743,elnc.,Energy,United States,84,6%,7
8970,S ion,Industrials,Japan,38,-5%,8
2922,lbtd.,Industrials,Israel,96,-1%,1
3062,LAion,Information Technology,United States,46,-3%,2
9527,sanc.,Consumer Discretionary,Japan,75,-8%,2
9456,oknc.,Consumer Discretionary,Japan,55,-6%,6
9126,YBion,Consumer Discretionary,Japan,43,3%,0
9956,meted,Utilities,Canada,84,0%,6
757,heand,Financials,Ireland,38,1%,0
2359,ooplc,Consumer Discretionary,United Kingdom,77,-1%,1
3350,ninc.,Industrials,United States,10,-4%,5
7763,hited,Real Estate,Hong Kong,90,-6%,7
1966,otLtd,Consumer Discretionary,South Korea,95,5%,1
9915,otion,Consumer Staples,United States,54,2%,8
3508,MCnc.,Consumer Discretionary,United States,77,-2%,0
9927,anrp.,Materials,Canada,88,0%,8
4234,egion,Industrials,United States,99,6%,1
4446,arnc.,Healthcare,United States,7,6%,5
3547,tmion,Utilities,United States,71,5%,0
3465,arnc.,Consumer Discretionary,United States,16,4%,7
9949,RPnc.,Consumer Discretionary,Canada,25,-1%,2
4882,lpnc.,Consumer Staples,United States,53,4%,1
4324,en NV,Industrials,Netherlands,90,-1%,2
3694,arnc.,Consumer Discretionary,United States,80,-3%,1
9951,ncion,Energy,Canada,8,0%,5
8495,yotd.,Healthcare,Japan,67,-1%,2
9076,OHtd.,Information Technology,Japan,3,-4%,7
1311,ntion,Consumer Discretionary,South Korea,85,-1%,6
4447,ision,Consumer Discretionary,United States,12,-4%,8
2853,octed,Consumer Staples,United States,66,2%,6
1867,satd.,Consumer Discretionary,South Korea,99,2%,0
7687,niLtd,Consumer Staples,China,16,-7%,5
4539,orASA,Industrials,Norway,68,-3%,7
3783,qunc.,Industrials,United States,20,3%,6
2972,ronc.,Consumer Discretionary,United States,71,7%,6
10054,estd.,Industrials,Canada,73,7%,8
3000,ACorp,Information Technology,United States,85,4%,3
8547,hitd.,Healthcare,Japan,87,-7%,5
4187,innc.,Consumer Staples,United States,39,-3%,0
4396,emnc.,Consumer Discretionary,United States,90,6%,2
3454,eltd.,Telecommunication Services,India,10,1%,2
3948,ntnc.,Materials,United States,44,7%,1
9212,hiion,Information Technology,Japan,15,-8%,2
8060,huLtd,Consumer Staples,Israel,23,-8%,6
7703,hited,Industrials,China,64,5%,6
2888,aeion,Consumer Discretionary,United States,17,-3%,2
2013,yuion,Industrials,South Korea,90,-8%,4
4088,ernc.,Industrials,United States,84,4%,7
2740,lenc.,Healthcare,United States,53,8%,7
9899,TCtd.,Utilities,Canada,81,1%,2
7875,hitd.,Consumer Discretionary,China,23,-6%,1
8307,oytd.,Materials,Japan,72,-6%,0
2319,&M.A.,Consumer Discretionary,Luxembourg,31,-6%,8
3188,aync.,Information Technology,United States,90,5%,2
7796,alted,Information Technology,Thailand,55,7%,5
3102,icted,Information Technology,United States,58,5%,5
464,yr NV,Materials,Switzerland,53,-7%,8
3259,chion,Information Technology,United States,43,7%,5
2024,antd.,Industrials,South Korea,84,-4%,1
3123,onion,Consumer Staples,United States,76,7%,7
3856,annc.,Consumer Discretionary,United States,41,5%,6
8249,SKion,Consumer Discretionary,Japan,100,1%,8
1828,CCion,Industrials,South Korea,52,5%,4
7854,aptd.,Consumer Staples,Singapore,21,-4%,7
9523,CSion,Information Technology,Japan,65,2%,2
4280,tenc.,Industrials,United States,4,6%,7
4279,ernal,Consumer Discretionary,United States,89,7%,3
10003,arnc.,Consumer Discretionary,Canada,13,-2%,2
8151,yuion,Industrials,Japan,11,4%,3
2971,artd.,Consumer Discretionary,Switzerland,84,0%,4
8781,inion,Consumer Discretionary,Japan,28,1%,6
9150,ition,Consumer Discretionary,Japan,96,7%,4
9133,eiion,Consumer Discretionary,Japan,26,-6%,5
3927,&Rnc.,Consumer Discretionary,United States,49,-4%,2
9761,TBtd.,Financials,Taiwan,89,6%,4
174,CE.A.,Utilities,Italy,96,-4%,7
8601,antd.,Materials,Japan,1,3%,3
3226,ornc.,Information Technology,United States,77,-7%,0
5849,yutd.,Consumer Discretionary,South Korea,31,-3%,7
9403,aited,Real Estate,Japan,12,-8%,1
8631,ybnc.,Consumer Discretionary,Japan,75,0%,5
8900,aitd.,Industrials,Japan,14,4%,5
9070,astd.,Consumer Discretionary,Japan,6,-1%,8
9298,UGnc.,Consumer Staples,Japan,94,4%,7
8088,OMion,Industrials,Japan,90,-3%,2
396,ug AG,Consumer Discretionary,Germany,39,1%,0
3881,OL.A.,Industrials,Brazil,63,-3%,1
8241,hetd.,Consumer Staples,Japan,15,5%,3
9174,yotd.,Consumer Discretionary,Japan,13,4%,2
3823,dwion,Healthcare,United States,26,-4%,3
3232,ennc.,Consumer Discretionary,United States,18,-1%,4
9989,usnc.,Utilities,Canada,34,-1%,2
3774,ycnc.,Industrials,United States,30,0%,4
2948,irnc.,Information Technology,United States,19,4%,1
9829,artd.,Telecommunication Services,Taiwan,47,8%,1
343,ru SA,Consumer Staples,Colombia,82,-2%,3
9232,ittd.,Information Technology,Japan,12,-5%,1
4135,nsnc.,Industrials,United States,52,7%,2
5173,hinc.,Consumer Staples,United States,100,8%,8
1099,T Tbk,Utilities,Indonesia,77,-3%,1
2792,/Enc.,Industrials,United States,4,3%,2
3215,rinc.,Consumer Staples,United States,54,2%,6
3704,ooany,Consumer Discretionary,United States,53,-4%,5
8776,annc.,Industrials,Japan,9,-3%,4
475,cc.A.,Consumer Discretionary,France,50,0%,2
7787,emrp.,Information Technology,China,80,7%,3
3709,onion,Information Technology,United States,22,7%,8
2401,ubvaz,Consumer Discretionary,Russia,41,7%,7
7988,NHtd.,Industrials,China,89,-1%,3
264,otted,Financials,India,51,0%,7
8782,niion,Consumer Discretionary,Japan,62,8%,6
3256,annc.,Consumer Staples,United States,34,-7%,5
8164,iptd.,Consumer Staples,Japan,8,-3%,2
2206,aetd.,Consumer Staples,South Korea,24,-5%,4
4298,heany,Materials,United States,34,-6%,8
341,em.A.,Materials,Colombia,27,5%,0
2977,henc.,Consumer Staples,United States,76,3%,7
3273,ciion,Consumer Discretionary,United States,28,6%,0
2991,olnc.,Healthcare,United States,0,-1%,5
3857,ennc.,Consumer Discretionary,United States,44,4%,1
7616,ilion,Energy,Philippines,60,-7%,6
4271,yeion,Materials,United States,93,1%,2
2354,D plc,Consumer Discretionary,United Kingdom,34,-6%,3
2871,annc.,Information Technology,Canada,65,6%,8
206,ru CV,Industrials,Mexico,97,-6%,6
7755,ruted,Information Technology,Hong Kong,35,1%,6
4085,SCnc.,Industrials,United States,63,8%,0
8103,istd.,Industrials,Japan,76,-2%,7
2376,PCPlc,Materials,United Kingdom,77,-8%,8
9278,oktd.,Industrials,Japan,68,-8%,8
273,atted,Telecommunication Services,India,5,2%,7
9299,tated,Consumer Staples,Japan,92,4%,8
7923,mp.A.,Telecommunication Services,Chile,7,-1%,4
9703,hetd.,Information Technology,Taiwan,50,3%,5
4493,ornc.,Materials,United States,84,8%,7
4428,niion,Information Technology,United States,67,-7%,4
448,un.V.,Consumer Discretionary,Netherlands,85,-3%,5
9389,EOtd.,Financials,Japan,42,-5%,4
2716,canc.,Healthcare,United States,17,-5%,4
4467,ABnc.,Industrials,Belgium,63,-1%,4
3208,anany,Consumer Discretionary,United States,13,-8%,7
7937,KWnc.,Utilities,Switzerland,0,-2%,1
2250,Manc.,Industrials,South Korea,50,3%,4
4075,etnc.,Consumer Discretionary,United States,51,-3%,1
9814,PKtd.,Information Technology,Taiwan,55,-4%,6
1136,elted,Telecommunication Services,South Africa,85,-3%,1
400,raGaA,Healthcare,Germany,91,7%,5
3814,nsplc,Energy,United Kingdom,41,0%,5
1956,eotd.,Consumer Discretionary,South Korea,42,-1%,2
9186,ohtd.,Consumer Discretionary,Japan,96,-6%,7
1852,olion,Industrials,South Korea,39,6%,3
8477,okrp.,Materials,Japan,18,1%,2
2746,MCnc.,Consumer Discretionary,United States,36,4%,1
4353,runc.,Industrials,United States,65,-1%,1
3718,osted,Energy,Brazil,35,7%,0
1121,oltd.,Materials,South Africa,86,-7%,8
4203,ronc.,Real Estate,United States,56,-4%,7
8147,yoion,Industrials,Japan,56,-7%,6
4016,iorp.,Consumer Discretionary,United States,3,2%,7
3019,HStd.,Industrials,United Kingdom,17,-7%,0
3113,aitd.,Financials,Bermuda,24,6%,7
9571,airp.,Materials,Taiwan,56,-8%,6
3763,SWnc.,Consumer Discretionary,United States,68,0%,7
7844,ontd.,Industrials,Singapore,57,7%,8
348,el.A.,Telecommunication Services,Peru,20,4%,0
9695,attd.,Consumer Discretionary,Taiwan,7,1%,1
8959,VCion,Consumer Discretionary,Japan,15,-6%,4
3038,ntnc.,Healthcare,United States,61,3%,0
2156,ortd.,Industrials,South Korea,35,0%,1
9459,V ion,Consumer Discretionary,Japan,56,2%,6
8242,ujnc.,Consumer Staples,Japan,73,5%,1
2851,C nc.,Information Technology,United States,17,-1%,7
7603,IMtd.,Industrials,Israel,18,2%,1
2802,henc.,Consumer Discretionary,United States,27,-2%,0
1114,spted,Healthcare,South Africa,67,7%,8
4381,heany,Industrials,United States,70,-2%,3
8047,ezted,Telecommunication Services,Israel,22,6%,6
9388,ictd.,Financials,Japan,44,-6%,0
4076,PL LP,Energy,United States,34,5%,4
9536,eotd.,Industrials,Japan,89,5%,7
3298,iltd.,Information Technology,Taiwan,66,7%,8
1891,amtd.,Utilities,South Korea,85,-3%,3
9224,CRtd.,Information Technology,Japan,45,5%,2
3657,ieion,Information Technology,United States,9,1%,1
1165,MWhad,Consumer Discretionary,Malaysia,46,8%,8
7610,lonc.,Telecommunication Services,Philippines,62,7%,3
4881,lpnc.,Energy,United States,50,-4%,5
4048,cDnc.,Energy,United States,100,8%,8
8490,iptd.,Materials,Japan,54,6%,5
3928,ilnc.,Healthcare,United States,74,3%,8
9691,oxtd.,Information Technology,Taiwan,28,6%,6
8911,anion,Consumer Discretionary,Japan,13,-6%,4
8506,EOion,Materials,Japan,64,4%,2
8588,aitd.,Healthcare,Japan,99,5%,3
8821,matd.,Industrials,Japan,72,8%,5
9123,ACtd.,Consumer Discretionary,Japan,0,4%,6
3894,yaion,Consumer Discretionary,United States,20,-4%,4
2172,yuany,Industrials,South Korea,40,2%,7
151,anted,Energy,Australia,22,6%,2
8267,ounc.,Consumer Staples,Japan,96,-7%,7
9288,hotd.,Consumer Discretionary,Japan,18,4%,4
8005,aitd.,Consumer Discretionary,China,24,-7%,4
7847,emLtd,Industrials,Singapore,84,-1%,3
4462,isnc.,Consumer Discretionary,United States,72,6%,2
7676,ohted,Industrials,Hong Kong,6,-6%,5
2187,umnc.,Consumer Discretionary,South Korea,79,-7%,4
3206,lerp.,Information Technology,United States,39,7%,2
7892,hated,Consumer Discretionary,China,37,-5%,3
2330,obplc,Industrials,United Kingdom,59,4%,5
9834,heted,Information Technology,China,35,-2%,4
3853,ented,Information Technology,Bermuda,16,5%,8
3940,ysnc.,Industrials,United States,94,1%,2
1880,hinc.,Consumer Discretionary,South Korea,66,5%,7
9306,ihtd.,Information Technology,Japan,33,-5%,5
412,SBaft,Industrials,Germany,55,6%,4
8318,KCion,Information Technology,Japan,31,5%,8
4497,esnc.,Utilities,United States,44,-6%,6
3619,osnc.,Real Estate,United States,65,2%,8
512,ngoup,Information Technology,France,20,-1%,5
409,MG AG,Industrials,Germany,60,-7%,0
1085,T Tbk,Consumer Staples,Indonesia,73,-3%,0
7963,ohtd.,Financials,China,52,-3%,1
2073,1 ion,Utilities,South Korea,87,1%,3
2242,G td.,Industrials,South Korea,50,-1%,3
1939,K nc.,Materials,South Korea,87,-6%,3
9386,BInc.,Financials,Japan,5,0%,3
9363,retd.,Financials,Japan,80,6%,4
3880,NCnc.,Consumer Discretionary,United States,89,6%,2
7622,auen),Materials,Saudi Arabia,27,4%,7
3340,TMnc.,Information Technology,United States,11,-1%,6
4289,pe LP,Energy,United States,25,-2%,3
6263,acnc.,Information Technology,Japan,100,3%,2
2390,alPLC,Telecommunication Services,United Kingdom,22,8%,8
9368,axtd.,Consumer Staples,Japan,33,-7%,1
4415,winc.,Information Technology,United States,66,-1%,1
9973,ibnc.,Energy,Canada,58,-2%,2
5259,ovnc.,Healthcare,United States,77,-8%,3
3643,re LP,Energy,United States,39,3%,7
3392,CAnc.,Healthcare,United States,0,-5%,8
3794,ndtd.,Financials,Bermuda,41,-2%,2
3891,rated,Industrials,United States,75,-5%,2
346,aneru,Financials,Peru,25,6%,6
3294,ynnc.,Information Technology,United States,5,-2%,6
8928,HKtd.,Industrials,Japan,88,2%,3
4998,el SA,Financials,Belgium,22,3%,5
7652,MGted,Materials,Australia,52,2%,2
8607,oytd.,Materials,Japan,45,-2%,8
3901,CPnc.,Real Estate,United States,0,2%,2
176,ut.A.,Consumer Discretionary,Italy,69,-3%,0
1810,aeion,Consumer Staples,South Korea,83,-3%,0
9467,onion,Information Technology,Japan,97,-5%,2
5263,PSnc.,Utilities,United States,79,-3%,0
8444,oktd.,Materials,Japan,42,-8%,7
3758,omnc.,Consumer Discretionary,United States,43,8%,3
9122,ketd.,Consumer Discretionary,Japan,13,8%,2
8480,bitd.,Information Technology,Japan,73,1%,3
4437,SGion,Industrials,United States,84,-1%,7
7877,ibtd.,Information Technology,China,60,-5%,6
9148,xerp.,Consumer Discretionary,Japan,20,-5%,7
2182,orrp.,Utilities,South Korea,94,4%,1
8073,IRion,Industrials,Japan,13,-3%,8
2295,ooion,Materials,South Korea,100,5%,6
4064,AXnc.,Information Technology,United States,45,-6%,0
8205, Fnc.,Consumer Staples,Japan,70,-3%,1
2976,awnc.,Industrials,United States,25,-1%,7
2230,antd.,Industrials,South Korea,91,3%,6
8158,ECion,Information Technology,Japan,53,-8%,3
3277,. nc.,Materials,United States,56,-6%,0
3963,arnc.,Information Technology,United States,20,0%,5
9734,TCion,Information Technology,Taiwan,81,1%,0
4342,ouany,Energy,United States,52,0%,2
4069,oonc.,Industrials,United States,65,-6%,2
4457,altd.,Financials,Bermuda,23,5%,3
3855,henc.,Industrials,United States,14,2%,0
2993,antd.,Information Technology,South Korea,57,7%,8
4410,heany,Industrials,United States,48,0%,6
1819,olion,Industrials,South Korea,94,7%,2
9246,optd.,Industrials,Japan,23,-3%,1
7857,ontd.,Consumer Discretionary,China,27,-4%,0
9279,ifnc.,Consumer Discretionary,Japan,83,-7%,2
522,urzeo,Financials,France,20,5%,4
3966,TTnc.,Industrials,United States,76,8%,8
4394,RInc.,Consumer Discretionary,United States,20,0%,2
9701,hitd.,Information Technology,Taiwan,91,4%,7
3010,llnc.,Healthcare,United States,74,8%,4
2395,niPLC,Utilities,United Kingdom,92,2%,6
3132,artd.,Information Technology,Bermuda,67,8%,6
9302,eiion,Consumer Discretionary,Japan,65,-2%,6
7964,CMtd.,Industrials,China,46,2%,1
3504,lenc.,Healthcare,United States,96,5%,4
1985,CILtd,Materials,South Korea,41,-3%,6
9418,ontd.,Industrials,Japan,33,-1%,8
9001,ujted,Consumer Discretionary,Japan,55,-8%,6
8651,OSrp.,Consumer Staples,Japan,44,6%,8
3903,awnc.,Utilities,United States,75,-1%,6
3207,innc.,Consumer Discretionary,United States,23,4%,5
9408,EOtd.,Real Estate,Japan,93,3%,5
3331,rinc.,Information Technology,United States,93,2%,6
9192,arion,Information Technology,Japan,88,4%,8
3583,elnc.,Information Technology,United States,61,0%,4
3046,A td.,Information Technology,China,47,8%,8
7926,ip.A.,Consumer Discretionary,Chile,69,0%,1
2804,ronc.,Information Technology,United States,56,1%,0
3803,dgany,Consumer Staples,United States,71,-5%,8
4413,rated,Information Technology,United Kingdom,55,7%,7
7917,om.A.,Consumer Staples,Chile,20,-2%,6
3977,oync.,Industrials,United States,33,6%,1
8156,aktd.,Industrials,Japan,88,-4%,0
2305,at.P.,Telecommunication Services,Kuwait,0,2%,1
4003,anern,Industrials,United States,4,3%,1
4241,evnc.,Consumer Staples,United States,7,-4%,2
9576,retd.,Consumer Staples,Taiwan,40,2%,4
4380,eeion,Energy,Bermuda,81,5%,2
199,ie.A.,Consumer Discretionary,Spain,87,1%,3
491,io.A.,Healthcare,France,11,2%,6
1856,aetd.,Materials,South Korea,21,4%,1
4246,ednc.,Information Technology,United States,95,-1%,2
379,. A/S,Healthcare,Denmark,80,-4%,1
4357,erion,Information Technology,United States,98,4%,6
9145,horp.,Consumer Discretionary,Japan,13,-7%,4
8196,ALnc.,Consumer Staples,Japan,79,4%,1
1777,ourp.,Materials,South Korea,66,8%,5
3397,ilnc.,Information Technology,United States,16,1%,6
2958,-Itd.,Consumer Discretionary,United States,4,6%,7
3588,ennc.,Information Technology,United States,95,1%,0
9516,qutd.,Information Technology,Japan,51,4%,1
9025,lpnc.,Consumer Discretionary,Japan,74,4%,6
9324,icnc.,Consumer Discretionary,Japan,9,1%,0
9040,ysion,Healthcare,Japan,100,0%,6
3393,esion,Industrials,United States,13,3%,7
3402,ioion,Financials,United States,31,-4%,1
173,ES.A.,Consumer Discretionary,Luxembourg,27,1%,6
7914,ES.A.,Utilities,Chile,16,-2%,8
3117,ernc.,Industrials,United States,49,4%,3
7721,hutd.,Industrials,China,26,-3%,6
7704,hitd.,Energy,China,94,8%,5
2833,he LP,Financials,United States,72,3%,6
8044,entd.,Information Technology,China,39,-7%,4
9413,eitd.,Industrials,Japan,3,-2%,0
454,BM.V.,Energy,Netherlands,67,-1%,4
4155,cenc.,Energy,United States,56,-8%,5
470,CB.A.,Healthcare,Belgium,0,3%,5
8087,oktd.,Industrials,Japan,13,-8%,4
3726,onnc.,Industrials,United States,16,1%,0
8297,obtd.,Consumer Staples,Japan,15,-4%,3
3441,sited,Materials,India,76,-7%,0
8762,yotd.,Industrials,Japan,31,4%,6
8857,abion,Industrials,Japan,94,7%,5
299,urted,Healthcare,India,83,5%,7
4152,GErp.,Utilities,United States,28,-6%,2
3094,ulnc.,Consumer Discretionary,Canada,68,7%,3
9204,DOnc.,Consumer Discretionary,Japan,12,-2%,1
2660,CMnc.,Information Technology,United States,1,-4%,3
7842,elted,Consumer Staples,Singapore,18,-2%,0
2407,penes,Industrials,Russia,3,-2%,1
9784,DOtd.,Information Technology,Taiwan,49,-2%,4
4102,obplc,Energy,United Kingdom,93,-1%,8
3289,upnc.,Information Technology,United States,10,7%,3
3142,axnc.,Information Technology,United States,76,3%,6
4027,ouion,Materials,United States,50,-5%,6
4702,PMnc.,Materials,United States,51,5%,1
3879,MSnc.,Industrials,United States,50,-3%,8
9362,artd.,Consumer Discretionary,Japan,23,-2%,2
4099,abtd.,Energy,Bermuda,55,8%,2
4441,niion,Consumer Staples,United States,24,4%,3
4491,es LP,Energy,United States,11,-7%,5
3687,op SA,Industrials,Panama,17,-5%,7
1796,S rp.,Industrials,South Korea,27,-7%,8
9555,natd.,Industrials,Japan,62,0%,4
3088,nync.,Consumer Staples,United States,20,-7%,6
8695,iptd.,Information Technology,Japan,12,-7%,6
3866,uenc.,Consumer Discretionary,United States,66,-1%,8
9900,utnc.,Consumer Discretionary,Canada,21,8%,5
4063,ag.P.,Energy,United States,65,3%,8
1801,eAion,Materials,South Korea,57,1%,4
1131,ibted,Materials,South Africa,69,-8%,6
3919,NIion,Industrials,United States,68,4%,0
7420,IZnc.,Consumer Discretionary,United States,27,8%,1
9149,i-ion,Consumer Discretionary,Japan,4,1%,3
10050,ranc.,Consumer Discretionary,Canada,29,-2%,7
9893,TCion,Industrials,Taiwan,60,-1%,2
1087,T Tbk,Telecommunication Services,Indonesia,54,1%,6
374,olA/S,Healthcare,Denmark,48,-6%,1
7615,obnc.,Consumer Staples,Philippines,35,3%,5
9154,iptd.,Consumer Discretionary,Japan,16,-6%,1
9522,ranc.,Information Technology,Japan,95,6%,7
3510,ffnc.,Financials,United States,6,-6%,1
2078,K td.,Energy,South Korea,60,-5%,5
3826,xpnc.,Consumer Discretionary,United States,63,7%,2
7950,on AG,Healthcare,Switzerland,60,-2%,4
8559,notd.,Healthcare,Japan,21,-1%,8
13,arplc,Industrials,United Kingdom,98,-4%,4
3943,nt.A.,Telecommunication Services,Luxembourg,47,6%,1
3620,oyion,Consumer Discretionary,United States,7,7%,0
3659,ITnc.,Financials,United States,14,-2%,5
7694,untd.,Information Technology,China,86,-4%,5
3865,henc.,Real Estate,United States,44,1%,6
2824,DKnc.,Information Technology,United States,94,-7%,2
7862,ubtd.,Materials,China,98,5%,5
3843,itnc.,Information Technology,United States,35,1%,2
3443,ipted,Healthcare,India,14,-4%,6
3530,ntion,Energy,United States,86,-7%,1
9533,onion,Information Technology,Japan,56,-4%,1
7865,hatd.,Healthcare,China,50,-5%,4
8134,urion,Industrials,Japan,100,4%,0
9187,urtd.,Industrials,Japan,43,-5%,3
2947,renc.,Consumer Discretionary,United States,63,-2%,2
2317,BAplc,Industrials,United Kingdom,11,-8%,2
7943,og SA,Information Technology,Switzerland,17,-6%,4
9209,oltd.,Consumer Discretionary,Japan,46,2%,4
340,agany,Telecommunication Services,Hungary,46,-4%,2
9349,agtd.,Information Technology,Japan,9,5%,4
257,r.td.,Healthcare,India,91,-8%,6
8697,umtd.,Materials,Japan,92,-1%,8
7968,aitd.,Consumer Discretionary,China,3,1%,2
8941,eiion,Industrials,Japan,12,5%,8
3665,linc.,Materials,United States,40,-3%,4
3714,urion,Industrials,United States,62,-1%,0
9084,aitd.,Information Technology,Japan,50,7%,5
3750,OWnc.,Industrials,United States,31,1%,0
8858,ODnc.,Energy,Japan,96,-4%,8
8067,yotd.,Consumer Staples,Japan,86,-5%,1
806,cDtd.,Consumer Discretionary,Japan,22,-6%,8
8230,aknc.,Consumer Staples,Japan,41,6%,3
8915,lotd.,Industrials,Japan,29,-2%,6
8331,ihtd.,Consumer Staples,Japan,49,-8%,3
2087,owtd.,Consumer Discretionary,South Korea,36,6%,2
8161,osrp.,Industrials,Japan,72,3%,1
3214,ARion,Healthcare,United States,14,-1%,5
6612,utte),Consumer Discretionary,United States,83,3%,4
4404,roted,Materials,United States,81,3%,3
9135,astd.,Consumer Discretionary,Japan,34,-1%,3
4207,haion,Healthcare,United States,55,7%,3
2278,eotd.,Consumer Discretionary,South Korea,43,6%,5
3784,ngnc.,Industrials,United States,15,8%,1
10029,eanc.,Consumer Discretionary,Canada,16,-3%,6
1907,ottd.,Consumer Staples,South Korea,62,-1%,4
2545,eanc.,Consumer Discretionary,United States,45,8%,7
3591,ionc.,Healthcare,United States,49,-3%,7
4060,uenc.,Industrials,United States,73,8%,4
8740,hetd.,Industrials,Japan,40,4%,0
2015,KCtd.,Materials,South Korea,71,2%,6
8052,l td.,Industrials,Israel,78,-2%,5
3666,onnc.,Energy,United States,60,-5%,5
3552,vanc.,Real Estate,United States,21,-8%,3
9923,AEnc.,Industrials,Canada,54,5%,4
8010,uxtd.,Industrials,China,25,3%,4
4105,ewion,Materials,United States,20,0%,0
2850,no.V.,Consumer Discretionary,Netherlands,46,3%,8
2992,osust,Real Estate,United States,97,0%,1
7915,anile,Financials,Chile,85,5%,2
3716,hited,Industrials,Singapore,74,8%,1
1104,T Tbk,Consumer Discretionary,Indonesia,11,-5%,4
8209,S ion,Information Technology,Japan,23,3%,0
9421,antd.,Industrials,Japan,62,3%,1
3236,ennc.,Energy,United States,25,-3%,5
8022,hatd.,Industrials,China,20,-7%,5
1090,T tbk,Consumer Staples,Indonesia,66,0%,7
1984,outd.,Consumer Discretionary,South Korea,67,-3%,5
4530, Eted,Energy,New Zealand,90,-5%,3
841,hktd.,Healthcare,Japan,98,-5%,3
1770,ottd.,Financials,South Korea,93,-3%,0
2726,utnc.,Information Technology,United States,100,1%,3
1412,J ion,Consumer Staples,South Korea,59,7%,8
2057,ontd.,Materials,South Korea,38,-7%,8
9104,ittd.,Industrials,Japan,70,-2%,6
2934,5 nc.,Information Technology,United States,97,-2%,0
3395,oonc.,Industrials,United States,70,-5%,0
1161,hehad,Energy,Malaysia,15,1%,2
1758,amion,Consumer Staples,South Korea,20,-5%,3
8893,urtd.,Industrials,Japan,38,1%,3
3041,trnc.,Information Technology,United States,64,6%,3
7718,CLtd.,Information Technology,Hong Kong,5,-7%,3
3385,ernc.,Industrials,United States,100,-5%,1
3813,stion,Industrials,United States,42,-2%,0
3939,exion,Industrials,United States,85,-7%,8
9390,rirp.,Financials,Japan,50,5%,2
3892,ennc.,Industrials,United States,99,1%,6
2309,ggplc,Industrials,United Kingdom,18,-8%,8
3109,etion,Materials,Canada,87,4%,8
3339,etnc.,Industrials,United States,54,-6%,5
207,ls.V.,Consumer Discretionary,Mexico,94,-7%,3
2810,ufnc.,Consumer Discretionary,United States,98,-5%,4
7743,ekted,Information Technology,Hong Kong,10,-3%,3
9780,nirp.,Information Technology,Taiwan,5,8%,0
4935,rrted,Materials,Australia,22,-8%,8
4114,ewion,Utilities,United States,44,-3%,1
9320,yoion,Information Technology,Japan,52,0%,3
3680,ONnc.,Energy,United States,18,-6%,1
9343,ohtd.,Consumer Staples,Japan,10,-4%,2
9208,IIion,Information Technology,Japan,16,-5%,3
4052,id.P.,Energy,United States,83,0%,0
10027,usnc.,Industrials,Canada,55,6%,6
2323,riPlc,Consumer Staples,United Kingdom,45,0%,2
1902,ottd.,Consumer Staples,South Korea,25,6%,4
3183,peion,Information Technology,Canada,13,7%,8
2908,urnc.,Information Technology,United States,31,0%,3
2157,ontd.,Consumer Staples,South Korea,30,-3%,0
8349,umion,Information Technology,Japan,53,5%,2
9341,yoted,Information Technology,Japan,36,-1%,5
8780,orion,Industrials,Japan,8,0%,3
8050,srted,Financials,Israel,93,7%,2
2058,anLtd,Consumer Discretionary,South Korea,17,2%,3
1316,J Ltd,Consumer Discretionary,South Korea,21,3%,0
8167,eetd.,Consumer Staples,Japan,54,2%,7
2345,ikPLC,Healthcare,United Kingdom,46,-5%,1
7888,iated,Industrials,China,100,4%,0
9557,INtd.,Consumer Staples,Japan,12,-6%,1
8787,-Tion,Consumer Discretionary,Japan,11,2%,6
4315,henc.,Materials,Chile,53,1%,5
2844,im.V.,Information Technology,Netherlands,48,1%,0
7725,ogoup,Consumer Discretionary,China,76,-5%,8
1885,ontd.,Consumer Staples,South Korea,45,-3%,7
8288,artd.,Consumer Staples,Japan,53,7%,4
3867,riion,Industrials,United States,10,0%,2
3529,poLLC,Financials,United States,27,2%,8
383,ryA/S,Financials,Denmark,49,5%,2
1987,SItd.,Industrials,South Korea,23,-7%,1
2884,ypion,Information Technology,United States,38,7%,0
4210,orany,Utilities,United States,24,1%,8
8925,acrp.,Industrials,Japan,51,-3%,5
7713,ented,Consumer Discretionary,Hong Kong,57,6%,0
4393,ownc.,Consumer Discretionary,United States,92,7%,7
1911,yutd.,Consumer Staples,South Korea,81,-7%,5
4191,lyInc,Industrials,United States,73,3%,1
7708,tetd.,Information Technology,Hong Kong,10,3%,1
8568,irnc.,Healthcare,Japan,24,-7%,0
2388,avplc,Real Estate,United Kingdom,91,-5%,7
4538,onASA,Industrials,Norway,6,-6%,7
2341,rePLC,Materials,Mexico,10,6%,5
9572,sirp.,Materials,Taiwan,56,-7%,4
8443,itted,Materials,Japan,64,-8%,2
3512,MNnc.,Healthcare,United States,88,4%,8
280,potd.,Consumer Discretionary,India,23,1%,5
2980,lanc.,Information Technology,United States,8,-3%,6
167,et SA,Energy,Argentina,6,-6%,7
2336,leplc,Information Technology,United Kingdom,37,-4%,2
9152,istd.,Consumer Discretionary,Japan,40,-4%,8
2829,enany,Consumer Staples,United States,19,0%,4
9520,aptd.,Industrials,Japan,30,5%,7
8733,icrp.,Materials,Japan,31,0%,4
8268,agtd.,Consumer Staples,Japan,69,-5%,7
3618,lunc.,Industrials,United States,14,1%,1
9546,uttd.,Consumer Discretionary,Japan,60,-2%,8
9119,optd.,Materials,Japan,74,1%,2
9273,inrp.,Materials,Japan,42,-7%,5
77,arnc.,Energy,United States,99,0%,1
4762,unnc.,Information Technology,United States,53,-2%,5
8985,LVnc.,Information Technology,Japan,95,8%,1
3808,QTion,Energy,United States,45,3%,7
8613,artd.,Industrials,Japan,91,-2%,8
665,aitd.,Consumer Staples,Taiwan,88,-7%,6
9117,hitd.,Industrials,Japan,38,-6%,3
8175,ixnc.,Information Technology,Japan,48,-4%,2
3768,eVnc.,Consumer Discretionary,United States,51,-4%,7
514,ps.A.,Healthcare,France,4,-3%,0
7992,nstd.,Information Technology,China,47,1%,3
3859,oDnc.,Information Technology,United States,37,-5%,5
7629,obbia,Telecommunication Services,Saudi Arabia,25,-8%,1
4489,abion,Industrials,United States,67,4%,1
9926,amion,Energy,Canada,44,1%,4
7759,loted,Consumer Discretionary,Hong Kong,18,-3%,8
4236,owplc,Energy,United States,47,-3%,7
165,errar,Materials,Argentina,36,-6%,7
9292,hutd.,Consumer Staples,Japan,71,3%,2
3505,llnc.,Industrials,United States,78,-5%,6
3521,llnc.,Consumer Staples,United States,55,4%,3
6548,TTion,Financials,Japan,94,2%,3
8504,umtd.,Materials,Japan,43,7%,0
8025,eftd.,Consumer Discretionary,China,10,7%,6
9016,latd.,Consumer Discretionary,Japan,3,6%,3
3603,arnc.,Consumer Discretionary,United States,46,6%,6
8894,suCo.,Industrials,Japan,100,8%,6
8084,aptd.,Energy,Japan,32,-1%,1
4893,meion,Consumer Discretionary,United States,55,-1%,8
4581,antd.,Healthcare,Japan,80,0%,2
3586,riion,Industrials,United States,59,2%,1
737,riion,Healthcare,Finland,67,-8%,7
2825,adnc.,Information Technology,United States,0,7%,2
3831,TInc.,Industrials,United States,3,3%,8
4092,urion,Energy,United States,60,-3%,5
734,liOyj,Telecommunication Services,Finland,95,7%,2
3501,lo LP,Energy,United States,9,4%,8
6726,ihtd.,Information Technology,China,94,4%,0
4474,es LP,Energy,United States,50,-3%,7
4479,es LP,Energy,United States,6,4%,0
2658,venc.,Consumer Discretionary,United States,82,7%,2
8186,ortd.,Consumer Staples,Japan,32,3%,2
2866,ri SA,Information Technology,France,69,-2%,2
7103,TXtd.,Industrials,South Korea,97,-1%,2
3630,ro LP,Energy,United States,30,8%,6
9112,-Tnc.,Consumer Discretionary,Japan,18,-2%,1
1106,T Tbk,Industrials,Indonesia,74,-7%,6
10060,amnc.,Materials,Canada,70,6%,0
1976,aetd.,Industrials,South Korea,72,5%,0
9409,TTion,Real Estate,Japan,78,3%,6
7882,fftd.,Energy,China,83,-1%,3
3007,DEnc.,Healthcare,United States,33,1%,8
7727,onted,Industrials,Hong Kong,26,0%,4
8143,oeion,Industrials,Japan,7,0%,6
3985,irion,Industrials,United States,77,-5%,1
7999,hotd.,Industrials,China,77,-3%,3
3907,hgnc.,Consumer Discretionary,United States,44,3%,5
8903,eiion,Consumer Discretionary,Japan,53,2%,0
8251,leion,Information Technology,Japan,8,2%,7
468,es NV,Materials,Belgium,0,0%,4
3498,ernc.,Industrials,United States,77,-3%,2
3133,icion,Information Technology,United States,41,-3%,5
744,PTion,Information Technology,Vietnam,57,-4%,5
4132,uS.P.,Energy,United States,62,-1%,5
3439,ARtd.,Consumer Staples,Japan,47,-5%,0
1947,ttion,Consumer Staples,South Korea,61,-4%,7
4366,ernc.,Information Technology,United States,30,3%,3
3693,alion,Energy,United States,42,-2%,7
2245,ouion,Consumer Discretionary,South Korea,36,3%,5
2267,amion,Consumer Staples,South Korea,64,-6%,1
4244,egion,Consumer Discretionary,United States,40,0%,7
4000,raion,Materials,United States,91,1%,1
3597,oprp.,Consumer Discretionary,United States,49,-7%,2
4255,entd.,Financials,Bermuda,75,2%,0
9903,imnc.,Consumer Discretionary,Canada,28,5%,1
8902,adtd.,Industrials,Japan,97,-3%,4
10090,an.A.,Financials,Poland,87,-7%,6
9931,OGnc.,Consumer Discretionary,Canada,20,-1%,8
3668,leion,Materials,United States,89,4%,5
931,-Otd.,Consumer Discretionary,Japan,35,-4%,1
3496,ARrp.,Industrials,United States,5,7%,4
9562,elTD.,Consumer Staples,Japan,1,0%,1
4087,ainc.,Consumer Discretionary,United States,53,8%,3
3698,arion,Materials,United States,65,1%,7
4883,ltion,Information Technology,United States,44,-2%,6
7900,i'rp.,Information Technology,China,49,6%,4
9020,apted,Information Technology,Japan,85,-1%,2
2803,opnc.,Financials,United States,49,-6%,7
2349,ntPLC,Consumer Discretionary,United Kingdom,93,6%,8
9549,ostd.,Consumer Discretionary,Japan,77,1%,1
6267,andro,Utilities,Canada,31,-5%,7
7248,heard,Utilities,Canada,45,6%,7
3863,en.P.,Energy,United States,96,6%,1
2397,izPlc,Industrials,Channel Islands,6,8%,0
232,omGÁS,Utilities,Brazil,92,-1%,2
7955,hetd.,Utilities,China,71,0%,8
3749,heion,Industrials,United States,70,-5%,1
3373,erted,Healthcare,United States,6,2%,6
3708,ovion,Industrials,United States,23,-1%,7
9129,retd.,Consumer Discretionary,Japan,35,7%,8
8384,EXtd.,Information Technology,Japan,81,-8%,3
3797,nenc.,Consumer Staples,United States,11,3%,4
9277,aktd.,Industrials,Japan,63,3%,4
8245,-Onc.,Consumer Staples,Japan,5,0%,3
2303,nd.P.,Energy,Kuwait,78,7%,8
2965,enion,Consumer Discretionary,United States,55,-4%,8
3773,reted,Consumer Discretionary,United States,97,-8%,8
1146,irhad,Industrials,Malaysia,65,3%,8
8021,antd.,Consumer Discretionary,China,81,-7%,1
9904,lttd.,Energy,Canada,71,-5%,8
2355,arplc,Financials,United Kingdom,47,5%,3
3309,taarz,Consumer Discretionary,United States,82,4%,2
109,PAoup,Utilities,Australia,72,-1%,5
234,oscio,Energy,Brazil,7,2%,7
3002,COany,Healthcare,Ireland,58,6%,2
2939,LInc.,Information Technology,United States,10,3%,2
2915,henc.,Healthcare,United States,44,8%,3
9428,iktd.,Industrials,Japan,2,4%,7
3654,heion,Materials,United States,60,-8%,3
1762,ittd.,Consumer Staples,South Korea,21,-3%,8
1826,exrp.,Consumer Discretionary,South Korea,27,2%,2
9864,isrp.,Information Technology,Taiwan,68,-8%,6
1759,ITtd.,Consumer Staples,South Korea,52,0%,0
8320,OKion,Industrials,Japan,93,-3%,0
8715,icion,Industrials,Japan,27,7%,5
9925,ognc.,Consumer Discretionary,Canada,86,7%,6
4090,innc.,Materials,United States,3,0%,1
9544,ruion,Industrials,Japan,78,-4%,0
9698,igtd.,Information Technology,Taiwan,76,5%,4
7916,AP.A.,Materials,Chile,68,3%,5
214,ru CV,Consumer Staples,Mexico,99,-1%,7
3715,onnc.,Energy,United States,53,3%,0
533,bi SA,Information Technology,France,45,-8%,1
3844,omnc.,Industrials,United States,100,-7%,6
3260,BAion,Telecommunication Services,United States,28,0%,6
4317,pinc.,Utilities,United States,43,5%,6
1912,PCtd.,Consumer Staples,South Korea,54,-4%,7
3358,irnc.,Industrials,United States,15,2%,8
9405,tanc.,Consumer Discretionary,Japan,47,-1%,3
8918,PRtd.,Consumer Discretionary,Japan,60,-3%,7
2856,onnc.,Consumer Discretionary,United States,24,5%,8
1080,T Tbk,Information Technology,Indonesia,8,-3%,5
2116,antd.,Industrials,South Korea,82,-4%,4
3044,acnc.,Consumer Discretionary,United States,90,-5%,2
4362,elted,Industrials,United States,86,-6%,5
2198,IGtd.,Industrials,South Korea,32,0%,3
4089,henc.,Industrials,United States,9,8%,5
2805,ruion,Healthcare,United States,89,-8%,3
8146,iptd.,Industrials,Japan,29,2%,0
1081,T Tbk,Telecommunication Services,Indonesia,0,4%,5
275,osLtd,Consumer Discretionary,India,94,8%,0
3438,axtd.,Consumer Staples,Japan,84,-8%,3
7958,iatd.,Information Technology,China,40,-8%,0
3097,anion,Information Technology,United States,98,8%,4
106,ritd.,Consumer Discretionary,Australia,57,3%,4
3356,niion,Healthcare,United States,54,3%,6
3888,. Co.,Materials,United States,81,4%,0
9267,P ion,Materials,Japan,80,-5%,7
2181,yutd.,Consumer Discretionary,South Korea,69,-7%,8
2028,-1ion,Industrials,South Korea,56,2%,6
3941,alnc.,Healthcare,United States,39,-4%,1
2043,alion,Industrials,South Korea,4,-4%,8
217,ru CV,Consumer Discretionary,Mexico,33,-7%,0
5364,exnc.,Consumer Discretionary,United States,2,-1%,4
3341,aknc.,Information Technology,United States,26,-1%,8
8236,yDNC.,Consumer Staples,Japan,8,1%,0
3075,ibnc.,Consumer Discretionary,United States,29,8%,4
2974,erPLC,Materials,United Kingdom,33,-7%,7
2690,union,Consumer Discretionary,China,88,0%,8
3614,abnc.,Industrials,United States,22,5%,2
8665,artd.,Consumer Staples,Japan,18,-3%,3
3649,heion,Healthcare,United States,7,0%,3
3314,ynted,Information Technology,United States,65,3%,8
10000,actd.,Industrials,Canada,73,3%,6
2033,yetd.,Industrials,South Korea,14,3%,1
9345,antd.,Information Technology,Japan,18,-6%,0
9059,shnc.,Industrials,Japan,40,-4%,4
4472,ornc.,Information Technology,United States,85,5%,2
9196,apion,Consumer Discretionary,Japan,61,6%,8
3434,oktd.,Consumer Staples,Japan,45,-7%,6
4282,eaLLC,Energy,United Kingdom,54,-5%,2
4173,alnc.,Information Technology,United States,34,-3%,1
4451,alnc.,Materials,United States,18,7%,5
9254,airp.,Materials,Japan,56,1%,7
3882,curp.,Consumer Discretionary,United States,22,-3%,5
9035,ORtd.,Information Technology,Japan,18,7%,0
1850,eAion,Materials,South Korea,33,-3%,7
8946,ittd.,Industrials,Japan,99,1%,4
9157,orion,Consumer Discretionary,Japan,41,5%,6
3472,CCion,Industrials,United States,90,1%,2
7789,2  AS,Telecommunication Services,Czech Republic,2,-5%,8
1135,heted,Consumer Discretionary,South Africa,91,8%,5
8623,rapan,Information Technology,Japan,100,6%,5
4143,heany,Consumer Discretionary,United States,79,-7%,1
1814,riion,Consumer Staples,South Korea,98,-2%,8
3617,WXnc.,Industrials,United States,8,-1%,2
9569,amion,Consumer Staples,Japan,37,7%,4
9245,venc.,Consumer Discretionary,Japan,23,4%,5
2987,elted,Consumer Discretionary,United States,6,2%,4
4554,ltbl),Industrials,Sweden,60,6%,4
9996,union,Materials,Canada,8,-8%,4
10120,ed AG,Consumer Discretionary,Germany,8,-5%,4
3996,asany,Information Technology,United States,12,-7%,1
4216,rinc.,Financials,United States,86,3%,2
1825,antd.,Industrials,South Korea,94,-2%,4
1899,antd.,Industrials,South Korea,81,-5%,6
9115,ustd.,Consumer Discretionary,Japan,60,4%,6
3064,LXnc.,Industrials,United States,43,-7%,7
2070,yuLtd,Industrials,South Korea,95,5%,1
3752,ianc.,Energy,United States,35,-3%,8
8102,ekion,Industrials,Japan,79,-8%,6
4037,a-ted,Consumer Discretionary,United States,11,7%,0
830,axtd.,Consumer Staples,Japan,66,5%,4
9616,ECtd.,Industrials,Taiwan,94,-1%,5
9528,ujted,Information Technology,Japan,66,4%,0
9033,ihrp.,Healthcare,Japan,100,2%,0
9005,ittd.,Information Technology,Japan,80,-1%,2
3756,CP LP,Energy,United States,1,-3%,1
8612,ustd.,Industrials,Japan,22,-6%,8
3374,ianc.,Information Technology,United States,63,1%,4
7722,hiLtd,Materials,China,47,-6%,5
9766,artd.,Information Technology,Taiwan,80,6%,1
4622,ennc.,Consumer Discretionary,United States,29,5%,8
8788,opion,Consumer Discretionary,Japan,64,1%,4
8819,kuion,Industrials,Japan,13,-7%,8
3923,elnc.,Energy,United States,31,-8%,2
8317,edtd.,Healthcare,Japan,91,-1%,1
9118,istd.,Consumer Discretionary,Japan,99,5%,4
9655,ietd.,Materials,Taiwan,9,-6%,3
3071,amany,Real Estate,United States,42,-8%,0
9902,GTnc.,Consumer Staples,Canada,30,-6%,2
457,oy NV,Energy,Netherlands,72,3%,2
1997,S td.,Industrials,South Korea,13,-5%,4
7800,loted,Utilities,Thailand,34,3%,3
10074,ivnc.,Information Technology,United States,2,-6%,0
9804,nonc.,Information Technology,Taiwan,93,2%,1
3047,azany,Healthcare,Ireland,98,-7%,7
2788,lated,Information Technology,Canada,44,3%,7
3493,shnc.,Real Estate,United States,39,4%,0
3082,inion,Information Technology,United States,99,-3%,2
3707,ubion,Industrials,United States,76,-8%,6
3538,érnc.,Consumer Discretionary,United States,25,4%,7
4429,niion,Industrials,United States,100,-5%,8
3330,rinc.,Consumer Discretionary,United States,0,-8%,2
10091,nt.A.,Consumer Discretionary,Poland,84,0%,3
8518,iptd.,Materials,Japan,46,-5%,0
517,an SA,Industrials,France,26,7%,1
4314,PXion,Industrials,United States,21,-3%,6
4107,ewany,Energy,United States,8,-2%,0
7750,YNtd.,Consumer Discretionary,Japan,59,4%,8
7793,irted,Industrials,Thailand,26,8%,7
9354,estd.,Consumer Discretionary,Japan,86,0%,4
998,uttd.,Consumer Discretionary,Japan,93,-4%,8
9002,itnc.,Information Technology,Japan,24,2%,0
9015,osted,Consumer Discretionary,Japan,12,-2%,4
9460,KYnc.,Consumer Discretionary,Japan,71,1%,1
3312,ykted,Information Technology,United States,90,2%,6
8558,ohtd.,Healthcare,Japan,53,-6%,8
4466,esnc.,Industrials,United States,86,6%,3
9860,ownc.,Information Technology,Taiwan,43,-4%,8
3250,ednc.,Consumer Discretionary,United States,79,6%,4
9175,ATtd.,Industrials,Japan,80,6%,3
4312,upnc.,Energy,United States,66,3%,3
7973,hatd.,Energy,China,60,-3%,3
8978,antd.,Information Technology,Japan,79,-8%,6
9158,CCtd.,Consumer Discretionary,Japan,76,2%,5
2016,TXion,Industrials,South Korea,20,0%,8
2867,irnc.,Information Technology,United States,11,-1%,5
4321,tanc.,Consumer Discretionary,United States,38,3%,2
9309,aitd.,Industrials,Japan,24,-8%,2
314,adted,Healthcare,India,20,-8%,3
5853,yutd.,Financials,South Korea,13,-8%,6
3384,heany,Consumer Discretionary,United States,29,-7%,5
8120,oytd.,Industrials,Japan,41,6%,7
8517,aiion,Consumer Discretionary,Japan,13,-2%,5
3009,ntnc.,Information Technology,Japan,41,7%,7
7867,hetd.,Healthcare,China,71,5%,6
8057,iztd.,Financials,Israel,87,-3%,0
4153,NEnc.,Utilities,United States,27,7%,8
431,ratd.,Telecommunication Services,Bangladesh,88,5%,4
9777,ovrp.,Information Technology,Taiwan,33,0%,3
1202,aetd.,Consumer Staples,South Korea,62,1%,8
8870,setd.,Industrials,Japan,34,0%,3
2865,renc.,Information Technology,United States,61,2%,1
2701,esany,Energy,United States,87,-1%,2
9673,omtd.,Information Technology,Taiwan,21,-5%,0
3500,irion,Industrials,United States,7,-4%,1
3854,ATion,Industrials,United States,80,7%,0
2747,menc.,Healthcare,United States,21,5%,7
8255,omion,Information Technology,Japan,1,3%,5
8758,WCtd.,Industrials,Japan,25,-2%,7
10014,acion,Energy,Canada,54,-8%,1
8566,ictd.,Healthcare,Japan,58,-5%,4
8660,obtd.,Consumer Staples,Japan,52,-1%,4
2944,inion,Information Technology,United States,25,-3%,0
1128,iotd.,Consumer Staples,South Africa,43,-1%,4
9311,eiion,Industrials,Japan,30,4%,1
2031,watd.,Consumer Discretionary,South Korea,1,8%,3
1079,T Tbk,Healthcare,Indonesia,69,3%,0
10031,tenc.,Materials,Canada,2,3%,1
7884,hatd.,Consumer Discretionary,China,78,-6%,8
7849,erLtd,Information Technology,Singapore,15,7%,1
3268,EICo.,Financials,United States,67,6%,7
3279,tetd.,Consumer Discretionary,United States,35,3%,4
3608,rinc.,Energy,United States,2,-8%,0
8530,iaion,Consumer Discretionary,Japan,32,5%,6
9188,ettd.,Information Technology,Japan,48,3%,7
9036,dvion,Information Technology,Japan,50,6%,5
399,eu AG,Industrials,Germany,10,4%,3
9086,-Std.,Consumer Discretionary,Japan,50,-2%,2
3053,acnc.,Information Technology,United States,27,6%,6
258,odtd.,Materials,India,14,-3%,1
3587,&Gnc.,Consumer Staples,United States,28,8%,7
8543,antd.,Materials,Japan,16,-7%,8
9453,.Rion,Industrials,Japan,28,8%,3
1936,ortd.,Materials,South Korea,71,-7%,7
4148,cwion,Financials,United States,73,4%,8
3965,ntion,Healthcare,United States,34,-7%,5
3104,DCnc.,Consumer Discretionary,United States,97,-2%,2
2935,henc.,Consumer Discretionary,United States,72,-8%,8
3981,atany,Consumer Discretionary,United States,43,-6%,0
4572,icRt.,Healthcare,Hungary,38,-8%,0
4421,niorp,Healthcare,United States,2,7%,6
4225,EPnc.,Energy,United States,66,4%,7
1925,ontd.,Consumer Staples,South Korea,46,-1%,8
424,toGaA,Materials,Germany,23,-6%,3
4523,ented,Utilities,New Zealand,50,-7%,8
2403,rkion,Industrials,Russia,6,6%,6
7606,annds,Financials,Philippines,53,4%,7
4001,ronc.,Materials,United States,57,-8%,8
8727,odtd.,Materials,Japan,47,6%,2
462,co/NV,Information Technology,France,49,6%,5
4261,anion,Energy,United States,67,7%,3
7659,iated,Industrials,China,93,-5%,1
3691,ol LP,Energy,United States,6,-3%,3
4067,odany,Consumer Discretionary,United States,86,-2%,8
1860,satd.,Materials,South Korea,85,7%,4
8750,urtd.,Industrials,Japan,68,-8%,6
255,rvted,Consumer Discretionary,India,77,-5%,8
8560,isnc.,Healthcare,Japan,64,-7%,3
8139,huion,Industrials,Japan,62,-8%,5
3968,ohion,Industrials,United States,61,-2%,7
8723,yotd.,Materials,Japan,68,3%,6
2241,antd.,Consumer Discretionary,South Korea,83,-1%,4
721,hirp.,Information Technology,Taiwan,3,-1%,0
10034,unnc.,Consumer Staples,Canada,45,-7%,5
9819,iTion,Information Technology,Taiwan,31,5%,8
7803,tated,Industrials,Thailand,28,4%,7
2493,innc.,Consumer Discretionary,China,88,5%,0
2282,antd.,Materials,South Korea,18,-7%,7
436,an.C.,Industrials,Qatar,33,-4%,7
7984,iatd.,Industrials,China,20,-6%,7
3223,ia NV,Healthcare,Netherlands,22,7%,6
8220,eNtd.,Information Technology,Japan,85,-2%,7
5532,ainc.,Information Technology,United States,48,4%,7
1664,J ion,Consumer Discretionary,South Korea,17,8%,7
4288,emion,Energy,United States,74,4%,4
8252,ALnc.,Industrials,Japan,23,-5%,3
3056,aiion,Materials,United States,14,6%,8
3869,ranc.,Industrials,United States,72,-6%,2
2353,nmPlc,Telecommunication Services,United Kingdom,26,3%,7
3161,ETnc.,Information Technology,United States,53,4%,7
2221,F rp.,Consumer Discretionary,South Korea,64,3%,6
7874,inted,Consumer Discretionary,China,30,-3%,1
9369,istd.,Consumer Discretionary,Japan,84,7%,4
3138,atany,Energy,United States,58,3%,6
7890,oiLtd,Real Estate,China,23,-3%,4
1922,sutd.,Materials,South Korea,44,-6%,0
2830,enCo.,Materials,United States,61,-3%,6
9461,V ion,Consumer Discretionary,Japan,6,1%,0
7647,.Ated,Information Technology,Hong Kong,42,-5%,0
126,aited,Consumer Discretionary,Australia,23,-3%,6
1337,ootd.,Industrials,South Korea,76,0%,6
8775,untd.,Industrials,Japan,25,-7%,8
342,EM.A.,Materials,Spain,13,4%,4
9686,inrp.,Information Technology,Taiwan,30,-8%,2
3548,te.A.,Industrials,Luxembourg,2,5%,7
812,ertd.,Consumer Discretionary,Japan,86,2%,8
2835,huted,Consumer Discretionary,United States,92,3%,1
3616,oa LP,Energy,United States,83,7%,4
313,letd.,Healthcare,India,94,-8%,1
1002,actd.,Consumer Discretionary,Japan,44,6%,5
4683,inLLC,Energy,United States,93,-3%,6
8464,INion,Information Technology,Japan,69,-2%,7
9080,hitd.,Information Technology,Japan,69,1%,4
9307,chtd.,Industrials,Japan,65,-2%,2
7607,ebnc.,Industrials,Philippines,92,0%,4
7751,eited,Industrials,China,61,4%,6
9707,anion,Information Technology,Taiwan,56,4%,2
9176,aitd.,Consumer Discretionary,Japan,3,4%,6
1547,ootd.,Information Technology,South Korea,82,-3%,4
8074,amtd.,Consumer Discretionary,Japan,38,-8%,5
9776,eitd.,Information Technology,Taiwan,35,5%,8
3205,Plnc.,Information Technology,United States,40,3%,7
9030,untd.,Consumer Discretionary,Japan,9,6%,0
3116,KSnc.,Information Technology,United States,76,-1%,8
8930,agtd.,Consumer Discretionary,Japan,30,1%,2
9556,letd.,Consumer Discretionary,Japan,73,5%,5
4460,itnc.,Consumer Discretionary,United States,86,-6%,7
6026,otA/S,Materials,Norway,56,-5%,5
4516,intd.,Information Technology,China,87,1%,3
3556,VXion,Information Technology,United States,56,-2%,5
62,henc.,Energy,United States,29,-5%,5
9101,amtd.,Industrials,Japan,38,6%,8
756,cehf.,Industrials,Iceland,31,7%,2
3270,enion,Consumer Staples,United States,57,-3%,3
8006,ictd.,Healthcare,China,16,-1%,8
189,ecSpA,Healthcare,Italy,72,-5%,1
9022,ittd.,Information Technology,Japan,30,7%,0
2949,ornc.,Information Technology,United States,73,0%,4
8763,hrion,Consumer Discretionary,Japan,26,3%,4
3338,elnc.,Information Technology,United States,85,5%,3
8112,sutd.,Industrials,Japan,53,3%,4
9329,SIion,Consumer Discretionary,Japan,93,-4%,4
1315,akrp.,Information Technology,South Korea,28,-2%,8
8264,&Bnc.,Consumer Staples,Japan,49,-5%,3
3202,renc.,Healthcare,United States,71,-1%,4
2392,ulplc,Energy,United Kingdom,41,-3%,6
9356,hitd.,Consumer Discretionary,Japan,44,7%,8
560,aiion,Industrials,Taiwan,19,5%,2
4414,itnc.,Industrials,United States,64,0%,5
2817,arplc,Information Technology,United States,94,-2%,0
4450,ectd.,Consumer Staples,United States,41,2%,7
375,amA/S,Industrials,Denmark,33,-2%,1
3947,danc.,Utilities,United States,88,6%,4
4532,keASA,Energy,Norway,76,8%,4
8732,antd.,Materials,Japan,47,-2%,4
9729,hutd.,Information Technology,Taiwan,23,2%,3
9194,istd.,Consumer Discretionary,Japan,42,-6%,7
9645,herp.,Materials,Taiwan,23,3%,5
4487,dvnc.,Industrials,United States,3,-7%,6
4511,imCo.,Energy,United States,69,5%,2
1858,antd.,Materials,South Korea,39,3%,0
2134,hinc.,Industrials,South Korea,73,-7%,5
4443,arrp.,Consumer Discretionary,United States,3,8%,8
9603,ortd.,Consumer Discretionary,Taiwan,85,3%,6
9162,JTtd.,Consumer Discretionary,Japan,18,6%,7
6572,mnnc.,Information Technology,United States,5,0%,5
9475,MOnc.,Information Technology,Japan,96,-5%,0
7646,huted,Information Technology,China,46,3%,4
2196,J td.,Consumer Discretionary,South Korea,7,-8%,5
2692,owtd.,Information Technology,Israel,22,4%,1
8145,umtd.,Industrials,Japan,53,-1%,7
8997,aptd.,Information Technology,Japan,35,-5%,0
2813,alnc.,Consumer Staples,United States,9,-2%,0
8118,HEtd.,Industrials,Japan,19,1%,2
9767,ahrp.,Information Technology,Taiwan,43,3%,2
9662,hiion,Consumer Discretionary,Taiwan,23,3%,2
8294,untd.,Consumer Discretionary,Japan,97,8%,1
7776,igted,Information Technology,Hong Kong,31,-2%,7
7672,. td.,Real Estate,Hong Kong,24,4%,4
730,ierp.,Materials,Taiwan,36,-7%,5
4473,adnc.,Financials,United States,85,-1%,5
9558,ittd.,Information Technology,Japan,71,8%,0
7938,on AG,Industrials,Switzerland,17,3%,5
4740,epnc.,Industrials,United States,25,-5%,8
1821,istd.,Materials,South Korea,82,3%,8
3558,rmnc.,Industrials,United States,33,-7%,8
9843,anion,Information Technology,Taiwan,9,-4%,5
3212,heion,Healthcare,United States,82,-3%,5
3324,itnc.,Industrials,United States,16,-3%,8
3569,arnc.,Industrials,United States,36,7%,2
3147,ation,Information Technology,United States,18,7%,6
6684,owrp.,Information Technology,Taiwan,93,3%,5
8947,antd.,Consumer Discretionary,Japan,100,-4%,1
8576,awtd.,Healthcare,Japan,15,0%,3
8896,iktd.,Healthcare,Japan,66,7%,0
4343,unnc.,Materials,United States,64,-2%,6
3136,atnc.,Information Technology,United States,79,7%,5
3187,atnc.,Industrials,United States,6,-5%,0
3179,pknc.,Healthcare,United States,68,3%,6
4382,es LP,Energy,United States,26,1%,5
9332,estd.,Consumer Discretionary,Japan,68,-4%,8
460,ar NV,Information Technology,Belgium,98,-3%,8
8620,renc.,Information Technology,Japan,31,2%,3
7655,ITted,Industrials,Hong Kong,58,-1%,7
8475,iptd.,Materials,Japan,42,8%,3
2358,ivPLC,Healthcare,United Kingdom,83,-6%,7
2003,ootd.,Industrials,South Korea,35,8%,0
3850,abnet,Information Technology,Cayman Islands,30,-3%,0
9424,ratd.,Industrials,Japan,7,-3%,8
9155,ihtd.,Consumer Discretionary,Japan,28,-5%,2
2339,nttd.,Consumer Discretionary,Canada,56,1%,3
5319,aisha,Industrials,Japan,15,-4%,8
750,se.S.,Industrials,Turkey,88,3%,1
3534,re.P.,Financials,United States,4,-2%,3
6675,olte),Information Technology,United States,70,4%,1
10113,iaPlc,Information Technology,United Kingdom,33,1%,3
8827,ision,Information Technology,Japan,3,-2%,5
5576,ortd.,Consumer Discretionary,Taiwan,82,-2%,4
8296,oltd.,Consumer Staples,Japan,87,5%,7
8962,istd.,Industrials,Japan,86,-1%,2
3683,abion,Energy,United States,94,-7%,1
1802,aitd.,Industrials,South Korea,42,1%,8
9699,earp.,Information Technology,Taiwan,3,-2%,4
3544,dvnc.,Materials,United States,97,-8%,1
3072,anion,Consumer Staples,United States,24,1%,5
9552,eltd.,Consumer Discretionary,Japan,85,5%,1
2940,-8nc.,Consumer Discretionary,United States,74,1%,6
3633,innc.,Telecommunication Services,United States,81,2%,6
2969,oPnc.,Consumer Discretionary,United States,76,-6%,4
3001,CFnc.,Industrials,United States,11,5%,6
8107,ottd.,Industrials,Japan,50,-5%,4
3444,abtd.,Consumer Staples,India,14,4%,7
8049,eltd.,Consumer Discretionary,Israel,54,-6%,2
1906,reion,Healthcare,South Korea,90,-5%,6
2335,unplc,Consumer Discretionary,United Kingdom,11,-1%,6
4483,hirp.,Energy,United States,65,-7%,0
2917,ntnc.,Information Technology,United States,72,-3%,4
2135,ICtd.,Financials,South Korea,34,7%,5
7020,irnc.,Healthcare,United States,60,-3%,3
4958,tmion,Information Technology,United States,19,1%,7
3986,imion,Real Estate,United States,67,7%,2
6519,istd.,Consumer Discretionary,Japan,5,-1%,6
2734,irion,Healthcare,United States,75,6%,5
9222,opion,Information Technology,Japan,5,-1%,1
1289,aorp.,Financials,South Korea,11,-5%,3
4655,HCtd.,Energy,Cayman Islands,12,-1%,8
4504,einc.,Consumer Discretionary,United States,26,-1%,8
7895,ortd.,Healthcare,China,13,1%,2
3993,nonc.,Industrials,United States,25,-6%,7
7131,unhad,Real Estate,Malaysia,16,7%,1
1849,umtd.,Industrials,South Korea,22,-6%,2
3442,aited,Energy,India,68,-1%,0
3802,PAnc.,Information Technology,United States,95,4%,8
4252,LJust,Real Estate,United States,17,-3%,4
8258,okted,Information Technology,Japan,1,0%,7
9841,erion,Information Technology,Taiwan,61,-1%,1
154,octed,Telecommunication Services,Australia,37,7%,0
353,ra.E.,Telecommunication Services,Egypt,59,2%,8
9503,oetd.,Consumer Discretionary,Japan,86,3%,0
10048,pirp.,Consumer Discretionary,Canada,96,-5%,4
4391,ee LP,Energy,Bermuda,19,-7%,5
1760,uhrp.,Healthcare,South Korea,99,4%,4
4478,innc.,Consumer Discretionary,United States,15,2%,3
9325,hotd.,Industrials,Japan,9,6%,4
4083,SCnc.,Financials,United States,97,7%,6
2809,lunc.,Consumer Staples,United States,1,3%,5
7982,ustd.,Industrials,China,23,-5%,3
3835,acnc.,Financials,United States,87,8%,0
3841,ednc.,Financials,United States,48,0%,6
3371,ernc.,Information Technology,United States,57,7%,0
4150,ri SA,Materials,Luxembourg,14,-2%,5
8766,okted,Materials,Japan,3,6%,2
3672,omnc.,Materials,United States,66,-4%,4
10086,SBPlc,Information Technology,Cyprus,84,-6%,0
7996,iatd.,Materials,China,89,-5%,0
752,oyeti,Consumer Discretionary,Turkey,96,8%,3
1748,umtd.,Information Technology,South Korea,74,-8%,2
9078,am.k.,Information Technology,Japan,7,0%,2
3518,rinc.,Information Technology,United States,63,-1%,2
4297,M any,Energy,United States,26,8%,1
9932,innc.,Consumer Discretionary,Canada,45,2%,1
9436,S td.,Industrials,Japan,66,4%,1
3406,entd.,Industrials,Kenya,8,2%,0
9319,anion,Industrials,Japan,99,6%,3
3115,ition,Information Technology,Canada,7,4%,2
7922,el.A.,Telecommunication Services,Chile,41,-1%,0
8728,oytd.,Materials,Japan,71,8%,7
954,niion,Consumer Discretionary,Japan,61,5%,8
2800,ionc.,Healthcare,United States,35,-3%,4
2735,konc.,Healthcare,United States,31,-6%,0
9382,evtd.,Financials,Japan,46,-8%,1
2044,onion,Materials,South Korea,19,6%,1
7944,ob ag,Consumer Discretionary,Switzerland,23,-2%,3
1863,antd.,Financials,South Korea,87,-6%,4
1157,etBhd,Utilities,Malaysia,62,-2%,0
9169,aktd.,Information Technology,Japan,79,-7%,1
2067,eotd.,Utilities,South Korea,69,7%,0
30,danc.,Energy,United States,33,-3%,6
3405,heted,Utilities,Kenya,46,4%,7
1101,T Tbk,Consumer Staples,Indonesia,84,-6%,7
7826,ndtd.,Consumer Staples,Singapore,2,-4%,2
994,uktd.,Healthcare,Japan,62,1%,3
8718,aktd.,Materials,Japan,25,4%,6
63,adnc.,Financials,United States,15,7%,1
9018,osion,Information Technology,Japan,84,-4%,3
455,om NV,Consumer Discretionary,Netherlands,22,-6%,0
8722,oktd.,Materials,Japan,70,-6%,2
4311,ub.P.,Utilities,United States,2,4%,4
1995,watd.,Consumer Discretionary,South Korea,20,3%,2
9518,istd.,Industrials,Japan,89,0%,1
2772,thnc.,Healthcare,United States,19,-4%,7
8582,YOnc.,Healthcare,Japan,19,7%,4
2145,J td.,Consumer Discretionary,South Korea,92,-3%,3
3645,ulnc.,Financials,United States,31,-7%,6
5156,hite),Industrials,China,24,6%,5
9376,hetd.,Financials,Japan,36,-7%,7
9971,olnc.,Consumer Staples,Canada,95,2%,5
3351,ninc.,Industrials,United States,36,-6%,8
9599,hiion,Materials,Taiwan,86,-6%,5
10093,mR SE,Consumer Discretionary,Poland,31,-4%,4
9093,ipion,Information Technology,Japan,3,1%,7
5436,SHted,Consumer Discretionary,Australia,91,-7%,2
9266,icion,Industrials,Japan,95,-8%,4
142,acted,Materials,Australia,6,3%,8
9723,entd.,Consumer Discretionary,Taiwan,64,-6%,2
4094,uenc.,Industrials,United States,54,-1%,7
3278,hinc.,Consumer Discretionary,United States,92,-1%,3
9066,ujted,Information Technology,Japan,96,-8%,6
3908,annc.,Healthcare,United States,58,7%,1
9260,istd.,Industrials,Japan,5,1%,6
2158,EPtd.,Industrials,South Korea,45,-7%,2
7846,inted,Industrials,Singapore,62,1%,3
4299,tanc.,Consumer Discretionary,United States,76,-2%,6
8048,eltd.,Telecommunication Services,Israel,80,-3%,0
2352,ndPLC,Healthcare,United States,51,-5%,2
510,D  SA,Industrials,France,45,-4%,8
3076,itnc.,Information Technology,United States,81,-6%,2
5944,TCc.),Utilities,United States,95,0%,7
9019,irtd.,Information Technology,Japan,39,-5%,4
8565,suCo.,Healthcare,Japan,47,8%,4
9666,ultd.,Consumer Discretionary,Taiwan,41,4%,4
1370,yetd.,Consumer Discretionary,South Korea,77,6%,3
2327,inplc,Consumer Discretionary,United Kingdom,100,-8%,2
9139,matd.,Consumer Discretionary,Japan,80,5%,5
3746,olnc.,Information Technology,United States,74,-8%,6
3370,ernc.,Information Technology,United States,43,-6%,1
2226,J td.,Industrials,South Korea,36,-8%,0
1931,rerp.,Healthcare,South Korea,17,-1%,3
9652,huion,Materials,Taiwan,24,6%,2
8854,amion,Industrials,Japan,85,-7%,3
8418,unnc.,Information Technology,Japan,5,-4%,2
3528,ppnc.,Real Estate,United States,77,8%,5
2320,raplc,Industrials,United Kingdom,71,-1%,2
9300,aitd.,Consumer Staples,Japan,64,5%,2
1986,ortd.,Consumer Discretionary,South Korea,50,6%,5
226,it.V.,Materials,Mexico,93,-1%,4
9370,oztd.,Financials,Japan,36,5%,6
7993,antd.,Industrials,China,69,8%,4
1916,ROTD.,Consumer Staples,South Korea,79,6%,8
4293,ounc.,Utilities,United States,47,-5%,0
1234,Teted,Industrials,South Korea,14,-6%,3
8731,iptd.,Materials,Japan,39,5%,8
1729,imtd.,Information Technology,South Korea,86,3%,5
8619,MLnc.,Healthcare,Japan,99,-1%,5
8189,ouion,Consumer Staples,Japan,1,-3%,2
3285,INion,Information Technology,China,30,-4%,8
1094,T Tbk,Consumer Discretionary,Indonesia,46,-6%,1
9848,arion,Information Technology,Taiwan,41,0%,5
6310,edc.),Healthcare,United States,44,-6%,0
9502,ETtd.,Industrials,Japan,36,-4%,7
7720,elted,Industrials,China,5,2%,1
8256,altd.,Consumer Staples,Japan,5,-3%,0
10133,rv.d.,Telecommunication Services,Croatia,99,0%,7
4142,RGnc.,Utilities,United States,61,1%,5
8080,ittd.,Materials,Japan,9,-7%,6
3731,DRrp.,Real Estate,United States,25,3%,3
185,as.A.,Consumer Staples,Italy,88,-4%,5
8007,hotd.,Industrials,China,72,-7%,2
2852,ohnc.,Information Technology,United States,93,5%,1
7965,uatd.,Industrials,China,7,-2%,4
2755,meion,Industrials,United States,3,0%,8
8921,aitd.,Consumer Discretionary,Japan,76,4%,1
2762,reion,Financials,United States,47,-3%,6
9182,-7nc.,Consumer Discretionary,Japan,34,5%,0
3975,annc.,Financials,United States,28,4%,2
8710,roion,Materials,Japan,4,5%,0
3245,ibnc.,Industrials,United States,7,-1%,8
2129,ejtd.,Consumer Discretionary,South Korea,83,-8%,5
425,il AG,Information Technology,Germany,100,-1%,1
3029,PGion,Information Technology,United States,52,-6%,6
9890,onrp.,Materials,Taiwan,77,7%,1
9127,chtd.,Consumer Discretionary,Japan,96,-1%,3
2173,&Ttd.,Consumer Discretionary,South Korea,44,-6%,2
9137,ujtd.,Consumer Discretionary,Japan,60,-2%,6
9635,hiion,Materials,Taiwan,17,-5%,4
10128,ol AG,Information Technology,Germany,4,1%,5
9501,hitd.,Utilities,Japan,0,-7%,0
3942,arnc.,Consumer Discretionary,United States,74,7%,1
2380,ofPlc,Information Technology,United Kingdom,23,-1%,6
2771,lt.A.,Real Estate,Luxembourg,12,-6%,5
8486,ihtd.,Materials,Japan,93,-1%,6
2200,uvion,Consumer Discretionary,South Korea,76,6%,7
3052,&Jrp.,Consumer Staples,United States,74,-1%,0
3081,umnc.,Information Technology,United States,73,3%,7
4306,entd.,Information Technology,China,64,-5%,4
2798,J'nc.,Consumer Discretionary,United States,41,-1%,8
7679,ITted,Telecommunication Services,Hong Kong,26,-7%,0
2367,ayPlc,Information Technology,United Kingdom,57,2%,5
7675,a td.,Consumer Discretionary,Hong Kong,56,6%,1
2909,lenc.,Information Technology,United States,11,-4%,8
5431,reLC),Consumer Discretionary,United States,97,6%,7
7919,in.A.,Consumer Staples,Chile,69,-1%,5
2759,nsnc.,Information Technology,United States,44,7%,5
1973,ootd.,Materials,South Korea,70,0%,7
7836,xctd.,Information Technology,Singapore,7,8%,1
4482,es LP,Materials,United States,14,-2%,0
3154,IInc.,Telecommunication Services,United States,93,3%,3
2370,replc,Energy,United Kingdom,13,-6%,4
9351,sutd.,Information Technology,Japan,23,2%,3
8764,sanc.,Materials,Japan,73,2%,0
9342,hitd.,Information Technology,Japan,85,-8%,7
2999,orplc,Healthcare,Ireland,81,-8%,0
8148,hitd.,Industrials,Japan,25,2%,6
8248,axtd.,Consumer Staples,Japan,17,-3%,2
7740,hited,Healthcare,Hong Kong,81,-5%,3
3219,artd.,Telecommunication Services,Israel,66,5%,8
9167,attd.,Information Technology,Japan,74,8%,3
347,co.A.,Financials,Peru,83,-7%,3
1250,CCtd.,Industrials,South Korea,42,-3%,8
8836,ELnc.,Industrials,Japan,55,4%,5
9339,union,Information Technology,Japan,12,0%,0
1196,ostd.,Materials,South Korea,16,-4%,0
4553,usbl),Consumer Discretionary,Sweden,29,4%,6
2988,ibnc.,Consumer Discretionary,United States,26,-5%,6
3437,anion,Industrials,Japan,46,0%,5
8350,awnc.,Industrials,Japan,80,-8%,2
4619,&Jtd.,Energy,United States,66,-3%,8
547,AItd.,Industrials,Japan,100,-2%,1
1875,ottd.,Materials,South Korea,55,-3%,0
8122,baion,Industrials,Japan,68,6%,4
5476,lic.),Consumer Staples,United States,23,-7%,7
3315,ynnc.,Information Technology,United States,52,-2%,5
1074,T Tbk,Consumer Discretionary,Indonesia,30,-3%,1
1359,G&ion,Industrials,South Korea,44,-7%,8
9103,iptd.,Industrials,Japan,70,1%,8
1338,amtd.,Information Technology,South Korea,93,1%,3
8191,ujtd.,Consumer Staples,Japan,39,2%,6
3751,ennc.,Energy,United States,73,-3%,5
7736,OStd.,Industrials,Hong Kong,34,-6%,8
2881,alnc.,Consumer Staples,United States,92,0%,1
8554,aktd.,Healthcare,Japan,86,7%,3
2108,amrp.,Materials,South Korea,18,3%,8
8904,antd.,Consumer Discretionary,Japan,12,4%,5
1277,S nc.,Consumer Discretionary,South Korea,27,-6%,3
8170,ittd.,Consumer Staples,Japan,6,0%,2
805,ittd.,Consumer Staples,Japan,38,-8%,0
9132,actd.,Consumer Discretionary,Japan,48,-3%,4
9663,antd.,Consumer Discretionary,Taiwan,9,-8%,1
3299,plnc.,Information Technology,United States,91,-5%,7
9553,ICion,Industrials,Japan,13,4%,7
4352,artd.,Healthcare,Israel,74,-8%,7
4789,alnc.,Materials,United States,87,-4%,2
3413,fotd.,Consumer Discretionary,Japan,27,-5%,1
715,oarp.,Information Technology,Taiwan,79,4%,5
382,oyA/S,Consumer Staples,Denmark,95,4%,6
2892,ioted,Information Technology,United States,50,6%,1
7036,MRLtd,Industrials,Singapore,12,2%,7
4126,eenc.,Materials,United States,34,3%,5
9200,xctd.,Information Technology,Japan,15,3%,6
9862,airp.,Information Technology,Taiwan,31,-5%,0
7975,hiLtd,Information Technology,China,55,3%,1
2582,luion,Industrials,United States,95,-2%,8
7951,tr AG,Healthcare,Switzerland,11,-3%,7
9069,eotd.,Healthcare,Japan,77,0%,0
1771,aetd.,Consumer Discretionary,South Korea,85,-6%,8
8513,ektd.,Materials,Japan,44,1%,3
2797,ionc.,Healthcare,United States,68,-4%,5
1318,eotd.,Industrials,South Korea,54,0%,8
9634,o rp.,Materials,Taiwan,76,-5%,0
1253,ugion,Materials,South Korea,95,1%,8
2964,ennc.,Telecommunication Services,United States,35,-6%,5
8709,hitd.,Materials,Japan,77,0%,4
9760,hiion,Financials,Taiwan,97,2%,1
2122,hitd.,Consumer Discretionary,South Korea,91,-5%,0
9092,icion,Information Technology,Japan,17,7%,6
7653,uoted,Industrials,China,66,-5%,5
9121,. td.,Consumer Discretionary,Japan,42,1%,6
8472,shtd.,Materials,Japan,62,-2%,7
1284,AMtd.,Information Technology,South Korea,23,-1%,8
10042,aitd.,Industrials,Canada,18,-4%,0
160,anLtd,Energy,Australia,52,-4%,0
4468,ebion,Financials,United States,42,8%,8
7906,hitd.,Energy,Hong Kong,22,-7%,8
9678,agion,Information Technology,Taiwan,99,0%,0
8898,hitd.,Energy,Japan,79,2%,0
2363,otplc,Consumer Discretionary,United Kingdom,63,2%,2
9313,yorp.,Information Technology,Japan,8,3%,4
3533,lenc.,Real Estate,United States,33,-4%,2
1817,ISrp.,Materials,South Korea,96,-6%,7
1974,watd.,Healthcare,South Korea,50,-2%,0
3050,ohnc.,Consumer Staples,United States,10,8%,2
194,lm.A.,Healthcare,Spain,41,-6%,1
3323,ented,Consumer Discretionary,United States,68,5%,7
3216,atnc.,Energy,United States,91,2%,8
2060,ontd.,Financials,South Korea,33,-3%,7
1317,ASnc.,Consumer Staples,South Korea,79,-2%,1
2283,NNnc.,Consumer Discretionary,South Korea,22,4%,6
1115,vitd.,Consumer Staples,South Africa,51,-1%,4
1129,inted,Information Technology,South Africa,67,-5%,0
386,ogtd.,Information Technology,Cyprus,5,-4%,6
9179,agtd.,Information Technology,Japan,48,-4%,8
2101,uctd.,Consumer Discretionary,South Korea,14,-8%,2
2050,EStd.,Utilities,South Korea,85,-6%,8
4112,ngion,Materials,United States,34,-8%,5
7673,-Cted,Materials,China,62,-1%,6
9704,vetd.,Information Technology,Taiwan,85,7%,2
3070,ulion,Industrials,United States,4,1%,6
8910,ukrp.,Industrials,Japan,31,-8%,3
45,MCany,Consumer Discretionary,United States,2,-2%,4
1879,antd.,Materials,South Korea,21,-7%,4
8195,amtd.,Consumer Staples,Japan,84,8%,2
3840,aiion,Information Technology,United States,52,6%,2
9423,lptd.,Industrials,Japan,1,-4%,2
3078,HCnc.,Healthcare,United States,63,-6%,4
4495,PXnc.,Energy,United States,76,3%,8
218,eg CV,Consumer Discretionary,Mexico,22,-5%,8
2369,JSard,Healthcare,Russia,10,-7%,1
7980,kytd.,Information Technology,China,88,-3%,3
3760,iaany,Real Estate,United States,54,-1%,5
662,incts,Information Technology,Taiwan,6,1%,5
9262,ujtd.,Materials,Japan,27,0%,3
7778,iatd.,Utilities,Hong Kong,60,-5%,6
4028,12nc.,Consumer Discretionary,United States,71,-1%,1
8551,iptd.,Healthcare,Japan,23,6%,6
10033,ilrp.,Materials,Canada,41,1%,2
3057,imnc.,Information Technology,United States,60,3%,0
804,antd.,Consumer Staples,Japan,15,-6%,1
7881,Gitd.,Information Technology,China,69,5%,4
124,icted,Information Technology,Australia,84,-8%,8
2121,hitd.,Consumer Discretionary,South Korea,37,-5%,7
1845,ayLtd,Consumer Discretionary,South Korea,26,7%,3
2671,adnc.,Healthcare,United States,59,6%,5
8114,.Std.,Industrials,Japan,17,-5%,8
1854,aetd.,Healthcare,South Korea,24,-5%,3
7724,osted,Consumer Discretionary,Hong Kong,88,-7%,7
3027,nnnc.,Materials,United States,35,-7%,5
4205,lanc.,Information Technology,United States,47,1%,7
7096,teted,Consumer Discretionary,Bahamas,61,-4%,0
1926,watd.,Materials,South Korea,10,4%,8
4323,eaion,Industrials,Marshall Islands,5,8%,8
9407,aktd.,Real Estate,Japan,85,8%,7
3593,itted,Information Technology,China,31,-7%,6
8779,ujtd.,Industrials,Japan,55,-1%,7
9795,llrp.,Information Technology,Taiwan,98,-3%,7
8719,odtd.,Materials,Japan,28,6%,8
393,T&aft,Information Technology,Austria,53,0%,4
9885,omnc.,Consumer Discretionary,Taiwan,83,4%,8
3838,or LP,Energy,United States,22,-5%,1
1799,G ion,Materials,South Korea,67,-3%,7
9736,aitd.,Materials,Taiwan,12,8%,7
9687,ccion,Information Technology,Taiwan,86,0%,6
2787,laion,Information Technology,United States,86,-6%,0
2170,alrp.,Consumer Discretionary,South Korea,27,7%,5
3790,alany,Consumer Discretionary,United States,52,2%,7
2168,TCion,Industrials,South Korea,42,8%,2
3018,nfion,Information Technology,United States,65,2%,2
9322,urtd.,Industrials,Japan,61,6%,2
9130,ikion,Consumer Discretionary,Japan,4,6%,6
3488,de.A.,Consumer Staples,Luxembourg,33,-1%,7
4270,aync.,Materials,United States,5,-1%,3
3830,elted,Real Estate,United States,52,2%,4
3660,EAnc.,Energy,United States,15,-6%,5
732,hied.,Utilities,China,71,-6%,0
2273,anrp.,Industrials,South Korea,10,-1%,5
102,liany,Industrials,Jordan,57,1%,0
3641,DIrp.,Industrials,United States,85,-2%,1
6844,asrp.,Utilities,Canada,57,-2%,7
8992,ohtd.,Information Technology,Japan,28,-3%,3
8562,octd.,Healthcare,Japan,6,0%,0
3362,ianc.,Information Technology,United States,44,-1%,2
3198,ernc.,Consumer Discretionary,United States,47,-3%,0
9954,netd.,Energy,Canada,32,5%,2
4195,HHion,Financials,United States,7,-3%,6
768,hmtd.,Industrials,Japan,37,7%,4
3821,venc.,Information Technology,United States,77,0%,1
7752,ratd.,Information Technology,China,25,-8%,5
3991,noion,Information Technology,United States,43,-3%,7
8117,oaion,Industrials,Japan,21,-4%,6
3119,eltd.,Information Technology,Israel,48,-4%,6
4100,ACnc.,Consumer Discretionary,United States,54,-6%,2
9568,ecion,Industrials,Japan,33,7%,4
8621,elnc.,Industrials,Japan,3,-2%,1
4176,renc.,Healthcare,United States,41,4%,6
9753,erion,Industrials,Taiwan,8,0%,3
1387,eotd.,Information Technology,South Korea,65,-1%,5
8883,intd.,Industrials,Japan,95,3%,0
3107,ernc.,Information Technology,Argentina,62,2%,1
2165,yuion,Consumer Discretionary,South Korea,52,1%,2
5368,ianc.,Consumer Staples,United States,48,0%,7
3410,eitd.,Industrials,Japan,42,-1%,2
2838,arnc.,Consumer Discretionary,United States,36,4%,2
3805,P ion,Energy,United States,69,6%,2
9928,annc.,Materials,Canada,84,-6%,0
4341,chnc.,Materials,United States,4,0%,0
7991,uotd.,Utilities,China,3,-3%,8
1948,ontd.,Consumer Discretionary,South Korea,85,-3%,6
1258,artd.,Industrials,South Korea,46,4%,0
9907,lgrp.,Utilities,Canada,27,-4%,8
1889,ebtd.,Consumer Discretionary,South Korea,53,3%,1
2823,ronc.,Healthcare,United States,63,-5%,6
3156,"N,nc.",Industrials,United States,0,6%,7
3549,twnc.,Energy,United States,1,8%,6
1071,T Tbk,Industrials,Indonesia,57,6%,6
1874,ajion,Consumer Staples,South Korea,66,2%,6
9647,union,Materials,Taiwan,71,3%,4
2897,unnc.,Consumer Discretionary,United States,89,-8%,3
9032,hitd.,Information Technology,Japan,78,6%,4
2476,antd.,Materials,United States,77,-2%,7
4369,reion,Materials,United States,92,6%,3
3120,ar.P.,Energy,United States,30,6%,2
3723,abnc.,Information Technology,United States,0,-8%,7
2143,arsco,Consumer Staples,South Korea,11,-1%,1
2022,yutd.,Utilities,South Korea,84,3%,2
1049,eltd.,Consumer Discretionary,Japan,96,-3%,8
3031,mpnc.,Healthcare,United States,0,0%,0
8028,intd.,Industrials,Hong Kong,18,-4%,5
7663,ownc.,Information Technology,China,32,7%,6
10111,an SE,Information Technology,Germany,43,8%,8
3623,abnc.,Consumer Discretionary,United States,10,8%,7
8371,itnc.,Information Technology,Japan,65,-6%,3
8884,hiion,Industrials,Japan,79,-8%,4
8113,ahtd.,Industrials,Japan,46,-6%,2
9272,ojion,Consumer Discretionary,Japan,40,-7%,1
2219,PXtd.,Materials,South Korea,52,-7%,6
9944,onrp.,Healthcare,Canada,54,-4%,7
9551,FCtd.,Consumer Discretionary,Japan,62,8%,4
8020,hatd.,Consumer Staples,China,12,1%,6
8149,iptd.,Industrials,Japan,53,4%,1
9304,sutd.,Industrials,Japan,24,-7%,0
8499,oktd.,Materials,Japan,99,-1%,0
8687,kanc.,Materials,Japan,29,4%,2
9731,mTtd.,Consumer Discretionary,Taiwan,96,-8%,1
8688,istd.,Consumer Discretionary,Japan,12,1%,1
4051,etnc.,Information Technology,United States,23,-3%,8
8557,iktd.,Consumer Staples,Japan,71,2%,8
9988,ntnc.,Materials,Canada,68,-1%,0
9964,xtnc.,Healthcare,Canada,10,4%,3
3539,rcnc.,Energy,United States,55,5%,0
651,anrp.,Information Technology,Taiwan,62,2%,2
248,anões,Industrials,Brazil,36,2%,2
3372,irion,Information Technology,United States,11,2%,5
481,ri SA,Consumer Discretionary,France,19,1%,8
3184,ttion,Utilities,United States,25,-7%,0
2711,heany,Industrials,United States,96,-2%,7
2989,imnc.,Information Technology,Taiwan,68,-6%,4
327,hoted,Consumer Discretionary,India,51,0%,1
272,umted,Industrials,India,82,6%,3
1909,hitd.,Consumer Discretionary,South Korea,41,8%,4
155,ilted,Consumer Discretionary,Australia,35,-3%,4
420,acLLC,Consumer Discretionary,United States,20,-4%,1
8512,kutd.,Materials,Japan,99,4%,6
3126,ornc.,Financials,United States,31,-1%,0
2365,or SE,Materials,United Kingdom,18,1%,7
2338,nQPLC,Energy,United Kingdom,11,2%,3
7661,acted,Consumer Discretionary,Hong Kong,69,0%,0
9721,PIion,Information Technology,Taiwan,28,-3%,8
8017,hetd.,Materials,China,87,-3%,6
9499,oktd.,Utilities,Japan,96,6%,1
1816,AMTD.,Industrials,South Korea,96,-3%,7
9000,nrrp.,Information Technology,Japan,5,-1%,1
9171,IGtd.,Consumer Discretionary,Japan,76,-1%,8
4272,aync.,Real Estate,United States,72,-1%,2
2094,aonc.,Information Technology,South Korea,100,3%,4
114,ilted,Consumer Discretionary,Australia,19,-4%,2
193,dv.A.,Industrials,Spain,99,-6%,4
8824,ujtd.,Industrials,Japan,87,2%,1
3816,thnc.,Consumer Discretionary,United States,59,-6%,2
246,ar.A.,Industrials,Brazil,66,-1%,4
8574,owtd.,Healthcare,Japan,56,-7%,6
9984,ndnc.,Consumer Discretionary,Canada,40,4%,4
331,inted,Information Technology,India,9,-4%,1
9114,altd.,Consumer Discretionary,Japan,80,6%,8
2204,aetd.,Materials,South Korea,23,1%,7
3304,ponc.,Consumer Discretionary,United States,6,-6%,1
7191,autd.,Consumer Discretionary,Taiwan,90,0%,0
3495,lbrp.,Industrials,United States,38,-3%,4
3787,mpnc.,Financials,United States,8,3%,0
4344,un.P.,Materials,United States,23,3%,2
4247,icnc.,Energy,United States,55,1%,6
9164,amrp.,Industrials,Japan,62,8%,8
8051,letd.,Consumer Discretionary,Israel,62,-5%,1
9225,annc.,Information Technology,Japan,29,-8%,6
2061,aetd.,Utilities,South Korea,55,-3%,8
215,ru CV,Industrials,Mexico,30,-2%,4
3663,lonc.,Energy,United States,36,-5%,7
8886,omrp.,Industrials,Japan,29,-6%,8
1065,ihtd.,Information Technology,Japan,95,2%,0
2256,antd.,Healthcare,South Korea,99,-2%,6
3347,binc.,Information Technology,United States,72,1%,0
7834,1 ted,Telecommunication Services,Singapore,64,2%,3
2049,ustd.,Utilities,South Korea,51,-1%,1
2179,aetd.,Healthcare,South Korea,80,-7%,2
8964,satd.,Information Technology,Japan,74,-2%,6
253,mated,Industrials,India,93,-6%,6
4170,ac.A.,Energy,United States,65,8%,1
8328,ipted,Energy,Japan,37,-4%,4
2777,irnc.,Industrials,United States,89,5%,2
8482,aktd.,Materials,Japan,97,-7%,6
3566,irted,Industrials,United States,22,-8%,8
7693,omtd.,Information Technology,Hong Kong,54,0%,4
7639,ritd.,Consumer Discretionary,Hong Kong,94,-5%,6
9613,cltd.,Consumer Discretionary,Taiwan,69,-4%,8
9817,onion,Industrials,Taiwan,92,5%,7
9997,agrp.,Industrials,Canada,73,7%,7
9458,saion,Consumer Discretionary,Japan,63,4%,2
2801,obnc.,Consumer Discretionary,United States,48,-1%,5
2619,airp.,Consumer Staples,United States,78,4%,3
4542,etASA,Energy,Norway,98,1%,7
6302,edInc,Healthcare,United States,46,1%,5
2847,ONion,Healthcare,United States,0,-6%,4
1068,otion,Industrials,Japan,5,-2%,0
1097,.TTbk,Information Technology,Indonesia,87,-7%,1
8909,aktd.,Industrials,Japan,20,-4%,0
2870,SGnc.,Information Technology,United States,4,1%,2
9929,ennc.,Materials,Canada,59,2%,2
8940,intd.,Industrials,Japan,95,1%,3
8864,obtd.,Industrials,Japan,23,6%,6
7633,hetd.,Utilities,Hong Kong,91,7%,6
9849,&Ktd.,Industrials,Taiwan,20,-8%,7
2901,ation,Information Technology,United States,53,-1%,8
7931,iznc.,Consumer Staples,Japan,69,0%,1
7821,MBted,Financials,Thailand,7,-6%,6
9006,amrp.,Information Technology,Japan,34,2%,7
2269,ekLtd,Materials,South Korea,96,-8%,0
188,CS.A.,Consumer Discretionary,Italy,29,-6%,0
9683,actd.,Information Technology,Taiwan,52,6%,7
2879,avnc.,Consumer Discretionary,United States,13,4%,8
1251,ostd.,Information Technology,South Korea,71,-2%,5
1112,llted,Industrials,South Africa,30,-7%,7
81,adnc.,Industrials,United States,78,-3%,8
4033,uxnc.,Information Technology,Switzerland,27,1%,6
8093,ujtd.,Industrials,Japan,6,-7%,4
3196,egnc.,Information Technology,United States,67,-3%,0
2211,yutd.,Consumer Discretionary,South Korea,79,0%,5
8990,ipted,Information Technology,Japan,34,-4%,8
8996,letd.,Information Technology,Japan,36,0%,8
4522,hoted,Telecommunication Services,New Zealand,81,-7%,3
209,V  CV,Consumer Discretionary,Mexico,68,-5%,4
2347,oitan,Financials,Kazakhstan,23,-2%,4
9692,hitd.,Information Technology,Taiwan,52,-1%,7
3269,unted,Information Technology,United States,86,-7%,5
4198,ipies,Financials,United States,74,7%,0
8793,hutd.,Consumer Discretionary,Japan,2,-7%,8
4004,uaion,Materials,United States,82,-6%,8
9023,urtd.,Information Technology,Japan,58,-6%,1
1093,T Tbk,Consumer Discretionary,Indonesia,34,5%,5
9943,antd.,Industrials,Canada,25,8%,6
2737,lkplc,Healthcare,Ireland,1,-8%,5
2274,HNrp.,Information Technology,South Korea,86,4%,7
8155,aitd.,Industrials,Japan,58,-7%,7
3984,EMion,Information Technology,United States,19,7%,4
8160,ibtd.,Industrials,Japan,56,-3%,1
9813,rcion,Information Technology,Taiwan,45,-7%,8
2848,onnc.,Telecommunication Services,United States,65,7%,5
1913,aetd.,Consumer Discretionary,South Korea,80,-8%,1
2235,onion,Materials,South Korea,45,3%,2
3006,ntnc.,Information Technology,United States,55,4%,2
8502,H td.,Materials,Japan,7,5%,4
1429,amLtd,Consumer Discretionary,South Korea,59,-7%,7
3404,ynnc.,Information Technology,United States,48,2%,1
9515,TSrp.,Information Technology,Japan,54,0%,4
9590,hirp.,Materials,Taiwan,35,-5%,3
9908,RCtd.,Energy,Canada,93,1%,6
8281,agLtd,Consumer Staples,Japan,8,-8%,8
9507,chtd.,Industrials,Japan,30,-8%,2
9891,ertd.,Consumer Discretionary,Taiwan,45,8%,6
9128,aitd.,Consumer Discretionary,Japan,55,3%,1
2054,LJtd.,Industrials,South Korea,75,2%,1
8639,nftd.,Information Technology,Japan,78,0%,0
208,xt CV,Telecommunication Services,Mexico,54,1%,7
9564,aktd.,Consumer Discretionary,Japan,78,2%,2
3807,QT LP,Energy,United States,77,-4%,3
8159,satd.,Industrials,Japan,90,-5%,8
8273,agrp.,Consumer Staples,Japan,79,-5%,4
1153,PJBhd,Healthcare,Malaysia,45,1%,6
7949,ie AG,Healthcare,Switzerland,70,4%,8
4336,upnc.,Consumer Discretionary,United States,0,-6%,1
736,asOyj,Industrials,Finland,59,-1%,2
9281,lonc.,Consumer Discretionary,Japan,84,4%,6
4477,ilnc.,Energy,United States,78,2%,7
1145,aktd.,Consumer Discretionary,Pakistan,7,-3%,0
3265,olion,Industrials,United States,73,-8%,3
4240,PCnc.,Energy,United States,60,-4%,3
8119,aktd.,Industrials,Japan,33,-1%,3
4218,urnc.,Information Technology,United States,58,-2%,8
9168,aptd.,Consumer Discretionary,Japan,71,-6%,7
8988,IZion,Information Technology,Japan,37,0%,6
366,ayPLC,Industrials,Sri Lanka,21,-5%,6
8768,orion,Consumer Discretionary,Japan,39,-3%,1
3738,ignc.,Industrials,United States,30,4%,3
3030,nnnc.,Materials,United States,65,-2%,1
577,DAtd.,Information Technology,Taiwan,1,2%,7
2275,horp.,Healthcare,South Korea,19,-5%,2
1857,eutd.,Industrials,South Korea,57,1%,1
9794,inrp.,Information Technology,Taiwan,79,2%,8
3670,anrp.,Healthcare,United States,94,-1%,1
8914,oron.,Industrials,Japan,1,-1%,6
2132,eotem,Consumer Discretionary,South Korea,36,-7%,0
7658,uated,Information Technology,China,27,2%,4
4111,atnc.,Consumer Staples,United States,50,4%,0
8650,anrp.,Consumer Staples,Japan,14,-6%,8
7827,yfLtd,Utilities,Singapore,74,5%,8
4054,isnc.,Industrials,United States,14,3%,7
3860,reion,Financials,United States,64,5%,4
7871,eitd.,Information Technology,China,30,8%,4
1577,artd.,Information Technology,South Korea,25,4%,6
5927,REc.),Consumer Discretionary,Japan,77,-1%,1
505,ue SA,Healthcare,France,54,-5%,6
9682,-Lion,Information Technology,Taiwan,72,4%,7
9419,ERtd.,Industrials,Japan,18,-6%,4
2475,utnc.,Industrials,United States,34,8%,0
8409,oktd.,Materials,Japan,60,2%,7
2029,AEtd.,Materials,South Korea,10,1%,5
7641,hitd.,Consumer Staples,China,42,7%,1
4338,tiany,Materials,United States,6,4%,6
1117,omted,Consumer Discretionary,South Africa,68,6%,3
9570,ENtd.,Information Technology,Japan,35,-2%,8
3383,ebnc.,Information Technology,United States,19,-7%,0
1673,ARION,Consumer Staples,South Korea,19,6%,3
4040,anplc,Consumer Discretionary,United Kingdom,9,-4%,6
3851,edion,Industrials,United States,49,3%,2
10024,ocnc.,Industrials,Canada,91,-6%,7
3045,AKnc.,Consumer Discretionary,United States,6,8%,1
6090,inte),Consumer Discretionary,Japan,17,-1%,0
1893,antd.,Information Technology,South Korea,80,4%,1
7788,OCted,Industrials,Hong Kong,24,-2%,0
9715,satd.,Consumer Discretionary,Taiwan,85,-8%,8
9854,lotd.,Information Technology,Taiwan,31,6%,8
9818,niion,Information Technology,Taiwan,0,4%,0
438,at.C.,Industrials,Qatar,87,-8%,8
394,io AG,Healthcare,Germany,87,8%,2
8972,elnc.,Information Technology,Japan,6,-8%,3
5662,uatd.,Industrials,China,75,-3%,8
3287,ilnc.,Information Technology,United States,100,-4%,2
4319,tonc.,Consumer Discretionary,United States,6,1%,5
2877,itnc.,Consumer Discretionary,United States,61,4%,8
4411,ETnc.,Energy,United States,67,7%,7
3099,asion,Healthcare,United States,61,-4%,0
2166,OStd.,Materials,South Korea,46,0%,6
9773,enion,Information Technology,Taiwan,62,1%,3
2322,TGplc,Healthcare,United Kingdom,47,-1%,0
2234,aitd.,Consumer Staples,South Korea,92,-6%,8
3375,SEion,Industrials,United States,72,5%,8
9614,aktd.,Consumer Discretionary,Taiwan,70,-5%,1
3391,ri.V.,Healthcare,Netherlands,94,8%,4
3308,tenc.,Industrials,United States,40,-4%,2
9724,ranc.,Information Technology,Taiwan,91,-4%,4
4095,agion,Information Technology,Luxembourg,1,-2%,3
8943,antd.,Industrials,Japan,46,-6%,8
8917,ikion,Consumer Discretionary,Japan,23,-8%,3
9842,OPtd.,Information Technology,Taiwan,59,3%,5
8124,eitd.,Industrials,Japan,18,8%,6
2202,ootd.,Industrials,South Korea,40,8%,1
9361,ectd.,Industrials,Japan,54,-5%,1
1072,erTbk,Materials,Indonesia,60,-3%,8
9072,DKion,Information Technology,Japan,52,1%,6
2304,ez.P.,Consumer Staples,Kuwait,14,5%,0
10010,ewnc.,Materials,Canada,45,-2%,7
9377,hetd.,Financials,Japan,40,7%,8
8599,aited,Materials,Japan,83,7%,0
2255,aetd.,Consumer Discretionary,South Korea,19,-5%,7
9800,lpnc.,Information Technology,Taiwan,19,0%,0
8509,aktd.,Materials,Japan,53,1%,6
9880,aitd.,Information Technology,Taiwan,23,8%,4
9240,untd.,Consumer Discretionary,Japan,41,-6%,6
3799,nonc.,Financials,United States,77,2%,2
9073,MKion,Information Technology,Japan,46,-5%,2
8070,ohion,Consumer Staples,Japan,27,-8%,2
8316,astd.,Information Technology,Japan,72,-3%,6
7819,ynted,Information Technology,Thailand,13,-7%,1
1786,ontd.,Information Technology,South Korea,48,6%,5
8150,DStd.,Industrials,Japan,96,-6%,7
984,erion,Information Technology,Japan,76,-4%,7
9517,aptd.,Information Technology,Japan,46,1%,6
3131,artd.,Industrials,United States,7,3%,8
2883,ovnc.,Industrials,United States,16,8%,7
5371,igted,Telecommunication Services,Bermuda,10,-2%,5
8138,onion,Industrials,Japan,38,-3%,1
3067,ranc.,Industrials,United States,3,-2%,1
3063,ulnc.,Information Technology,Singapore,5,2%,7
8569,istd.,Healthcare,Japan,8,7%,7
1201,ontd.,Materials,South Korea,63,-8%,8
3005,ntnc.,Information Technology,United States,61,8%,5
3640,oenc.,Materials,United States,52,-5%,1
8993,ocion,Information Technology,Japan,100,-2%,1
9348,OSnc.,Consumer Discretionary,Japan,61,-4%,8
4007,annc.,Healthcare,United States,82,2%,6
2192,TXtd.,Industrials,South Korea,5,6%,3
4243,tunc.,Consumer Discretionary,United States,6,-6%,8
4163,rmnc.,Utilities,United States,20,1%,5
2880,omnc.,Industrials,United States,36,0%,7
3033,Roion,Consumer Discretionary,United States,78,-8%,8
443,SM NV,Information Technology,Netherlands,24,-5%,2
4166,venc.,Energy,United States,20,5%,1
2337,leplc,Materials,United Kingdom,29,3%,4
4565,hu AB,Consumer Discretionary,Sweden,29,-3%,3
2276,osnc.,Consumer Staples,South Korea,24,-7%,0
3036,ntion,Consumer Discretionary,United States,29,2%,3
9947,etion,Materials,Canada,24,-3%,4
1200,ontd.,Materials,South Korea,47,-7%,3
9185,imtd.,Consumer Discretionary,Japan,94,-8%,7
2819,BOnc.,Financials,United States,58,-5%,6
8287,ENtd.,Consumer Staples,Japan,44,-4%,8
4256,ogion,Information Technology,United States,53,-3%,5
3379,eiion,Information Technology,China,42,2%,6
3430,ictd.,Industrials,Japan,40,-5%,3
318,rated,Information Technology,India,7,-1%,0
9653,entd.,Materials,Taiwan,35,6%,2
1773,AOtd.,Industrials,South Korea,44,1%,8
7966,PTtd.,Information Technology,China,79,-2%,0
2148,iwtd.,Financials,South Korea,81,-1%,6
3349,ninc.,Consumer Discretionary,United States,90,-7%,8
3514,menc.,Industrials,United States,52,-8%,1
7178,ALed),Industrials,United States,64,-6%,1
3325,iVion,Information Technology,United States,92,-4%,4
4535,W ted,Energy,Bermuda,99,1%,3
4145,asnc.,Energy,United States,11,0%,6
1959,aetd.,Information Technology,South Korea,4,-1%,3
254,luted,Industrials,India,16,-2%,5
4749,ouLtd,Utilities,Singapore,44,6%,3
8216,PTnc.,Consumer Discretionary,Japan,32,7%,3
3914,ecany,Materials,United States,54,5%,3
8126,istd.,Consumer Discretionary,Japan,53,6%,8
2045,NItd.,Materials,South Korea,65,-1%,0
9615,hirp.,Industrials,Taiwan,2,-1%,5
4526,kytd.,Consumer Discretionary,New Zealand,82,-3%,7
8142,oknc.,Industrials,Japan,53,0%,7
8056,attd.,Information Technology,Israel,65,7%,4
9500,IRtd.,Utilities,Japan,46,2%,2
2247,aetd.,Utilities,South Korea,4,4%,2
2197,yuted,Consumer Discretionary,South Korea,25,-2%,1
378,N A/S,Healthcare,Denmark,97,6%,7
2764,menc.,Industrials,United States,73,-5%,2
9543,entd.,Industrials,Japan,40,-3%,6
8694,ihtd.,Materials,Japan,13,-2%,0
2882,omnc.,Information Technology,United States,3,2%,3
2727,DTnc.,Information Technology,United States,44,-4%,1
7614,epnc.,Consumer Staples,Philippines,75,-7%,3
1330,imtd.,Information Technology,South Korea,17,-6%,5
1223,aetd.,Consumer Discretionary,South Korea,48,-8%,2
6712,T Tbk,Consumer Discretionary,Indonesia,69,3%,8
1775,ontd.,Healthcare,South Korea,66,-7%,8
2776,stion,Industrials,United States,28,7%,3
2962,ornc.,Consumer Discretionary,United States,13,8%,2
1842,hinc.,Industrials,South Korea,49,-6%,7
3448,noted,Industrials,India,99,-4%,2
2864,ranc.,Information Technology,United States,98,6%,8
1333,outd.,Materials,South Korea,52,6%,6
2032,Y ion,Industrials,South Korea,2,5%,5
7767,onted,Consumer Staples,Hong Kong,99,-7%,0
10108,DV SE,Information Technology,Germany,60,-3%,2
9183,akion,Information Technology,Japan,51,6%,6
9875,rirp.,Information Technology,Taiwan,15,8%,2
7758,K nc.,Healthcare,Hong Kong,81,-5%,0
9722,inTD.,Information Technology,Taiwan,68,3%,3
4531,kaASA,Energy,Norway,92,-3%,8
2212,ejtd.,Industrials,South Korea,53,5%,6
4361,idnc.,Energy,United States,1,-7%,2
2731,lmnc.,Healthcare,United States,28,5%,4
10059,elted,Consumer Discretionary,Canada,77,-5%,0
9706,igion,Information Technology,Taiwan,69,-4%,3
8508,ekion,Industrials,Japan,73,-8%,5
2104,ortd.,Industrials,South Korea,27,2%,8
3912,ilnc.,Industrials,United States,61,-5%,3
1488,ution,Industrials,South Korea,40,7%,6
9946,omion,Materials,Canada,44,6%,4
8629,SStd.,Consumer Discretionary,Japan,91,5%,8
240,re/a.,Consumer Discretionary,Brazil,81,1%,8
10037,tunc.,Industrials,Canada,71,5%,4
9410,aprp.,Real Estate,Japan,2,-2%,7
3246,BCted,Industrials,United States,29,-6%,8
7885,uxtd.,Information Technology,China,68,-4%,1
2082,ANrp.,Consumer Discretionary,South Korea,64,2%,3
8100,udion,Industrials,Japan,84,4%,0
8913,axtd.,Industrials,Japan,52,-3%,7
10039,ienc.,Information Technology,Canada,25,0%,5
9253,ootd.,Materials,Japan,11,1%,3
3781,heany,Utilities,United States,55,7%,5
9156,urion,Consumer Discretionary,Japan,79,4%,3
9079,itnc.,Information Technology,Japan,22,0%,1
1944,ajted,Consumer Staples,South Korea,96,4%,6
9968,raion,Materials,Canada,59,-8%,4
8329,ronc.,Consumer Discretionary,Japan,66,7%,4
9432,artd.,Industrials,Japan,77,5%,6
4561,we AB,Healthcare,Sweden,12,-6%,1
4795,ratd.,Industrials,Palestinian Authority,31,4%,5
7936,ms AG,Information Technology,Austria,16,-4%,7
7686,egted,Consumer Discretionary,Hong Kong,71,-8%,6
9604,aitd.,Consumer Discretionary,Taiwan,59,-8%,0
9239,idtd.,Industrials,Japan,6,6%,0
9017,MKion,Information Technology,Japan,92,2%,6
9087,utrp.,Industrials,Japan,53,-1%,8
7861,haLtd,Energy,China,15,-7%,0
9378,hetd.,Financials,Japan,55,7%,0
4365,al LP,Energy,United States,29,7%,4
3096,annc.,Information Technology,United States,35,0%,3
9113,MBion,Consumer Discretionary,Japan,9,-6%,1
3121,ernc.,Healthcare,United States,23,-8%,6
3162,utnc.,Information Technology,United States,7,3%,1
2818,avnc.,Information Technology,United States,18,5%,8
279,olted,Consumer Staples,India,93,1%,4
4432,niion,Energy,United States,12,7%,0
10021,ertd.,Consumer Discretionary,United States,38,8%,5
8259,ieion,Consumer Discretionary,Japan,2,3%,1
1768,ORtd.,Materials,South Korea,69,-5%,7
7978,uhtd.,Consumer Discretionary,China,35,-8%,6
2806,ronc.,Information Technology,United States,60,1%,0
8603,ujtd.,Materials,Japan,90,8%,2
260,CLted,Information Technology,India,62,8%,0
4249,raLLC,Energy,United Kingdom,75,-5%,8
3292,ynnc.,Information Technology,United States,77,2%,2
9338,antd.,Consumer Discretionary,Japan,54,-5%,5
3015,hiNC.,Information Technology,Taiwan,12,6%,7
2228,W ion,Healthcare,South Korea,27,-2%,1
9276,ittd.,Industrials,Japan,84,3%,3
4026,arnc.,Energy,United States,34,-6%,6
8577,ertd.,Healthcare,Japan,61,-6%,1
2966,ognc.,Information Technology,United States,7,-4%,4
1901,unLtd,Materials,South Korea,46,7%,6
3425,K td.,Materials,Japan,21,-1%,8
8702,ittd.,Materials,Japan,26,-8%,2
3662,or NV,Energy,Netherlands,13,-7%,4
8791,ionc.,Consumer Discretionary,Japan,28,3%,1
1312,Gitd.,Information Technology,South Korea,79,4%,3
3074,ifnc.,Consumer Discretionary,United States,0,5%,6
4588,ccnc.,Healthcare,United States,100,1%,3
4723,arplc,Energy,United States,65,2%,0
3297,panc.,Consumer Discretionary,United States,13,-6%,0
365,iaPlc,Telecommunication Services,Sri Lanka,59,0%,7
3295,onrp.,Consumer Discretionary,United States,95,-3%,0
1144,aktd.,Energy,Pakistan,98,7%,3
3785,neion,Energy,United States,35,7%,5
2199,AJion,Consumer Staples,South Korea,96,-8%,5
6402,uld.),Information Technology,United States,37,2%,0
9250,odion,Industrials,Japan,18,-1%,3
1274,artd.,Consumer Staples,South Korea,16,-1%,0
8784,katd.,Industrials,Japan,41,-1%,7
3055,amtd.,Financials,Bermuda,95,-3%,3
8238,eync.,Consumer Staples,Japan,66,7%,2
3507,nt LP,Energy,United States,83,8%,0
4492,NStd.,Information Technology,India,71,3%,1
793,ohion,Consumer Discretionary,Japan,11,2%,8
3812,SCnc.,Industrials,United States,8,-6%,7
3490,rgnc.,Industrials,United States,71,2%,1
9694,oltd.,Information Technology,Taiwan,86,0%,0
10011,orund,Materials,Canada,30,2%,8
1498,elnc.,Healthcare,South Korea,97,6%,1
9855,arrp.,Information Technology,Taiwan,96,5%,3
2080,eAtd.,Materials,South Korea,9,1%,5
8206,MItd.,Healthcare,Japan,44,-2%,6
9998,annc.,Telecommunication Services,Canada,61,-2%,1
2271,ortd.,Consumer Staples,South Korea,76,-2%,1
8368,renc.,Information Technology,Japan,49,-6%,8
3140,ACnc.,Information Technology,United States,34,6%,3
1968,antd.,Healthcare,South Korea,40,-2%,7
2163,T td.,Consumer Discretionary,South Korea,17,0%,1
4259,etnc.,Real Estate,United States,34,-6%,3
3139,TSion,Information Technology,United States,36,7%,8
9853,rotd.,Information Technology,Taiwan,33,-1%,2
8563,ustd.,Healthcare,Japan,64,-8%,5
4165,rinc.,Industrials,United States,54,5%,8
3798,nvnc.,Information Technology,United States,18,-1%,7
8811,NEtd.,Utilities,Japan,22,-1%,6
309,atted,Consumer Staples,India,37,7%,7
2239,isrp.,Materials,South Korea,68,5%,8
290,shted,Materials,India,83,4%,4
4151,orust,Real Estate,United States,4,-8%,4
7608,ennc.,Consumer Staples,Philippines,23,5%,4
1890,yutd.,Materials,South Korea,8,-8%,4
2903,exnc.,Healthcare,United States,26,0%,7
9847,anion,Information Technology,Taiwan,78,1%,1
809,UZLtd,Consumer Staples,Japan,15,6%,4
2751,lbnc.,Healthcare,United States,11,3%,5
1320,THtd.,Information Technology,South Korea,31,2%,2
7695,hutd.,Industrials,Hong Kong,48,-6%,2
9326,antd.,Information Technology,Japan,42,-1%,1
4385,ilnc.,Consumer Discretionary,United States,22,4%,7
1823,anLtd,Materials,South Korea,39,-1%,8
3249,eanc.,Information Technology,United States,29,8%,4
4008,ydnc.,Industrials,United States,39,-4%,8
9255,ontd.,Consumer Discretionary,Japan,4,-5%,4
7735,elted,Consumer Discretionary,Hong Kong,69,6%,7
8101,aitd.,Industrials,Japan,26,-6%,3
1884,ebtd.,Industrials,South Korea,61,-3%,6
2175,J td.,Industrials,South Korea,15,3%,5
9894,attd.,Consumer Discretionary,Taiwan,86,7%,5
9043,egion,Information Technology,Japan,47,7%,3
2102,PXLtd,Materials,South Korea,44,5%,3
328,DFted,Financials,India,49,3%,5
3348,ltnc.,Information Technology,United States,12,3%,2
2761,rc.P.,Energy,United States,92,-6%,6
4680,DKtd.,Information Technology,China,5,-6%,2
2261,untd.,Consumer Staples,South Korea,85,-4%,4
324,trted,Healthcare,India,2,-1%,4
2227,ootd.,Consumer Discretionary,South Korea,50,2%,8
9770,sinc.,Information Technology,Taiwan,15,7%,0
4296,.Snc.,Energy,United States,24,-5%,2
9134,niion,Consumer Discretionary,Japan,93,0%,2
263,hited,Consumer Discretionary,India,83,7%,7
5519,verp.,Industrials,Taiwan,66,-5%,1
8572,ortd.,Healthcare,Japan,56,-6%,5
337,utted,Consumer Discretionary,India,72,7%,8
8283,ujtd.,Consumer Staples,Japan,7,3%,3
8322,antd.,Industrials,Japan,33,3%,4
3080,ionc.,Information Technology,United States,74,-1%,5
171,yb.L.,Financials,Lebanon,54,2%,4
3284,ilrp.,Information Technology,Taiwan,100,7%,0
829,uhtd.,Information Technology,Japan,57,0%,1
2647,annc.,Energy,United States,78,-3%,1
4644,netd.,Energy,Bermuda,19,-2%,0
9226,amtd.,Consumer Discretionary,Japan,36,-2%,4
10117,en AG,Information Technology,Germany,12,1%,8
4073,ovnc.,Consumer Discretionary,United States,17,-7%,7
9679,anrp.,Information Technology,Taiwan,93,4%,4
1824,sitd.,Materials,South Korea,37,8%,2
2845,omrp.,Information Technology,United States,12,0%,8
3728,ucted,Industrials,United States,53,5%,2
1078,T Tbk,Energy,Indonesia,39,-1%,8
8335,eiTD.,Industrials,Japan,44,3%,8
4500,eiors,Real Estate,United States,43,1%,8
7995,hetd.,Materials,China,21,-8%,0
7893,antd.,Information Technology,China,1,-7%,7
4345,ou.P.,Energy,United States,90,7%,0
1,hiJSC,Consumer Staples,United Arab Emirates,90,8%,1
8669,umtd.,Materials,Japan,27,-4%,1
1808,ontd.,Consumer Discretionary,South Korea,27,2%,1
9286,crion,Consumer Discretionary,Japan,13,7%,3
392,ln AG,Consumer Discretionary,Germany,66,4%,5
2968,ulrp.,Energy,United States,1,-5%,4
2715,ceion,Healthcare,United States,88,0%,0
3366,1Vnc.,Information Technology,China,23,-3%,6
3164,utnc.,Consumer Discretionary,United States,22,3%,7
8169,iptd.,Consumer Staples,Japan,53,-6%,0
3290,emion,Information Technology,United States,68,6%,1
4047,heion,Consumer Discretionary,United States,79,-2%,4
2095,NZtd.,Consumer Discretionary,South Korea,38,-3%,1
231,RB.A.,Financials,Brazil,9,2%,8
9583,TEion,Consumer Staples,Taiwan,55,6%,6
8797,aitd.,Industrials,Japan,3,3%,6
8850,hitd.,Industrials,Japan,26,4%,2
8030,iftd.,Industrials,China,32,2%,7
3037,ntion,Information Technology,United States,81,-5%,4
1031,hutd.,Materials,Japan,32,-1%,4
8737,iptd.,Materials,Japan,86,-6%,6
1835,eitd.,Healthcare,South Korea,91,3%,0
4077,ednc.,Real Estate,United States,63,5%,4
3762,rinc.,Energy,United States,17,-6%,2
2931,arCo.,Consumer Staples,United States,65,0%,1
961,NKion,Consumer Discretionary,Japan,20,7%,7
9046,iatd.,Consumer Discretionary,Japan,5,7%,1
8664,exion,Information Technology,Japan,76,1%,6
1343,ONion,Materials,South Korea,8,-5%,8
3275,heCo.,Telecommunication Services,United States,9,5%,8
2929,xtnc.,Information Technology,United States,27,4%,8
9651,hitd.,Industrials,Taiwan,15,5%,7
1881,orion,Industrials,South Korea,92,-6%,5
3089,anion,Consumer Staples,United States,95,-8%,7
7002,ilny),Information Technology,United States,64,7%,3
9811,antd.,Information Technology,Taiwan,29,-7%,1
9444,hetd.,Industrials,Japan,69,1%,1
2741,MAnc.,Healthcare,United States,82,7%,4
1627,iltd.,Information Technology,South Korea,88,-7%,3
6066,autd.,Consumer Discretionary,Taiwan,75,-4%,1
247,os.A.,Information Technology,Brazil,37,-4%,1
779,ipion,Industrials,Japan,10,6%,3
5306,aetd.,Materials,South Korea,37,7%,4
9939,aprp.,Materials,Canada,9,6%,6
2855,yrnc.,Real Estate,United States,61,-3%,3
3318,ioion,Healthcare,United States,73,-3%,6
166,et.A.,Utilities,Argentina,18,1%,8
1897,RBtd.,Consumer Discretionary,South Korea,35,2%,3
2930,ianc.,Energy,United States,4,-5%,0
2362,arplc,Materials,United Kingdom,88,-6%,3
1741,hited,Consumer Discretionary,China,43,6%,5
2037,umtd.,Materials,South Korea,66,0%,6
4389,eetd.,Energy,Bermuda,25,-6%,7
2886,hated,Information Technology,China,89,-1%,4
3322,ESted,Information Technology,United States,49,0%,6
7815,iSted,Information Technology,Thailand,14,-2%,0
3231,renc.,Industrials,United States,24,5%,0
4328,conc.,Energy,Monaco,58,7%,4
9649,hutd.,Materials,Taiwan,25,-2%,8
4606,re LP,Energy,United States,71,-1%,0
1981,ootd.,Materials,South Korea,38,-6%,5
2178,ucion,Materials,South Korea,83,-6%,8
101,raPLC,Materials,Jordan,12,-4%,3
10127,&T AG,Information Technology,Austria,42,4%,5
9961,neion,Energy,Canada,1,-5%,7
4397,oonc.,Consumer Staples,United States,9,-5%,3
3028,ntnc.,Consumer Staples,United States,98,0%,6
2834,ogion,Information Technology,United States,25,-7%,1
8726,satd.,Materials,Japan,94,0%,5
2147,annc.,Consumer Discretionary,South Korea,42,4%,7
2719,conc.,Healthcare,United States,74,7%,6
3320,ernc.,Utilities,United States,81,5%,4
8071,antd.,Consumer Staples,Japan,71,4%,2
2739,naion,Healthcare,United States,14,-1%,7
1793,ugtd.,Financials,South Korea,43,7%,2
7869,artd.,Consumer Discretionary,China,65,0%,2
8015,hetd.,Consumer Discretionary,China,0,-4%,0
3172,clnc.,Information Technology,United States,33,4%,7
8519,PSnc.,Healthcare,Japan,85,3%,1
4617,alInc,Energy,United States,74,-3%,8
7729,utted,Information Technology,China,19,-8%,4
3736,uPnc.,Real Estate,United States,10,4%,0
9379,hetd.,Financials,Japan,66,-2%,8
9058,watd.,Industrials,Japan,37,0%,1
7689,amtd.,Consumer Discretionary,Hong Kong,74,7%,8
1996,yutd.,Consumer Discretionary,South Korea,59,1%,6
9477,entd.,Consumer Discretionary,Japan,30,-5%,2
2184,TXtd.,Industrials,South Korea,18,-3%,8
10098,omjna,Consumer Discretionary,Poland,59,3%,2
9588,aited,Materials,Taiwan,91,-3%,7
3135,icted,Information Technology,United States,15,-1%,8
9680,ritd.,Information Technology,Taiwan,36,8%,5
7757,olted,Information Technology,Hong Kong,14,5%,3
1772,aetd.,Industrials,South Korea,53,7%,0
9180,s rp.,Healthcare,Japan,93,-2%,2
8872,ittd.,Industrials,Japan,88,-2%,1
749,re.S.,Information Technology,Turkey,61,-2%,7
1923,onion,Industrials,South Korea,55,-4%,8
2714,rcnc.,Consumer Discretionary,United States,79,-1%,6
9857,ysion,Information Technology,Taiwan,6,8%,4
9895,aitd.,Materials,Taiwan,1,6%,5
9259,osted,Industrials,Japan,36,0%,3
4023,inion,Industrials,United States,73,-3%,2
463,el NV,Information Technology,Belgium,11,-1%,6
4227,uaion,Information Technology,United States,85,2%,4
3411,-Cion,Industrials,Japan,63,-7%,2
345,an.A.,Financials,Colombia,95,-7%,8
9658,iwrp.,Industrials,Taiwan,97,4%,5
370,riPLC,Telecommunication Services,Sri Lanka,47,-3%,2
7880,uiLtd,Consumer Discretionary,China,26,2%,6
9530,SDtd.,Information Technology,Japan,81,-2%,1
1878,ontd.,Industrials,South Korea,65,2%,2
156,ittd.,Consumer Discretionary,Australia,81,-4%,7
2997,eanc.,Healthcare,United States,85,1%,3
9710,nitd.,Information Technology,Taiwan,9,-5%,2
9633,riion,Materials,Taiwan,76,-1%,5
2794,elnc.,Information Technology,United States,60,5%,0
338,op AD,Healthcare,Bulgaria,82,2%,6
9807,inion,Information Technology,Taiwan,56,-5%,0
3720,anion,Industrials,Greece,74,-5%,8
9375,hetd.,Financials,Japan,64,-1%,2
4370,exted,Industrials,Bermuda,71,-7%,3
778,T td.,Information Technology,Japan,24,1%,4
9665,SBwan,Industrials,Taiwan,97,7%,7
502,ur.V.,Financials,Netherlands,88,-7%,6
8137,iptd.,Industrials,Japan,45,-3%,5
10036,ilnc.,Materials,Canada,27,8%,5
7624,auion,Healthcare,Saudi Arabia,70,-6%,7
9620,YCtd.,Consumer Discretionary,Taiwan,14,3%,7
3887,P ion,Industrials,United States,6,-8%,3
3267,olnc.,Information Technology,Israel,9,2%,1
9044,yoted,Information Technology,Japan,58,-6%,1
9165,TOion,Consumer Discretionary,Japan,24,8%,4
3634,amion,Healthcare,United States,52,1%,1
1493,VHnc.,Consumer Discretionary,South Korea,29,2%,6
3917,elnc.,Energy,United States,75,-7%,4
8278,ihtd.,Consumer Staples,Japan,37,0%,6
2462,lonc.,Consumer Discretionary,United States,27,3%,5
8626,ACion,Information Technology,Japan,91,7%,1
8610,annc.,Industrials,Japan,28,-3%,4
660,ofrp.,Information Technology,Taiwan,18,4%,0
2217,AEion,Consumer Discretionary,South Korea,91,-3%,0
2730,dvnc.,Information Technology,United States,23,-3%,5
9660,hiion,Materials,Taiwan,0,-3%,3
1953,sutd.,Information Technology,South Korea,98,-5%,1
2326,imPLC,Consumer Discretionary,United Kingdom,89,-1%,8
4390,sated,Energy,Greece,55,-3%,5
8072,hotd.,Industrials,Japan,29,6%,1
9083,yotd.,Information Technology,Japan,0,2%,5
3806,PRies,Real Estate,United States,24,2%,6
815,iton.,Consumer Staples,Japan,40,3%,1
1861,antd.,Utilities,South Korea,21,-1%,6
7829,ccust,Consumer Discretionary,Singapore,10,-4%,8
4400,renc.,Industrials,United States,0,3%,5
8653,oetd.,Consumer Staples,Japan,92,1%,7
2941,lenc.,Consumer Discretionary,United States,73,7%,6
9769,SPnc.,Industrials,Taiwan,46,-6%,0
2717,canc.,Information Technology,United States,89,5%,3
2634,eyion,Information Technology,United States,35,7%,5
7907,hotd.,Information Technology,China,8,-6%,7
2907,S nc.,Industrials,United States,52,6%,8
3192,DCnc.,Energy,United States,75,1%,7
1437,dvion,Information Technology,South Korea,85,5%,7
8540,KStd.,Materials,Japan,14,-7%,5
8271,banc.,Consumer Staples,Japan,71,-2%,5
9102,anion,Industrials,Japan,87,-5%,1
3658,in LP,Materials,United States,46,7%,5
1955,ortd.,Information Technology,South Korea,14,0%,0
1390,owtd.,Information Technology,South Korea,49,-4%,6
8284,octd.,Consumer Staples,Japan,45,1%,0
3955,umnc.,Real Estate,United States,56,6%,4
1283,ontd.,Information Technology,South Korea,6,0%,6
4355,C  LP,Energy,United States,48,-2%,6
9374,hetd.,Financials,Japan,88,-2%,6
9443,asion,Industrials,Japan,84,-8%,8
9529,YOion,Industrials,Japan,72,-2%,4
1257,TLtd.,Consumer Discretionary,South Korea,91,0%,3
8081,ittd.,Industrials,Japan,40,-8%,5
8994,I td.,Industrials,Japan,72,4%,5
9750,hatd.,Consumer Discretionary,Taiwan,93,-7%,1
2162,EPnc.,Industrials,South Korea,36,-7%,1
2346,MSplc,Industrials,Russia,70,2%,1
250,mi.A.,Consumer Discretionary,Brazil,1,6%,6
9365,orion,Information Technology,Japan,99,-4%,7
3359,idted,Consumer Discretionary,India,65,-8%,2
3211,ernc.,Information Technology,United States,22,1%,6
3673,osnc.,Industrials,Monaco,78,-1%,6
7766,ewtd.,Consumer Discretionary,Hong Kong,43,4%,1
1224,ontd.,Real Estate,South Korea,45,6%,7
3874,astd.,Energy,Monaco,89,-8%,2
10058,xcted,Industrials,Canada,6,-5%,5
3934,erust,Real Estate,United States,75,-8%,4
7809,okted,Industrials,Thailand,41,-4%,1
10118,on AG,Information Technology,Germany,62,4%,2
3203,honc.,Information Technology,United States,54,2%,6
10043,honc.,Materials,United States,81,-5%,3
601,igrp.,Information Technology,Taiwan,68,0%,4
6733,Loc.),Information Technology,United States,55,8%,5
3635,onnc.,Industrials,United States,59,-3%,7
8355,shtd.,Consumer Discretionary,Japan,54,-3%,6
1102,T Tbk,Industrials,Indonesia,51,4%,0
8769,SJion,Industrials,Japan,43,-4%,1
3629,alnc.,Information Technology,United States,19,0%,0
2662,GTnc.,Industrials,United States,4,-1%,6
9921,ayrp.,Energy,Canada,9,8%,3
4182,arnc.,Energy,United States,36,0%,6
2176,G td.,Healthcare,South Korea,98,2%,0
8166,ittd.,Consumer Staples,Japan,43,-4%,1
8173,istd.,Consumer Staples,Japan,87,6%,3
2774,TNnc.,Telecommunication Services,United States,72,4%,6
1036,anion,Consumer Discretionary,Japan,95,-8%,7
9735,attd.,Real Estate,Taiwan,21,-4%,7
267,hetd.,Industrials,India,9,-1%,6
8627,ofrp.,Information Technology,Japan,58,-6%,8
8302,i ion,Information Technology,Japan,85,7%,1
2789,lunc.,Information Technology,United States,89,-1%,8
2890,epnc.,Healthcare,United States,54,5%,8
7768,iated,Industrials,China,13,7%,2
2463,mpnc.,Industrials,United States,53,4%,3
9739,inrp.,Real Estate,Taiwan,96,6%,7
3253,unnc.,Industrials,United States,91,7%,0
2821,abion,Information Technology,United States,5,1%,3
9830,emtd.,Information Technology,Taiwan,74,-7%,3
8944,entd.,Industrials,Japan,99,-4%,1
1082,T Tbk,Materials,Indonesia,97,1%,5
7664,inted,Consumer Discretionary,Hong Kong,82,3%,2
2904,esnc.,Consumer Discretionary,United States,31,2%,7
8760,attd.,Industrials,Japan,52,-2%,0
7626,abany,Real Estate,Saudi Arabia,100,2%,7
1138,oicom,Telecommunication Services,Kazakhstan,36,1%,1
9380,hetd.,Financials,Japan,25,4%,2
527,IIyme,Information Technology,France,87,8%,1
3744,el LP,Energy,United States,96,-2%,2
8136,eitd.,Industrials,Japan,76,3%,6
371,LKA/S,Healthcare,Denmark,76,1%,1
1272,onnc.,Consumer Staples,South Korea,65,7%,3
8981,ujted,Industrials,Japan,76,-6%,6
9052,ewtd.,Information Technology,Japan,67,-7%,8
9451,toion,Industrials,Japan,98,-1%,6
2136,nctd.,Utilities,South Korea,81,-4%,4
9381,heted,Financials,Japan,85,-3%,7
8657,. td.,Materials,Japan,99,3%,1
9696,urion,Information Technology,Taiwan,95,-4%,8
8177,cctd.,Consumer Discretionary,Japan,15,3%,7
2310,auplc,Consumer Discretionary,United Kingdom,9,-7%,1
8640,ignc.,Information Technology,Japan,57,-4%,7
8608,&Ktd.,Materials,Japan,49,3%,6
1832,watd.,Industrials,South Korea,25,-6%,1
2963,olhip,Energy,Bermuda,86,1%,2
4119,avnc.,Industrials,Monaco,99,-3%,2
7753,hoted,Materials,Hong Kong,20,6%,8
9629,a td.,Industrials,Taiwan,34,1%,6
9586,hiion,Materials,Taiwan,8,-8%,6
1920,orion,Industrials,South Korea,94,-1%,7
1149,CShad,Information Technology,Malaysia,24,7%,6
9589,aiion,Materials,Taiwan,24,1%,0
3476,ccion,Industrials,United States,24,-8%,1
7909,uatd.,Information Technology,China,77,1%,4
2233,BStd.,Consumer Discretionary,South Korea,52,6%,1
9525,entd.,Industrials,Japan,23,5%,5
2822,ognc.,Telecommunication Services,United States,13,-8%,7
8550,SKtd.,Healthcare,Japan,63,1%,1
3118,odnc.,Information Technology,United States,29,-6%,7
8269,RItd.,Consumer Staples,Japan,21,2%,0
10125,SC AG,Telecommunication Services,Germany,29,0%,3
274,bbted,Healthcare,India,85,-1%,0
8654,.Tion,Consumer Staples,Japan,63,7%,6
2357,ceany,Telecommunication Services,Kazakhstan,6,5%,4
9452,imtd.,Industrials,Japan,9,2%,0
9147,BKtd.,Consumer Discretionary,Japan,0,2%,0
4233,annc.,Information Technology,United States,9,-5%,2
2186,ontd.,Consumer Staples,South Korea,52,-2%,6
7969,hanc.,Healthcare,China,98,8%,8
3034,rinc.,Telecommunication Services,United States,37,-8%,0
2885,ynnc.,Healthcare,United States,10,-3%,7
2667,.Anc.,Industrials,United States,3,-4%,8
8293,attd.,Industrials,Japan,71,3%,1
9955,ldion,Materials,Canada,49,-5%,5
2435,hinc.,Consumer Discretionary,China,68,-3%,3
8154,akion,Industrials,Japan,66,4%,2
9606,i td.,Consumer Discretionary,Taiwan,22,0%,5
2807,asted,Consumer Discretionary,United States,62,5%,6
1118,omtd.,Industrials,South Africa,13,-5%,8
7929,okted,Industrials,Japan,25,-3%,5
9427,arion,Industrials,Japan,80,7%,5
9201,artd.,Industrials,Japan,72,7%,8
8466,yntd.,Materials,Japan,35,0%,4
4604,VG.V.,Information Technology,Netherlands,61,-4%,8
9815,exion,Information Technology,Taiwan,56,1%,8
9055,-Onc.,Information Technology,Japan,90,-6%,5
7791,APted,Consumer Discretionary,Thailand,99,1%,4
2862,apany,Consumer Discretionary,United States,37,-8%,2
164,ue.A.,Information Technology,Greece,99,4%,0
7728,ihtd.,Healthcare,China,45,6%,5
2077,ontd.,Consumer Discretionary,South Korea,93,-7%,4
3093,ation,Information Technology,United States,66,0%,3
4199,arany,Energy,United States,74,-1%,1
8204,aytd.,Consumer Staples,Japan,77,-4%,1
8359,yotd.,Materials,Japan,21,2%,3
3020,ntnc.,Information Technology,United States,58,6%,2
2457,ivnc.,Healthcare,United States,17,2%,0
9373,hetd.,Financials,Japan,11,-8%,2
3122,akted,Consumer Discretionary,India,38,-2%,8
7654,rited,Information Technology,China,60,-2%,7
8538,iytd.,Consumer Staples,Japan,17,2%,0
9465,-Ntd.,Telecommunication Services,Japan,18,-3%,2
8961,aitd.,Information Technology,Japan,56,-5%,1
2868,arnc.,Energy,United States,28,-2%,5
223,ru.V.,Consumer Discretionary,Mexico,84,-6%,0
2943,innc.,Financials,United States,68,-7%,8
9548,arion,Industrials,Japan,51,4%,6
2035,MBion,Consumer Discretionary,South Korea,45,5%,7
3450,inted,Consumer Discretionary,India,1,3%,5
1221,eotd.,Industrials,South Korea,66,-8%,8
2872,ornc.,Information Technology,United States,80,-8%,1
8078,hutd.,Materials,Japan,43,5%,8
8295,hisha,Consumer Staples,Japan,17,-3%,2
1109,atted,Financials,Jamaica,100,6%,2
11,liPlc,Healthcare,United Kingdom,87,-2%,7
8109,antd.,Industrials,Japan,40,-2%,8
46,elnc.,Consumer Discretionary,United States,3,8%,5
3913,alion,Energy,United States,1,2%,5
7649,OSted,Industrials,Hong Kong,24,-4%,7
9206,hitd.,Industrials,Japan,88,-7%,1
7666,SBnc.,Healthcare,China,4,7%,2
2308,caplc,Information Technology,United Kingdom,51,7%,3
3271,eanc.,Healthcare,United States,31,-2%,3
8282,hitd.,Consumer Staples,Japan,96,-4%,3
2703,aync.,Information Technology,United States,50,-5%,6
9038,antd.,Information Technology,Japan,31,-1%,6
2214,ORtd.,Materials,South Korea,50,6%,8
4676,eync.,Energy,United States,48,-7%,4
1855,lstd.,Consumer Discretionary,South Korea,42,-7%,4
7642,icted,Consumer Discretionary,Hong Kong,72,-2%,8
9170,artd.,Consumer Discretionary,Japan,40,2%,0
9207,aitd.,Information Technology,Japan,62,0%,8
1877,aetd.,Consumer Discretionary,South Korea,46,0%,1
474,oy.A.,Consumer Discretionary,Portugal,93,0%,3
1225,JItd.,Consumer Discretionary,South Korea,14,-1%,5
8332,urion,Materials,Japan,42,-2%,5
8950,hirp.,Information Technology,Japan,70,5%,7
9448,saion,Industrials,Japan,68,-7%,4
1910,ortd.,Industrials,South Korea,5,-5%,2
4128,eoion,Information Technology,United States,84,0%,6
9095,OAion,Information Technology,Japan,74,6%,8
9772,oltd.,Information Technology,Taiwan,98,-4%,8
8478,antd.,Materials,Japan,30,-2%,4
7832,MGLtd,Consumer Staples,Singapore,2,0%,2
875,akion,Industrials,Japan,36,1%,6
9344,entd.,Industrials,Japan,7,-6%,8
3241,oync.,Materials,United States,32,6%,3
1263,B td.,Consumer Discretionary,South Korea,20,-6%,3
740,erOyj,Consumer Discretionary,Finland,9,-1%,0
3174,rt.V.,Healthcare,Curaçao,86,3%,4
8522,MUnc.,Consumer Discretionary,Japan,1,-7%,1
7671,usLtd,Consumer Staples,Hong Kong,29,0%,4
9538,aitd.,Industrials,Japan,61,8%,6
9248,RRion,Industrials,Japan,83,-8%,3
1789,W ion,Healthcare,South Korea,61,-8%,2
9210,chtd.,Consumer Discretionary,Japan,35,4%,2
7609,ilnc.,Real Estate,Philippines,54,7%,6
8012,intd.,Information Technology,China,83,-5%,8
4308,paion,Industrials,United States,9,-4%,1
8131,oktd.,Industrials,Japan,72,-1%,8
9439,urtd.,Industrials,Japan,27,-5%,8
8735,iptd.,Materials,Japan,65,-5%,6
4117,aunc.,Consumer Discretionary,United States,37,4%,0
2990,arnc.,Information Technology,United States,60,-3%,3
1866,&Ttd.,Industrials,South Korea,62,3%,8
9430,hitd.,Industrials,Japan,94,4%,8
554,antd.,Materials,Taiwan,100,3%,1
2257,nttd.,Industrials,South Korea,41,-1%,8
3777,menc.,Healthcare,United States,16,-6%,3
9881,enion,Information Technology,Taiwan,91,-4%,2
2981,aync.,Materials,United States,91,-8%,2
8183,rinc.,Consumer Discretionary,Japan,3,-1%,0
3128,otnc.,Consumer Discretionary,United States,67,-6%,5
8652,i:td.,Consumer Staples,Japan,42,2%,6
9012,ihtd.,Information Technology,Japan,0,7%,1
2914,nenc.,Information Technology,United States,41,-6%,7
3479,denc.,Healthcare,United States,45,-3%,5
8777,lited,Industrials,Japan,35,0%,1
9771,INtd.,Information Technology,Taiwan,92,-3%,6
9105,hetd.,Industrials,Japan,20,8%,8
3492,shnc.,Real Estate,United States,21,2%,5
2841,lerp.,Energy,United States,0,-8%,5
4120,imnc.,Information Technology,United States,7,7%,5
4228,TSnc.,Real Estate,United States,12,8%,7
9027,OItd.,Information Technology,Japan,72,4%,7
1325,K td.,Materials,South Korea,41,-1%,4
3904,ol.P.,Energy,United States,96,-4%,0
8895,aitd.,Industrials,Japan,99,-1%,0
9607,igtd.,Consumer Discretionary,Taiwan,61,-4%,2
3400,AGInc,Consumer Discretionary,United States,44,-3%,3
368,ofPLC,Industrials,Sri Lanka,46,-6%,2
826,hiion,Information Technology,Japan,2,-1%,7
2682,TRion,Consumer Discretionary,United States,88,3%,5
8724,oktd.,Materials,Japan,29,3%,7
1411,nttd.,Information Technology,South Korea,76,5%,8
2728,ddion,Healthcare,United States,95,-5%,8
3604,oxnc.,Information Technology,United States,76,-8%,2
8825,oitd.,Industrials,Japan,26,3%,3
4503,&Tnc.,Energy,United States,40,-6%,7
8667,hatd.,Materials,Japan,77,0%,4
9021,OAion,Consumer Discretionary,Japan,91,5%,6
1804,MCtd.,Financials,South Korea,20,3%,6
2604,henc.,Consumer Discretionary,United States,91,-5%,7
3706,TSion,Information Technology,United States,10,4%,7
4372,eeLP.,Energy,Bermuda,4,-1%,5
1260,ootd.,Industrials,South Korea,47,-1%,3
2860,ownc.,Financials,United States,30,-8%,0
7806,oxted,Information Technology,Thailand,5,-7%,5
2983,awnc.,Telecommunication Services,United States,100,-8%,8
8289,attd.,Consumer Staples,Japan,7,-7%,6
7804,CEted,Information Technology,Thailand,41,4%,4
9697,bitd.,Consumer Discretionary,Taiwan,17,-7%,8
9508,TItd.,Industrials,Japan,37,-1%,2
802,CKted,Industrials,Japan,50,8%,1
1778,ustd.,Industrials,South Korea,22,-7%,3
9832,tatd.,Consumer Discretionary,Taiwan,81,0%,6
7802,OSted,Materials,Thailand,33,-1%,6
3822,VEnc.,Information Technology,United States,21,-6%,8
9215,agTD.,Information Technology,Japan,95,-5%,2
1100,T Tbk,Healthcare,Indonesia,69,-8%,0
9449,hetd.,Industrials,Japan,11,4%,5
3368,anLLC,Energy,United States,55,0%,7
7618,SInc.,Consumer Discretionary,Philippines,79,-4%,0
332,imtd.,Materials,India,6,4%,3
4096,axnc.,Information Technology,United States,20,-4%,1
1839,CCrp.,Materials,South Korea,38,-4%,1
8971,AXnc.,Information Technology,Japan,41,-7%,8
1629,ntion,Consumer Discretionary,South Korea,51,-3%,2
1007,untd.,Consumer Discretionary,Japan,28,8%,1
1403,K td.,Information Technology,South Korea,79,2%,3
3209,ownc.,Information Technology,United States,62,3%,6
7665,FKted,Industrials,Hong Kong,52,2%,5
9352,attd.,Consumer Discretionary,Japan,52,7%,7
1965,outd.,Materials,South Korea,67,8%,1
3,ul.C.,Healthcare,United Arab Emirates,12,7%,8
3157,ovnc.,Information Technology,United States,87,-1%,4
882,nfion,Information Technology,Japan,15,4%,2
1438,DItd.,Information Technology,South Korea,47,8%,3
2268,orion,Consumer Discretionary,South Korea,83,-7%,8
2262,S Ltd,Consumer Discretionary,South Korea,50,4%,0
2945,ornc.,Information Technology,United States,80,8%,7
147,egted,Materials,Australia,45,-3%,6
4281,annc.,Energy,United States,6,8%,7
7772,icion,Healthcare,China,100,0%,0
985,artd.,Consumer Discretionary,Japan,21,3%,7
8225,dwnc.,Consumer Discretionary,Japan,14,6%,2
8908,aitd.,Consumer Discretionary,Japan,62,5%,3
1806,onnc.,Materials,South Korea,98,-3%,7
8966,DEion,Industrials,Japan,58,-5%,3
8190,mutd.,Consumer Staples,Japan,9,2%,1
9216, Ttd.,Information Technology,Japan,77,-5%,7
1126,ustd.,Information Technology,South Africa,25,3%,3
452,rd NV,Information Technology,Netherlands,14,0%,5
4254,innc.,Information Technology,United States,21,-2%,1
1954,&Ftd.,Consumer Discretionary,South Korea,35,-3%,5
8187,aktd.,Consumer Staples,Japan,38,1%,4
3004,CUnc.,Healthcare,United States,59,4%,1
9728,udion,Industrials,Taiwan,36,-6%,4
2041,antd.,Materials,South Korea,84,2%,6
9757,niwan,Financials,Taiwan,52,-1%,2
6546,TErp.,Telecommunication Services,United States,75,4%,2
1958,ajtd.,Consumer Staples,South Korea,51,-7%,5
1067,hetd.,Consumer Staples,Japan,73,-3%,3
4204,lanc.,Consumer Discretionary,United States,71,-8%,8
1767,aytd.,Consumer Discretionary,South Korea,3,8%,2
3382,D-any,Consumer Staples,United States,6,-5%,1
2194,bltd.,Consumer Staples,South Korea,33,-2%,3
8494,iptd.,Materials,Japan,66,-1%,2
7260,iatd.,Real Estate,China,45,-7%,0
811,ilTD.,Consumer Discretionary,Japan,44,-7%,0
3951,MAion,Consumer Discretionary,Canada,40,0%,4
7889,ujtd.,Real Estate,China,56,8%,7
4129,Q nc.,Information Technology,China,66,7%,4
7742,inted,Consumer Discretionary,Hong Kong,35,-1%,3
1556,HAtd.,Healthcare,South Korea,57,-4%,3
2575,sitd.,Industrials,Taiwan,54,-7%,7
8670,umtd.,Materials,Japan,48,8%,0
8473,ation,Materials,Japan,55,-5%,4
9063,ndrp.,Industrials,Japan,28,-1%,3
286,ewted,Financials,India,79,3%,8
8510,saion,Materials,Japan,14,-1%,6
1089,T Tbk,Industrials,Indonesia,6,-5%,0
1319,eatd.,Consumer Discretionary,South Korea,87,-4%,1
4290,torp.,Energy,United States,84,-6%,4
7160,aitd.,Materials,South Korea,21,2%,6
8977,entd.,Information Technology,Japan,0,0%,4
162,el.A.,Telecommunication Services,Greece,92,-5%,6
9217,OKNC.,Industrials,Japan,31,5%,1
1122,udted,Industrials,South Africa,86,1%,4
1335,untd.,Industrials,South Korea,57,6%,2
1805,K td.,Financials,South Korea,26,0%,4
3003,conc.,Consumer Discretionary,United States,57,-7%,4
8370,oetd.,Information Technology,Japan,19,-8%,4
1423,ESnc.,Consumer Discretionary,South Korea,76,-2%,5
7853,elted,Information Technology,Singapore,63,2%,0
8818,suion,Industrials,Japan,49,6%,5
2760,lpted,Information Technology,United States,98,3%,0
3171,xsnc.,Healthcare,United States,93,-2%,6
9526,NEion,Information Technology,Japan,65,-7%,5
9876,iatd.,Information Technology,Taiwan,33,1%,3
4465,agnc.,Industrials,United States,75,-1%,1
7210,elInc,Information Technology,United States,87,6%,8
3577,uinc.,Consumer Discretionary,United States,41,-5%,6
9280,acion,Consumer Discretionary,Japan,92,4%,2
7908,hetd.,Information Technology,China,12,-3%,2
1032,ipted,Industrials,Japan,71,7%,0
667,intd.,Industrials,Taiwan,88,-4%,1
8668,oktd.,Materials,Japan,54,5%,7
9247,uktd.,Industrials,Japan,29,4%,5
4453,al LP,Energy,United States,24,-1%,7
3436,oktd.,Information Technology,Japan,9,-3%,3
9048,stion,Consumer Discretionary,Japan,16,0%,5
9872,raion,Industrials,Taiwan,42,5%,5
996,antd.,Consumer Discretionary,Japan,76,6%,4
9181,zuion,Consumer Discretionary,Japan,3,8%,0
1794,umnc.,Industrials,South Korea,54,-7%,6
9737,ESion,Industrials,Taiwan,63,7%,0
8431,RAnc.,Information Technology,Japan,38,3%,2
269,roted,Consumer Staples,India,23,2%,7
8644,FEnc.,Information Technology,Japan,98,-3%,5
2272,ontd.,Healthcare,South Korea,62,6%,1
5905,nfte),Information Technology,United States,72,-2%,1
4042,ob.V.,Information Technology,Israel,23,-3%,1
8162,OLtd.,Industrials,Japan,61,6%,7
1015,aitd.,Consumer Staples,Japan,89,1%,4
1873,ortd.,Healthcare,South Korea,12,8%,8
9657,hetd.,Materials,Taiwan,49,-8%,6
4422,VR LP,Materials,United States,77,5%,6
8514,igion,Consumer Discretionary,Japan,47,6%,7
1604,cnted,Information Technology,South Korea,53,7%,4
1326,FAtd.,Information Technology,South Korea,47,5%,7
291,onted,Information Technology,India,6,-5%,7
7873,anLtd,Information Technology,China,4,-2%,5
3280,honc.,Information Technology,United States,60,-4%,3
2138,IInc.,Consumer Discretionary,South Korea,60,6%,6
4266,SPnc.,Energy,United States,82,2%,0
8938,oy.k.,Industrials,Japan,94,5%,0
2291,olngs,Consumer Discretionary,Laos,73,-7%,8
8061,cotd.,Industrials,Israel,45,-7%,7
983,detd.,Industrials,Japan,46,8%,4
7910,hatd.,Industrials,China,51,3%,6
8848,surp.,Industrials,Japan,91,-3%,8
3197,atnc.,Utilities,United States,86,3%,0
1744,hited,Materials,Hong Kong,43,6%,6
1164,rohad,Real Estate,Malaysia,72,6%,2
906,oetd.,Consumer Discretionary,Japan,63,-3%,7
1340,umtd.,Information Technology,South Korea,46,7%,0
9054,hitd.,Industrials,Japan,54,3%,5
9178,PKion,Consumer Discretionary,Japan,51,-6%,3
3032,ntnc.,Telecommunication Services,United States,77,-1%,4
1042,patd.,Real Estate,Japan,69,6%,5
9924,arted,Consumer Discretionary,Canada,65,-6%,7
9810,olrp.,Information Technology,Taiwan,45,5%,1
1066,iptd.,Information Technology,Japan,56,6%,7
7782,hated,Information Technology,Hong Kong,43,4%,4
4439,.Snc.,Healthcare,United States,5,-5%,4
9454,zutd.,Industrials,Japan,84,-2%,3
8223,@Nnc.,Information Technology,Japan,7,-2%,2
1813,lutd.,Industrials,South Korea,30,3%,3
8041,ectd.,Materials,China,15,5%,3
3026,onnc.,Healthcare,United States,3,5%,5
3084,MInc.,Industrials,United States,88,5%,2
4486,es LP,Energy,United States,72,-2%,3
8794,intd.,Consumer Discretionary,Japan,84,-3%,3
1829,annc.,Healthcare,South Korea,40,2%,1
9587,antd.,Materials,Taiwan,36,2%,4
2001,neLtd,Consumer Discretionary,South Korea,22,5%,7
8471,ayion,Materials,Japan,37,-6%,2
864,ACtd.,Information Technology,Japan,30,7%,1
9241,amted,Consumer Discretionary,Japan,56,6%,0
771,attd.,Industrials,Japan,50,-7%,1
2055,aetd.,Materials,South Korea,88,8%,2
3848,LYted,Industrials,Ireland,29,5%,0
8751,SAtd.,Materials,Japan,17,-3%,7
4520,hited,Consumer Discretionary,China,42,-4%,2
8919,sutd.,Industrials,Japan,36,-2%,3
8215,aiion,Healthcare,Japan,83,0%,4
9874,hanc.,Information Technology,Taiwan,41,8%,8
335,BLted,Industrials,India,52,2%,7
2808,ronc.,Information Technology,United States,75,7%,0
8878,ittd.,Industrials,Japan,98,7%,3
8770,omnc.,Industrials,Japan,37,6%,0
9798,axtd.,Information Technology,Taiwan,80,1%,4
8290,attd.,Consumer Staples,Japan,51,-5%,4
1978,C td.,Industrials,South Korea,96,4%,6
854,ronc.,Information Technology,Japan,16,3%,4
222,ru.V.,Industrials,Mexico,99,8%,7
9838,sotd.,Information Technology,Cayman Islands,37,2%,8
7840,HIted,Consumer Discretionary,Singapore,69,-3%,2
7986,iatd.,Consumer Discretionary,China,87,3%,6
8586,aitd.,Healthcare,Japan,85,6%,2
8361,OMtd.,Consumer Discretionary,Japan,95,-3%,5
10052,elnc.,Industrials,Canada,35,-7%,5
9808,orion,Information Technology,Taiwan,62,8%,4
3129,ernc.,Industrials,United States,10,-3%,8
8730,iptd.,Materials,Japan,38,3%,7
3243,amnc.,Information Technology,United States,56,1%,4
9514,obtd.,Consumer Discretionary,Japan,12,6%,2
9387,octd.,Financials,Japan,17,2%,1
3090,ognc.,Information Technology,United States,77,-6%,5
8132,iptd.,Industrials,Japan,34,7%,2
9249,ECnc.,Consumer Discretionary,Japan,100,6%,1
2814,alrp.,Information Technology,United States,53,-1%,1
9754,isted,Industrials,Taiwan,63,-8%,2
7632,inted,Financials,Hong Kong,94,8%,0
1972,antd.,Industrials,South Korea,86,7%,4
7717,llted,Financials,Hong Kong,27,-6%,4
1609,ontd.,Industrials,South Korea,66,-6%,4
773,yotd.,Industrials,Japan,91,8%,2
9581,ortd.,Consumer Staples,Taiwan,81,-4%,8
9198,aptd.,Healthcare,Japan,65,-5%,0
3396,ceion,Information Technology,United States,54,-4%,6
8347,iync.,Industrials,Japan,34,4%,2
490,xw SA,Information Technology,United States,37,0%,4
1472,hiLtd,Industrials,South Korea,38,3%,0
61,enrp.,Energy,United States,2,5%,3
3360,eenc.,Information Technology,United States,36,6%,6
9437,eitd.,Industrials,Japan,51,7%,2
3523,mpion,Materials,United States,58,1%,0
4131,at.P.,Energy,United States,38,5%,5
1882,atLtd,Materials,South Korea,75,7%,7
9719,renc.,Information Technology,Taiwan,13,-1%,7
8436,retd.,Telecommunication Services,Japan,70,7%,0
8736,actd.,Materials,Japan,72,-6%,7
8564,iptd.,Healthcare,Japan,90,-6%,6
3149,CInc.,Information Technology,United States,99,5%,4
947,aetd.,Industrials,Japan,73,2%,1
2007,aitd.,Materials,South Korea,63,-5%,5
769,orion,Industrials,Japan,52,6%,2
9580,wutd.,Consumer Staples,Taiwan,69,-5%,1
1757,yutd.,Consumer Discretionary,South Korea,49,-2%,1
1511,aytd.,Consumer Discretionary,South Korea,88,-4%,7
9790,ybnc.,Information Technology,Taiwan,73,5%,5
2956,ennc.,Healthcare,United States,98,-6%,5
9089,oktd.,Information Technology,Japan,51,-4%,6
9202,rgnc.,Information Technology,Japan,17,2%,8
7820,hated,Telecommunication Services,Thailand,100,-8%,3
8352,REnc.,Real Estate,Japan,8,-2%,8
2302,dv.P.,Healthcare,Kuwait,69,4%,5
1033,egion,Consumer Discretionary,Japan,3,-2%,6
2875,omted,Information Technology,United States,74,5%,6
9930,hiLtd,Materials,Canada,42,4%,6
1266,aetd.,Consumer Discretionary,South Korea,48,2%,8
3873,lo.A.,Information Technology,Luxembourg,93,-5%,1
2611,npnc.,Industrials,United States,40,6%,2
8303,Vxnc.,Healthcare,Japan,24,-8%,1
9659,antd.,Consumer Discretionary,Taiwan,78,-1%,0
7817,hated,Consumer Discretionary,Thailand,62,3%,7
8144,hetd.,Industrials,Japan,73,-1%,1
1323,corp.,Consumer Discretionary,South Korea,53,6%,4
9840,itorp,Information Technology,Taiwan,72,5%,4
3702,SSnc.,Consumer Discretionary,United States,55,-8%,2
1167,nihad,Information Technology,Malaysia,3,6%,1
5037,onted,Consumer Discretionary,China,23,3%,1
9560,aktd.,Industrials,Japan,7,4%,8
2364,osPlc,Energy,Netherlands,62,5%,5
369,inPLC,Consumer Discretionary,Sri Lanka,57,5%,0
8871,arnc.,Industrials,Japan,0,3%,1
3043,XYion,Information Technology,United States,27,1%,1
9442,tanc.,Industrials,Japan,48,-2%,8
2910,ICnc.,Information Technology,United States,100,-5%,3
8693,ritd.,Information Technology,Japan,73,2%,0
3423,hutd.,Materials,Japan,15,4%,0
9468,roion,Consumer Discretionary,Japan,94,5%,4
175,ef.A.,Consumer Discretionary,Italy,14,-2%,1
8575,ujtd.,Healthcare,Japan,71,-1%,0
7338,amtd.,Industrials,South Korea,39,-5%,2
1363,.Mtd.,Consumer Discretionary,South Korea,70,2%,3
9271,intd.,Industrials,Japan,44,5%,6
944,ujtd.,Consumer Discretionary,Japan,21,7%,1
8485,iptd.,Materials,Japan,45,7%,6
9074,npion,Information Technology,Japan,77,-1%,7
3077,eg LP,Energy,United States,39,-1%,6
3440,hutd.,Consumer Discretionary,Japan,89,3%,2
1013,actd.,Consumer Discretionary,Japan,44,-3%,5
820,icrp.,Consumer Staples,Japan,64,6%,4
4499,asust,Real Estate,United States,43,3%,6
2348,CAplc,Financials,United Kingdom,47,8%,3
1154,edBhd,Consumer Discretionary,Malaysia,75,0%,5
8625,ution,Information Technology,Japan,12,1%,8
1785,ortd.,Industrials,South Korea,3,-7%,3
9064,aptd.,Information Technology,Japan,36,4%,7
3553,meion,Materials,United States,42,-5%,2
2820,SI LP,Energy,United States,40,8%,1
4322,ilnc.,Information Technology,United States,47,2%,7
3870,ignc.,Information Technology,United States,34,3%,7
3998,ostd.,Energy,Bermuda,63,-2%,5
2743,mbnc.,Information Technology,United States,65,1%,3
2097,C Ltd,Industrials,South Korea,68,-1%,0
9199,alrp.,Information Technology,Japan,77,0%,3
7942,NF AG,Information Technology,Switzerland,98,-2%,6
3644,ulnc.,Consumer Discretionary,United States,72,-1%,0
1006,adtd.,Industrials,Japan,38,-5%,2
9406,s-Ltd,Consumer Discretionary,Japan,89,-1%,6
722,STrp.,Industrials,Taiwan,55,-5%,3
1934,yutd.,Materials,South Korea,62,8%,7
9504,OInc.,Consumer Discretionary,Japan,22,-2%,0
7828,urted,Consumer Staples,Singapore,61,4%,8
8153,hutd.,Industrials,Japan,72,-4%,4
306,anted,Financials,India,53,8%,1
8571,iktd.,Healthcare,Japan,86,-8%,2
9189,ixion,Industrials,Japan,83,-7%,0
3926,eated,Real Estate,United States,55,4%,6
7977,nntd.,Energy,China,80,2%,5
4320,tanc.,Information Technology,United States,80,-3%,5
6763,en.P.,Materials,United States,54,0%,6
1525,aetd.,Information Technology,South Korea,35,6%,2
3988,MGnc.,Materials,United States,35,0%,0
1061,iltd.,Consumer Discretionary,Japan,3,3%,1
1970,CTLtd,Industrials,South Korea,80,4%,2
278,fited,Healthcare,India,94,-7%,2
2190,ejtd.,Industrials,South Korea,77,7%,1
8013,hetd.,Industrials,China,71,4%,7
8135,TKtd.,Industrials,Japan,71,7%,6
8516,aitd.,Industrials,Japan,24,-6%,7
9142,asion,Consumer Discretionary,Japan,15,-5%,8
8752,ohtd.,Materials,Japan,50,3%,0
1280,ICtd.,Financials,South Korea,33,-6%,0
1362,VErp.,Industrials,South Korea,12,1%,6
1110,coted,Financials,Jamaica,15,-6%,7
8703,EOion,Materials,Japan,29,0%,6
9605,eatd.,Consumer Discretionary,Taiwan,48,6%,0
8470,aktd.,Materials,Japan,14,-4%,5
1933,apion,Materials,South Korea,34,0%,0
3957,nvnc.,Information Technology,United States,4,-3%,4
8469,ipted,Materials,Japan,99,3%,7
1406,amrp.,Information Technology,South Korea,77,5%,4
3225,uinc.,Information Technology,United States,12,5%,8
8714,ujted,Materials,Japan,86,-8%,7
904,ujnc.,Information Technology,Japan,69,0%,0
787,aktd.,Consumer Staples,Japan,61,-8%,7
3016,ntion,Information Technology,United States,9,8%,6
2265,antd.,Consumer Discretionary,South Korea,81,-2%,2
1247,ljtd.,Consumer Discretionary,South Korea,25,8%,3
6803,agd.),Healthcare,United States,56,8%,3
920,satd.,Materials,Japan,20,5%,2
1513,ootd.,Consumer Discretionary,South Korea,4,1%,7
897,yotd.,Information Technology,Japan,35,-6%,6
3386,eync.,Consumer Discretionary,United States,17,-1%,5
2225,yotd.,Information Technology,South Korea,44,0%,6
1014,M2td.,Consumer Staples,Japan,36,-6%,0
8700,ipion,Industrials,Japan,14,-7%,7
2020,eytd.,Consumer Discretionary,South Korea,24,5%,2
9473,TItd.,Information Technology,Japan,97,-8%,5
786,OInc.,Consumer Staples,Japan,17,6%,6
1040,hanc.,Consumer Discretionary,Japan,36,3%,4
8862,uiion,Industrials,Japan,44,-2%,3
9782,XCrp.,Information Technology,Taiwan,13,2%,1
2266,olnc.,Consumer Discretionary,South Korea,18,7%,8
8346,natd.,Industrials,Japan,14,4%,4
3628,AInc.,Industrials,United States,45,2%,5
9301,artd.,Industrials,Japan,52,-8%,2
1267,ortd.,Information Technology,South Korea,7,-4%,0
545,ANion,Industrials,Japan,94,-4%,3
7764,auted,Consumer Discretionary,Hong Kong,90,-5%,5
9797,MInc.,Information Technology,Taiwan,23,4%,6
8091,ESnc.,Industrials,Japan,2,-2%,6
1809,horp.,Healthcare,South Korea,94,-3%,4
8708,artd.,Information Technology,Japan,25,-7%,0
2984,arnc.,Industrials,United States,65,-2%,1
220,ru.V.,Industrials,Mexico,54,4%,1
1303,ontd.,Materials,South Korea,89,0%,0
2088,EWtd.,Consumer Discretionary,South Korea,26,-5%,3
364,omPLC,Financials,Sri Lanka,68,0%,8
762,iktd.,Industrials,Japan,17,-8%,2
4778,lttd.,Industrials,Bahamas,99,-1%,5
7897,ontd.,Healthcare,China,73,-6%,5
9765,liInc,Information Technology,Taiwan,24,-6%,6
4122,avion,Energy,Monaco,52,-7%,2
9803,lorp.,Information Technology,Taiwan,97,5%,6
3664,haust,Real Estate,United States,8,-4%,5
4614,ronc.,Telecommunication Services,United States,62,-1%,2
8018,eyion,Information Technology,China,3,-4%,8
1781,antd.,Materials,South Korea,18,2%,7
8743,iptd.,Industrials,Japan,43,4%,6
55,ranc.,Energy,Canada,29,-5%,8
884,attd.,Materials,Japan,85,-1%,3
7651,uated,Materials,Hong Kong,81,-5%,0
822,pptd.,Consumer Discretionary,Japan,37,-5%,4
3058,heion,Industrials,United States,60,5%,8
9963,veted,Information Technology,Canada,73,2%,1
2099,ortd.,Consumer Staples,South Korea,47,-4%,3
1818,annc.,Industrials,South Korea,27,-7%,2
8330,ittd.,Information Technology,Japan,91,6%,5
1617,NFtd.,Materials,South Korea,70,-6%,1
2957,ulnc.,Energy,United States,0,-4%,2
8094,umtd.,Industrials,Japan,58,8%,6
9053,PTted,Information Technology,Japan,29,4%,4
718,ahrp.,Information Technology,Taiwan,60,2%,7
9825,ontd.,Industrials,Taiwan,13,-7%,8
8899,riion,Industrials,Japan,28,-5%,1
764,istd.,Consumer Discretionary,Japan,72,0%,6
1053,aitd.,Information Technology,Japan,11,-2%,4
870,untd.,Materials,Japan,52,5%,2
9429,aptd.,Energy,Japan,91,-7%,6
3108,em LP,Energy,United States,56,-2%,0
2213,yutd.,Consumer Discretionary,South Korea,24,-4%,2
9756,aitd.,Financials,Taiwan,21,-3%,7
903,MOnc.,Consumer Discretionary,Japan,4,-3%,2
9120,oktd.,Consumer Discretionary,Japan,28,8%,0
9075,airp.,Information Technology,Japan,66,2%,1
9824,uatd.,Consumer Discretionary,Taiwan,77,7%,1
8106,anion,Industrials,Japan,12,6%,4
1246,G-td.,Industrials,South Korea,72,1%,8
8672,oatd.,Energy,Japan,56,8%,8
6662,JM.C.,Utilities,United States,86,-5%,0
8905,aptd.,Information Technology,Japan,22,3%,5
506,am.E.,Information Technology,France,9,3%,5
918,hitd.,Industrials,Japan,1,4%,2
8942,ritd.,Information Technology,Japan,37,3%,6
8533,YOnc.,Consumer Discretionary,Japan,30,4%,7
1377,aetd.,Industrials,South Korea,16,-1%,2
3257,etnc.,Information Technology,United States,99,-6%,0
2114,ontd.,Industrials,South Korea,94,-7%,2
9235,aktd.,Industrials,Japan,24,-2%,4
1915,exrp.,Consumer Discretionary,South Korea,75,-3%,8
300,atted,Healthcare,India,15,-7%,6
3681,NX LP,Energy,United States,39,2%,1
8614,retd.,Information Technology,Japan,66,1%,0
2042,ajtd.,Consumer Staples,South Korea,76,2%,4
112,ustd.,Industrials,Australia,10,8%,3
9402,aited,Industrials,Japan,25,-4%,3
8686,ujtd.,Consumer Discretionary,Japan,42,-2%,6
9637,uatd.,Industrials,Taiwan,73,-2%,0
4269,henc.,Information Technology,United States,65,4%,3
8029,eitd.,Information Technology,China,92,-6%,2
8863,.Atd.,Information Technology,Japan,88,-5%,5
3333,runc.,Information Technology,United States,91,-3%,8
4186,iorp.,Energy,United States,44,-1%,5
1255,amtd.,Materials,South Korea,8,-5%,8
7705,inted,Utilities,Hong Kong,7,-8%,0
9742,uetd.,Industrials,Taiwan,86,5%,2
3191,acnc.,Healthcare,United States,55,1%,7
1331,icnc.,Information Technology,South Korea,69,-3%,7
9205,ujion,Consumer Discretionary,Japan,59,1%,8
9846,ysLtd,Information Technology,Taiwan,16,7%,1
2630,NSnc.,Healthcare,United States,73,-6%,0
8570,eirp.,Healthcare,Japan,48,0%,0
8023,antd.,Information Technology,China,1,-4%,8
2523,FSnc.,Information Technology,United States,40,5%,1
3291,nvnc.,Consumer Staples,United States,99,6%,3
949,arnc.,Industrials,Japan,57,-4%,4
3035,ronc.,Healthcare,United States,75,0%,4
951,aktd.,Industrials,Japan,45,2%,5
8662,aknc.,Healthcare,Japan,43,-6%,1
9711,itnc.,Information Technology,Taiwan,82,6%,5
7970,hetd.,Utilities,China,91,-8%,7
3252,TInc.,Healthcare,United States,32,-5%,8
1426,ektd.,Information Technology,South Korea,4,7%,7
1846,ontd.,Industrials,South Korea,38,-3%,3
4510,XCnc.,Energy,United States,72,-1%,1
3936,ubnc.,Information Technology,United States,12,5%,6
3301,heion,Healthcare,United States,76,2%,4
1648,G nc.,Consumer Discretionary,South Korea,90,6%,1
3086,umion,Healthcare,United States,27,3%,8
2535,eanc.,Consumer Discretionary,United States,95,4%,5
9028,ll.K.,Information Technology,Japan,82,8%,5
2292,orLtd,Utilities,South Korea,98,8%,7
8000,iwtd.,Materials,China,85,2%,8
751,na AS,Industrials,Turkey,84,2%,6
9879,ortd.,Information Technology,Taiwan,88,4%,0
9244,arnc.,Information Technology,Japan,19,1%,3
10045,erion,Materials,Canada,40,4%,7
975,i td.,Information Technology,Japan,50,5%,4
4127,atnc.,Industrials,United States,96,6%,2
9632,orrp.,Materials,Taiwan,43,-3%,5
2718,xcnc.,Information Technology,United States,8,-7%,1
8380,ITnc.,Industrials,Japan,2,-6%,3
8489,teion,Materials,Japan,29,6%,2
3960,npion,Information Technology,United States,95,8%,2
4435,SA LP,Energy,United States,59,1%,2
377,enA/S,Healthcare,Denmark,41,0%,5
1900,ILLtd,Consumer Staples,South Korea,65,-4%,3
1645,amtd.,Consumer Discretionary,South Korea,85,4%,4
9977,oetd.,Consumer Discretionary,Canada,94,7%,8
9624,hiion,Industrials,Taiwan,23,6%,6
3953,mpnc.,Information Technology,United States,67,-1%,8
9082,LNtd.,Information Technology,Japan,14,-6%,5
7770,nhted,Energy,China,5,5%,3
9763,ueted,Consumer Discretionary,Taiwan,100,8%,6
8387,tenc.,Information Technology,Japan,71,-5%,5
4656,ernc.,Energy,United States,29,0%,1
8244,adted,Consumer Staples,Japan,46,-7%,7
9650,hutd.,Industrials,Taiwan,44,5%,0
8348,OCtd.,Industrials,Japan,44,0%,5
664,cttd.,Industrials,Taiwan,96,7%,1
7831,ulted,Information Technology,Singapore,41,2%,8
8174,EXtd.,Consumer Discretionary,Japan,96,5%,1
1140,olted,Consumer Staples,Pakistan,73,3%,4
678,amtd.,Information Technology,Taiwan,32,-5%,7
1844,iwtd.,Materials,South Korea,13,6%,8
9496,REtd.,Utilities,Japan,52,2%,7
200,ae.A.,Healthcare,Spain,71,-4%,6
2998,ouany,Industrials,United States,67,-6%,2
763,ihtd.,Industrials,Japan,77,1%,0
529,oi.A.,Information Technology,France,97,4%,1
9789,intd.,Information Technology,Taiwan,65,-2%,7
9791,icion,Information Technology,Taiwan,3,-1%,2
4149,ilica,Consumer Staples,United States,38,-1%,5
2568,ppnc.,Information Technology,United States,79,-4%,0
3233,ocnc.,Consumer Discretionary,United States,14,-1%,2
9831,uvion,Information Technology,Taiwan,78,-6%,3
3491,.Hion,Consumer Discretionary,United States,64,2%,0
7807,ucted,Consumer Discretionary,Thailand,42,-5%,4
3336,esnc.,Information Technology,United States,2,-2%,4
1904,amtd.,Materials,South Korea,80,3%,5
1787,apnc.,Materials,South Korea,78,0%,7
1417,orion,Information Technology,South Korea,66,0%,7
4662,nvrp.,Real Estate,United States,90,-6%,4
5,bcPlc,Healthcare,United Kingdom,25,6%,6
1918,ooion,Materials,South Korea,60,-8%,7
1595,NTtd.,Materials,South Korea,84,3%,1
3464,ACnc.,Healthcare,United States,11,-2%,8
4147,CI LP,Materials,United States,61,-6%,2
2141,HILTD,Information Technology,South Korea,51,-5%,5
1168,eeBhd,Consumer Staples,Malaysia,96,2%,8
2605,rited,Industrials,United States,49,0%,7
2926,xanc.,Healthcare,United States,55,-8%,1
8314,'wion,Consumer Staples,Japan,54,2%,5
9877,alnc.,Information Technology,Taiwan,16,0%,3
7784,OBtd.,Information Technology,China,37,1%,1
3282,ifted,Telecommunication Services,India,11,-1%,1
2280,amtd.,Healthcare,South Korea,10,1%,4
9203,ord. ,Consumer Staples,Japan,18,-7%,3
1869,anLtd,Consumer Staples,South Korea,30,-7%,5
4547,ddbl),Information Technology,Sweden,68,2%,5
520,ar.A.,Information Technology,France,34,8%,2
9049,awtd.,Industrials,Japan,31,-5%,4
9061,eltd.,Industrials,Japan,38,7%,7
8956,abtd.,Information Technology,Japan,24,-6%,5
2750,mpnc.,Healthcare,United States,77,2%,0
2254,yutd.,Consumer Discretionary,South Korea,42,4%,7
2237,hitd.,Industrials,South Korea,7,-1%,0
3650,henc.,Consumer Discretionary,United States,28,-6%,0
1012,tatd.,Consumer Discretionary,Japan,45,-5%,4
8171,nstd.,Consumer Staples,Japan,38,5%,4
1676,aetd.,Materials,South Korea,75,2%,5
8744,hitd.,Materials,Japan,31,0%,5
1506,STion,Consumer Discretionary,South Korea,26,-3%,5
3306,ernc.,Information Technology,United States,17,0%,8
10115,LM AG,Information Technology,Germany,46,8%,0
3296,onnc.,Information Technology,United States,76,-4%,4
9559,setd.,Consumer Discretionary,Japan,46,0%,8
2301,LA.P.,Industrials,Kuwait,69,-6%,6
9934,arnc.,Industrials,Canada,86,6%,0
8277,aiLtd,Industrials,Japan,42,5%,0
4524,heted,Energy,New Zealand,3,-7%,3
1083,T Tbk,Telecommunication Services,Indonesia,7,-7%,4
7998,hetd.,Information Technology,China,11,-6%,6
427,ubC.),Consumer Staples,United Arab Emirates,97,2%,2
8425,inrp.,Information Technology,Japan,74,0%,8
8847,oytd.,Industrials,Japan,77,-4%,3
8133,YSion,Industrials,Japan,63,-4%,1
1147,SChad,Materials,Malaysia,58,-7%,4
8790,oltd.,Materials,Japan,8,6%,2
1011,edtd.,Consumer Discretionary,Japan,34,3%,0
9740,edtd.,Industrials,Taiwan,5,-4%,8
7683,eated,Consumer Staples,Hong Kong,63,7%,3
2030,lstd.,Industrials,South Korea,85,1%,4
833,lpnc.,Consumer Discretionary,Japan,66,-6%,7
2296,iwtd.,Materials,South Korea,62,-4%,5
9579,aitd.,Consumer Staples,Taiwan,87,-5%,5
2110,antd.,Consumer Discretionary,South Korea,16,-5%,7
1887,aetd.,Materials,South Korea,22,-7%,0
2544,ignc.,Information Technology,United States,84,-6%,6
5030,MC.A.,Industrials,Brazil,28,7%,8
3809,ranc.,Energy,United States,66,1%,0
8193,irtd.,Consumer Staples,Japan,84,1%,2
10056,esion,Industrials,Canada,71,2%,1
1381,odtd.,Consumer Discretionary,South Korea,87,0%,0
548,KBrp.,Consumer Discretionary,Japan,85,0%,7
2680,ORnc.,Consumer Discretionary,China,62,8%,3
1868,ictd.,Energy,South Korea,69,-7%,2
239,ra.A.,Consumer Discretionary,Brazil,42,4%,8
1428,yutd.,Industrials,South Korea,35,6%,3
446,ur.V.,Real Estate,Netherlands,46,-8%,0
8127,omion,Industrials,Japan,4,5%,2
2784,vinc.,Information Technology,United States,56,-1%,3
1050,osion,Consumer Discretionary,Japan,39,-3%,1
8767,FEtd.,Materials,Japan,34,6%,7
9802,oxnc.,Information Technology,Taiwan,50,-5%,6
2191,niion,Information Technology,South Korea,43,-1%,3
2508,eonc.,Healthcare,United States,79,-1%,3
3022,nsrp.,Information Technology,United States,70,-4%,2
2056,aetd.,Consumer Discretionary,South Korea,1,-7%,6
1927,ajion,Consumer Staples,South Korea,1,-1%,2
4106,ewnc.,Information Technology,United States,10,5%,7
8828,ittd.,Industrials,Japan,22,0%,7
2052,aetd.,Industrials,South Korea,32,-6%,6
9867,SEion,Information Technology,Taiwan,19,-5%,2
2863,ap.P.,Energy,Greece,41,-8%,0
7645,entd.,Information Technology,Hong Kong,98,0%,7
3199,etnc.,Consumer Discretionary,United States,8,7%,3
4078,arion,Consumer Discretionary,United States,93,0%,3
596,ayion,Information Technology,Taiwan,62,-6%,2
8742,ictd.,Materials,Japan,54,8%,3
8860,hetd.,Industrials,Japan,53,-1%,4
9595,irtd.,Consumer Discretionary,Cayman Islands,20,6%,8
8906,arion,Consumer Discretionary,Japan,84,8%,7
8001,eitd.,Information Technology,China,66,5%,3
323,istd.,Healthcare,India,96,-3%,6
1941,ootd.,Consumer Staples,South Korea,82,0%,3
1946,ortd.,Materials,South Korea,2,8%,4
8624,lpnc.,Information Technology,Japan,85,0%,3
2025,yutd.,Materials,South Korea,51,-7%,8
8342,aktd.,Consumer Discretionary,Japan,53,-3%,5
3678,ON LP,Energy,United States,4,5%,8
746,etion,Energy,Vietnam,76,-2%,1
9965,XFInc,Information Technology,Canada,3,3%,3
3447,ndtd.,Industrials,India,82,3%,4
2281,K td.,Real Estate,South Korea,84,-7%,6
550,upLtd,Consumer Discretionary,Taiwan,55,-4%,1
8677,ORion,Materials,Japan,78,-4%,5
68,idnc.,Energy,United States,89,-7%,6
9638,untd.,Materials,Taiwan,42,8%,2
2076,hotd.,Materials,South Korea,42,-5%,1
8931,iptd.,Materials,Japan,95,0%,3
9042,ictd.,Information Technology,Japan,67,-6%,4
7835, ited,Telecommunication Services,Singapore,68,-8%,0
9445,oytd.,Industrials,Japan,65,-5%,6
9554,irtd.,Information Technology,Japan,6,3%,5
10084,ch AG,Consumer Staples,Austria,62,7%,2
4918,PIrp.,Industrials,United States,13,4%,3
2130,uhtd.,Consumer Staples,South Korea,25,7%,7
1550,HItd.,Industrials,South Korea,89,7%,4
2074,antd.,Materials,South Korea,49,-1%,0
8741,etion,Consumer Discretionary,Japan,12,2%,0
9509,hotd.,Industrials,Japan,20,7%,4
5831,utc.),Information Technology,United States,73,-5%,2
3319,arnc.,Consumer Discretionary,China,44,-8%,6
1347,O td.,Information Technology,South Korea,26,3%,5
2089,AMtd.,Materials,South Korea,97,-5%,2
7744,hoted,Materials,Hong Kong,59,-5%,4
3511,me LP,Energy,United States,65,-7%,0
2584,ennc.,Information Technology,United States,98,6%,8
653,VYnc.,Information Technology,Taiwan,24,-7%,3
9628,uatd.,Industrials,Taiwan,82,-8%,8
2286,t'td.,Consumer Staples,South Korea,54,8%,6
2152,osnc.,Consumer Staples,South Korea,6,-1%,1
4267,udnc.,Information Technology,United States,94,-8%,1
1213,ostd.,Materials,South Korea,56,-7%,3
2036,aetd.,Materials,South Korea,14,2%,6
7851,siust,Consumer Discretionary,Singapore,91,5%,7
1244,-Ftd.,Industrials,South Korea,79,0%,3
8761,irrp.,Industrials,Japan,63,-1%,6
1348,yetd.,Materials,South Korea,72,-4%,6
9648,ietd.,Materials,Taiwan,82,6%,7
1636,rutd.,Information Technology,South Korea,48,6%,2
9918,ornc.,Utilities,Canada,13,0%,4
1409,olnc.,Information Technology,South Korea,66,-4%,8
2676,ucnc.,Healthcare,United States,79,2%,3
3546,10nc.,Information Technology,United States,15,-3%,4
4552,orbl),Information Technology,Sweden,94,-3%,2
4174,ARion,Information Technology,United States,86,8%,1
3283,ignc.,Information Technology,United States,17,-7%,1
472,an NV,Consumer Discretionary,Belgium,96,4%,6
3759,aqrp.,Information Technology,China,6,-2%,3
9008,ketd.,Information Technology,Japan,88,2%,1
1950,lyLtd,Healthcare,South Korea,29,-6%,6
9746,verp.,Industrials,Taiwan,38,-1%,7
4138,evrp.,Healthcare,United States,46,-7%,2
296,onted,Consumer Discretionary,India,27,7%,0
3435,liion,Industrials,Japan,71,-4%,8
937,ition,Industrials,Japan,26,7%,3
8604,OCtd.,Materials,Japan,71,4%,1
7898,iatd.,Industrials,China,34,-6%,2
1945,antd.,Materials,South Korea,38,4%,0
8327,eitd.,Industrials,Japan,71,0%,4
2710,banc.,Healthcare,United States,94,4%,5
2232,hirp.,Materials,South Korea,89,-8%,0
1456,HNrp.,Information Technology,South Korea,19,5%,3
8851,URion,Consumer Discretionary,Japan,40,0%,5
8659,eiion,Materials,Japan,59,-3%,1
3412,artd.,Consumer Staples,Japan,5,-2%,4
8090,r.ion,Industrials,Japan,18,-6%,0
8446,umnc.,Information Technology,Japan,55,-1%,6
8845,KKion,Industrials,Japan,18,1%,2
2780,ernc.,Industrials,United States,37,2%,7
1847,ootd.,Consumer Discretionary,South Korea,58,-2%,7
1384,BStd.,Information Technology,South Korea,41,-1%,0
1433,amtd.,Information Technology,South Korea,63,6%,6
1139,bbted,Healthcare,Pakistan,51,8%,1
1514,egtd.,Consumer Discretionary,South Korea,73,-6%,0
9986,nnnc.,Utilities,Canada,87,-7%,3
1230,ubtd.,Consumer Discretionary,South Korea,5,-7%,2
6198,eanc.,Consumer Discretionary,United States,1,2%,6
1709,oltd.,Consumer Staples,South Korea,91,-4%,0
1092,T Tbk,Telecommunication Services,Indonesia,57,-6%,0
7852,T ted,Consumer Discretionary,Singapore,72,4%,8
282,abted,Consumer Discretionary,India,64,0%,6
9611,extd.,Consumer Discretionary,Taiwan,65,-4%,4
3261,tarp.,Industrials,Greece,0,5%,7
9228,eetd.,Healthcare,Japan,57,7%,4
9976,oltd.,Materials,Canada,68,4%,0
8963,ogtd.,Industrials,Japan,3,2%,1
3146,anted,Information Technology,United States,39,-7%,0
135,cPted,Consumer Discretionary,Australia,58,-7%,4
294,unted,Consumer Discretionary,India,60,-2%,2
2216,ewtd.,Industrials,South Korea,64,5%,8
8929,aetd.,Industrials,Japan,17,-1%,4
8345,FCtd.,Industrials,Japan,4,-5%,0
957,VKion,Industrials,Japan,82,-6%,2
3328,annc.,Information Technology,United States,66,-4%,6
1302,nsLtd,Information Technology,South Korea,88,3%,5
4649,raLLC,Energy,United States,47,5%,0
1220,NIion,Consumer Discretionary,South Korea,76,5%,8
10026,icund,Materials,Canada,36,-2%,6
1141,ngted,Materials,Pakistan,60,-2%,3
8822,aktd.,Industrials,Japan,96,-8%,1
1886,amtd.,Industrials,South Korea,59,3%,3
8960,ontd.,Information Technology,Japan,72,3%,4
9922,uhnc.,Industrials,Canada,73,-8%,6
7868,eitd.,Materials,China,50,7%,4
8926,AItd.,Industrials,Japan,37,4%,7
7808,etted,Information Technology,Thailand,51,-5%,8
8063,altd.,Information Technology,Israel,77,4%,6
354,gyany,Healthcare,Egypt,90,-7%,6
3163,atnc.,Healthcare,United States,99,4%,7
797,arion,Healthcare,Japan,36,-3%,0
8356,tstd.,Consumer Discretionary,Japan,12,-5%,3
9163,hotd.,Industrials,Japan,87,1%,2
3839,hoted,Information Technology,China,9,5%,1
8483,aitd.,Materials,Japan,23,-2%,3
8673,iptd.,Energy,Japan,7,7%,8
1752,erInc,Consumer Discretionary,South Korea,47,-1%,8
1143,inted,Industrials,Pakistan,81,8%,0
2086,eotd.,Materials,South Korea,30,-8%,1
9714,haion,Information Technology,Taiwan,85,-3%,0
7983,intd.,Utilities,China,81,5%,5
390,ix SE,Information Technology,Germany,98,2%,6
1751,tctd.,Information Technology,South Korea,30,8%,0
1790,aitd.,Consumer Discretionary,South Korea,11,-2%,1
8500,satd.,Materials,Japan,21,-6%,5
9892,HCion,Materials,Taiwan,26,3%,6
7883,hatd.,Real Estate,China,69,0%,2
2496,ifion,Consumer Staples,United States,43,-3%,5
8633,AKion,Information Technology,Japan,89,-1%,8
8976,watd.,Information Technology,Japan,34,0%,1
9933,altd.,Information Technology,Canada,41,-1%,0
4399,reces,Materials,United States,87,3%,4
3251,adion,Information Technology,United States,88,-7%,4
2203,PXLTD,Materials,South Korea,3,1%,3
2064,ootd.,Industrials,South Korea,88,5%,5
3342,ubnc.,Information Technology,United States,64,8%,5
8874,orion,Information Technology,Japan,25,5%,2
6234,ottd.,Materials,South Korea,60,7%,8
9941,opion,Materials,Canada,89,5%,1
785,watd.,Consumer Staples,Japan,43,0%,1
7801,MMted,Consumer Discretionary,Thailand,56,-7%,7
1229,ANtd.,Industrials,South Korea,32,6%,3
9013,uztd.,Information Technology,Japan,37,-6%,5
8699,ozion,Materials,Japan,17,5%,7
1545,amLtd,Information Technology,South Korea,56,2%,4
2702,ilnc.,Industrials,United States,4,8%,3
1091,T Tbk,Industrials,Indonesia,95,-1%,8
2039,uktd.,Materials,South Korea,4,8%,4
6189,akrp.,Materials,Canada,4,4%,2
972,union,Consumer Discretionary,Japan,17,3%,4
8617,DCnc.,Information Technology,Japan,32,-5%,3
976,ewtd.,Information Technology,Japan,8,-3%,2
1479,elted,Consumer Staples,South Korea,33,-7%,0
2285,ONtd.,Consumer Staples,South Korea,11,3%,4
2263,olInc,Materials,South Korea,68,1%,2
1352,ASnc.,Information Technology,South Korea,28,8%,5
8401,OYnc.,Information Technology,Japan,5,-7%,6
1754,onLtd,Healthcare,South Korea,56,-2%,2
1491,ANnc.,Information Technology,South Korea,76,6%,4
3087,umrp.,Telecommunication Services,United States,9,-4%,5
1060,MSnc.,Consumer Discretionary,Japan,28,-3%,7
8301,trtd.,Consumer Discretionary,Japan,66,-3%,7
8991,aitd.,Information Technology,Japan,51,7%,3
652,trnc.,Information Technology,Taiwan,92,4%,0
1482,ootd.,Consumer Discretionary,South Korea,45,-7%,6
8257,P-nc.,Consumer Discretionary,Japan,1,-2%,4
1564,ontd.,Consumer Staples,South Korea,49,-6%,4
1990,antd.,Information Technology,South Korea,52,5%,7
9251,aktd.,Industrials,Japan,20,-5%,0
8542,ofion,Consumer Discretionary,Japan,7,-3%,3
1431,ornc.,Information Technology,South Korea,0,5%,8
2106,antd.,Materials,South Korea,27,6%,2
1425,NItd.,Information Technology,South Korea,82,6%,3
1366,altd.,Healthcare,South Korea,95,4%,6
580,URtd.,Information Technology,Taiwan,92,1%,3
8849,nstd.,Industrials,Japan,87,-4%,3
3899,i- LP,Materials,United States,79,5%,6
8711,ottd.,Materials,Japan,69,5%,2
1322,eutd.,Industrials,South Korea,8,-7%,6
2096,NFion,Consumer Discretionary,South Korea,92,-3%,6
9745,-Mion,Industrials,Taiwan,1,-2%,1
3345,onnc.,Information Technology,United States,33,-8%,2
4616,acnc.,Consumer Discretionary,United States,59,0%,7
1038,omtd.,Industrials,Japan,39,2%,8
8016,anted,Consumer Discretionary,China,11,0%,8
8696,hanc.,Information Technology,Japan,5,5%,3
8188,eitd.,Consumer Staples,Japan,68,0%,0
9264,aetd.,Industrials,Japan,97,3%,7
1700,amtd.,Consumer Discretionary,South Korea,52,4%,8
9625,oorp.,Industrials,Taiwan,16,6%,1
849,ottd.,Consumer Discretionary,Japan,83,0%,4
8602,hitd.,Materials,Japan,21,-8%,6
8805,APtd.,Information Technology,Japan,69,-4%,1
8417,amtd.,Information Technology,Japan,6,3%,6
3110,agtd.,Information Technology,Israel,44,4%,0
3421,aitd.,Industrials,Japan,27,6%,4
9068,uknc.,Information Technology,Japan,86,-1%,2
1957,ornc.,Consumer Discretionary,South Korea,94,-3%,1
3409,awtd.,Industrials,Japan,54,4%,2
1747,intd.,Information Technology,South Korea,80,-5%,8
2409,maAOG,Consumer Staples,Oman,58,-8%,3
2961,lunc.,Information Technology,United States,23,1%,3
2112,antd.,Consumer Staples,South Korea,73,-3%,5
9778,arrp.,Information Technology,Taiwan,35,-2%,8
3424,hutd.,Consumer Discretionary,Japan,68,-4%,3
8995,eitd.,Industrials,Japan,46,5%,1
103,intd.,Consumer Discretionary,Australia,81,-8%,5
1512,AStd.,Consumer Discretionary,South Korea,71,-1%,3
9618,ortd.,Industrials,Taiwan,36,-7%,2
2298,Y ion,Industrials,South Korea,25,-4%,6
1344,extd.,Information Technology,South Korea,42,-7%,8
8390,olnc.,Information Technology,Japan,65,0%,5
3175,niion,Information Technology,United States,16,-6%,8
562,hatd.,Information Technology,Taiwan,85,-7%,7
4557,publ),Information Technology,Sweden,83,0%,3
9414,hitd.,Industrials,Japan,75,2%,4
2791,ionc.,Healthcare,United States,28,-7%,1
641,itnc.,Information Technology,Taiwan,9,-4%,8
9051,ostd.,Industrials,Japan,66,-3%,1
9992,lotd.,Materials,Canada,60,5%,8
1010,latd.,Industrials,Japan,18,6%,1
8218,manc.,Consumer Discretionary,Japan,92,-6%,7
3224,uanc.,Information Technology,United States,68,-6%,6
3195,DLnc.,Healthcare,United States,92,3%,7
4541,orASA,Information Technology,Norway,76,-2%,4
8622,nftd.,Information Technology,Japan,71,0%,7
9233,ectd.,Consumer Discretionary,Japan,75,6%,8
9340,agion,Consumer Discretionary,Japan,43,8%,5
9197,anion,Information Technology,Japan,7,0%,5
8179, Jnc.,Industrials,Japan,55,-2%,8
3235,adtd.,Information Technology,Israel,87,-7%,7
9283,UTtd.,Information Technology,Japan,65,4%,7
2218,ecion,Information Technology,South Korea,86,4%,8
2125,watd.,Materials,South Korea,14,6%,2
8076,irnc.,Consumer Discretionary,Japan,53,8%,2
1501,MStd.,Information Technology,South Korea,54,-2%,1
3581,onnc.,Energy,United States,68,0%,8
3365,ernc.,Healthcare,United States,16,4%,5
8108,ujion,Industrials,Japan,59,-8%,2
8666,ertd.,Industrials,Japan,96,5%,0
5114,enrp.,Consumer Staples,Taiwan,16,-3%,6
2555,umnc.,Consumer Discretionary,United States,100,5%,1
9978,uync.,Materials,Canada,50,-3%,3
1287,&Sion,Industrials,South Korea,69,-2%,0
8951,istd.,Industrials,Japan,16,-4%,2
3355,ltnc.,Information Technology,United States,52,5%,3
9820,xctd.,Healthcare,Taiwan,53,-3%,6
9347,OMion,Materials,Japan,23,2%,7
295,amted,Consumer Discretionary,India,15,-1%,2
8531,eiion,Information Technology,Japan,43,3%,0
3885,eoted,Energy,Chile,80,-1%,6
8933,aktd.,Industrials,Japan,73,-3%,6
2559,ASnc.,Information Technology,United States,9,-4%,5
9531,artd.,Industrials,Japan,100,8%,1
8321,satd.,Industrials,Japan,82,5%,6
661,-Mtd.,Information Technology,Taiwan,24,5%,5
942,amnc.,Consumer Discretionary,Japan,87,8%,7
3222,uiion,Healthcare,United States,20,-7%,1
1502,ebnc.,Information Technology,South Korea,86,2%,7
2927,xenc.,Healthcare,United States,99,4%,2
9090,hinc.,Information Technology,Japan,62,-6%,6
7650,heted,Information Technology,Hong Kong,96,0%,8
4514,ntion,Healthcare,United States,55,-7%,1
4121,av.P.,Industrials,Monaco,99,1%,8
1103,T.Tbk,Consumer Staples,Indonesia,94,-5%,8
1064,oxtd.,Consumer Discretionary,Japan,30,1%,6
9269,iktd.,Industrials,Japan,28,6%,4
2593,ohnc.,Healthcare,United States,7,2%,1
9346,OYion,Information Technology,Japan,95,-3%,4
1207,aetd.,Information Technology,South Korea,55,-5%,4
9511,ubtd.,Industrials,Japan,14,-5%,7
1827,H td.,Materials,South Korea,69,-1%,5
9335,amnc.,Consumer Discretionary,Japan,13,-7%,3
2608,agnc.,Healthcare,United States,19,-7%,0
9970,ornc.,Materials,Canada,71,-1%,7
8265,ution,Consumer Staples,Japan,3,-3%,5
329,ITted,Consumer Discretionary,India,67,7%,5
927,K td.,Industrials,Japan,83,7%,1
1216,sarp.,Information Technology,South Korea,49,4%,6
3689,alany,Energy,United States,39,-3%,1
10018,artd.,Energy,Canada,81,0%,5
8844,owtd.,Industrials,Japan,23,-4%,6
3327,elnc.,Information Technology,United States,14,-4%,3
2691,runc.,Financials,United States,45,-1%,3
1444,hiion,Materials,South Korea,78,-1%,6
9067,iptd.,Information Technology,Japan,54,-1%,0
1914,amtd.,Information Technology,South Korea,0,6%,6
948,reion,Industrials,Japan,24,-2%,5
8045,lltd.,Information Technology,China,73,0%,4
7818,voted,Information Technology,Thailand,100,4%,4
2911,Henc.,Financials,United States,38,6%,6
3180,RBnc.,Telecommunication Services,United States,4,4%,7
4771,utted,Materials,China,89,-5%,7
838,aiion,Information Technology,Japan,42,-8%,1
1198,hatd.,Energy,South Korea,60,7%,8
3535,ponc.,Financials,United States,89,-5%,4
2059,hitd.,Materials,South Korea,22,6%,7
2047,aetd.,Industrials,South Korea,10,-2%,7
417,en SE,Information Technology,Germany,38,0%,5
9774,ertd.,Information Technology,Taiwan,40,-2%,2
98,ernc.,Industrials,United States,14,7%,8
9513,oktd.,Consumer Discretionary,Japan,33,3%,2
1692,yutd.,Consumer Discretionary,South Korea,27,6%,3
9869,antd.,Consumer Discretionary,Taiwan,42,-7%,2
150,elted,Consumer Staples,Australia,82,4%,1
2985,ornc.,Information Technology,United States,54,8%,6
7891,nstd.,Information Technology,China,72,1%,1
7730,auted,Consumer Discretionary,Hong Kong,36,0%,4
8083,aptd.,Energy,Japan,20,-1%,0
3428,ujted,Industrials,Japan,92,-8%,2
1848,antd.,Energy,South Korea,2,1%,1
8383,olnc.,Information Technology,Japan,16,-2%,3
1058,X nc.,Information Technology,Japan,50,5%,2
2146,watd.,Consumer Discretionary,South Korea,42,-7%,2
1477,JUtd.,Information Technology,South Korea,16,-2%,0
1467,ICtd.,Industrials,South Korea,40,2%,5
8537,oeted,Materials,Japan,82,-4%,4
7678,hited,Industrials,Hong Kong,51,-4%,7
1394,urtd.,Consumer Discretionary,South Korea,46,-1%,2
8713,YKion,Materials,Japan,70,8%,1
3431,skrp.,Consumer Discretionary,Japan,35,-7%,1
3730,ovnc.,Consumer Discretionary,United States,33,-6%,0
544,eitd.,Industrials,Japan,5,-6%,3
8194,ANtd.,Consumer Staples,Japan,7,8%,1
673,etnc.,Information Technology,Taiwan,99,-7%,6
1917,aetd.,Industrials,South Korea,89,6%,5
9317,obted,Industrials,Japan,81,2%,7
8382,Lanc.,Information Technology,Japan,42,1%,1
2299,umnc.,Consumer Discretionary,South Korea,49,1%,4
3069,onion,Information Technology,China,80,8%,5
9861,igion,Information Technology,Taiwan,97,6%,3
1063,olted,Information Technology,Japan,16,0%,7
2631,ntnc.,Industrials,United States,83,-5%,1
1228,onrp.,Industrials,South Korea,98,-5%,6
9062,iptd.,Information Technology,Japan,98,-2%,3
1194,ootd.,Materials,South Korea,64,-6%,1
3137,anted,Consumer Staples,United States,60,-2%,3
8958,a-td.,Consumer Staples,Japan,30,-6%,4
9631,hitd.,Healthcare,Taiwan,0,2%,2
8616,usrp.,Information Technology,Japan,63,3%,2
1222,ontd.,Materials,South Korea,38,5%,3
2537,ennc.,Materials,United States,0,6%,8
578,rdion,Information Technology,Taiwan,84,-7%,1
1248,eotd.,Consumer Discretionary,South Korea,30,-4%,8
9045,antd.,Industrials,Japan,67,6%,8
2018,onnc.,Information Technology,South Korea,20,2%,5
9153,eitd.,Consumer Discretionary,Japan,26,-6%,4
1820,yuion,Materials,South Korea,94,-5%,5
1657,watd.,Consumer Discretionary,South Korea,30,5%,1
978,yotd.,Information Technology,Japan,23,-6%,2
3445,ENted,Consumer Discretionary,India,75,-4%,8
8172,ujion,Consumer Staples,Japan,93,-2%,7
4529,ered.,Information Technology,New Zealand,48,-4%,5
4598,rmInc,Industrials,United States,76,8%,4
999,urion,Consumer Discretionary,Japan,59,-6%,6
2925,V .P.,Energy,United States,76,-2%,2
2581,lu.P.,Energy,United States,17,-3%,5
3145,igtd.,Information Technology,United States,65,-7%,3
8980,aknc.,Information Technology,Japan,11,-3%,0
1197,cetd.,Consumer Discretionary,South Korea,80,5%,7
2670,CMnc.,Industrials,United States,41,-2%,8
990,notd.,Information Technology,Japan,2,6%,2
4253,E/nc.,Real Estate,United States,76,8%,8
8890,MWion,Industrials,Japan,21,-6%,6
1831,amtd.,Consumer Discretionary,South Korea,69,8%,1
3068,VHnc.,Information Technology,United States,52,1%,8
8642,omtd.,Information Technology,Japan,67,-2%,0
6237,otany,Information Technology,South Korea,62,-4%,5
17,QEplc,Information Technology,United Kingdom,5,3%,4
5472,leion,Information Technology,United States,5,6%,4
2293,SRrp.,Materials,South Korea,49,-1%,3
735,-SOyj,Information Technology,Finland,72,8%,4
8879,eitd.,Industrials,Japan,14,5%,0
2139,AItd.,Consumer Discretionary,South Korea,24,1%,0
1041,antd.,Consumer Discretionary,Japan,82,5%,4
42,ornc.,Materials,United States,98,-4%,4
2644,anion,Healthcare,United States,67,-5%,3
4677,idnc.,Consumer Discretionary,United States,70,-1%,1
1597,EOion,Information Technology,South Korea,91,-6%,8
429,uttd.,Financials,Bangladesh,23,0%,3
9738,ewrp.,Industrials,Taiwan,85,-5%,0
1979,amtd.,Information Technology,South Korea,44,5%,4
8957,ernc.,Information Technology,Japan,52,-5%,2
1120, Mted,Consumer Discretionary,South Africa,50,2%,3
772,enion,Industrials,Japan,80,-4%,6
3994,NO LP,Energy,United Kingdom,56,5%,2
9856,lytd.,Information Technology,Taiwan,94,-4%,7
1552,vatd.,Information Technology,South Korea,48,7%,2
1892,hotd.,Consumer Discretionary,South Korea,0,-4%,4
9626,ntted,Consumer Discretionary,Taiwan,71,-1%,8
2091,orrp.,Industrials,South Korea,33,-1%,5
8357,hotd.,Industrials,Japan,4,-2%,2
143,roted,Materials,Australia,65,1%,2
3459,hated,Consumer Discretionary,India,80,3%,8
666,ornc.,Information Technology,Taiwan,47,7%,8
8953,ortd.,Information Technology,Japan,56,7%,7
7715,NAted,Industrials,China,20,2%,3
1967,umion,Materials,South Korea,75,6%,7
1001,artd.,Consumer Discretionary,Japan,91,2%,1
2189,aerp.,Consumer Discretionary,South Korea,66,6%,6
2107,eetd.,Materials,South Korea,35,-3%,5
1301,igion,Information Technology,South Korea,26,-3%,8
9685,ption,Information Technology,Taiwan,37,4%,1
426,in SE,Consumer Discretionary,Germany,2,-2%,2
7903,intd.,Industrials,China,84,-3%,6
9521,CStd.,Information Technology,Japan,17,7%,4
3695,omnc.,Energy,United States,60,-4%,5
9619,a td.,Consumer Discretionary,Taiwan,64,7%,0
249,ch.A.,Industrials,Brazil,15,2%,2
95,ninc.,Consumer Discretionary,United States,7,-2%,3
8042,igtd.,Information Technology,China,9,1%,6
1982,otion,Consumer Discretionary,South Korea,0,-6%,0
921,ohtd.,Materials,Japan,21,5%,5
1204,aetd.,Materials,South Korea,51,4%,4
7634,heted,Consumer Discretionary,Hong Kong,51,-4%,7
1994,watd.,Industrials,South Korea,41,4%,5
3747,yn LP,Energy,Monaco,70,3%,4
760,XYtd.,Consumer Staples,Japan,95,4%,2
8376,GSion,Information Technology,Japan,29,-2%,5
10055,esnc.,Industrials,Canada,82,5%,4
4758,TGnc.,Industrials,United States,15,-1%,2
9334,entd.,Consumer Discretionary,Japan,98,8%,2
9512,okted,Real Estate,Japan,38,1%,0
1051,KIrp.,Consumer Discretionary,Japan,54,-8%,1
2008,eoLtd,Consumer Discretionary,South Korea,45,-3%,3
8580,osion,Healthcare,Japan,23,7%,8
679,afion,Information Technology,Taiwan,22,7%,2
8247,smion,Consumer Staples,Japan,2,-5%,4
8772,awtd.,Industrials,Japan,49,-1%,3
2678,MTion,Information Technology,Canada,97,4%,7
3575,ilion,Energy,United States,46,5%,7
3105,heany,Healthcare,United States,9,-6%,8
2612,scted,Consumer Discretionary,United States,70,1%,5
8809,ARtd.,Industrials,Japan,75,-2%,3
9039,ioion,Information Technology,Japan,61,-8%,4
1623,ontd.,Materials,South Korea,46,2%,1
9993,irnc.,Materials,Canada,83,-6%,2
1240,ortd.,Materials,South Korea,78,-8%,3
9447,nutd.,Industrials,Japan,99,-2%,2
7643,rated,Consumer Discretionary,Hong Kong,74,4%,3
926,cmtd.,Industrials,Japan,6,2%,0
766,obtd.,Industrials,Japan,94,0%,4
10099,TTjna,Information Technology,Poland,59,1%,6
402,UD AG,Consumer Discretionary,Germany,25,-1%,5
351,gysae,Utilities,Egypt,92,-7%,1
9582,ierp.,Consumer Staples,Taiwan,59,-8%,2
3155,ekics,Healthcare,United States,84,-4%,4
2744,ppion,Information Technology,United States,35,-4%,7
4383,ra.P.,Energy,United States,75,5%,4
2729,egnc.,Healthcare,United States,32,5%,1
2313,vated,Consumer Staples,Ukraine,85,-7%,2
91,rcany,Consumer Staples,United States,36,7%,8
4239,esion,Energy,United States,85,6%,1
3369,arnc.,Information Technology,United States,27,0%,0
4763,wiany,Energy,United States,13,3%,6
3542,rdion,Energy,Bermuda,88,8%,4
657,nirp.,Industrials,Taiwan,16,6%,8
2149, Cnc.,Information Technology,South Korea,69,-1%,5
8783,aitd.,Consumer Discretionary,Japan,14,8%,2
7644,sited,Telecommunication Services,Hong Kong,84,6%,7
3125,obnc.,Information Technology,United States,42,7%,1
3167,ovtd.,Information Technology,Israel,20,5%,2
8859,ision,Industrials,Japan,52,1%,6
4540,exASA,Telecommunication Services,Norway,86,5%,3
605,ritd.,Healthcare,Taiwan,51,-1%,3
1231,ritd.,Industrials,South Korea,17,1%,1
842,E ion,Materials,Japan,45,5%,6
810,ixnc.,Consumer Discretionary,Japan,89,-7%,7
2921,lenc.,Information Technology,United States,59,6%,1
8033,antd.,Information Technology,China,39,2%,2
551,aBtd.,Consumer Discretionary,Taiwan,68,2%,2
1199,aetd.,Materials,South Korea,66,-4%,2
1489,ulion,Consumer Discretionary,South Korea,99,4%,0
8226,alLtd,Consumer Discretionary,Japan,14,-4%,7
8789,anion,Industrials,Japan,50,-8%,8
9261,ittd.,Industrials,Japan,34,-8%,0
4029,TCnc.,Real Estate,United States,13,-7%,1
8573,CRtd.,Healthcare,Japan,92,4%,6
952,awLtd,Industrials,Japan,42,3%,7
9982,NZnc.,Industrials,Canada,39,-7%,2
2019,outd.,Materials,South Korea,16,-1%,8
818,emLtd,Consumer Staples,Japan,60,0%,3
2224,ootd.,Materials,South Korea,41,-8%,3
10020,erted,Materials,Australia,83,8%,3
7798,heted,Consumer Discretionary,Thailand,18,-8%,2
9159,ujnc.,Consumer Discretionary,Japan,99,-7%,6
9636,hiion,Materials,Taiwan,36,-7%,3
1304,arted,Industrials,South Korea,82,-2%,0
1797,amtd.,Industrials,South Korea,12,-5%,3
3263,cinc.,Healthcare,United States,86,8%,6
8272,ohion,Consumer Staples,Japan,75,-1%,2
8725,oktd.,Materials,Japan,74,-8%,1
1378,unnc.,Information Technology,South Korea,64,1%,4
3388,oinc.,Telecommunication Services,United States,95,-5%,4
8829,aktd.,Industrials,Japan,12,8%,6
2017,hitd.,Information Technology,South Korea,31,-8%,2
917,ostd.,Materials,Japan,39,8%,3
796,iptd.,Information Technology,Japan,21,-1%,5
7762,ortd.,Industrials,Hong Kong,56,3%,0
9056,asion,Information Technology,Japan,87,-8%,2
9727,LAion,Information Technology,Taiwan,23,-6%,4
1037,.Ktd.,Consumer Discretionary,Japan,61,0%,3
2117,amtd.,Financials,South Korea,32,-8%,0
2103,JMtd.,Consumer Discretionary,South Korea,75,-1%,7
2277,S ion,Consumer Discretionary,South Korea,81,3%,4
2625,ignc.,Industrials,China,29,7%,1
546,hetd.,Financials,Japan,5,4%,0
7830,haLtd,Consumer Discretionary,Singapore,0,-8%,4
2668,ernc.,Healthcare,United States,63,2%,0
9952,ndrp.,Materials,Canada,78,1%,0
1351,TItd.,Information Technology,South Korea,9,-4%,6
1628,aetd.,Industrials,South Korea,3,0%,2
293,icted,Consumer Discretionary,India,46,-7%,4
8038,eitd.,Information Technology,China,4,1%,2
8491,ontd.,Materials,Japan,42,-4%,6
1903,ustd.,Consumer Discretionary,South Korea,80,4%,5
363,roPLC,Industrials,Sri Lanka,8,-3%,3
3168,orany,Industrials,United States,99,2%,6
8897,imtd.,Industrials,Japan,86,-8%,8
8393,rotd.,Information Technology,Japan,75,7%,6
8771,hetd.,Industrials,Japan,66,5%,7
2297,C Ltd,Industrials,South Korea,83,-1%,1
877,eptd.,Consumer Discretionary,Japan,100,1%,2
8263,ultd.,Consumer Staples,Japan,23,7%,8
1596,EStd.,Information Technology,South Korea,74,-4%,0
385,ypPlc,Consumer Discretionary,Cyprus,87,7%,3
9193,hrtd.,Consumer Staples,Japan,45,-6%,5
7810,actd.,Real Estate,Thailand,93,4%,8
683,PIion,Information Technology,Taiwan,80,-5%,7
1025,outd.,Industrials,Japan,97,-1%,4
1400,intd.,Information Technology,South Korea,27,5%,2
9026,ontd.,Information Technology,Japan,19,-2%,6
704,D ion,Industrials,Taiwan,1,3%,2
9238,ihtd.,Industrials,Japan,46,8%,1
7816,PCted,Utilities,Thailand,64,4%,7
3354,ninc.,Materials,United States,25,5%,8
4693,agion,Energy,United States,42,-4%,7
2252,JMtd.,Consumer Discretionary,South Korea,91,-4%,4
707,ontd.,Information Technology,Taiwan,80,8%,5
1905,ontd.,Materials,South Korea,26,1%,6
9806,eltd.,Industrials,Taiwan,77,-4%,0
7838,yeted,Consumer Discretionary,Singapore,34,-7%,3
3343,wited,Industrials,United States,18,3%,7
8474,ittd.,Materials,Japan,59,-6%,2
9534,denc.,Industrials,Japan,53,-5%,6
9041,entd.,Information Technology,Japan,37,1%,5
67,omrp.,Industrials,United States,27,-3%,6
1722,egLtd,Consumer Discretionary,South Korea,100,-1%,3
2721,caion,Industrials,United States,6,7%,5
7925,xi.A.,Materials,Chile,32,3%,3
9172,agtd.,Healthcare,Japan,39,-2%,5
2460,ASnc.,Information Technology,South Korea,87,-2%,8
782,MCion,Industrials,Japan,4,3%,8
1780,watd.,Industrials,South Korea,78,0%,8
2236,ootd.,Information Technology,South Korea,33,2%,0
92,riion,Energy,United States,40,1%,3
819,hmtd.,Consumer Staples,Japan,35,6%,6
7912,hated,Industrials,China,90,5%,8
3432,watd.,Consumer Discretionary,Japan,42,8%,2
2021,eotd.,Consumer Discretionary,South Korea,6,7%,5
8207,JStd.,Industrials,Japan,7,-6%,6
9220,annc.,Healthcare,Japan,4,-6%,7
1743,&Cted,Consumer Discretionary,Hong Kong,16,4%,7
9702,IAnc.,Information Technology,Taiwan,59,7%,6
1815,amLtd,Information Technology,South Korea,35,-4%,5
1088,T Tbk,Industrials,Indonesia,80,2%,8
4010,annc.,Healthcare,United States,99,-3%,5
2617,la SA,Healthcare,France,94,4%,7
2180,SRrp.,Industrials,South Korea,37,5%,4
675,unLtd,Consumer Discretionary,Taiwan,43,-8%,8
2975,ulnc.,Materials,China,79,-8%,7
2455,ifnc.,Consumer Discretionary,United States,35,-3%,0
2040,aetd.,Materials,South Korea,86,-5%,2
2072,UKrp.,Information Technology,South Korea,14,1%,6
8360,ok.K.,Consumer Discretionary,Japan,81,-6%,1
7845,yntd.,Energy,Singapore,3,-3%,5
4525,antd.,Consumer Staples,New Zealand,54,4%,1
9609,i td.,Consumer Discretionary,Taiwan,22,-7%,3
2790,lanc.,Consumer Discretionary,United States,87,7%,4
553,ulrp.,Information Technology,Taiwan,57,-8%,0
1062,yongs,Industrials,Japan,66,6%,1
1650,erion,Information Technology,South Korea,32,-3%,6
823,ol.K.,Information Technology,Japan,15,-5%,4
9759,nTtd.,Financials,Taiwan,18,-8%,3
1217,rinc.,Consumer Discretionary,South Korea,100,-7%,5
705,ortd.,Information Technology,Taiwan,47,7%,6
2085,LJtd.,Information Technology,South Korea,91,4%,2
8395,ronc.,Consumer Discretionary,Japan,69,-5%,8
2978,alnc.,Healthcare,United States,9,-5%,7
8759,ottd.,Industrials,Japan,70,4%,1
3302,penc.,Healthcare,United States,21,7%,6
8385,stnc.,Information Technology,Japan,83,7%,8
2698,annc.,Healthcare,United States,100,8%,2
549,n-td.,Consumer Discretionary,Taiwan,51,-2%,7
8873,NTion,Consumer Discretionary,Japan,37,0%,2
2779,udtd.,Information Technology,Israel,77,-1%,5
2223,yunc.,Consumer Discretionary,South Korea,25,3%,1
7737,IStd.,Real Estate,Hong Kong,55,-3%,2
1270,yutd.,Information Technology,South Korea,15,0%,8
1096,T Tbk,Information Technology,Indonesia,8,-2%,0
910,odtd.,Materials,Japan,69,-3%,5
1021,urtd.,Information Technology,Japan,62,6%,8
4694,ic AG,Information Technology,Switzerland,13,-1%,4
2639,ernc.,Healthcare,United States,62,1%,2
8075,iptd.,Industrials,Japan,45,0%,4
72,ornc.,Energy,United States,34,6%,0
9574,niion,Materials,Taiwan,40,-3%,6
2951,tenc.,Energy,Greece,45,4%,4
2585,riion,Consumer Staples,United States,54,-1%,7
2207,K td.,Industrials,South Korea,96,3%,3
9282,amtd.,Consumer Discretionary,Japan,50,8%,7
2123,omtd.,Information Technology,South Korea,76,1%,1
6286,atte),Information Technology,United States,94,-1%,4
2664,riion,Consumer Staples,United States,77,0%,7
9010,entd.,Materials,Japan,38,8%,4
969,K-td.,Information Technology,Japan,20,7%,1
9866,Zcion,Information Technology,Taiwan,61,0%,7
9909,larp.,Materials,United States,45,-1%,1
2258,intd.,Materials,South Korea,87,0%,5
1553,uotd.,Healthcare,South Korea,15,-5%,4
943,omtd.,Industrials,Japan,99,-6%,6
3200,erion,Industrials,United States,14,-4%,2
7711,optd.,Consumer Discretionary,Hong Kong,95,0%,3
8429,eync.,Information Technology,Japan,17,1%,7
2736,linc.,Consumer Staples,United States,95,4%,0
4161,n nc.,Financials,United States,73,1%,6
7825,ilLtd,Information Technology,Singapore,24,4%,4
8635,owtd.,Consumer Discretionary,Japan,65,6%,3
1585,lkion,Information Technology,South Korea,98,0%,5
9256,imtd.,Materials,Japan,92,8%,5
2251,antd.,Consumer Staples,South Korea,4,-7%,8
590,octd.,Information Technology,Taiwan,21,3%,6
893,attd.,Materials,Japan,92,3%,0
1471,optd.,Information Technology,South Korea,100,7%,3
2420,irnc.,Industrials,United States,19,-6%,6
1608,antd.,Industrials,South Korea,51,-3%,0
178,ig.A.,Information Technology,Italy,82,2%,5
1158,.Ihad,Industrials,Malaysia,36,-5%,6
9532,hbtd.,Industrials,Japan,0,-5%,3
2641,INnc.,Information Technology,United States,46,-5%,8
3239,exion,Energy,United States,42,-2%,2
334,avted,Consumer Staples,India,45,-3%,5
1054,acion,Industrials,Japan,16,-5%,0
6461,BNted,Telecommunication Services,Australia,74,-1%,7
7760,UNtd.,Information Technology,Hong Kong,36,4%,1
1218,yutd.,Healthcare,South Korea,81,3%,7
9243,hotd.,Consumer Discretionary,Japan,86,2%,4
3238,ictd.,Information Technology,United States,27,-4%,7
2900,SPnc.,Information Technology,United States,2,-3%,7
9463,isnc.,Telecommunication Services,Japan,49,-6%,3
2610,heany,Industrials,United States,99,-4%,2
8754,ipted,Industrials,Japan,82,-4%,0
8092,onion,Industrials,Japan,91,-5%,3
1646,MHtd.,Consumer Discretionary,South Korea,70,-8%,0
2038,outd.,Materials,South Korea,81,-5%,8
9654,ayion,Materials,Taiwan,92,-7%,8
9542,aitd.,Consumer Discretionary,Japan,66,-1%,7
10100,pojna,Consumer Discretionary,Poland,5,-8%,7
1618,olnc.,Healthcare,South Korea,73,-6%,8
8520,ietd.,Information Technology,Japan,57,3%,3
9474,ornc.,Telecommunication Services,Japan,24,7%,3
4755,penc.,Information Technology,United States,19,-4%,8
8532,exion,Information Technology,Japan,27,0%,0
4461,ivnc.,Utilities,United States,93,-8%,8
3321,esion,Energy,United States,95,1%,0
4707,ax.V.,Telecommunication Services,Mexico,52,1%,2
907,panc.,Consumer Discretionary,Japan,37,-8%,7
1308,OREIT,Real Estate,South Korea,18,1%,8
9845,union,Industrials,Taiwan,70,7%,0
8168,oytd.,Consumer Staples,Japan,30,-1%,7
1686,ootd.,Information Technology,South Korea,56,-6%,6
1440,XAnc.,Industrials,South Korea,94,3%,4
2675,etnc.,Healthcare,United States,78,-5%,3
1694,KCnc.,Materials,South Korea,88,5%,5
7726,outd.,Information Technology,Hong Kong,91,4%,4
8712,sotd.,Industrials,Japan,44,-8%,2
7625,URany,Consumer Discretionary,Saudi Arabia,57,7%,6
2618,renc.,Consumer Staples,United States,92,6%,2
8086,aitd.,Industrials,Japan,37,-1%,1
1291,mwnc.,Information Technology,South Korea,83,4%,1
574,ixnc.,Information Technology,Taiwan,22,6%,5
4704,usrp.,Consumer Staples,United States,69,-1%,5
9592,cetd.,Materials,Taiwan,57,4%,4
8656,grtd.,Materials,Japan,99,3%,4
66,asnc.,Industrials,United States,19,-5%,7
9730,tanc.,Information Technology,Taiwan,48,0%,1
1536,NVtd.,Information Technology,South Korea,20,3%,7
8488,SEion,Materials,Japan,14,-1%,0
1098,T Tbk,Materials,Indonesia,58,0%,1
8525,uitd.,Industrials,Japan,71,3%,3
991,iptd.,Information Technology,Japan,70,-6%,1
1540,untd.,Consumer Discretionary,South Korea,73,-6%,1
821,FCtd.,Consumer Staples,Japan,4,6%,8
9077,antd.,Information Technology,Japan,85,0%,3
8704,ected,Industrials,Japan,55,0%,2
488,va SA,Information Technology,France,38,5%,5
2649,atnc.,Consumer Staples,United States,58,8%,0
866,iprp.,Information Technology,Japan,43,0%,0
4739,hi LP,Energy,United States,19,5%,3
1561,DStd.,Information Technology,South Korea,59,3%,4
287,eqtd.,Healthcare,India,45,-7%,4
2477,esion,Healthcare,United States,87,-2%,5
1929,ECtd.,Information Technology,South Korea,49,-1%,0
8428,D td.,Healthcare,Japan,60,6%,6
8739,ip.K.,Materials,Japan,7,2%,1
7640,ibtd.,Consumer Staples,Hong Kong,72,3%,3
3103,arnc.,Information Technology,United States,70,7%,6
3065,annc.,Consumer Discretionary,China,32,7%,3
1422,uytd.,Consumer Discretionary,South Korea,72,-5%,1
9868,huted,Information Technology,China,93,-6%,2
3227,uanc.,Information Technology,United States,76,3%,2
1427,AEion,Energy,South Korea,22,0%,4
2733,ginc.,Information Technology,United States,42,-4%,2
1045,ohtd.,Industrials,Japan,38,-5%,3
2573,NInc.,Healthcare,United States,88,3%,1
3346,ranc.,Information Technology,United States,41,1%,0
1191,amLtd,Healthcare,South Korea,22,1%,4
599,porp.,Information Technology,Taiwan,75,7%,3
9014,iptd.,Consumer Discretionary,Japan,42,3%,5
955,icion,Industrials,Japan,85,0%,6
4729,enion,Energy,United States,26,6%,6
4448,ocnc.,Healthcare,United States,8,2%,3
1208,antd.,Materials,South Korea,6,-3%,4
7741,nsted,Information Technology,Hong Kong,95,-3%,1
2683,ynnc.,Information Technology,United States,93,-5%,5
1336,G ion,Materials,South Korea,99,-3%,0
602,pinc.,Information Technology,Taiwan,88,0%,0
8605,saion,Materials,Japan,66,7%,5
617,ednc.,Consumer Staples,Taiwan,27,3%,4
916,ihtd.,Industrials,Japan,87,1%,5
781,unnc.,Consumer Discretionary,Japan,72,6%,8
8419,MOnc.,Information Technology,Japan,83,2%,8
1543,ptnc.,Information Technology,South Korea,42,-8%,7
959,antd.,Industrials,Japan,75,8%,6
1137,orted,Industrials,South Africa,81,-5%,1
9578,GVion,Consumer Staples,Taiwan,26,6%,4
9643,citd.,Healthcare,Taiwan,50,-2%,0
1600,hunc.,Consumer Discretionary,South Korea,29,5%,2
7792,dvted,Information Technology,Thailand,96,-7%,1
513,nn SA,Information Technology,France,0,-3%,5
2601,igion,Healthcare,United States,19,1%,2
148,ested,Materials,Australia,81,-7%,0
1265,amLtd,Consumer Discretionary,South Korea,69,6%,8
9563,artd.,Consumer Discretionary,Japan,41,7%,2
1452,PGtd.,Industrials,South Korea,88,0%,1
807,ittd.,Information Technology,Japan,90,-8%,2
2062,UAtd.,Consumer Discretionary,South Korea,46,-3%,5
8492,awtd.,Materials,Japan,18,8%,8
28,cmion,Industrials,United States,77,-1%,2
9438,yotd.,Energy,Japan,37,-2%,3
3376,IVnc.,Healthcare,United States,84,-6%,4
1430,hnnc.,Information Technology,South Korea,86,3%,0
1386,GMtd.,Information Technology,South Korea,10,3%,1
9561,lttd.,Industrials,Japan,95,6%,3
1486,AEtd.,Healthcare,South Korea,44,6%,1
2765,renc.,Healthcare,United States,43,-1%,3
2066,yuTD.,Healthcare,South Korea,75,1%,6
1565,ecnc.,Information Technology,South Korea,68,8%,8
9519,SBion,Information Technology,Japan,28,-3%,5
3872,ulnc.,Energy,United States,66,6%,7
8527,aptd.,Information Technology,Japan,55,1%,2
1555,ugtd.,Information Technology,South Korea,36,-3%,2
85,IFnc.,Industrials,United States,36,-4%,8
1798,G td.,Consumer Discretionary,South Korea,98,-2%,1
2638,ifnc.,Consumer Staples,United States,40,2%,0
2244,extd.,Information Technology,South Korea,34,4%,1
4359,elnc.,Healthcare,United States,15,2%,2
9218,urtd.,Industrials,Japan,99,-8%,4
680,ontd.,Industrials,Taiwan,30,0%,7
14,arplc,Energy,United Kingdom,36,-2%,1
4200,arrp.,Information Technology,United States,0,7%,7
2635,eync.,Industrials,United States,47,-4%,7
583,innc.,Information Technology,Taiwan,76,7%,0
9617,lltd.,Industrials,Taiwan,84,2%,0
1076,T Tbk,Consumer Staples,Indonesia,91,-1%,1
9676,ectd.,Information Technology,Taiwan,2,-8%,0
1354,ortd.,Information Technology,South Korea,78,2%,8
2470,usnc.,Telecommunication Services,United States,24,4%,4
2259,iwtd.,Materials,South Korea,48,4%,5
3976,onnc.,Energy,United States,34,-5%,3
8014,iatd.,Industrials,China,71,7%,5
539,igtd.,Consumer Staples,Japan,66,-5%,4
2034,amnc.,Industrials,South Korea,35,-8%,6
430,asted,Financials,Bangladesh,42,-5%,2
8907,IZion,Information Technology,Japan,17,-3%,4
8011,uatd.,Consumer Discretionary,China,31,-6%,1
1227,ortd.,Consumer Staples,South Korea,39,5%,0
10038,anion,Information Technology,Canada,28,0%,6
1404,euLtd,Materials,South Korea,7,7%,2
8214,asrp.,Information Technology,Japan,39,-6%,4
9037,notd.,Information Technology,Japan,100,-3%,2
6742,AAany,Energy,United States,1,-4%,6
1056,yotd.,Information Technology,Japan,52,7%,4
844,ition,Consumer Discretionary,Japan,81,5%,6
8423,aknc.,Information Technology,Japan,68,-4%,6
3244,eanc.,Information Technology,United States,94,2%,7
9047,wiion,Consumer Discretionary,Japan,68,-6%,6
1522,onion,Information Technology,South Korea,17,7%,7
5633,oltd.,Consumer Staples,South Korea,64,2%,1
9725,YSany,Information Technology,Taiwan,44,-8%,5
8437,omion,Information Technology,Japan,19,-1%,1
7785,eetd.,Healthcare,Hong Kong,43,5%,8
1259,antd.,Consumer Discretionary,South Korea,49,1%,4
3427,satd.,Industrials,Japan,97,-7%,3
1527,binc.,Information Technology,South Korea,45,-5%,8
352,IN.E.,Healthcare,Egypt,88,-3%,2
642,eanc.,Information Technology,Taiwan,68,1%,7
8211,ubnc.,Information Technology,Japan,17,0%,5
9270,anion,Industrials,Japan,72,4%,0
3824,xaion,Information Technology,United States,22,-2%,5
8663,ATtd.,Materials,Japan,21,0%,3
898,chtd.,Information Technology,Japan,97,3%,5
9539,iptd.,Industrials,Japan,17,7%,7
8037,hatd.,Materials,China,81,-7%,5
743,ieank,Financials,Vietnam,35,-7%,7
7638,inted,Healthcare,China,81,1%,3
9004,eitd.,Information Technology,Japan,3,-5%,3
1365,CDtd.,Information Technology,South Korea,71,-4%,0
9828,antd.,Materials,Taiwan,98,-1%,0
2677,eanc.,Consumer Discretionary,United States,83,-4%,1
8163,oktd.,Industrials,Japan,41,0%,7
603,TYted,Healthcare,Taiwan,8,5%,1
2518,sstd.,Materials,China,44,7%,0
9024,niion,Information Technology,Japan,82,8%,3
2098,istd.,Materials,South Korea,76,-1%,7
2942,ounc.,Healthcare,United States,28,-1%,3
1214,SCtd.,Materials,South Korea,71,3%,8
710,ontd.,Information Technology,Taiwan,34,-7%,3
977,EItd.,Information Technology,Japan,70,-6%,1
2512,orted,Information Technology,United States,56,-2%,8
8682,hotd.,Financials,Japan,54,-8%,5
2119,ontd.,Consumer Staples,South Korea,89,5%,2
8701,satd.,Materials,Japan,69,1%,6
867,avrp.,Consumer Staples,Japan,51,1%,5
5422,onrp.,Industrials,South Korea,77,-6%,6
4620,hinc.,Consumer Staples,China,71,7%,3
8373,entd.,Information Technology,Japan,64,5%,0
8079,umInc,Industrials,Japan,70,-7%,3
1607,-Snc.,Healthcare,South Korea,17,-4%,4
3890,etrp.,Real Estate,United States,31,-6%,7
4767,eftd.,Consumer Discretionary,Israel,1,8%,7
57,ECrp.,Information Technology,United States,81,0%,3
3085,imany,Consumer Staples,United States,39,4%,6
8019,odtd.,Consumer Discretionary,China,44,8%,5
1524,eltd.,Industrials,South Korea,58,-2%,3
9705,FInc.,Information Technology,Taiwan,57,7%,1
690,asnc.,Information Technology,Taiwan,23,-4%,7
2528,ionc.,Industrials,United States,100,-4%,2
640,n-ted,Information Technology,China,26,-8%,5
1044,ANtd.,Industrials,Japan,93,0%,6
3765,ianc.,Industrials,Greece,15,5%,6
7668,hited,Industrials,Hong Kong,63,-1%,2
4794,obion,Consumer Discretionary,United States,38,-8%,3
4712,orion,Telecommunication Services,United States,9,-6%,4
9333,ootd.,Consumer Discretionary,Japan,96,8%,0
8954,hitd.,Information Technology,Japan,68,-4%,6
1611,ontd.,Industrials,South Korea,74,8%,4
6585,ptnc.,Materials,Canada,33,-4%,3
8231,omtd.,Consumer Staples,Japan,8,-6%,8
9850,amnc.,Information Technology,Taiwan,91,-1%,4
9466,irnc.,Telecommunication Services,Japan,28,4%,5
9623,wetd.,Industrials,Taiwan,66,8%,1
4014,eatd.,Information Technology,United States,41,-5%,4
1357,TNtd.,Consumer Discretionary,South Korea,62,-7%,3
3779,haion,Information Technology,United States,33,2%,8
9837,axion,Materials,Taiwan,46,8%,6
8795,hetd.,Industrials,Japan,67,6%,3
1834,hoion,Consumer Staples,South Korea,8,0%,6
687,ourp.,Information Technology,Taiwan,33,3%,5
1963,ootd.,Materials,South Korea,32,-5%,5
8521,IMtd.,Information Technology,Japan,77,0%,0
3426,hitd.,Consumer Discretionary,Japan,15,7%,2
1678,nttd.,Information Technology,South Korea,25,-5%,0
9219,vaion,Industrials,Japan,91,-6%,5
3201,mpnc.,Information Technology,United States,62,5%,1
1969,ontd.,Materials,South Korea,65,-3%,2
8414,IOnc.,Information Technology,Japan,42,-7%,8
9263,iurp.,Industrials,Japan,59,4%,0
1219,YUted,Consumer Discretionary,South Korea,67,-7%,7
4551,ap AB,Information Technology,Sweden,82,-4%,3
9060,katd.,Information Technology,Japan,91,3%,7
8292,ugtd.,Consumer Staples,Japan,86,-3%,1
5529,Zctd.,Information Technology,Israel,9,3%,1
1587,ljtd.,Industrials,South Korea,23,-4%,4
435,inesh,Consumer Discretionary,Bangladesh,16,-1%,0
528,od SA,Information Technology,France,14,-6%,8
9896,hitd.,Consumer Discretionary,Taiwan,22,2%,7
4068,odnc.,Information Technology,United States,53,5%,7
2623,uinc.,Information Technology,United States,24,4%,5
1656,OPTD.,Materials,South Korea,94,-7%,5
883,ONtd.,Healthcare,Japan,9,-4%,2
1077,T Tbk,Healthcare,Indonesia,89,4%,7
872,ujion,Information Technology,Japan,32,0%,3
8222,aptd.,Consumer Discretionary,Japan,87,1%,3
8062,kync.,Real Estate,Canada,98,-4%,0
8426,MO.K.,Information Technology,Japan,9,-2%,2
919,oktd.,Materials,Japan,64,-1%,8
8031,intd.,Information Technology,China,23,2%,0
719,ction,Consumer Discretionary,Taiwan,29,4%,1
4276,afnc.,Industrials,Monaco,30,4%,7
1046,GPion,Industrials,Japan,22,6%,8
3124,omnc.,Healthcare,United States,43,6%,1
146,hited,Information Technology,Australia,2,8%,6
8865,piion,Information Technology,Japan,10,5%,1
1462,TCnc.,Healthcare,South Korea,32,6%,6
1421,aetd.,Consumer Discretionary,South Korea,38,-1%,5
1668,setd.,Information Technology,South Korea,9,7%,6
9883,aiion,Consumer Discretionary,China,42,0%,2
41,omnc.,Industrials,United States,75,8%,2
4116,L nc.,Industrials,United States,64,-5%,5
2754,menc.,Information Technology,United States,0,7%,0
8435,d-ion,Information Technology,Japan,32,-5%,5
9912,vcnc.,Industrials,Canada,67,2%,5
7870,hatd.,Industrials,China,99,1%,4
1069,iktd.,Industrials,Japan,6,7%,1
8536,airp.,Materials,Japan,34,-2%,1
2100,AEtd.,Materials,South Korea,41,1%,3
4766,annc.,Consumer Discretionary,United States,69,-6%,3
9788,piion,Information Technology,Taiwan,13,-4%,0
7833,anted,Information Technology,Singapore,91,-8%,7
1635,getd.,Consumer Discretionary,South Korea,78,-2%,4
1162,ekBhd,Materials,Malaysia,45,1%,8
1548,OTtd.,Information Technology,South Korea,74,-4%,7
3194,DFnc.,Information Technology,United States,85,4%,6
1774,S td.,Industrials,South Korea,96,5%,8
1022,ndtd.,Consumer Discretionary,Japan,55,-6%,6
2010,ustd.,Materials,South Korea,95,6%,3
1026,ektd.,Industrials,Japan,88,8%,6
2694,ecnc.,Information Technology,United States,89,-7%,5
2887,ytted,Healthcare,United States,17,8%,0
1382,antd.,Information Technology,South Korea,54,1%,4
934,octd.,Consumer Discretionary,Japan,82,-6%,7
3419,hutd.,Materials,Japan,66,1%,5
1027,irtd.,Industrials,Japan,99,7%,2
2027,onLtd,Consumer Staples,South Korea,99,7%,8
1470,aptd.,Industrials,South Korea,82,-3%,6
9478,honc.,Consumer Discretionary,Japan,97,-3%,4
1728,uttd.,Consumer Staples,South Korea,78,2%,5
3800,nznc.,Healthcare,United States,17,-2%,4
9793,-Tion,Information Technology,Taiwan,66,-5%,0
3531,rc LP,Energy,United States,90,2%,1
8986,XEion,Information Technology,Japan,67,-3%,6
1840,uktd.,Healthcare,South Korea,36,-2%,3
1057,retd.,Information Technology,Japan,83,-1%,6
8032,atnc.,Information Technology,China,67,-3%,8
9479,mpnc.,Consumer Discretionary,Japan,89,4%,5
3240,epion,Healthcare,United States,22,-7%,1
4162,omnc.,Telecommunication Services,United States,10,-8%,8
2624,arnc.,Healthcare,United States,24,-7%,4
8806,ecnc.,Consumer Discretionary,Japan,59,-8%,5
9744,inion,Industrials,Taiwan,20,0%,5
637,brion,Information Technology,Taiwan,53,4%,7
9812,diion,Information Technology,Taiwan,2,0%,8
9622,ndrp.,Industrials,Taiwan,71,8%,6
9034,apion,Information Technology,Japan,87,2%,1
8421,ystd.,Information Technology,Japan,48,-3%,7
945,aztd.,Information Technology,Japan,86,-4%,1
9667,ubnc.,Consumer Discretionary,Taiwan,83,-8%,5
1580,yuLTD,Information Technology,South Korea,22,7%,2
9717,uxion,Information Technology,Taiwan,46,-2%,6
2758,ninc.,Healthcare,United States,34,-8%,4
1634,eMtd.,Information Technology,South Korea,38,-2%,3
8354,iptd.,Consumer Discretionary,Japan,47,-2%,5
8180,ROnc.,Information Technology,Japan,11,-1%,7
9597,icany,Materials,Cayman Islands,35,-4%,7
3697,ARnc.,Energy,United States,89,-5%,4
7928,om.A.,Industrials,Chile,43,5%,1
7667,IEion,Energy,Hong Kong,81,5%,0
9748,hitd.,Industrials,Taiwan,24,2%,8
10104,ygjna,Information Technology,Poland,7,8%,5
723,hetd.,Information Technology,Taiwan,94,4%,7
9873,optd.,Information Technology,Taiwan,80,3%,3
8123,hetd.,Industrials,Japan,74,4%,1
3213,afnc.,Consumer Discretionary,United States,85,1%,5
748,ieany,Materials,Vietnam,87,1%,4
9781,merp.,Information Technology,Taiwan,7,-2%,5
1261,HWtd.,Industrials,South Korea,26,-6%,2
1951,ONion,Materials,South Korea,59,0%,3
1215,aitd.,Information Technology,South Korea,96,-6%,6
1783,ohtd.,Consumer Staples,South Korea,83,0%,0
8,miplc,Information Technology,United Kingdom,47,3%,8
2684,ypnc.,Consumer Discretionary,United States,7,1%,5
8840,lotd.,Consumer Discretionary,Japan,40,-8%,8
628,intd.,Consumer Discretionary,Taiwan,76,6%,2
10103,PNjna,Information Technology,Poland,100,8%,8
4682,imCo.,Industrials,United States,31,2%,4
10089,rz.A.,Consumer Discretionary,Poland,74,-1%,1
8219,elion,Information Technology,Japan,70,-2%,6
4079,arted,Information Technology,United States,41,0%,3
8043,einc.,Healthcare,China,5,-7%,3
10012,eunc.,Consumer Discretionary,United States,86,6%,1
1236,HItd.,Industrials,South Korea,56,7%,6
4894,mec.),Industrials,United States,22,6%,8
2609,MCion,Information Technology,United States,61,-8%,3
4494,or LP,Energy,United States,47,1%,3
3329,riplc,Healthcare,Ireland,97,0%,3
2598,SPnc.,Information Technology,United States,44,-8%,4
7850,unted,Information Technology,Singapore,55,7%,1
2465,xaion,Healthcare,United States,0,5%,8
2633,omnc.,Information Technology,United States,59,6%,5
8556,ortd.,Consumer Staples,Japan,91,-1%,8
1732,M nc.,Information Technology,South Korea,79,5%,4
1870,amtd.,Materials,South Korea,46,7%,3
1961,I td.,Materials,South Korea,4,7%,7
1030,aptd.,Materials,Japan,13,-7%,7
2171,kdion,Healthcare,South Korea,58,-2%,1
1086,T Tbk,Materials,Indonesia,71,-5%,0
9712,iprp.,Industrials,Taiwan,14,7%,4
6523,JKon),Information Technology,Japan,60,6%,3
8552,iotd.,Healthcare,Japan,16,4%,7
1059,aptd.,Information Technology,Japan,45,-8%,3
5053,reion,Industrials,United States,93,0%,2
8002,ubLtd,Materials,China,79,-6%,5
878,ayion,Consumer Discretionary,Japan,63,-3%,7
110,PNtd.,Consumer Discretionary,Australia,70,6%,5
9768,TEnc.,Information Technology,Taiwan,60,6%,1
606,ostd.,Healthcare,Taiwan,80,-5%,7
9884,leted,Industrials,Taiwan,78,-7%,3
1742,loted,Industrials,South Korea,98,3%,1
2586,SQion,Information Technology,United States,97,0%,3
9741,adtd.,Real Estate,Taiwan,99,1%,8
2588,agtd.,Telecommunication Services,Israel,1,8%,7
1297,eotd.,Information Technology,South Korea,47,7%,8
1463,watd.,Healthcare,South Korea,17,-5%,0
9455,ipion,Industrials,Japan,29,-8%,4
1924,untd.,Industrials,South Korea,26,-5%,3
10065,orrp.,Energy,United States,18,-6%,0
8279,shtd.,Consumer Staples,Japan,11,1%,4
53,lonc.,Telecommunication Services,United States,43,-5%,3
714,irtd.,Information Technology,Taiwan,74,-5%,4
339,grJSC,Industrials,Bulgaria,7,8%,7
2220,ision,Industrials,South Korea,49,5%,5
2540,&Wany,Consumer Staples,United States,7,4%,2
8813,IGnc.,Industrials,Japan,79,7%,5
8372,olion,Information Technology,Japan,53,-8%,3
2686,ATtd.,Industrials,Israel,46,-6%,2
1717,eotd.,Consumer Discretionary,South Korea,62,6%,1
9716,ietd.,Information Technology,Taiwan,4,4%,3
8046,antd.,Industrials,China,42,-8%,3
1865,HQnc.,Consumer Discretionary,South Korea,41,-4%,8
2456,LHrp.,Industrials,United States,49,6%,0
9547,ev.k.,Consumer Discretionary,Japan,70,4%,7
1687,oltd.,Industrials,South Korea,65,-4%,6
4709,ebnc.,Consumer Discretionary,United States,78,-6%,2
729,uotd.,Industrials,Taiwan,34,5%,3
8337,tanc.,Industrials,Japan,81,-6%,0
489,ve.A.,Consumer Discretionary,France,63,-4%,6
930,waion,Industrials,Japan,30,5%,5
9851,arion,Information Technology,Taiwan,51,-6%,0
1232,octd.,Information Technology,South Korea,40,3%,8
2201,ljtd.,Industrials,South Korea,94,-4%,3
1830,umtd.,Industrials,South Korea,25,-5%,5
9656,hitd.,Materials,Taiwan,16,-3%,6
2410,artd.,Industrials,Mauritius,42,1%,5
9446,ugtd.,Industrials,Japan,9,7%,1
9462,ipion,Consumer Discretionary,Japan,69,8%,2
909,ipnc.,Consumer Staples,Japan,99,2%,4
2657,menc.,Industrials,United States,94,-8%,6
2594,inrp.,Consumer Discretionary,United States,70,0%,4
8561,uktd.,Materials,Japan,18,-5%,4
4764,tenc.,Energy,United States,92,0%,2
2155,sarp.,Consumer Discretionary,South Korea,74,-7%,8
9540,satd.,Information Technology,Japan,19,-4%,8
1836,RInc.,Healthcare,South Korea,80,6%,6
7805,ohted,Industrials,Thailand,28,6%,8
589,hetd.,Information Technology,Taiwan,100,-8%,4
928,entd.,Industrials,Japan,19,-1%,6
923,owtd.,Industrials,Japan,48,-8%,2
789,rotd.,Information Technology,Japan,98,2%,8
8880,oktd.,Industrials,Japan,99,1%,1
1047,J nc.,Information Technology,Japan,76,-7%,6
2578,roion,Industrials,United States,67,5%,6
717,arorp,Information Technology,Taiwan,47,5%,3
8868,astd.,Industrials,Japan,62,-5%,4
8689,retd.,Healthcare,Japan,34,0%,3
1571,watd.,Consumer Discretionary,South Korea,23,-2%,1
9573,hirp.,Materials,Taiwan,90,-8%,7
1203,J td.,Information Technology,South Korea,55,6%,2
953,aktd.,Information Technology,Japan,97,-3%,1
8270,ietd.,Consumer Staples,Japan,7,-1%,3
9094,iptd.,Industrials,Japan,34,1%,5
358,pited,Consumer Discretionary,Singapore,88,-6%,1
3112,acnc.,Healthcare,United States,6,-1%,6
2615,uenc.,Industrials,United States,29,3%,5
956,odtd.,Industrials,Japan,67,8%,4
7660,CTted,Financials,Hong Kong,63,-4%,7
1356,eerp.,Information Technology,South Korea,26,-8%,8
8738,ip.K.,Materials,Japan,97,-7%,4
1872,aetd.,Consumer Discretionary,South Korea,22,2%,3
2497,ivted,Consumer Discretionary,United States,56,-3%,7
3186,acnc.,Healthcare,United States,39,6%,6
7971,iatd.,Utilities,China,73,-2%,3
1684,G td.,Utilities,South Korea,22,-4%,8
2092,ontd.,Materials,South Korea,21,-4%,3
2489,tenc.,Information Technology,United States,79,-7%,4
8243,etnc.,Industrials,Japan,19,8%,7
581,AItd.,Information Technology,Taiwan,22,3%,1
9591,ahion,Consumer Discretionary,Taiwan,52,-7%,4
2763,ppnc.,Energy,United States,51,-6%,2
1671,intd.,Information Technology,South Korea,69,6%,1
2469,onion,Healthcare,United States,46,4%,3
2048,utnc.,Consumer Discretionary,South Korea,27,0%,4
1017,MVion,Information Technology,Japan,12,-5%,1
1432,ontd.,Consumer Staples,South Korea,78,-7%,8
1544,emtd.,Information Technology,South Korea,4,0%,7
10019,aitd.,Energy,Canada,36,-8%,0
1152,rehad,Information Technology,Malaysia,95,-4%,0
8450,imnc.,Information Technology,Japan,2,7%,1
8853,ecrp.,Industrials,Japan,77,-6%,0
9065,ostd.,Information Technology,Japan,11,-3%,7
9537,uknc.,Information Technology,Japan,17,-1%,7
1332,inrp.,Information Technology,South Korea,45,-6%,3
8462,kanc.,Information Technology,Japan,69,2%,8
7698,CTted,Information Technology,Hong Kong,98,-2%,6
8453,igion,Information Technology,Japan,33,-3%,4
7648,unted,Materials,Hong Kong,74,5%,0
1888,amtd.,Materials,South Korea,16,3%,5
7866,nhted,Information Technology,China,27,-4%,5
8239,ninc.,Consumer Staples,Japan,69,3%,8
674,ponc.,Industrials,Taiwan,5,6%,5
7438,arcy),Energy,United States,68,-3%,3
8319,zeion,Consumer Discretionary,Japan,53,2%,7
676,wanc.,Telecommunication Services,Taiwan,68,-7%,8
1282,annc.,Information Technology,South Korea,7,-2%,1
8881,shtd.,Information Technology,Japan,94,-1%,3
8439,ybtd.,Information Technology,Japan,32,-8%,0
8885,reion,Consumer Discretionary,Japan,58,-3%,7
1572,astd.,Information Technology,South Korea,41,8%,1
3451,onted,Materials,India,20,-2%,4
8852,amRP.,Industrials,Japan,60,-6%,5
3266,eanc.,Information Technology,United States,58,-5%,1
9958,NTion,Industrials,Canada,96,-7%,3
432,FIted,Financials,Bangladesh,11,3%,2
7716,onted,Consumer Discretionary,Hong Kong,86,-7%,5
4743,annc.,Information Technology,United States,25,-8%,2
9275,ihnc.,Industrials,Japan,99,6%,7
1654,nanc.,Information Technology,South Korea,74,7%,8
2753,meion,Industrials,United States,61,4%,8
2653,annc.,Healthcare,United States,67,3%,5
2454,UInc.,Information Technology,United States,23,-6%,3
4687,aPnc.,Materials,United States,8,0%,5
2636,aknc.,Consumer Discretionary,United States,10,2%,4
1660,J td.,Materials,South Korea,9,-3%,5
2655,ovnc.,Consumer Discretionary,United States,53,5%,1
1408,sitd.,Industrials,South Korea,25,-7%,4
2659,xfPLC,Healthcare,United Kingdom,57,-3%,0
9237,nonc.,Consumer Discretionary,Japan,38,-1%,4
15,aiplc,Consumer Discretionary,United Kingdom,69,-4%,4
2524,lunc.,Industrials,United States,94,6%,1
1402,GAtd.,Information Technology,South Korea,48,5%,8
1510,orion,Information Technology,South Korea,100,8%,0
8399,YBTD.,Information Technology,Japan,12,1%,4
2696,SAnc.,Information Technology,United States,81,3%,0
2012,UYtd.,Industrials,South Korea,12,0%,7
1039,iktd.,Consumer Discretionary,Japan,88,-1%,5
9786,ptrp.,Information Technology,Taiwan,76,4%,7
9785,anted,Information Technology,Taiwan,67,3%,8
4592,dvnc.,Industrials,United States,18,0%,1
1441,vmtd.,Industrials,South Korea,47,5%,0
1560,hitd.,Information Technology,South Korea,66,-6%,2
9917,alnc.,Industrials,Canada,53,0%,4
2312,vaPLC,Industrials,Singapore,21,5%,0
1416,Kbtd.,Consumer Staples,South Korea,84,8%,4
700,MPnc.,Information Technology,Taiwan,63,-6%,6
1535,abnc.,Information Technology,South Korea,83,0%,0
4536,ooASA,Industrials,Norway,53,0%,2
658,perp.,Information Technology,Taiwan,50,4%,3
989,ELion,Information Technology,Japan,2,-6%,6
4900,nac.),Healthcare,United States,51,1%,5
817,K td.,Consumer Staples,Japan,46,-6%,3
2689,annc.,Healthcare,United States,23,4%,5
10,vaPLC,Telecommunication Services,United Kingdom,39,-7%,6
7771,hited,Information Technology,Hong Kong,73,-8%,3
774,anion,Industrials,Japan,29,-4%,2
8955,-Sion,Materials,Japan,80,0%,8
677,rotd.,Information Technology,Taiwan,44,2%,1
5910,nnion,Information Technology,China,47,-5%,8
1784,niion,Materials,South Korea,32,5%,3
1562,tetd.,Materials,South Korea,63,-6%,1
9630,hiion,Industrials,Taiwan,65,-3%,4
655,eonc.,Information Technology,Taiwan,22,0%,5
23,prPLC,Consumer Discretionary,United Kingdom,39,1%,1
3095,exnc.,Healthcare,United States,50,5%,2
52,olorp,Materials,United States,19,2%,2
1528,uktd.,Materials,South Korea,32,-8%,1
9510,CAion,Information Technology,Japan,97,8%,7
1837,ontd.,Materials,South Korea,80,-4%,0
1530,oltd.,Consumer Discretionary,South Korea,22,-3%,3
1399,aetd.,Consumer Discretionary,South Korea,45,-8%,6
2695,ltion,Industrials,United States,96,4%,8
9755,aitd.,Industrials,Taiwan,37,4%,1
1803,YCtd.,Consumer Discretionary,South Korea,33,-6%,7
2445,hinc.,Consumer Staples,China,39,1%,1
9826,intd.,Industrials,Taiwan,56,7%,4
8351,S td.,Information Technology,Japan,62,1%,3
2120,ONion,Information Technology,South Korea,61,3%,6
8285,satd.,Consumer Staples,Japan,61,4%,1
1594,SCtd.,Information Technology,South Korea,46,-2%,7
7731,hited,Consumer Discretionary,Hong Kong,23,4%,8
2566,plrp.,Information Technology,United States,21,-7%,7
8535,anted,Materials,Japan,26,-3%,2
8920,oanc.,Industrials,Japan,78,4%,3
2785,XTnc.,Information Technology,United States,48,-5%,6
44,PInc.,Industrials,United States,44,1%,1
2449,orted,Healthcare,United States,41,1%,7
932,uptd.,Industrials,Japan,54,-6%,0
9888,aotd.,Industrials,Taiwan,9,5%,6
1211,aetd.,Consumer Discretionary,South Korea,70,6%,7
843,oktd.,Industrials,Japan,0,-4%,6
2562,. td.,Consumer Staples,Israel,87,6%,4
861,acion,Information Technology,Japan,37,3%,5
10131,is AG,Information Technology,Germany,2,3%,7
1290,amtd.,Industrials,South Korea,60,-8%,3
1518,ootd.,Consumer Staples,South Korea,60,-6%,2
950,hotd.,Information Technology,Japan,51,2%,8
1355,IOion,Healthcare,South Korea,31,-1%,3
2526,ophip,Materials,United States,20,8%,5
2507,RVnc.,Information Technology,United States,94,7%,4
836,uftd.,Consumer Discretionary,Japan,40,8%,1
2960,oltd.,Energy,Bermuda,43,-8%,0
3357,TSrp.,Information Technology,Hong Kong,2,0%,2
3042,ntnc.,Information Technology,United States,31,-1%,4
1756,R td.,Consumer Discretionary,South Korea,74,-7%,8
10008,ovnc.,Healthcare,Canada,63,6%,4
1475,RTrp.,Telecommunication Services,South Korea,5,3%,7
1192,ootd.,Energy,South Korea,53,-7%,5
7823,hated,Consumer Discretionary,Thailand,92,-2%,6
9749,hirp.,Industrials,Taiwan,77,5%,1
8185,oonc.,Information Technology,Japan,88,-2%,7
1838,hitd.,Consumer Discretionary,South Korea,48,5%,8
1341,acnc.,Healthcare,South Korea,27,6%,8
3367,ip LP,Energy,United States,33,4%,7
1465,Linc.,Information Technology,South Korea,76,3%,3
2253,ortd.,Real Estate,South Korea,46,-7%,2
1190,litd.,Consumer Staples,South Korea,30,8%,3
1738,litd.,Consumer Staples,South Korea,46,7%,3
100,idrp.,Information Technology,United States,92,4%,4
1166,MWhad,Energy,Malaysia,20,-1%,3
986,EOtd.,Information Technology,Japan,2,-1%,0
1651,entd.,Consumer Staples,South Korea,36,6%,4
644,uxion,Information Technology,Taiwan,78,-3%,4
4275,conc.,Industrials,Monaco,92,4%,4
1639,-Std.,Information Technology,South Korea,29,-1%,7
487,RE SA,Industrials,France,68,1%,6
64,onany,Energy,United States,33,7%,5
4663,ntnc.,Information Technology,United States,20,8%,5
799,artd.,Healthcare,Japan,78,6%,5
1792,uktd.,Industrials,South Korea,7,3%,3
1035,aptd.,Consumer Discretionary,Japan,52,2%,8
2596,lenc.,Information Technology,United States,58,2%,4
1273,eotd.,Industrials,South Korea,95,1%,8
1262,ewion,Consumer Discretionary,South Korea,20,-3%,5
8311,AItd.,Consumer Discretionary,Japan,11,5%,6
8839,ITnc.,Consumer Discretionary,Japan,76,-1%,8
1591,MTtd.,Information Technology,South Korea,6,-7%,2
9596,.Ctd.,Consumer Discretionary,Taiwan,71,0%,6
703,aitd.,Industrials,Taiwan,10,8%,4
8182,DStd.,Information Technology,Japan,59,0%,7
7635,lited,Consumer Discretionary,Hong Kong,95,-5%,3
36,alInc,Consumer Discretionary,United States,33,0%,5
1680,outd.,Information Technology,South Korea,34,-7%,2
933,yonc.,Industrials,Japan,57,-5%,7
9799,ninc.,Information Technology,Taiwan,37,-3%,0
7811,reted,Information Technology,Thailand,22,-1%,6
2663,ernc.,Information Technology,United States,35,0%,3
2505,eenc.,Information Technology,United States,38,-8%,3
795,uetd.,Information Technology,Japan,35,1%,5
1677,rerp.,Healthcare,South Korea,14,4%,7
2491,ofnc.,Consumer Staples,United States,52,-4%,2
9751,aitd.,Industrials,Taiwan,68,-5%,5
8584,aitd.,Healthcare,Japan,100,1%,4
1242,intd.,Consumer Staples,South Korea,90,5%,0
2306,ar.C.,Financials,Kuwait,83,8%,3
8184,intd.,Healthcare,Japan,82,7%,7
1500,elnc.,Healthcare,South Korea,15,-1%,8
745,AIany,Materials,Vietnam,60,7%,7
8785,yotd.,Consumer Discretionary,Japan,83,-4%,8
4781,asnc.,Healthcare,United States,83,8%,4
939,ujted,Information Technology,Japan,75,-8%,7
8638,ybnc.,Information Technology,Japan,87,4%,3
8526,E td.,Healthcare,Japan,81,6%,0
633,ilnc.,Information Technology,Taiwan,90,5%,1
1226,PEtd.,Industrials,South Korea,37,-8%,4
540,artd.,Consumer Staples,Japan,10,0%,0
1883,amrp.,Consumer Discretionary,South Korea,40,-2%,6
31,iroup,Industrials,United States,51,5%,1
2452,ronc.,Consumer Discretionary,United States,33,2%,2
8034,LZLtd,Information Technology,China,40,2%,0
1937,amtd.,Consumer Discretionary,South Korea,12,-3%,7
9231,ekion,Information Technology,Japan,78,-2%,7
2773,tlion,Financials,United States,67,-7%,5
2515,riInc,Industrials,United States,8,-3%,4
1034,oktd.,Industrials,Japan,72,-4%,7
4653,amted,Consumer Discretionary,United States,49,-5%,2
2451,apion,Industrials,United States,70,2%,6
8055,edtd.,Healthcare,Israel,80,2%,1
8313,amrp.,Consumer Discretionary,Japan,96,-2%,7
1490,W ion,Healthcare,South Korea,85,-4%,1
1124,asted,Industrials,South Africa,67,-4%,8
356,egted,Industrials,Singapore,93,-3%,1
2832,EVnc.,Information Technology,United States,73,6%,0
50,rited,Materials,United States,14,2%,5
3305,urnc.,Healthcare,United States,48,7%,5
2614,xaion,Information Technology,United States,22,-8%,3
2646,kyted,Information Technology,China,96,-6%,8
1142,ertd.,Healthcare,Pakistan,89,-7%,2
434,heted,Financials,Bangladesh,100,-6%,1
775,akion,Industrials,Japan,33,-6%,7
1977,antd.,Healthcare,South Korea,15,6%,1
1568,T td.,Information Technology,South Korea,15,0%,5
579,iktd.,Information Technology,Taiwan,68,-8%,7
1746,BItd.,Information Technology,Japan,70,-5%,4
8889,shtd.,Industrials,Japan,72,-7%,1
924,satd.,Industrials,Japan,80,3%,5
1446,KCtd.,Information Technology,South Korea,70,5%,2
987,ikion,Industrials,Japan,67,-4%,2
508,uiyme,Information Technology,France,95,-2%,4
783,obion,Information Technology,Japan,2,-1%,2
9495,F-nc.,Industrials,Japan,28,1%,1
4110,atnc.,Energy,United States,36,6%,0
925,ICnc.,Materials,Japan,96,-2%,2
4427,niust,Real Estate,United States,27,7%,1
59,nunc.,Information Technology,United States,29,-4%,2
9732,mptd.,Information Technology,Taiwan,56,8%,2
2859,ovion,Information Technology,United States,84,4%,7
8661,aptd.,Materials,Japan,63,6%,3
9897,enLtd,Materials,Taiwan,86,5%,3
887,edtd.,Healthcare,Japan,32,8%,3
1516,exion,Consumer Discretionary,South Korea,54,1%,4
8176,emtd.,Consumer Discretionary,Japan,29,5%,0
1420,intd.,Healthcare,South Korea,100,7%,6
8812,bitd.,Industrials,Japan,78,8%,1
8846,shtd.,Industrials,Japan,48,-2%,1
177,ADSpA,Information Technology,Italy,35,-5%,0
1150,iaBhd,Consumer Discretionary,Malaysia,19,1%,3
1268,ILLtd,Consumer Staples,South Korea,74,8%,7
3945,ndnc.,Energy,United States,32,4%,4
4686,ocion,Information Technology,United States,95,-4%,7
627,hitd.,Consumer Discretionary,Taiwan,92,1%,2
8801,anion,Industrials,Japan,39,2%,0
8655,DS.K.,Materials,Japan,26,-8%,0
2065,waLtd,Industrials,South Korea,21,4%,6
567,hiion,Information Technology,Taiwan,99,-6%,6
988,vaion,Information Technology,Japan,92,0%,7
1095,T Tbk,Consumer Staples,Indonesia,4,4%,0
713,BItd.,Information Technology,Taiwan,13,-5%,4
647,ontd.,Materials,Taiwan,60,-6%,5
1209,onion,Consumer Discretionary,South Korea,82,2%,4
9713,ootd.,Information Technology,Taiwan,12,0%,3
1683,vatd.,Information Technology,South Korea,3,-8%,4
1313,olnc.,Healthcare,South Korea,58,0%,0
1964,l td.,Consumer Discretionary,South Korea,62,-1%,7
1991,ICLtd,Consumer Discretionary,South Korea,68,3%,0
649,ystd.,Information Technology,Taiwan,99,5%,4
89,ratd.,Energy,United States,96,-3%,5
839,osted,Healthcare,Japan,92,-1%,5
3394,esnc.,Information Technology,United States,8,2%,0
4642,menc.,Energy,United States,31,8%,2
828,renc.,Industrials,Japan,86,-4%,0
1000,ATion,Consumer Discretionary,Japan,68,6%,7
9600,unLtd,Consumer Discretionary,Taiwan,85,-3%,6
1485,oyion,Information Technology,South Korea,18,-1%,4
9642,intd.,Healthcare,Taiwan,45,0%,8
1740,ostd.,Consumer Staples,South Korea,27,-7%,6
2620,lonc.,Information Technology,Hong Kong,10,-8%,1
9775,rirp.,Information Technology,Taiwan,31,-2%,4
2513,etnc.,Information Technology,United States,88,2%,3
9835,icrp.,Information Technology,Taiwan,26,4%,7
659,oytd.,Information Technology,Taiwan,13,5%,4
8427,retd.,Information Technology,Japan,46,-3%,1
981,F rp.,Information Technology,Japan,88,-2%,4
8397,-cnc.,Information Technology,Japan,83,5%,5
82,asnc.,Consumer Staples,United States,0,-3%,3
711,harp.,Information Technology,Taiwan,69,-4%,3
8979,eitd.,Information Technology,Japan,79,7%,1
556,urtd.,Industrials,Taiwan,35,-1%,1
6392,orion,Information Technology,Japan,6,3%,6
1689,NTtd.,Information Technology,South Korea,55,-5%,7
285,inted,Energy,India,75,-6%,1
2700,inrp.,Consumer Discretionary,United States,65,-6%,8
2891,elnc.,Utilities,United States,73,4%,2
131,ntted,Information Technology,Australia,65,6%,1
8457,&Dtd.,Information Technology,Japan,7,0%,1
4214,etnc.,Energy,United States,42,-8%,1
2599,ybion,Information Technology,United States,47,5%,4
4674,heany,Financials,United States,99,-4%,6
2556,hrnc.,Healthcare,United States,97,-1%,4
1346,"A,nc.",Information Technology,South Korea,81,3%,0
1487,frtd.,Information Technology,South Korea,18,6%,7
1380,ontd.,Industrials,South Korea,19,8%,3
1349,ortd.,Consumer Discretionary,South Korea,2,-4%,0
183,eo.A.,Consumer Discretionary,Italy,99,-2%,6
8323,entd.,Information Technology,Japan,97,-5%,8
5018,ionc.,Healthcare,United States,58,-6%,8
8040,uctd.,Information Technology,China,55,-8%,5
8515,irtd.,Information Technology,Japan,23,-3%,7
73,etnc.,Information Technology,United States,12,5%,1
2697,ernc.,Healthcare,United States,49,0%,3
1339,lctd.,Information Technology,South Korea,68,8%,8
1043,C nc.,Real Estate,Japan,80,4%,5
355,oltd.,Telecommunication Services,Singapore,10,-4%,1
1310,ortd.,Financials,South Korea,100,3%,1
1497,awtd.,Industrials,South Korea,77,7%,7
9639,arLtd,Consumer Staples,Taiwan,17,-6%,4
1589,ertd.,Consumer Discretionary,South Korea,81,-6%,7
908,ntnc.,Information Technology,Japan,34,-2%,1
137,etted,Information Technology,Australia,13,-3%,1
9839,SMnc.,Information Technology,Taiwan,38,2%,1
2954,eoion,Energy,United States,82,5%,0
1523,ontd.,Materials,South Korea,56,-5%,7
1679,arLTD,Industrials,South Korea,8,-8%,0
10073,rcnc.,Energy,British Virgin Islands,38,8%,2
9718,elnc.,Information Technology,Taiwan,50,-2%,5
7745,nfted,Materials,Macau,70,-4%,2
4700,OLnc.,Information Technology,Malaysia,32,8%,8
848,ystd.,Information Technology,Japan,10,0%,2
1070,T Tbk,Consumer Staples,Indonesia,68,-2%,4
7837,SHted,Real Estate,Singapore,57,1%,8
851,xctd.,Information Technology,Japan,21,2%,2
1368,sstd.,Industrials,South Korea,100,-2%,0
881,rinc.,Industrials,Japan,14,-4%,4
2693,henc.,Financials,United States,26,4%,7
4730,raion,Healthcare,United States,25,1%,8
8449,ilion,Information Technology,Japan,55,2%,3
7702,inted,Consumer Discretionary,Hong Kong,20,6%,5
670,ehrp.,Industrials,Taiwan,1,-5%,6
1460,omtd.,Materials,South Korea,46,2%,2
2629,nnnc.,Information Technology,United States,40,-8%,2
7761,MVted,Consumer Discretionary,Hong Kong,33,4%,4
8800,eeLtd,Materials,Japan,45,8%,2
1483,hetd.,Healthcare,South Korea,100,2%,5
1447,MNLtd,Information Technology,South Korea,53,7%,3
1894,ooted,Healthcare,South Korea,52,8%,3
938,aitd.,Industrials,Japan,70,4%,1
681,asLtd,Information Technology,Taiwan,35,1%,6
4607,irnc.,Healthcare,United States,25,-2%,1
1734,aytd.,Healthcare,South Korea,39,0%,6
929,yotd.,Industrials,Japan,58,0%,7
10035,antd.,Materials,Canada,49,7%,4
1509,nftd.,Healthcare,South Korea,77,6%,4
967,pttd.,Information Technology,Japan,70,-5%,1
592,enrp.,Information Technology,Taiwan,63,-6%,4
65,adnc.,Consumer Discretionary,United States,15,5%,8
1601,eenc.,Healthcare,South Korea,55,8%,8
8645,usCo.,Information Technology,Japan,2,5%,8
2552,upnc.,Information Technology,United States,82,4%,5
1652,union,Information Technology,South Korea,3,3%,8
7128,unrps,Information Technology,Taiwan,57,-4%,6
2590,onion,Information Technology,United States,31,-4%,4
565,arorp,Information Technology,Taiwan,66,-2%,7
2681,panc.,Healthcare,United States,2,0%,5
2144,honc.,Consumer Discretionary,South Korea,38,-2%,3
1052,E td.,Consumer Discretionary,Japan,19,0%,3
2812,po LP,Utilities,United States,34,3%,4
1812,hitd.,Materials,South Korea,45,2%,3
9464,matd.,Information Technology,Japan,4,5%,7
4688,igion,Industrials,United States,79,-8%,5
1373,ootd.,Consumer Staples,South Korea,66,4%,6
86,unnc.,Healthcare,United States,12,-8%,4
9913,ltrp.,Utilities,Canada,0,0%,5
1529,aeTD.,Materials,South Korea,52,-6%,3
1626,igtd.,Information Technology,South Korea,38,-7%,6
1549,loLtd,Information Technology,South Korea,68,3%,1
1245,ratd.,Consumer Discretionary,South Korea,97,1%,1
78,fenc.,Healthcare,United States,97,-3%,5
3403,ixion,Information Technology,United States,31,-4%,3
3011,mmnc.,Healthcare,United States,61,4%,4
9720,eatd.,Consumer Discretionary,Taiwan,83,7%,3
4555,5 bl),Information Technology,Sweden,72,4%,3
3786,AAnc.,Energy,United States,90,-5%,3
958,osnc.,Industrials,Japan,19,6%,8
8035,ontd.,Energy,China,90,-4%,5
1445,BMnc.,Consumer Discretionary,South Korea,55,-7%,4
568,dvion,Information Technology,Taiwan,68,-2%,7
1715,iotd.,Information Technology,South Korea,73,7%,3
1392,hotd.,Consumer Discretionary,South Korea,97,-8%,2
1546,umtd.,Information Technology,South Korea,65,0%,0
3293,manc.,Energy,United States,93,1%,1
2501,unted,Information Technology,United States,70,-6%,2
54,asnc.,Energy,United States,29,-5%,4
1745,ewion,Consumer Discretionary,United States,61,-4%,5
1644,D td.,Information Technology,South Korea,0,-7%,4
979,amtd.,Information Technology,Japan,21,5%,3
913,sanc.,Industrials,Japan,80,-1%,1
9357,ikion,Information Technology,Japan,21,-7%,6
604,ynrp.,Healthcare,Taiwan,60,-6%,0
2525,riion,Energy,United States,42,7%,5
1397,PKtd.,Materials,South Korea,54,2%,4
51,ignc.,Information Technology,United States,11,-5%,7
2453,TIion,Consumer Discretionary,United States,20,-7%,1
1415,MBtd.,Consumer Discretionary,South Korea,55,3%,5
9962,sstd.,Energy,Canada,16,3%,7
2527,ernc.,Healthcare,United States,26,7%,6
9901,carp.,Materials,Canada,67,5%,1
573,etnc.,Information Technology,Taiwan,41,8%,6
8534,awTD.,Materials,Japan,82,0%,3
4395,exust,Financials,United States,60,8%,3
4776,ninc.,Energy,United States,37,-5%,6
915,ecnc.,Information Technology,Japan,98,2%,6
9641,perp.,Healthcare,Taiwan,60,3%,2
1435,itLtd,Information Technology,South Korea,21,-2%,5
9733,nfnc.,Information Technology,Taiwan,43,-3%,1
631,anion,Materials,Taiwan,98,7%,6
8212,astd.,Information Technology,Japan,91,-6%,0
1252,eotd.,Industrials,South Korea,53,1%,0
747,ayany,Industrials,Vietnam,2,1%,4
1212,amLtd,Healthcare,South Korea,46,-1%,3
2685,rated,Information Technology,United States,68,1%,7
9844,onion,Industrials,Taiwan,41,-7%,5
3014,mmion,Information Technology,United States,15,0%,7
8487,ittd.,Materials,Japan,95,2%,3
543,antd.,Materials,Japan,43,4%,0
350,ahany,Healthcare,Egypt,5,-5%,1
1410,aerp.,Information Technology,South Korea,22,5%,6
1859,anLtd,Consumer Staples,South Korea,37,-8%,0
813,attd.,Consumer Staples,Japan,42,-3%,4
8391,obtd.,Information Technology,Japan,11,6%,0
2288,W td.,Healthcare,South Korea,7,-5%,1
1557,ltrp.,Information Technology,South Korea,40,8%,1
8810, Ftd.,Healthcare,Japan,40,-3%,1
716,ornc.,Industrials,Taiwan,99,-5%,5
8411,ERion,Information Technology,Japan,52,2%,2
2484,denc.,Information Technology,United States,59,-1%,1
8058,extd.,Telecommunication Services,Israel,2,-2%,6
4134,uSLLC,Energy,United States,61,5%,2
936,ictd.,Industrials,Japan,82,-5%,1
997,ayion,Consumer Discretionary,Japan,55,-5%,7
1672,egtd.,Consumer Discretionary,South Korea,10,3%,1
777,ation,Information Technology,Japan,13,5%,7
1238,aetd.,Materials,South Korea,47,-5%,5
7631,RCted,Materials,Hong Kong,86,8%,7
4731,uaion,Information Technology,United States,26,-3%,4
964,pttd.,Information Technology,Japan,55,0%,2
2920,nenc.,Industrials,United States,17,5%,3
852,ernc.,Information Technology,Japan,32,-7%,3
3054,unnc.,Healthcare,United States,47,-8%,1
7976,ibtd.,Consumer Staples,China,16,-6%,0
4599,ponc.,Healthcare,United States,35,3%,6
656,hetd.,Industrials,Taiwan,99,5%,0
582,aiion,Information Technology,Taiwan,2,-4%,8
2488,srnc.,Energy,United States,99,7%,7
9827,ioion,Healthcare,Taiwan,76,5%,6
1703,intd.,Materials,South Korea,97,2%,1
283,OCted,Materials,India,71,7%,7
2510,etnc.,Information Technology,United States,43,3%,4
630,ahion,Materials,Taiwan,20,3%,0
1361,extd.,Information Technology,South Korea,33,7%,8
307,inted,Industrials,India,77,3%,4
597,ikion,Information Technology,Taiwan,14,1%,0
1631,ontd.,Materials,South Korea,84,2%,2
8039,uatd.,Industrials,China,52,4%,3
626,aitd.,Consumer Discretionary,Taiwan,57,-8%,5
408,in AG,Financials,Germany,21,-1%,5
9106,aptd.,Financials,Japan,65,0%,7
588,hiLtd,Information Technology,Taiwan,85,4%,4
9601,onted,Consumer Discretionary,Taiwan,27,6%,8
847,yotd.,Information Technology,Japan,59,-7%,3
2673,ocnc.,Healthcare,United States,46,2%,7
4645,irnc.,Materials,Canada,63,-1%,6
2543,evnc.,Information Technology,United States,65,2%,3
3101,id LP,Energy,United States,62,-3%,8
4727,osion,Energy,United States,96,3%,3
570,agorp,Consumer Staples,Taiwan,35,1%,7
56,SEnc.,Information Technology,United States,65,1%,8
7934,ARtd.,Industrials,Japan,27,4%,7
3274,honc.,Financials,United States,63,-6%,1
1249,aetd.,Consumer Discretionary,South Korea,42,8%,1
1719,emtd.,Information Technology,South Korea,79,-5%,4
4753,henc.,Consumer Discretionary,United States,42,-3%,5
1327,ouion,Industrials,South Korea,19,1%,0
8402,GNTD.,Information Technology,Japan,4,-7%,0
9236,oktd.,Materials,Japan,46,-7%,1
4550,rebl),Telecommunication Services,Sweden,12,-8%,4
1269,onion,Industrials,South Korea,9,-5%,2
3417,aitd.,Information Technology,Japan,12,-1%,2
2616,renc.,Information Technology,United States,5,0%,0
1633,amtd.,Information Technology,South Korea,23,-3%,6
1385,G td.,Consumer Discretionary,South Korea,49,-8%,0
2426,ntnc.,Healthcare,United States,64,-3%,6
8407,HInc.,Information Technology,Japan,92,0%,2
9871,MCtd.,Information Technology,Taiwan,36,1%,3
1239,ectd.,Consumer Discretionary,South Korea,53,6%,8
2444,ognc.,Healthcare,United States,20,0%,4
2430,IOnc.,Healthcare,United States,30,-6%,6
26,anplc,Consumer Discretionary,United Kingdom,27,1%,2
9859,olion,Information Technology,Taiwan,73,-6%,8
1205,eotd.,Consumer Discretionary,South Korea,3,-6%,0
1342,ioion,Information Technology,South Korea,4,3%,6
8691,agtd.,Consumer Staples,Japan,93,8%,5
303,iatd.,Information Technology,India,38,4%,0
1334,antd.,Materials,South Korea,79,-6%,7
8609,ritd.,Industrials,Japan,70,-7%,0
1807,hotd.,Materials,South Korea,79,-5%,3
2849,hited,Information Technology,China,20,-1%,8
1578,NFtd.,Materials,South Korea,56,-2%,7
2521,ernc.,Industrials,United States,84,4%,4
8969,dttd.,Information Technology,Japan,27,-8%,3
9764,ation,Industrials,Taiwan,95,-7%,3
1853,untd.,Materials,South Korea,36,-3%,2
845,iktd.,Industrials,Japan,65,2%,7
726,IMnc.,Consumer Discretionary,Taiwan,94,6%,7
635,ewtd.,Information Technology,Taiwan,88,-3%,0
3178,phion,Healthcare,United States,79,-4%,2
2722,cttd.,Information Technology,China,35,3%,6
8447,aync.,Information Technology,Japan,94,8%,3
83,ELion,Information Technology,United States,86,-8%,0
7775, Lted,Consumer Discretionary,Hong Kong,55,7%,0
10094,ro.A.,Consumer Discretionary,Poland,12,8%,1
4765,yntd.,Financials,Bermuda,76,-7%,4
1256,ontd.,Materials,South Korea,16,4%,2
1443,owtd.,Information Technology,South Korea,2,-8%,4
1455,ONnc.,Consumer Discretionary,South Korea,70,-7%,8
1670,CTtd.,Information Technology,South Korea,39,-5%,5
8524,-Snc.,Information Technology,Japan,75,4%,0
2916,nanc.,Healthcare,United States,3,-3%,0
2159,hiion,Consumer Discretionary,South Korea,22,8%,8
4790,tenc.,Information Technology,United States,26,5%,7
1599,-Ttd.,Information Technology,South Korea,92,0%,7
8786,ontd.,Consumer Discretionary,Japan,13,-2%,8
8363,etion,Information Technology,Japan,11,2%,7
2973,SInc.,Information Technology,United States,59,0%,8
759,kitd.,Consumer Staples,Japan,68,0%,7
1496,-Etd.,Industrials,South Korea,58,8%,3
669,SEion,Information Technology,Taiwan,4,-5%,6
8643,ihtd.,Information Technology,Japan,21,5%,4
708,mptd.,Information Technology,Taiwan,55,5%,0
1569,astd.,Consumer Discretionary,South Korea,95,2%,3
871,aitd.,Materials,Japan,61,-6%,8
827,DEtd.,Consumer Discretionary,Japan,25,2%,8
922,hiion,Materials,Japan,30,2%,7
2622,ennc.,Healthcare,United States,100,-4%,7
9886,ortd.,Industrials,Taiwan,47,-8%,0
8834,MOnc.,Information Technology,Japan,98,8%,1
9882,dvrp.,Information Technology,Taiwan,25,4%,1
1107,erted,Consumer Staples,Jamaica,38,-5%,8
2827,odnc.,Materials,United States,62,5%,3
9575,ouion,Materials,Taiwan,86,-7%,5
2687,henc.,Healthcare,Cayman Islands,67,1%,2
2446,lenc.,Information Technology,United States,65,6%,5
4716,TCInc,Financials,United States,99,-3%,0
654,imion,Information Technology,Taiwan,37,-3%,2
1661,H nc.,Consumer Discretionary,South Korea,5,-4%,0
8009,intd.,Industrials,China,77,-8%,0
1309,hotd.,Healthcare,South Korea,39,-4%,8
2151,ootd.,Information Technology,South Korea,67,4%,5
780,rttd.,Industrials,Japan,79,-4%,4
1576,amtd.,Industrials,South Korea,67,-1%,5
2051,ottd.,Consumer Discretionary,South Korea,68,-7%,8
1405,eltd.,Healthcare,South Korea,10,5%,4
7486,enLC),Healthcare,United States,94,0%,1
9950,ranc.,Information Technology,Canada,6,1%,7
698,xcnc.,Healthcare,Taiwan,66,-3%,5
1279,oetd.,Industrials,South Korea,33,3%,5
1468,antd.,Information Technology,South Korea,41,4%,1
1241,nitd.,Industrials,South Korea,21,5%,1
1625,igtd.,Healthcare,South Korea,22,-6%,5
1055,aptd.,Information Technology,Japan,92,0%,4
8362,uBION,Industrials,Japan,69,8%,0
607,ictd.,Consumer Staples,Taiwan,72,-1%,8
4613,ution,Industrials,United States,81,-8%,6
8438,TTion,Information Technology,Japan,60,1%,7
1613,&Sion,Information Technology,South Korea,26,0%,2
1663,PCtd.,Consumer Discretionary,South Korea,48,-3%,6
3012,ntnc.,Information Technology,United States,95,-8%,2
482,exyme,Consumer Discretionary,France,89,7%,1
1016,katd.,Information Technology,Japan,56,-8%,1
2738,lnnc.,Healthcare,United States,86,7%,5
791,JInc.,Information Technology,Japan,12,6%,7
9809,igtd.,Information Technology,Taiwan,8,8%,4
1454,-Ctd.,Information Technology,South Korea,32,-2%,7
3461,B ige,Consumer Discretionary,Lithuania,19,-5%,0
1508,antd.,Information Technology,South Korea,90,8%,8
1975,aetd.,Consumer Discretionary,South Korea,1,0%,7
2128,hatd.,Consumer Discretionary,South Korea,92,3%,2
963,edtd.,Information Technology,Japan,66,-8%,4
8389,ninc.,Information Technology,Japan,2,-1%,2
1288,zttd.,Consumer Discretionary,South Korea,65,1%,1
585,aytd.,Industrials,Taiwan,88,-6%,8
966,aitd.,Information Technology,Japan,91,8%,6
3770,ovnc.,Consumer Discretionary,United States,73,-6%,7
767,antd.,Industrials,Japan,44,1%,6
8420,apnc.,Information Technology,Japan,70,-8%,1
2011,alnc.,Consumer Discretionary,South Korea,15,-4%,5
1461,Rited,Consumer Discretionary,South Korea,80,-1%,7
1473,LUion,Information Technology,South Korea,13,8%,4
1292,BCtd.,Healthcare,South Korea,94,5%,2
4316,eq.A.,Information Technology,France,65,0%,7
1484,raTD.,Information Technology,South Korea,15,-7%,4
4398,ejCo.,Real Estate,United States,71,-1%,0
595,atnc.,Information Technology,Taiwan,47,7%,0
672,imtd.,Information Technology,Taiwan,14,7%,7
689,xiion,Industrials,Taiwan,78,-1%,3
1474,rinc.,Consumer Discretionary,South Korea,36,5%,6
1659,hetd.,Information Technology,South Korea,5,-3%,4
968,ivion,Information Technology,Japan,40,-4%,6
4543,evASA,Energy,Norway,93,0%,3
3475,reion,Financials,United States,46,-1%,1
9640,aytd.,Consumer Staples,Taiwan,36,0%,1
3416,IELtd,Industrials,Japan,4,4%,3
10044,ernc.,Telecommunication Services,Canada,89,4%,1
8628,ostd.,Information Technology,Japan,78,8%,1
3337,esnc.,Healthcare,United States,36,6%,1
8598,IZtd.,Healthcare,Japan,9,-6%,0
134,obted,Information Technology,Australia,58,6%,8
856,LSnc.,Information Technology,Japan,28,1%,0
310,arted,Consumer Staples,India,48,1%,8
1586,altd.,Information Technology,South Korea,81,-2%,7
8208,ignc.,Information Technology,Japan,7,0%,2
10062,pinc.,Information Technology,Canada,24,-3%,5
1195,S td.,Industrials,South Korea,55,-5%,6
4627,runc.,Consumer Staples,United States,83,-5%,0
1396,M td.,Consumer Discretionary,South Korea,19,1%,6
2485,deion,Information Technology,United States,5,-6%,2
2124,ottd.,Consumer Discretionary,South Korea,87,3%,6
10092,yfjna,Consumer Discretionary,Poland,40,-5%,1
800,aptd.,Information Technology,Japan,25,-5%,1
572,rgnc.,Information Technology,Taiwan,5,-8%,1
1940,aetd.,Materials,South Korea,57,7%,2
7,dEplc,Telecommunication Services,United Kingdom,90,2%,1
899,or KK,Financials,Japan,32,-2%,5
1028,eotd.,Consumer Discretionary,Japan,63,-1%,3
10013,arust,Real Estate,Canada,19,1%,4
559,earp.,Real Estate,Taiwan,79,6%,1
911,oytd.,Materials,Japan,72,-4%,3
349,oc.A.,Healthcare,Tunisia,27,-1%,7
2500,annc.,Information Technology,United States,99,-7%,7
834,ectd.,Information Technology,Japan,59,-3%,2
2090,H td.,Consumer Staples,South Korea,29,-7%,3
600,ptnc.,Information Technology,Taiwan,85,2%,3
2570,DDnc.,Information Technology,United States,80,-3%,8
1666,eetd.,Materials,South Korea,43,7%,5
10030,outed,Energy,Canada,18,4%,6
4732,uanc.,Consumer Discretionary,United States,10,6%,6
7681,'sted,Materials,Hong Kong,80,-3%,5
901,ignc.,Consumer Discretionary,Japan,36,-1%,4
2640,ation,Information Technology,United States,22,-6%,3
1295,ONTD.,Healthcare,South Korea,64,3%,5
1538,ejrp.,Information Technology,South Korea,35,-2%,3
4595,ltnc.,Industrials,United States,73,4%,4
7843,oetd.,Industrials,Singapore,21,0%,3
7696,hited,Real Estate,Hong Kong,45,2%,0
2571,chnc.,Healthcare,United States,31,1%,8
850,ysTD.,Information Technology,Japan,14,-8%,0
2603,esnc.,Information Technology,Macau,81,-5%,4
1731,oktd.,Materials,South Korea,88,7%,6
835,ednc.,Consumer Discretionary,Japan,17,-6%,4
1533,antd.,Materials,South Korea,9,8%,5
10015,arion,Consumer Discretionary,Canada,69,-8%,7
728,a-Ltd,Utilities,Taiwan,4,8%,7
7786,uated,Industrials,Hong Kong,64,-4%,2
561,unrp.,Consumer Discretionary,Taiwan,80,8%,4
8178,Tmnc.,Information Technology,Japan,3,3%,0
974,anion,Information Technology,Japan,87,1%,3
9801,ennc.,Information Technology,Taiwan,90,6%,1
801,-Std.,Information Technology,Japan,95,4%,4
4528,eatd.,Telecommunication Services,New Zealand,86,-3%,2
2577,rrnc.,Healthcare,United States,58,-2%,3
1667,AItd.,Information Technology,South Korea,58,-4%,5
58,nTion,Information Technology,United States,90,5%,3
1419,IEtd.,Information Technology,South Korea,18,3%,4
49,arnc.,Energy,United States,61,-6%,0
2243,ortd.,Materials,South Korea,83,-2%,4
8224,uetd.,Information Technology,Japan,30,1%,3
3114,itnc.,Energy,United States,56,3%,7
1658,eutd.,Industrials,South Korea,51,1%,0
9602,hitd.,Consumer Discretionary,Taiwan,68,0%,5
6469,erAS),Industrials,France,85,-3%,3
846,ecnc.,Information Technology,Japan,24,6%,7
1699,eod. ,Industrials,South Korea,92,1%,1
1388,OOtd.,Information Technology,South Korea,29,-8%,2
765,sotd.,Industrials,Japan,74,1%,1
1534,E&td.,Information Technology,South Korea,22,8%,5
9887,aiion,Utilities,Taiwan,73,-3%,2
3144,yonc.,Healthcare,United States,85,-2%,3
9450,aktd.,Industrials,Japan,52,5%,4
8830,stion,Industrials,Japan,62,1%,2
1584,INnc.,Telecommunication Services,South Korea,4,-1%,7
1665,HPtd.,Healthcare,South Korea,83,6%,4
9852,raCo.,Information Technology,Taiwan,41,4%,0
10079,ootd.,Consumer Discretionary,Canada,14,2%,7
5918,nttd.,Information Technology,South Korea,6,-1%,8
8077,estd.,Industrials,Japan,71,-6%,0
9684,airp.,Information Technology,Taiwan,92,-6%,7
8901,AMnc.,Information Technology,Japan,16,7%,2
1712,UMtd.,Healthcare,South Korea,26,-3%,7
87,ernc.,Industrials,United States,87,3%,3
1329,CIted,Materials,South Korea,33,3%,1
2661,ranc.,Healthcare,United States,46,6%,6
1575,elnc.,Information Technology,South Korea,91,-7%,7
1851,chnc.,Healthcare,South Korea,20,5%,4
9330,imion,Consumer Discretionary,Japan,12,4%,5
8855,PCted,Information Technology,Japan,47,-6%,1
1559,watd.,Consumer Discretionary,South Korea,42,3%,1
2551,onnc.,Information Technology,United States,16,3%,1
1243,MPtd.,Materials,South Korea,84,0%,6
7765,n ted,Information Technology,Hong Kong,58,-4%,4
2440,lenc.,Consumer Discretionary,United States,22,-2%,7
702,aiLtd,Materials,Taiwan,10,-5%,4
1638,PXtd.,Healthcare,South Korea,33,0%,8
1707,NDtd.,Information Technology,South Korea,1,-1%,4
608,ynnc.,Healthcare,Taiwan,41,-3%,8
995,einc.,Consumer Discretionary,Japan,80,-4%,7
1364,sttd.,Healthcare,South Korea,39,4%,8
4951,taJSC,Consumer Staples,Kazakhstan,94,1%,6
2474,raLtd,Information Technology,South Korea,1,6%,0
1619,&Wion,Industrials,South Korea,32,8%,5
8400,ixion,Information Technology,Japan,39,7%,1
1314,arion,Information Technology,South Korea,99,-3%,2
9213,retd.,Healthcare,Japan,66,8%,1
761,OBtd.,Consumer Staples,Japan,13,-7%,4
2592,erion,Healthcare,United States,16,7%,7
1640,oonc.,Information Technology,South Korea,58,-7%,7
1726,antd.,Materials,South Korea,59,-6%,4
587,i-td.,Information Technology,Taiwan,32,-2%,5
43,hiCo.,Industrials,United States,24,3%,0
1024,taion,Consumer Discretionary,Japan,47,-8%,7
621,hitd.,Materials,Taiwan,2,7%,8
1581,antd.,Information Technology,South Korea,57,-6%,1
896,matd.,Information Technology,Japan,52,-6%,5
1871,hiLtd,Materials,South Korea,48,3%,7
2628,.Dnc.,Information Technology,United States,36,8%,1
8460,ynnc.,Information Technology,Japan,66,-3%,4
1637,eltd.,Industrials,South Korea,83,1%,6
38,ovion,Healthcare,United States,7,5%,1
8807,ctnc.,Real Estate,Japan,51,-5%,8
9621,iaion,Consumer Discretionary,Taiwan,33,8%,6
992,optd.,Information Technology,Japan,66,-8%,5
1375,D Ltd,Industrials,South Korea,78,3%,3
2591,arInc,Healthcare,United States,81,-4%,0
1612,EOnc.,Information Technology,South Korea,93,-5%,1
688,dvnc.,Information Technology,Taiwan,68,-5%,4
4196,annc.,Energy,United States,6,7%,2
93,rinal,Information Technology,United States,28,1%,4
8835,arnc.,Consumer Discretionary,Japan,18,-4%,1
8634,NEion,Information Technology,Japan,48,2%,6
1960,aitd.,Information Technology,South Korea,17,5%,3
682,aurp.,Information Technology,Taiwan,11,-3%,1
4331,hitd.,Information Technology,China,92,-3%,7
1504,urtd.,Industrials,South Korea,94,2%,5
1494,LBtd.,Industrials,South Korea,81,6%,1
2652,ewion,Healthcare,United States,23,4%,5
1765,ldtd.,Healthcare,South Korea,31,-5%,3
2654,orion,Materials,United States,65,4%,6
3460,PSted,Information Technology,India,64,8%,6
905,rinc.,Information Technology,Japan,68,-8%,6
2081,itnc.,Information Technology,South Korea,0,-2%,6
2425,sunc.,Information Technology,United States,79,-7%,2
3218,ornc.,Healthcare,United States,73,4%,5
2193,eltd.,Information Technology,South Korea,86,0%,1
8842,irnc.,Information Technology,Japan,82,-7%,1
8291,hatd.,Healthcare,Japan,35,-6%,2
638,rync.,Information Technology,Taiwan,58,-3%,4
3021,nonc.,Healthcare,United States,1,-1%,6
8967,ujtd.,Industrials,Japan,47,7%,5
4784,ionc.,Information Technology,United States,14,0%,2
613,hanc.,Healthcare,Taiwan,11,-2%,5
1264,SMLtd,Information Technology,South Korea,84,6%,3
1606,yoLtd,Materials,South Korea,33,-5%,7
1210,aenc.,Consumer Discretionary,South Korea,88,-6%,4
1730,teLtd,Information Technology,South Korea,62,-2%,6
1298,hetd.,Industrials,South Korea,44,-7%,2
598,ewtd.,Information Technology,Taiwan,48,-4%,4
8406,ernc.,Consumer Discretionary,Japan,85,-3%,3
4623,hinc.,Materials,Hong Kong,94,1%,4
1254,eitd.,Materials,South Korea,74,8%,7
571,aotd.,Information Technology,Taiwan,100,-4%,5
880,uktd.,Information Technology,Japan,97,1%,1
709,asnc.,Information Technology,Taiwan,99,-7%,7
1558,eotd.,Industrials,South Korea,80,-1%,0
2572,linc.,Healthcare,United States,34,-4%,7
2558,alnc.,Financials,United States,27,4%,8
611,IVLtd,Information Technology,Taiwan,47,-4%,3
1300,ignc.,Consumer Discretionary,South Korea,82,6%,0
7636,unted,Information Technology,Hong Kong,2,4%,8
1537,SAtd.,Information Technology,South Korea,38,7%,5
8386,-unc.,Information Technology,Japan,57,0%,5
552,annc.,Healthcare,Taiwan,72,-1%,8
4726,arnc.,Industrials,Greece,54,-6%,3
9858,raion,Information Technology,Taiwan,77,1%,6
1306,aeion,Consumer Discretionary,South Korea,62,-8%,4
8365,xenc.,Information Technology,Japan,76,-6%,0
646,FCion,Industrials,Taiwan,89,0%,0
2836,henc.,Consumer Discretionary,United States,6,-6%,7
9920,osund,Consumer Discretionary,Canada,34,7%,1
1592,avtd.,Information Technology,South Korea,18,-4%,3
1570,T ion,Information Technology,South Korea,13,-8%,0
8823,amted,Industrials,Japan,67,6%,4
1271,watd.,Materials,South Korea,20,7%,8
2889,ianc.,Industrials,Greece,48,7%,8
982,cmnc.,Information Technology,Japan,7,-5%,1
2861,umnc.,Healthcare,United States,60,-4%,3
2704,cenc.,Consumer Discretionary,United States,50,2%,4
3418,IGtd.,Information Technology,Japan,100,-2%,3
840,NEnc.,Information Technology,Japan,49,2%,0
2632,nvnc.,Healthcare,United States,89,-8%,3
1451,QULTD,Industrials,South Korea,53,0%,5
1159,rehad,Consumer Discretionary,Malaysia,45,4%,0
2912,chion,Information Technology,United States,12,4%,4
1630,elnc.,Information Technology,South Korea,78,-3%,6
4761,tenc.,Healthcare,United States,92,-4%,3
2492,ernc.,Healthcare,United States,43,4%,8
863,ipnc.,Information Technology,Japan,55,4%,2
4751,conc.,Consumer Staples,United States,58,-7%,5
3228,umion,Information Technology,United States,53,-7%,3
2458,ation,Information Technology,United States,83,-6%,6
629,agtd.,Industrials,Taiwan,15,8%,1
8416,linc.,Information Technology,Japan,14,0%,7
8814,nbnc.,Industrials,Japan,99,-5%,4
686,azion,Information Technology,Taiwan,89,7%,4
1476,amtd.,Information Technology,South Korea,76,-1%,2
1457,uvtd.,Industrials,South Korea,41,-4%,5
1563,wotd.,Consumer Discretionary,South Korea,66,0%,6
1841,olted,Materials,South Korea,33,3%,3
993,irnc.,Information Technology,Japan,51,-6%,6
1693,ionc.,Information Technology,South Korea,80,2%,7
2461,nenc.,Industrials,United States,60,3%,3
1294,ITtd.,Healthcare,South Korea,82,2%,2
1624,ruted,Consumer Discretionary,South Korea,92,-1%,5
9593,niion,Consumer Discretionary,Taiwan,28,-2%,5
1517,BKtd.,Industrials,South Korea,92,-5%,8
1682,hetd.,Industrials,South Korea,84,-1%,1
940,agion,Energy,Japan,81,4%,6
1622,ortd.,Healthcare,South Korea,0,5%,2
7613,etrp.,Energy,Philippines,62,-4%,3
1701,yutd.,Information Technology,South Korea,26,-3%,2
1424,heted,Information Technology,South Korea,98,8%,7
790,PCtd.,Industrials,Japan,55,1%,3
2205,-Wtd.,Consumer Discretionary,South Korea,4,-5%,5
9608,-Htd.,Consumer Discretionary,Taiwan,52,-4%,4
2466,alnc.,Information Technology,United States,83,0%,4
9836,-LLtd,Information Technology,Taiwan,43,-3%,1
1407,ivtd.,Consumer Discretionary,South Korea,46,-8%,8
624,watd.,Consumer Discretionary,Taiwan,55,7%,6
8377,INnc.,Healthcare,Japan,30,2%,5
2606,lenc.,Healthcare,United States,75,-3%,2
7879,ontd.,Industrials,China,84,0%,5
2564,SInc.,Industrials,United States,84,-6%,8
10126,ea AG,Information Technology,Germany,85,-1%,4
2534,adtd.,Information Technology,Israel,97,-5%,3
1573,STtd.,Industrials,South Korea,62,-5%,3
80,innc.,Energy,United States,88,7%,3
8381,ranc.,Information Technology,Japan,100,-6%,8
9190,ysrp.,Information Technology,Japan,40,1%,7
2539,ajnc.,Information Technology,United States,64,-6%,0
1574,&Ktd.,Materials,South Korea,24,7%,1
1478,SCtd.,Materials,South Korea,8,-7%,1
8394,uctd.,Information Technology,Japan,55,-4%,4
612,K td.,Healthcare,Taiwan,55,-1%,5
1662,ictd.,Industrials,South Korea,70,-1%,0
2707,ognc.,Healthcare,United States,95,-2%,5
1389,annc.,Information Technology,South Korea,83,5%,8
584,icion,Information Technology,Taiwan,77,7%,7
2486,ronc.,Information Technology,United States,89,6%,3
2471,evnc.,Energy,United States,52,-1%,7
8388,obnc.,Information Technology,Japan,44,-3%,4
8404,PTion,Information Technology,Japan,8,4%,4
8405,MOnc.,Information Technology,Japan,14,-2%,6
1721,DPtd.,Information Technology,South Korea,32,4%,8
9476,lptd.,Consumer Discretionary,Japan,14,-3%,6
48,voion,Energy,United States,0,-1%,3
4185,anust,Energy,United States,69,7%,5
2464,urtd.,Industrials,Greece,81,3%,6
2188,N3td.,Industrials,South Korea,46,0%,7
564,aiLtd,Information Technology,Taiwan,45,-3%,4
8036,uhLtd,Industrials,China,68,-5%,7
2549,minc.,Information Technology,United States,74,-8%,5
1688,lotd.,Information Technology,South Korea,35,4%,3
1515,SPLtd,Industrials,South Korea,36,2%,7
697,yqtd.,Information Technology,Taiwan,79,-7%,8
10046,henc.,Healthcare,Canada,53,4%,6
1383,rbtd.,Industrials,South Korea,7,-1%,3
2705,ccnc.,Healthcare,United States,97,7%,2
557, Ytd.,Consumer Discretionary,Taiwan,60,2%,4
1800,aetd.,Consumer Discretionary,South Korea,22,5%,1
1610,eotd.,Industrials,South Korea,69,-7%,8
1616,OYtd.,Information Technology,South Korea,92,0%,1
798,lanc.,Information Technology,Japan,75,3%,8
594,enion,Information Technology,Taiwan,74,0%,5
161,yt SA,Information Technology,Greece,65,6%,6
9863,huLtd,Information Technology,Taiwan,65,5%,3
1605,INnc.,Information Technology,South Korea,86,4%,7
1579,-Ctd.,Information Technology,South Korea,13,3%,6
2433,.Otd.,Information Technology,Israel,64,-2%,8
1723,nctd.,Consumer Discretionary,South Korea,57,5%,3
1299,D td.,Information Technology,South Korea,81,-8%,3
1999,ennc.,Consumer Discretionary,South Korea,84,4%,1
1566,ornc.,Information Technology,South Korea,53,6%,7
139,ttted,Energy,Australia,42,0%,2
2522,ronc.,Energy,United States,29,-4%,1
4713,urany,Consumer Discretionary,United States,4,-2%,7
10053,iXnc.,Information Technology,Canada,80,-4%,5
2443,annc.,Healthcare,United States,23,2%,8
2554,trnc.,Healthcare,United States,62,-4%,1
8374,kitd.,Information Technology,Japan,27,0%,6
973,Hinc.,Information Technology,Japan,0,3%,3
1324,aetd.,Healthcare,South Korea,47,-6%,7
980,ectd.,Information Technology,Japan,12,-7%,7
8375, Tion,Information Technology,Japan,18,2%,7
2416,ctnc.,Industrials,United States,82,-6%,4
3414,rknc.,Consumer Discretionary,Japan,9,3%,1
8798,MOnc.,Information Technology,Japan,14,0%,5
706,C rp.,Information Technology,Taiwan,46,-8%,4
5600,X nc.,Energy,United States,25,6%,2
1713,extd.,Consumer Discretionary,South Korea,18,-8%,1
4679,atnc.,Consumer Discretionary,United States,81,-4%,1
1278,LBtd.,Consumer Discretionary,South Korea,69,2%,1
2083,aonc.,Information Technology,South Korea,64,2%,8
2494,osion,Consumer Discretionary,United States,88,-8%,7
3861,oorp.,Energy,United States,16,-4%,3
2587,iorp.,Healthcare,United States,98,-7%,6
113,WEted,Energy,Australia,82,2%,4
2478,CAnc.,Healthcare,United States,41,0%,7
593,CPtd.,Information Technology,Taiwan,3,-6%,7
2490,ZEnc.,Information Technology,United States,78,3%,6
1350,L-rp.,Information Technology,South Korea,13,0%,5
3229,ni.V.,Healthcare,Netherlands,13,5%,2
1705,ATion,Information Technology,South Korea,17,4%,6
20,ewplc,Information Technology,United Kingdom,81,1%,7
1582,eotd.,Consumer Staples,South Korea,69,-2%,0
69,merp.,Consumer Discretionary,United States,51,-2%,8
4527,outed,Industrials,New Zealand,13,-6%,7
8392,ltnc.,Information Technology,Japan,45,-8%,6
4671,nnnc.,Consumer Staples,United States,51,-5%,1
9959,pstd.,Energy,United States,30,-4%,7
19,etLtd,Information Technology,Hong Kong,7,-1%,0
837,ertd.,Information Technology,Japan,52,7%,2
4664,roion,Consumer Discretionary,United States,76,-3%,6
3176,ncnc.,Healthcare,United States,18,5%,1
1418,antd.,Information Technology,South Korea,49,-2%,4
2185,ANion,Information Technology,South Korea,48,-1%,4
4140,nvion,Healthcare,United States,78,2%,3
359,lpted,Energy,Singapore,75,2%,6
357,ooted,Industrials,Singapore,98,7%,5
1285,reion,Information Technology,South Korea,3,-1%,2
1690,idtd.,Consumer Discretionary,South Korea,49,4%,5
3181,renc.,Healthcare,United States,40,2%,2
3039,nnnc.,Industrials,United States,30,-3%,7
914,urtd.,Information Technology,Japan,74,-2%,6
121,ogted,Healthcare,Australia,43,-8%,8
4571,irnc.,Financials,United States,42,-2%,1
7794,sited,Information Technology,Thailand,12,-3%,6
39,owted,Consumer Discretionary,United States,81,2%,5
1458,urInc,Healthcare,South Korea,26,-2%,3
895,ndtd.,Information Technology,Japan,27,-6%,5
1708,aptd.,Materials,South Korea,18,3%,8
1321,outd.,Healthcare,South Korea,33,-8%,6
825,ectd.,Information Technology,Japan,79,4%,5
663,eytd.,Industrials,Taiwan,87,-7%,4
4734,BCnc.,Consumer Staples,United States,100,-2%,4
1206,attd.,Consumer Staples,South Korea,64,-6%,5
860,exnc.,Information Technology,Japan,59,-7%,1
1459,uktd.,Materials,South Korea,0,8%,5
4654,aunc.,Information Technology,United States,34,-5%,4
1653,Mnnc.,Consumer Discretionary,South Korea,46,-5%,8
591,SEtd.,Information Technology,Taiwan,71,-6%,5
4718,renc.,Industrials,United States,48,8%,7
4719,arnc.,Consumer Staples,United States,71,8%,7
47,Maion,Information Technology,United States,55,-4%,2
4615,ownc.,Consumer Discretionary,United States,51,3%,4
935,metd.,Healthcare,Japan,4,6%,2
555,hetd.,Industrials,Taiwan,99,-1%,3
2109,antd.,Materials,South Korea,21,2%,7
2679,ennc.,Materials,United States,71,-6%,4
24,TMPlc,Financials,United Kingdom,50,7%,7
9214,UBion,Information Technology,Japan,79,4%,8
71,avInc,Healthcare,United States,69,1%,6
8213,ranc.,Healthcare,Japan,48,-3%,4
10009,ewrp.,Financials,Canada,46,-6%,4
1367,IMtd.,Information Technology,South Korea,89,1%,3
4591,ernc.,Consumer Discretionary,United States,76,2%,7
965,binc.,Information Technology,Japan,20,-1%,7
3066,opion,Information Technology,United States,2,6%,3
1345,cotd.,Utilities,South Korea,53,-2%,5
8815,scnc.,Industrials,Japan,4,-3%,5
1710,eltd.,Information Technology,South Korea,57,7%,0
874,teion,Information Technology,Japan,70,-2%,2
74,TNnc.,Consumer Discretionary,United States,77,6%,6
35,lonc.,Information Technology,United States,82,-6%,0
645,ornc.,Information Technology,Taiwan,99,7%,8
2437,ASnc.,Healthcare,United States,31,7%,5
3061,itnc.,Healthcare,United States,79,-3%,3
618,Winc.,Healthcare,Taiwan,75,1%,1
10076,ranc.,Information Technology,United States,92,-1%,3
10022,WCnc.,Financials,Canada,64,-2%,6
8422,dvnc.,Information Technology,Japan,32,-5%,5
727,ilLtd,Consumer Discretionary,Taiwan,76,7%,3
2896,igion,Information Technology,United States,17,3%,1
892,ymted,Healthcare,Japan,63,-4%,8
2428,ionc.,Healthcare,United States,88,7%,1
1369,igion,Information Technology,South Korea,37,-5%,4
1643,evtd.,Information Technology,South Korea,68,-2%,6
8832,pptd.,Consumer Discretionary,Japan,12,-4%,5
1588,upnc.,Information Technology,South Korea,68,-7%,0
2580,wanc.,Information Technology,United States,45,5%,2
1296,YOtd.,Materials,South Korea,70,4%,5
1453,MGtd.,Healthcare,South Korea,90,6%,4
1374,oktd.,Industrials,South Korea,39,0%,0
971,ewtd.,Information Technology,Japan,38,-2%,0
2432,onnc.,Information Technology,Hong Kong,13,1%,8
1029,ostd.,Consumer Discretionary,Japan,27,-5%,2
4179,erust,Energy,United States,76,8%,7
859,aitd.,Information Technology,Japan,63,-5%,1
862,atted,Information Technology,Japan,68,8%,0
2530,ronc.,Healthcare,United States,41,7%,1
668,ofnc.,Information Technology,Taiwan,65,-3%,4
1541,ODLTD,Information Technology,South Korea,59,0%,7
90,elrp.,Industrials,United States,61,0%,8
858,lpLtd,Information Technology,Japan,21,-8%,6
1674,CTtd.,Materials,South Korea,56,7%,4
2542,ocnc.,Information Technology,United States,41,6%,8
9999,cCnc.,Energy,Canada,12,7%,8
2548,imnc.,Healthcare,United States,23,-8%,7
623,sitd.,Consumer Discretionary,Taiwan,49,5%,3
2447,urted,Industrials,Hong Kong,8,4%,3
3242,ignc.,Healthcare,United States,73,-2%,8
8856,artd.,Industrials,Japan,67,4%,5
8396,otnc.,Information Technology,Japan,38,5%,8
1111,frted,Financials,South Africa,95,-4%,8
2222, Itd.,Information Technology,South Korea,86,6%,5
4759,TRnc.,Information Technology,United States,10,-6%,2
576,olLtd,Information Technology,Taiwan,49,4%,4
1615,NKtd.,Industrials,South Korea,69,-2%,2
1727,iztd.,Industrials,South Korea,80,8%,0
720,hiLtd,Information Technology,Taiwan,44,-8%,6
8455,EOnc.,Information Technology,Japan,75,-5%,2
1895,unrp.,Information Technology,South Korea,21,-6%,1
2498,ignc.,Information Technology,United States,96,0%,3
2532,ubnc.,Information Technology,United States,25,0%,3
40,CAnc.,Consumer Staples,United States,90,-8%,3
10016,ronc.,Healthcare,Canada,94,8%,1
8379,ornc.,Information Technology,Japan,36,-7%,6
1716,sinc.,Information Technology,South Korea,74,-4%,1
1442,intd.,Consumer Discretionary,South Korea,17,-6%,6
2565,ilnc.,Consumer Staples,United States,20,-2%,6
3272,annc.,Healthcare,United States,91,1%,3
1685,abnc.,Information Technology,South Korea,25,3%,2
2579,vinc.,Healthcare,United States,44,3%,3
8968,nsnc.,Information Technology,Japan,1,3%,3
8451,obnc.,Information Technology,Japan,78,-3%,2
8085,hotd.,Utilities,Japan,16,-8%,2
8415,evtd.,Consumer Discretionary,Japan,64,0%,3
1520,amtd.,Industrials,South Korea,73,5%,5
1469,ioion,Healthcare,South Korea,0,-8%,3
566,egtd.,Information Technology,Taiwan,100,-6%,1
3017,nfnc.,Healthcare,United States,15,8%,5
586,entd.,Information Technology,Taiwan,96,4%,0
4791,APZAP,Consumer Discretionary,United States,84,-7%,7
9906,nanc.,Materials,Canada,47,8%,1
2643,INtd.,Information Technology,Israel,96,7%,4
2105,irion,Information Technology,South Korea,26,-2%,0
4643,xcion,Information Technology,United States,34,-5%,1
4737,DXion,Energy,United States,8,2%,4
2441,henc.,Healthcare,United States,58,1%,4
4793,oonc.,Information Technology,United States,54,1%,4
8430,ednc.,Information Technology,Japan,99,7%,7
1434,hotd.,Industrials,South Korea,29,4%,3
1414,extd.,Information Technology,South Korea,87,-2%,5
1669,SUtd.,Information Technology,South Korea,88,2%,6
1949,emany,Consumer Staples,South Korea,43,8%,3
7930,nsnc.,Consumer Discretionary,Japan,92,1%,0
4715,ptInc,Industrials,United States,65,-7%,2
9987,ntion,Information Technology,Canada,67,4%,0
4691,uvnc.,Consumer Discretionary,United States,37,3%,5
2569,cenc.,Healthcare,United States,51,-7%,0
2713,CAnc.,Healthcare,United States,71,3%,3
8364,ilion,Information Technology,Japan,17,7%,5
2621,ainc.,Consumer Discretionary,United States,54,5%,2
2468,heany,Consumer Staples,United States,26,-8%,6
4586,menc.,Consumer Discretionary,United States,30,6%,5
9966,xcnc.,Materials,Canada,0,-1%,1
2607,gaion,Healthcare,United States,40,-1%,5
8987,ixion,Information Technology,Japan,85,7%,0
1647,untd.,Materials,South Korea,61,-5%,7
8234,RUnc.,Consumer Staples,Japan,91,6%,1
784,elnc.,Healthcare,Japan,68,2%,4
4738,esInc,Healthcare,United States,27,5%,8
1358,URtd.,Information Technology,South Korea,3,-5%,8
2499,RAion,Information Technology,United States,73,6%,8
8197,oytd.,Consumer Staples,Japan,51,-6%,7
1542,antd.,Information Technology,South Korea,51,-7%,8
8461,attd.,Information Technology,Japan,93,-1%,3
575,enrp.,Information Technology,Taiwan,22,2%,2
1286,-mtd.,Information Technology,South Korea,25,-6%,6
2480,denc.,Healthcare,United States,18,2%,0
609,nitd.,Healthcare,Taiwan,1,6%,3
6697,ronc.,Information Technology,Taiwan,6,3%,2
3415,rttd.,Consumer Discretionary,Japan,41,0%,3
1521,mitd.,Materials,South Korea,33,-2%,4
1952,-Ktd.,Information Technology,South Korea,40,-2%,0
1898,ITtd.,Information Technology,South Korea,88,8%,0
12,lenc.,Industrials,United States,100,6%,4
5518,urLtd,Information Technology,Singapore,64,0%,4
1393,-Ttd.,Healthcare,South Korea,24,-2%,5
4651,menc.,Healthcare,United States,78,2%,7
9610,hytd.,Consumer Discretionary,Taiwan,52,1%,4
1551,rync.,Healthcare,South Korea,52,-3%,3
10068,pltd.,Consumer Discretionary,Canada,47,-3%,7
1481,antd.,Consumer Discretionary,South Korea,69,2%,0
4283,an II,Energy,United States,81,7%,8
622,u td.,Consumer Discretionary,Taiwan,87,0%,3
7707,anted,Information Technology,Hong Kong,38,2%,3
941,oktd.,Industrials,Japan,71,0%,1
636,TMtd.,Information Technology,Taiwan,72,-6%,3
7611,-Rnc.,Information Technology,Philippines,22,0%,2
725,SHted,Healthcare,Taiwan,38,4%,4
4634,ecnc.,Information Technology,United States,32,7%,1
8369,ocnc.,Information Technology,Japan,70,-1%,5
8440,nfion,Information Technology,Japan,38,4%,6
8367,ation,Healthcare,Japan,48,3%,0
29,dCnc.,Healthcare,United States,37,2%,5
4717,GXial,Energy,Brazil,12,-6%,5
1353,hetd.,Consumer Discretionary,South Korea,70,8%,5
1018,aptd.,Healthcare,Japan,34,-2%,1
2876,ytnc.,Healthcare,United States,58,3%,6
3148,eunc.,Healthcare,United States,61,7%,3
1583,xitd.,Information Technology,South Korea,95,-3%,6
8803,esnc.,Information Technology,Japan,71,-2%,8
684,ronc.,Information Technology,Taiwan,68,2%,4
2648,icnc.,Information Technology,United States,13,8%,8
9011,rtnc.,Information Technology,Japan,25,7%,8
1718,irtd.,Information Technology,South Korea,14,7%,2
1237,emtd.,Industrials,South Korea,27,-1%,2
2429,ionc.,Healthcare,United States,79,7%,2
1567,hetd.,Industrials,South Korea,91,2%,4
1507,olrp.,Information Technology,South Korea,46,5%,6
4770,ofnc.,Consumer Staples,United States,34,5%,8
3378,oync.,Healthcare,United States,7,0%,0
8412,plion,Information Technology,Japan,51,5%,2
2487,manc.,Information Technology,United States,98,3%,4
6257,ynrp.,Energy,Canada,41,8%,4
1632,ocion,Information Technology,South Korea,7,2%,4
153,ninc.,Healthcare,Australia,4,3%,6
3652,heust,Energy,United States,70,-2%,8
2602,URion,Healthcare,United States,66,4%,1
8820,ojtd.,Industrials,Japan,39,1%,3
97,ninc.,Information Technology,United States,53,0%,3
9822,bnion,Healthcare,Taiwan,72,1%,0
5468,igc.),Information Technology,Japan,51,4%,8
9948,enrp.,Energy,Canada,75,7%,5
2472,igted,Information Technology,United States,50,-3%,8
8802,unnc.,Information Technology,Japan,95,2%,8
9823,diion,Healthcare,Taiwan,91,5%,3
4705,2 nc.,Information Technology,United States,12,-5%,6
1526,annc.,Industrials,South Korea,50,-5%,6
1711,isLtd,Information Technology,South Korea,63,-7%,0
1376,nirp.,Consumer Staples,South Korea,95,-6%,5
7781,hited,Real Estate,Hong Kong,47,2%,3
8410,ihion,Information Technology,Japan,78,1%,2
5724,annc.,Healthcare,United States,79,-7%,2
10047,SOnc.,Healthcare,Canada,80,7%,6
9234,YBnc.,Healthcare,Japan,79,8%,8
5772,elted,Industrials,Channel Islands,45,6%,6
8353,altd.,Industrials,Japan,95,-2%,4
7411,irc.),Healthcare,United States,18,-6%,7
1704,evion,Information Technology,South Korea,73,7%,1
8454,Rinc.,Information Technology,Japan,52,-4%,0
8403,FRnc.,Information Technology,Japan,67,5%,2
2531,ADtd.,Industrials,Israel,7,-1%,0
9758,aiion,Real Estate,Taiwan,2,-3%,1
701,BInc.,Healthcare,Taiwan,61,-7%,7
620,entd.,Healthcare,Taiwan,19,4%,0
3364,isnc.,Consumer Discretionary,China,59,-4%,5
1614,orrp.,Industrials,South Korea,100,1%,4
2418,ehems,Information Technology,United States,53,-8%,0
1413,URtd.,Information Technology,South Korea,53,5%,8
8641,EDnc.,Information Technology,Japan,89,-4%,8
8463,ditd.,Information Technology,Japan,40,-5%,0
8408,RItd.,Information Technology,Japan,54,7%,7
4590,utrp.,Healthcare,United States,24,-7%,2
1281,raLtd,Information Technology,South Korea,1,-2%,6
639,aytd.,Information Technology,Taiwan,86,-5%,1
1539,ejnc.,Information Technology,South Korea,5,-3%,1
1360,nfnc.,Information Technology,South Korea,40,-2%,5
569,edrp.,Healthcare,Taiwan,72,0%,1
685,-Mnc.,Information Technology,Taiwan,83,0%,0
8837,amtd.,Information Technology,Japan,11,4%,8
4587,conc.,Information Technology,United States,42,3%,8
94,niion,Materials,United States,21,-3%,1
1531,OKtd.,Information Technology,South Korea,27,-8%,5
416,4e AG,Consumer Discretionary,Germany,93,-4%,0
10063,dvnc.,Consumer Discretionary,Canada,66,-7%,6
10057,xatd.,Industrials,Canada,46,4%,5
8841,hotd.,Healthcare,Japan,57,6%,2
542,edCo.,Information Technology,Japan,1,2%,2
1148,ivhad,Information Technology,Malaysia,100,-1%,7
5348,C nc.,Industrials,United States,23,8%,6
5669,uatd.,Consumer Staples,China,48,-8%,7
7024,ix CV,Information Technology,Mexico,51,-1%,8
8452,Menc.,Information Technology,Japan,30,-2%,2
2046,-Std.,Real Estate,South Korea,4,5%,6
8181,NItd.,Healthcare,Japan,94,4%,1
8456,R nc.,Consumer Discretionary,Japan,99,2%,2
4735,ednc.,Energy,United States,16,4%,0
1449, wtd.,Consumer Discretionary,South Korea,67,0%,8
2546,hanc.,Information Technology,United States,12,-6%,8
1499,lStd.,Industrials,South Korea,25,8%,2
2669,uiion,Information Technology,United States,88,1%,4
1275,ARtd.,Information Technology,South Korea,28,5%,2
9612,ilion,Consumer Discretionary,Taiwan,59,-3%,6
1401,eltd.,Healthcare,South Korea,94,1%,0
1448,umtd.,Information Technology,South Korea,48,4%,5
1305,eoCo.,Information Technology,South Korea,63,-7%,0
4741,eonc.,Information Technology,United States,32,-6%,1
1724,igtd.,Information Technology,South Korea,77,0%,6
1391,odtd.,Consumer Discretionary,South Korea,72,7%,0
8458,ounc.,Information Technology,Japan,34,5%,1
792,oftd.,Information Technology,Japan,75,-1%,6
8424,DSnc.,Information Technology,Japan,100,4%,4
4708,anion,Materials,United States,59,-3%,7
2514,cunc.,Healthcare,United States,30,8%,7
3420,IStd.,Information Technology,Japan,74,-1%,8
4641,nznc.,Healthcare,United States,83,4%,8
912,epnc.,Healthcare,Japan,38,-8%,5
1328,irion,Information Technology,South Korea,14,-6%,0
1395,Ntnc.,Healthcare,South Korea,46,-8%,0
4657,eanc.,Consumer Discretionary,United States,94,-8%,4
3456,mated,Information Technology,India,56,0%,1
2509,eonc.,Information Technology,Sweden,71,-5%,2
4631,V nc.,Consumer Staples,United States,88,-7%,7
9787,iwtd.,Information Technology,Taiwan,1,3%,2
21,HSplc,Healthcare,United Kingdom,41,2%,2
485,he SA,Healthcare,France,61,-4%,2
4724,arnc.,Industrials,United States,18,2%,4
2495,emion,Information Technology,Taiwan,95,5%,6
742,leOyj,Information Technology,Finland,33,8%,3
1466,NCtd.,Industrials,South Korea,3,-5%,1
2249,ootd.,Healthcare,South Korea,25,1%,4
9792,avnc.,Information Technology,Taiwan,58,1%,7
2783,vinc.,Healthcare,United States,21,-8%,7
1293,oftd.,Information Technology,South Korea,26,5%,1
2479,mmion,Healthcare,United States,73,6%,6
6902,eotd.,Information Technology,South Korea,72,7%,0
1048,ornc.,Real Estate,Japan,90,0%,7
4698,ednc.,Healthcare,United States,72,-7%,7
7932,coLtd,Industrials,Japan,13,7%,6
541,IStd.,Industrials,Japan,36,-4%,2
2511,etnc.,Information Technology,United States,15,5%,2
694,etnc.,Information Technology,Taiwan,91,8%,2
696,ortd.,Healthcare,Taiwan,52,-4%,4
8595,anted,Healthcare,Japan,24,-8%,3
794,ortd.,Information Technology,Japan,99,8%,6
4624,apnc.,Real Estate,United States,79,6%,6
6044,&Ctd.,Materials,South Korea,9,2%,0
614,ritd.,Healthcare,Taiwan,65,4%,2
1155,exhad,Information Technology,Malaysia,66,7%,8
1943,irtd.,Industrials,South Korea,53,6%,0
857,manc.,Information Technology,Japan,24,0%,4
2589,hinc.,Information Technology,China,44,-7%,0
4603,ltnc.,Information Technology,United States,52,-3%,4
4549,io AB,Healthcare,Sweden,36,6%,1
8378,ignc.,Information Technology,Japan,91,-5%,7
8590,entd.,Healthcare,Japan,26,2%,6
3592,ionc.,Materials,Canada,4,6%,1
563,ayCo.,Information Technology,Taiwan,94,0%,3
2431,ionc.,Healthcare,United States,68,4%,4
4284,ant I,Energy,United States,47,2%,2
4736,ecnc.,Industrials,United States,27,7%,2
1160,CHhad,Industrials,Malaysia,91,2%,8
724,BMnc.,Healthcare,Taiwan,50,-7%,4
469,hr NV,Healthcare,Belgium,59,6%,0
625,olrp.,Industrials,Taiwan,10,1%,4
4714,ption,Healthcare,United States,0,4%,3
4658,icted,Information Technology,United States,100,6%,7
8593,cunc.,Healthcare,United States,96,7%,7
2597,urnc.,Healthcare,United States,15,1%,5
889,arnc.,Healthcare,Japan,88,0%,6
116,ented,Healthcare,Australia,92,-1%,1
433,hotd.,Financials,Bangladesh,98,-4%,0
367,alPLC,Consumer Discretionary,Sri Lanka,80,0%,8
4669,nfnc.,Information Technology,United States,42,-3%,3
4661,nfted,Information Technology,United States,95,5%,3
2674,oknc.,Healthcare,United States,42,-4%,6
2533,ectd.,Energy,China,48,3%,0
2547,intd.,Industrials,United States,1,-8%,0
824,ecnc.,Information Technology,Japan,68,-3%,7
4699,ected,Information Technology,United States,40,-2%,1
10064,-Cnc.,Information Technology,Canada,44,4%,3
3151,heted,Information Technology,China,35,-2%,7
4597,mbion,Information Technology,United States,83,8%,4
888,mmtd.,Healthcare,Japan,52,0%,1
1603,DTnc.,Information Technology,South Korea,36,7%,0
1398,ornc.,Information Technology,South Korea,48,3%,2
2666,Sirp.,Healthcare,United States,68,-7%,4
2567,IOnc.,Healthcare,United States,99,-6%,1
2839,elnc.,Healthcare,United States,43,5%,2
788,awrp.,Information Technology,Japan,16,3%,5
4575,ntnc.,Healthcare,United States,14,5%,6
2563,ornc.,Consumer Discretionary,United States,64,-6%,6
873,lutd.,Information Technology,Japan,30,5%,0
99,G&nc.,Consumer Discretionary,United States,11,-6%,5
632,ycnc.,Healthcare,Taiwan,13,-8%,5
2506,oSnc.,Information Technology,United States,99,-5%,4
8799,cinc.,Information Technology,Japan,6,8%,8
671,enLtd,Healthcare,Taiwan,85,4%,6
3609,laust,Financials,United States,44,-6%,7
2955,erion,Healthcare,United States,24,5%,5
4670,ntnc.,Information Technology,United States,81,2%,7
1593,SVTD.,Industrials,South Korea,35,6%,8
4628,arnc.,Healthcare,United States,57,0%,5
2561,ecnc.,Consumer Discretionary,United States,40,3%,5
1706,LTnc.,Healthcare,South Korea,60,-5%,4
37,ionc.,Healthcare,United States,52,-4%,4
902,alted,Information Technology,Japan,12,1%,5
8459,hktd.,Information Technology,Japan,3,3%,8
33,stnc.,Healthcare,United States,69,-4%,4
7685,tyted,Financials,Hong Kong,77,8%,5
2422,prnc.,Healthcare,United States,20,-8%,6
7933,ipnc.,Information Technology,Japan,94,-7%,3
2706,OMion,Healthcare,United States,93,-8%,6
4742,esCo.,Energy,United States,15,6%,6
9865,riion,Information Technology,Taiwan,35,1%,1
9905,ll II,Financials,Canada,83,-6%,2
96,QMnc.,Consumer Discretionary,United States,80,2%,5
2627,TGnc.,Healthcare,United States,28,2%,1
8448,atnc.,Information Technology,Japan,48,3%,8
372,/Feum,Energy,Denmark,37,-1%,0
650,attd.,Information Technology,Taiwan,10,1%,8
1371,imrp.,Information Technology,South Korea,69,5%,0
4756,piCo.,Energy,United States,39,-6%,4
4760,nanc.,Information Technology,United States,39,4%,3
8578,nGnc.,Healthcare,Japan,28,3%,7
4537,deASA,Information Technology,Norway,12,7%,8
2767,rrnc.,Healthcare,United States,40,4%,3
1691,attd.,Healthcare,South Korea,24,-4%,2
2520,dvnc.,Telecommunication Services,United States,31,8%,1
465,pt NV,Information Technology,Belgium,42,7%,5
60,sonc.,Healthcare,United States,8,2%,1
855, Enc.,Consumer Discretionary,Japan,22,0%,0
4773,woany,Utilities,United States,7,-6%,7
2529,arnc.,Information Technology,United States,9,1%,0
2516,pGnc.,Healthcare,United States,86,-2%,1
8343,ittd.,Consumer Discretionary,Japan,45,1%,0
4637,ation,Information Technology,United States,87,-2%,4
2459,exnc.,Healthcare,United States,83,-2%,1
960,ALnc.,Information Technology,Japan,24,4%,8
816,shtd.,Consumer Staples,Japan,67,-3%,7
4673,manc.,Information Technology,United States,57,-7%,4
1151,ochad,Consumer Staples,Malaysia,82,4%,6
2665,SDion,Healthcare,United States,47,-1%,0
1697,TGtd.,Healthcare,South Korea,74,-6%,5
2557,ninc.,Information Technology,United States,68,5%,6
4722,renc.,Healthcare,United States,99,3%,0
2439,lenc.,Healthcare,United States,57,5%,3
27,elplc,Energy,United Kingdom,82,8%,5
4752,alnc.,Consumer Discretionary,United States,18,-1%,4
4684,ilnc.,Energy,United States,31,4%,1
1695,G nc.,Healthcare,South Korea,44,7%,7
4635,esnc.,Information Technology,Canada,57,5%,4
2417,cunc.,Healthcare,United States,89,8%,4
1193,iltd.,Consumer Discretionary,South Korea,86,4%,6
2424,stion,Industrials,United States,19,-7%,2
10040,ynnc.,Utilities,Canada,3,-6%,5
133,BTted,Healthcare,Australia,87,6%,6
2846,hinc.,Information Technology,China,39,1%,6
616,BInc.,Healthcare,Taiwan,72,-5%,3
10069,inion,Consumer Discretionary,Canada,89,1%,3
8583,antd.,Healthcare,Japan,60,-6%,4
3909,ugust,Energy,United States,16,0%,5
4667,ntnc.,Healthcare,United States,49,-8%,6
9953,penc.,Healthcare,Canada,31,0%,5
4721,CSnc.,Consumer Discretionary,United States,62,7%,3
1532,lknc.,Materials,South Korea,86,-3%,0
8579,ncnc.,Healthcare,Japan,58,-5%,6
2550,unnc.,Healthcare,United States,58,8%,7
2953,renc.,Information Technology,United States,92,8%,2
2781,VEnc.,Healthcare,United States,12,2%,5
4136,amnc.,Real Estate,China,43,6%,8
10095,nf.A.,Information Technology,Poland,55,5%,6
1276,umtd.,Information Technology,South Korea,82,-7%,7
8589,hinc.,Healthcare,Japan,23,7%,1
9972,ennc.,Real Estate,Canada,56,3%,2
9644,hitd.,Materials,Taiwan,37,6%,6
360,rated,Consumer Discretionary,Singapore,43,5%,1
70,exion,Energy,United States,42,4%,6
2560,uzion,Consumer Discretionary,United States,60,1%,5
4728,URnc.,Consumer Staples,United States,15,5%,4
4701,obnc.,Information Technology,United States,67,-8%,1
7455,inion,Information Technology,Taiwan,19,-4%,6
9,tlted,Industrials,United Kingdom,81,-1%,8
4774,4/nc.,Consumer Discretionary,United States,31,-2%,3
6917,G nc.,Industrials,United States,38,-1%,4
643,erion,Information Technology,Taiwan,92,-3%,3
4711,utnc.,Healthcare,United States,96,-8%,1
890,.Wnc.,Healthcare,Japan,2,-8%,1
2712,rbion,Healthcare,Canada,67,-5%,1
4639,lenc.,Information Technology,United States,9,1%,8
2504,etnc.,Materials,United States,75,8%,4
4757,tanc.,Energy,United States,89,-8%,3
10075,OEnc.,Information Technology,Canada,78,5%,1
4611,arInc,Consumer Staples,United States,36,2%,1
610,aitd.,Healthcare,Taiwan,41,-2%,7
1020,-Dtd.,Healthcare,Japan,63,-7%,8
4748,ignc.,Industrials,United States,95,1%,4
2672,egnc.,Healthcare,United States,61,-6%,1
2442,ernc.,Healthcare,United States,69,7%,3
18,icPLC,Information Technology,United Kingdom,74,0%,2
107,nttd.,Healthcare,Australia,22,4%,2
4783,isrp.,Healthcare,United States,47,2%,0
4747,heInc,Information Technology,United States,58,-5%,3
2448,ajany,Information Technology,United States,95,5%,6
419,or SE,Consumer Discretionary,Germany,18,-2%,8
10087,tl.A.,Industrials,Poland,0,-2%,1
130,Cated,Information Technology,Australia,92,-2%,6
2553,tenc.,Healthcare,United States,72,-4%,6
9975,lonc.,Materials,Canada,64,-3%,0
8585,antd.,Healthcare,Japan,14,6%,5
2600,ycnc.,Healthcare,United States,77,0%,4
2576,rgnc.,Healthcare,United States,15,-8%,4
8594,ibnc.,Healthcare,Japan,39,8%,2
2541,tenc.,Healthcare,United States,36,-2%,4
1235, Ctd.,Financials,South Korea,82,1%,3
1019,elnc.,Healthcare,Japan,93,2%,3
4626,irrp.,Energy,United States,1,1%,0
4652,ennc.,Consumer Discretionary,United States,30,0%,7
2502,arust,Energy,United States,68,6%,4
4788,ndnc.,Industrials,United States,91,-4%,0
9821,hyion,Healthcare,Taiwan,65,8%,6
891,aQnc.,Healthcare,Japan,25,4%,8
4779,LUnc.,Healthcare,United States,91,6%,0
4665,D ion,Information Technology,United States,8,-7%,2
4013,ucnde,Energy,United States,1,1%,7
2517,cenc.,Industrials,United States,23,-8%,5
4638,lenc.,Information Technology,United States,81,6%,2
8591,MNnc.,Healthcare,Japan,69,-5%,2
8982,inion,Information Technology,Japan,53,-5%,3
2419,etnc.,Healthcare,United States,86,0%,4
2519,urion,Utilities,United States,80,4%,5
145,oyted,Materials,Australia,93,7%,5
2473,ennc.,Healthcare,United States,67,7%,4
4703,arnc.,Healthcare,United States,55,-1%,6
10096,nt SA,Information Technology,Poland,86,8%,3
4660,olrp.,Consumer Discretionary,United States,21,2%,5
2438,atnc.,Healthcare,United States,100,7%,6
32,mpion,Healthcare,United States,17,-6%,5
2467,ibnc.,Healthcare,United States,26,2%,3
3040,ntnc.,Healthcare,United States,94,-8%,5
4608,TStd.,Consumer Staples,China,30,2%,7
693,ntion,Healthcare,Taiwan,50,-4%,3
76,ranc.,Healthcare,United States,81,-7%,8
4666,Gonc.,Information Technology,United States,78,4%,5
4636,ignc.,Telecommunication Services,United States,67,-6%,3
2427,ccnc.,Healthcare,United States,42,-3%,5
619,yntd.,Healthcare,Taiwan,51,-1%,4
115,luted,Information Technology,Australia,70,0%,2
111,rtted,Materials,Australia,13,6%,7
483,eo.A.,Healthcare,France,45,7%,3
634,neLtd,Healthcare,Taiwan,43,-8%,7
9911,urnc.,Healthcare,Canada,100,4%,1
691,haion,Healthcare,Taiwan,61,-5%,4
4633,NAnc.,Consumer Staples,United States,78,7%,6
2899,icnc.,Healthcare,United States,13,2%,8
695,ninc.,Healthcare,Taiwan,33,2%,2
692,eatd.,Healthcare,Taiwan,26,-1%,3
117,PHted,Healthcare,Australia,94,-7%,4
2574,ntnc.,Healthcare,United States,57,-4%,1
4672,Waion,Consumer Discretionary,United States,96,5%,5
305,ihLtd,Information Technology,India,29,1%,0
127,asted,Materials,Australia,86,2%,1
128,igted,Energy,Australia,26,8%,0
2423,raion,Healthcare,United States,47,-3%,0
8064,.Htd.,Information Technology,Israel,92,4%,0
138,orted,Materials,Australia,13,-3%,6
4647,renc.,Information Technology,United States,14,0%,5
2434,ionc.,Healthcare,United States,61,-3%,2
302,shtd.,Industrials,India,20,3%,5
2842,lonc.,Healthcare,United States,71,-4%,5
4600,pprp.,Information Technology,United States,77,7%,1
615,lync.,Healthcare,Taiwan,46,-8%,4
10088,3S.A.,Information Technology,Poland,44,0%,7
9945,anrp.,Materials,Canada,93,-3%,3
4593,ffnc.,Healthcare,United States,43,2%,5
10071,evnc.,Materials,Canada,97,5%,7
4534,ioASA,Healthcare,Norway,23,4%,1
4602,onnc.,Information Technology,United States,10,3%,8
4681,ifnc.,Consumer Discretionary,United States,87,2%,1
7927,ec.A.,Materials,Chile,95,8%,6
6913,eutd.,Industrials,South Korea,44,6%,2
4744,taion,Information Technology,United States,70,-8%,7
10067,TInc.,Industrials,Canada,12,2%,3
4648,amnc.,Consumer Discretionary,United States,43,-2%,1
10085,ajjna,Consumer Discretionary,Poland,80,7%,7
4754,ounc.,Information Technology,United States,44,1%,1
4618,hanc.,Financials,United States,54,-2%,2
6,qunc.,Healthcare,United States,0,-1%,8
22,alplc,Healthcare,Isle of Man,28,1%,6
25,etplc,Materials,Channel Islands,79,4%,1
34,ctnc.,Healthcare,United States,92,0%,3
75,ncion,Healthcare,United States,88,-3%,6
79,alnc.,Healthcare,United States,39,1%,8
88,ynnc.,Healthcare,United States,30,8%,4
123,arted,Energy,Australia,79,-4%,0
129,arted,Consumer Discretionary,Australia,26,-2%,6
141,an NL,Energy,Australia,88,-2%,6
152,BGted,Healthcare,Australia,77,-7%,2
170,ch AG,Industrials,Germany,11,-3%,7
242,le.A.,Energy,Brazil,53,-1%,1
256,teted,Materials,India,57,-4%,5
259,anted,Materials,India,61,5%,7
261,SIted,Materials,India,52,6%,0
262,grted,Consumer Staples,India,57,6%,8
265,altd.,Information Technology,India,15,-4%,3
268,inted,Materials,India,55,-4%,4
271,shted,Industrials,India,96,-1%,0
277,lated,Healthcare,India,68,-5%,6
281,CLted,Materials,India,17,-2%,6
289,laLtd,Industrials,India,52,6%,4
297,akted,Consumer Discretionary,India,3,7%,1
298,utted,Industrials,India,89,2%,6
301,rited,Consumer Discretionary,India,55,3%,3
304,ndted,Energy,India,1,3%,8
311,ngted,Industrials,India,4,-2%,7
312,orank,Financials,India,11,-7%,8
315,URted,Information Technology,India,62,1%,5
319,nidia,Financials,India,62,7%,1
320,arted,Consumer Discretionary,India,30,-4%,5
322,TCted,Utilities,India,1,1%,1
325,ndted,Healthcare,India,83,-6%,2
333,endia,Financials,India,65,-7%,8
336,rited,Consumer Discretionary,India,19,7%,2
831,OTtd.,Consumer Discretionary,Japan,70,4%,0
1169,K td.,Industrials,South Korea,26,2%,7
1519,T td.,Information Technology,South Korea,94,7%,1
1698,GAtd.,Information Technology,South Korea,34,0%,5
1750,uctd.,Consumer Discretionary,South Korea,76,5%,6
2183,OTtd.,Consumer Discretionary,South Korea,80,1%,4
2246,aetd ,Information Technology,South Korea,63,-7%,6
2287,yunc.,Consumer Staples,South Korea,76,2%,0
2329,aiplc,Energy,United Kingdom,14,8%,7
2414,RCnc.,Healthcare,United States,73,6%,1
2436,ASnc.,Healthcare,United States,26,1%,4
2450,atnc.,Healthcare,United States,80,5%,4
2482,mmnc.,Healthcare,United States,34,3%,7
2503,atnc.,Healthcare,United States,64,-5%,1
2538,gnnc.,Healthcare,United States,61,-7%,8
2583,elnc.,Healthcare,United States,87,7%,4
2595,oLnc.,Healthcare,United States,93,-2%,4
2613,spnc.,Healthcare,United States,60,-3%,4
2626,ision,Healthcare,United States,71,6%,8
2637,oxnc.,Healthcare,United States,93,7%,1
2642,irnc.,Healthcare,United States,21,3%,6
2645,ednc.,Healthcare,United States,99,-2%,5
2650,innc.,Healthcare,United States,24,-4%,6
2656,nVrp.,Healthcare,United States,3,6%,7
2699,ernc.,Healthcare,United States,85,-8%,7
2720,clnc.,Healthcare,United States,27,6%,1
2775,tanc.,Healthcare,United States,87,6%,1
2816,asnc.,Healthcare,United States,9,5%,2
2952,lonc.,Healthcare,United States,90,-4%,2
3083,heoup,Consumer Discretionary,United States,95,8%,6
3217,ainc.,Healthcare,United States,23,6%,0
3408,usr A,Others,Others,24,1%,1
3449,ahted,Consumer Discretionary,India,58,2%,7
3452,ilted,Energy,India,55,8%,0
3453,iltd.,Energy,India,9,1%,2
3561,xotd.,Healthcare,Bermuda,80,0%,6
4180,umnc.,Healthcare,United States,34,6%,7
4596,lvtd.,Information Technology,Israel,8,-2%,7
4609,orted,Industrials,Gibraltar,58,6%,6
4621,omnc.,Industrials,United States,69,-5%,6
4629,onnc.,Materials,United States,45,1%,7
4630,ÜRnc.,Information Technology,United States,29,7%,8
4632,elnc.,Healthcare,United States,40,-5%,6
4640,agion,Industrials,United States,17,8%,5
4650,lonc.,Industrials,United States,37,-4%,7
4668,ntnc.,Healthcare,United States,2,-1%,0
4675,alnc.,Healthcare,Canada,0,4%,2
4678,LMnes,Industrials,Netherlands,90,0%,5
4685,inLLC,Energy,United States,35,-3%,0
4695,ernc.,Consumer Discretionary,United States,61,1%,2
4697,arnc.,Consumer Discretionary,United States,85,-4%,3
4706,ulnc.,Information Technology,United States,100,-3%,5
4720,ybnc.,Consumer Staples,United States,24,-5%,2
4733,uaion,Healthcare,United States,41,8%,1
4746,EDnc.,Information Technology,United States,43,5%,3
4785,anion,Energy,United States,42,-4%,0
4797,Eatd.,Industrials,Japan,51,-8%,4
4799,S.A.D,Others,Others,87,3%,1
4811, Lers,Others,Others,15,5%,8
4812,. Srl,Healthcare,Italy,66,8%,4
4813,.Tnc.,Consumer Discretionary,South Korea,98,1%,0
4819,"cad.,",Consumer Discretionary,United States,72,-2%,1
4828,daion,Others,Others,88,-8%,1
4832,drLtd,Consumer Discretionary,South Korea,8,0%,1
4835,dvork,Others,Others,78,-5%,5
4838,dvogy,Educational Institution,South Korea,22,3%,7
4842,ektd.,Consumer Staples,South Korea,52,-1%,2
4847,G Ltd,Others,Japan,50,-3%,2
4852,grion,Others,South Korea,39,0%,1
4870,letd.,Others,Others,48,-7%,8
4878,lltd.,Others,Others,66,-8%,1
4887,matd.,Industrials,Taiwan,38,6%,7
4890,meces,Financials,United States,23,2%,5
4907,nhLtd,Industrials,China,63,-2%,3
4914,omtd.,Others,Japan,92,2%,0
4921,LEPLE,Information Technology,United Kingdom,53,4%,4
4922,pptd ,Others,Japan,88,1%,6
4923,prnc.,Healthcare,South Korea,40,3%,3
4926,raPSC,Energy,Jordan,98,5%,1
4933,rkea),Others,Others,78,1%,0
4937,rtnc.,Others,Japan,5,2%,8
4939,saity,Industrials,China,12,-4%,3
4941,satd.,Others,Japan,15,5%,2
4943,siLtd,Industrials,South Korea,42,0%,3
4944,siInc,Others,South Korea,70,2%,3
4950,T Ltd,Industrials,South Korea,75,8%,5
4957,tltd.,Others,Japan,62,1%,4
4965,usrid,Utilities,Australia,8,0%,7
4967,usion,Industrials,Australia,52,2%,8
4983,DSINC,Others,Others,24,5%,5
4984,DSnc.,Others,Others,5,-7%,5
4993,eiLtd,Industrials,China,63,2%,3
5002,esLtd,Industrials,South Korea,14,1%,4
5005,esLLC,Healthcare,United States,95,-6%,2
5012,ionc.,Healthcare,United States,0,-7%,4
5017,ioTJ),Others,Others,92,6%,5
5032,ohLtd,Industrials,China,31,-1%,4
5034,okLtd,Industrials,South Korea,38,-8%,1
5036,onter,Others,Others,98,4%,3
5043,ortd.,Healthcare,South Korea,97,6%,7
5046,orLtd,Information Technology,South Korea,21,-2%,5
5047,ortd.,Consumer Staples,South Korea,56,-4%,4
5052,ratd.,Consumer Discretionary,Japan,85,-7%,6
5054,rited,Others,Others,10,7%,7
5081,&SLtd,Others,South Korea,71,6%,3
5083,.H KG,Healthcare,Germany,71,2%,3
5085,alion,Utilities,United States,2,7%,6
5090,anent,Government Institution,Canada,3,-6%,3
5091,ANNC.,Industrials,Japan,18,5%,6
5102,arInc,Financials,United States,47,2%,2
5104,astd.,Consumer Discretionary,South Korea,27,-2%,4
5105,asLLC,Financials,United States,79,-1%,3
5108,eltd.,Healthcare,South Korea,27,-1%,4
5119,H2td.,Industrials,United States,10,1%,0
5129,haile,Information Technology,China,18,3%,5
5139,heile,Information Technology,China,85,-1%,8
5140,hetd.,Consumer Discretionary,Taiwan,90,6%,2
5146,hitd.,Industrials,Taiwan,78,5%,5
5147,hirp.,Financials,Taiwan,85,-6%,8
5148,hikai,Financials,Japan,12,-8%,5
5153,hiion,Information Technology,China,27,-8%,5
5158,hitd.,Industrials,Taiwan,60,0%,4
5169,hioup,Industrials,China,81,-6%,7
5176,hoted,Industrials,China,47,-3%,6
5177,hoted,Industrials,China,41,1%,0
5181,hoLtd,Educational Institution,South Korea,98,-3%,0
5187,hutd.,Industrials,Taiwan,71,3%,0
5192,ittd.,Industrials,South Korea,72,4%,8
5197,itan.,Government Institution,Taiwan,3,-6%,4
5198,itwan,Government Institution,Taiwan,76,-6%,2
5204,leses,Energy,United States,36,0%,0
5211,MSINC,Consumer Discretionary,South Korea,45,-1%,3
5215,o Ltd,Consumer Discretionary,South Korea,26,-2%,6
5221,omion,Others,Others,37,3%,2
5224,om.U.,Energy,United States,86,1%,3
5235,onion,Consumer Staples,United States,12,-8%,3
5246,o-rai,Others,Japan,24,-1%,1
5252,osion,Information Technology,South Korea,77,7%,5
5253,osnc.,Others,Japan,12,5%,2
5256,ottd.,Consumer Discretionary,South Korea,18,-3%,1
5258,ouwan,Government Institution,Taiwan,45,-2%,8
5267,reLtd,Industrials,South Korea,74,-1%,8
5269,roS/A,Materials,Brazil,63,2%,4
5271,TCSC.,Consumer Staples,Vietnam,6,-1%,6
5272,ubLtd,Industrials,South Korea,27,5%,0
5275,usr A,Others,Others,88,-3%,0
5277,ybLtd,Others,Japan,70,5%,4
5286,aetd.,Utilities,South Korea,4,8%,4
5290,aeion,Industrials,South Korea,96,-8%,3
5291,aeLtd,Industrials,South Korea,9,-8%,4
5295,aenc.,Consumer Discretionary,South Korea,94,-4%,5
5303,aetd.,Industrials,South Korea,22,2%,0
5305,aetd.,Industrials,South Korea,79,1%,4
5307,aeLtd,Consumer Discretionary,South Korea,82,-5%,6
5317,aitd.,Materials,South Korea,8,5%,2
5328,aiion,Industrials,South Korea,61,-5%,0
5330,alile,Information Technology,China,100,3%,2
5331,alsit,Others,United States,1,-3%,1
5337,antd.,Materials,South Korea,22,4%,5
5339,ASrp.,Consumer Discretionary,South Korea,18,-8%,5
5346,azted,Industrials,China,29,0%,1
5347,BKLtd,Information Technology,South Korea,53,5%,6
5350,ectd.,Others,Japan,56,-6%,5
5356,emion,Others,Japan,16,1%,6
5357,eotd.,Industrials,South Korea,25,-2%,6
5360,erted,Industrials,China,14,8%,6
5362,ettd.,Industrials,Taiwan,54,3%,5
5366,iaLtd,Healthcare,South Korea,30,-2%,1
5369,IDion,Consumer Discretionary,South Korea,51,3%,1
5375,INtd.,Industrials,South Korea,81,7%,3
5383,NCany,Healthcare,South Korea,83,-4%,4
5384,NPorp,Industrials,South Korea,2,-5%,6
5386,o rp.,Industrials,United States,37,-1%,3
5398,onngs,Consumer Discretionary,South Korea,63,3%,2
5402,onLtd,Industrials,South Korea,87,-1%,0
5409,on PT,Industrials,South Korea,16,-5%,8
5410,onLtd,Industrials,South Korea,51,4%,2
5414,onLtd,Industrials,South Korea,68,-5%,7
5420,onLtd,Industrials,South Korea,89,-6%,8
5423,onLtd,Others,Japan,100,-2%,0
5424,ooLtd,Others,South Korea,43,-2%,5
5453,asted,Others,Japan,77,2%,2
5457,asong,Information Technology,China,31,-3%,1
5459,chLtd,Real Estate,South Korea,20,-6%,2
5461,cotd ,Consumer Discretionary,Japan,20,7%,6
5464,DAtd.,Consumer Discretionary,South Korea,50,8%,0
5484,moity,Educational Institution,United States,0,1%,8
5498,ntogy,Information Technology,United States,30,1%,8
5500,nvLtd,Industrials,South Korea,4,0%,5
5503,onLTD,Others,South Korea,9,4%,2
5514,urct),Others,Others,5,0%,5
5521,woLtd,Others,South Korea,54,-4%,0
5523,xcSAS,Information Technology,United States,80,-5%,7
5528,xted ,Consumer Discretionary,Hong Kong,98,-1%,6
5530,&Crea,Consumer Discretionary,South Korea,71,2%,8
5533,arnc.,Others,Taiwan,26,7%,3
5541,ECCo.,Industrials,Japan,64,-1%,2
5546,entd.,Industrials,China,78,5%,2
5548,er SA,Healthcare,Switzerland,58,-4%,8
5555,irLLC,Utilities,United States,44,-1%,3
5560,latd.,Information Technology,Israel,86,-4%,8
5567,oltd.,Information Technology,Japan,53,5%,2
5568,ooion,Others,Others,59,-1%,0
5570,ornts,Government Institution,Others,33,7%,5
5596,uteau,Others,China,95,-2%,7
5604,antal,Healthcare,South Korea,51,-3%,3
5605,aoLtd,Consumer Discretionary,China,37,0%,7
5607,asnc ,Others,Others,72,1%,0
5611,entd.,Industrials,Sudan,85,-4%,5
5614,enrp.,Industrials,United States,54,2%,4
5618,eotd.,Healthcare,South Korea,77,5%,4
5627,loLtd,Consumer Discretionary,South Korea,41,7%,1
5629,lonc.,Others,Others,19,2%,3
5630,lonts,Government Institution,Others,81,-7%,8
5631,MTLtd,Industrials,South Korea,56,-1%,0
5634,oltd.,Others,Others,68,6%,8
5641,rarp.,Others,Others,95,8%,7
5645,reies,Healthcare,South Korea,67,-2%,7
5646,reLtd,Information Technology,South Korea,6,8%,2
5647,retd.,Information Technology,South Korea,20,-8%,5
5652,ROnc.,Consumer Discretionary,United States,28,4%,8
5661,uaLtd,Others,Others,30,1%,5
5663,uatd.,Healthcare,South Korea,89,-5%,1
5666,uaile,Information Technology,China,6,-8%,8
5668,uance,Government Institution,China,43,-3%,7
5675,umLtd,Consumer Staples,South Korea,31,6%,0
5680,waity,Government Institution,South Korea,74,-5%,7
5681,yaLtd,Healthcare,Mongolia,39,-1%,2
5691,aeLtd,Industrials,South Korea,37,6%,8
5692,aiion,Others,South Korea,65,-6%,1
5695,alLtd,Consumer Staples,South Korea,20,-5%,5
5703,antd.,Industrials,China,3,-3%,6
5704,antd.,Industrials,China,98,5%,4
5705,anter,Others,China,86,5%,7
5706,antd.,Industrials,China,29,3%,3
5707,antd.,Others,China,33,2%,4
5708,anLtd,Industrials,South Korea,83,-3%,5
5709,antd.,Materials,South Korea,88,-4%,8
5720,anLtd,Consumer Discretionary,South Korea,50,6%,6
5721,anLtd,Consumer Discretionary,South Korea,90,6%,0
5722,anLtd,Healthcare,South Korea,47,-8%,1
5727,antd.,Industrials,South Korea,62,8%,2
5728,antd.,Industrials,South Korea,28,-8%,8
5730,an SA,Consumer Staples,Argentina,88,0%,7
5732,antd.,Consumer Staples,South Korea,86,1%,8
5737,antd.,Materials,South Korea,56,-2%,2
5740,aotd.,Industrials,Hong Kong,77,0%,0
5753,eaLtd,Healthcare,South Korea,40,1%,8
5763,ebted,Industrials,China,77,7%,2
5766,eitd.,Consumer Staples,China,85,1%,3
5767,eiLtd,Consumer Staples,China,2,2%,4
5777,enCo.,Industrials,China,6,7%,5
5779,ented,Industrials,China,8,-3%,3
5782,eztd.,Industrials,Taiwan,58,-7%,7
5783,FRInc,Industrials,South Korea,51,-2%,5
5793,ISEAS,Others,China,43,3%,0
5797,itLtd,Industrials,South Korea,94,1%,0
5798,K ion,Consumer Discretionary,South Korea,55,-6%,1
5805,omLtd,Consumer Discretionary,South Korea,86,1%,5
5806,omLtd,Consumer Discretionary,South Korea,71,2%,6
5809,ontd.,Industrials,Hong Kong,89,-4%,5
5813,onLtd,Others,South Korea,73,1%,4
5815,OS.A.,Industrials,Panama,34,-5%,1
5819,RTorp,Consumer Discretionary,South Korea,84,2%,4
5822,uatd.,Information Technology,China,9,4%,2
5825,ubLtd,Others,Others,85,5%,1
5826,uitd.,Industrials,Taiwan,96,-4%,6
5828,umtd.,Consumer Discretionary,Japan,7,-7%,1
5829,umryx,Industrials,South Korea,6,8%,6
5832,waLtd,Others,South Korea,13,-7%,1
5838,ydLtd,Industrials,South Korea,52,7%,5
5842,yōof),Government Institution,Japan,26,3%,8
5843,yonc.,Others,South Korea,42,3%,2
5847,YURP.,Information Technology,South Korea,67,-4%,4
5855,yutd.,Consumer Discretionary,South Korea,0,0%,2
5860, &NC.,Information Technology,South Korea,81,1%,1
5865,batda,Industrials,Brazil,13,-6%,5
5878,lk AS,Industrials,Turkey,79,-1%,0
5881,lsing,Industrials,South Korea,3,8%,2
5882,LYLtd,Industrials,South Korea,15,-8%,4
5884,MDtd.,Consumer Staples,South Korea,48,2%,2
5890,ncLtd,Others,Others,19,-5%,3
5906,nfeau,Industrials,China,81,2%,2
5907,nited,Others,Others,58,-7%,5
5912,NOLtd,Industrials,Japan,3,-8%,2
5915,ntLtd,Industrials,South Korea,51,-6%,0
5932,shtd.,Others,Japan,19,-4%,4
5935,SOnc.,Utilities,United States,13,5%,5
5938,stct ,Government Institution,Turkey,41,5%,3
5953,.BTD.,Industrials,Thailand,0,4%,3
5969,apute,Industrials,Japan,37,-6%,7
5980,eitd.,Consumer Staples,South Korea,53,-7%,3
5982,ejLtd,Industrials,South Korea,89,-1%,3
5983,ejtd.,Consumer Staples,South Korea,97,-2%,3
5987,eoLtd,Industrials,South Korea,16,5%,6
5995,iaLtd,Others,Others,49,-5%,0
6000,iaLtd,Industrials,China,100,-5%,6
6001,iaLtd,Industrials,China,8,-5%,5
6004,iaLtd,Industrials,China,3,-2%,1
6009,innce,Government Institution,China,100,2%,1
6010,intd.,Healthcare,Taiwan,100,1%,8
6011,inLtd,Others,China,64,3%,2
6014,inLtd,Industrials,South Korea,41,1%,3
6015,inLtd,Industrials,South Korea,66,7%,1
6020,ooLtd,Consumer Discretionary,South Korea,22,0%,6
6031,udup ,Industrials,Japan,7,-1%,8
6034,unLtd,Industrials,South Korea,4,2%,0
6040,W Ltd,Healthcare,South Korea,70,-8%,3
6046,.Etd.,Consumer Discretionary,South Korea,51,-4%,0
6050,aeLtd,Consumer Discretionary,South Korea,21,-1%,1
6057,antd.,Consumer Discretionary,South Korea,34,-6%,3
6067,B td.,Consumer Discretionary,South Korea,35,7%,7
6068,C&C&A,Industrials,South Korea,73,2%,3
6069,D Ltd,Information Technology,South Korea,51,-6%,1
6070,eitd.,Industrials,Japan,66,-8%,1
6079,G c. ,Industrials,South Korea,73,3%,5
6080,imLtd,Others,South Korea,66,4%,7
6081,imLtd,Others,South Korea,0,4%,0
6093,M&td.,Consumer Discretionary,South Korea,32,-3%,7
6102,ohLtd,Consumer Discretionary,South Korea,76,4%,8
6119,ornc.,Information Technology,South Korea,74,6%,5
6122,ortd.,Consumer Staples,South Korea,73,-5%,6
6126,orion,Industrials,South Korea,76,-4%,1
6132,ornc.,Real Estate,South Korea,2,5%,0
6134,ortd.,Industrials,South Korea,45,5%,8
6135,ortd.,Industrials,South Korea,19,6%,8
6138,ority,Industrials,South Korea,72,-7%,1
6141,ortd.,Information Technology,South Korea,33,-1%,1
6144,ortd.,Consumer Staples,South Korea,76,6%,7
6145,ouent,Government Institution,South Korea,94,7%,3
6146,oross,Others,South Korea,20,-7%,4
6147,orLtd,Others,South Korea,41,7%,3
6151,PItd.,Industrials,South Korea,37,0%,3
6154,ryLtd,Healthcare,India,34,5%,2
6156,TGLtd,Others,South Korea,3,8%,0
6158,ukLtd,Consumer Discretionary,South Korea,62,2%,1
6159,ukLtd,Others,South Korea,14,-6%,0
6160,UKLTD,Consumer Discretionary,South Korea,18,0%,3
6165,untd.,Industrials,Taiwan,50,2%,7
6172,yoLtd,Industrials,Japan,97,8%,6
6176,yotal,Healthcare,Japan,15,-7%,7
6177,yotd.,Consumer Discretionary,Japan,71,-6%,3
6179,yuLTD,Real Estate,South Korea,75,8%,7
6180,yutd.,Materials,South Korea,83,-6%,2
6197,AV.A.,Industrials,Panama,94,4%,7
6200,eac. ,Educational Institution,Japan,73,3%,0
6209,F rp.,Industrials,South Korea,35,6%,4
6210,FB.A.,Healthcare,France,5,3%,3
6213,iaech,Others,Others,21,-2%,6
6214,iatd.,Others,Others,17,6%,5
6218,ie AG,Industrials,Switzerland,33,2%,6
6221,igany,Others,United States,92,0%,8
6223,inech,Others,Others,70,-3%,7
6238,ottd.,Industrials,South Korea,17,2%,2
6250,ubtd.,Others,China,80,0%,3
6269,arand,Government Institution,United States,39,-5%,3
6275,artd.,Others,Others,39,-2%,6
6288,axtd.,Industrials,South Korea,39,-5%,3
6300,DTLtd,Industrials,South Korea,85,7%,8
6301,eaLtd,Industrials,Singapore,32,1%,1
6306,edApS,Healthcare,Denmark,65,-6%,2
6307,edLtd,Industrials,South Korea,31,3%,0
6313,ednc.,Healthcare,United States,83,3%,2
6315,egtd.,Consumer Discretionary,South Korea,38,-1%,3
6320,eitd.,Consumer Discretionary,Taiwan,44,-7%,2
6323,eiany,Others,Japan,18,5%,2
6331,entd.,Industrials,China,79,6%,3
6336,ertd.,Consumer Discretionary,United Kingdom,24,-6%,3
6337,er LP,Others,Others,41,-7%,2
6343,ettd.,Others,Others,40,-1%,8
6359,iltd.,Industrials,South Korea,31,-1%,8
6360,ilplc,Others,Others,22,-5%,5
6362,ilLtd,Others,South Korea,0,2%,8
6368,irLtd,Industrials,South Korea,99,-1%,1
6377,iyof),Others,Japan,72,2%,3
6378,iyof),Government Institution,Japan,42,7%,0
6379,K td.,Others,South Korea,27,8%,3
6381,ODLtd,Industrials,South Korea,17,-8%,2
6386,olies,Others,Japan,17,-5%,8
6404,union,Consumer Discretionary,South Korea,68,-7%,1
6405,ur.K.,Others,Japan,76,-3%,4
6409,ybtd.,Information Technology,South Korea,45,1%,0
6418,ainc.,Others,Japan,62,-3%,8
6425,amLtd,Industrials,South Korea,48,1%,1
6440,arnc.,Healthcare,South Korea,22,1%,6
6448,atter,Healthcare,Japan,11,0%,4
6450,ateau,Consumer Discretionary,Japan,76,-7%,6
6453,ating,Industrials,United States,50,-2%,1
6454,atogy,Others,Others,38,-3%,4
6455,atort,Others,Japan,96,8%,6
6472,etion,Information Technology,South Korea,69,-7%,5
6480,ewtd.,Information Technology,South Korea,58,1%,5
6481,ewLtd,Energy,South Korea,55,2%,5
6483,ewity,Utilities,United States,85,3%,1
6484,ewnc.,Utilities,United States,39,5%,2
6492,htLtd,Industrials,South Korea,9,-4%,7
6504,ILILE,Others,Others,27,-7%,0
6507,inile,Information Technology,China,70,6%,3
6517,istd.,Energy,Japan,60,3%,1
6518,isLtd,Others,Japan,33,2%,4
6522,itLtd,Healthcare,Japan,59,-1%,6
6528,onnts,Government Institution,Others,20,-3%,6
6531,ooLtd,Consumer Discretionary,China,4,8%,4
6540,ovLtd,Others,Others,61,6%,8
6542,PCLtd,Industrials,South Korea,60,-1%,2
6552,ntium,Energy,United Kingdom,6,2%,2
6554,A ion,Industrials,Japan,54,4%,0
6555,CIion,Industrials,South Korea,96,4%,0
6556,ct AG,Healthcare,Switzerland,79,-1%,7
6570,lytd.,Healthcare,Japan,59,-3%,5
6571,mcLtd,Consumer Discretionary,Japan,38,2%,8
6588,ptLtd,Industrials,South Korea,10,2%,3
6591,rgLtd,Industrials,South Korea,26,-4%,6
6594,riLtd,Industrials,South Korea,91,7%,3
6595,riLtd,Industrials,South Korea,7,5%,0
6601,saeau,Others,Japan,46,2%,8
6602,satd.,Others,Japan,84,-1%,2
6603,SAREN,Others,Japan,93,-1%,5
6606,ta.K.,Others,Japan,6,-7%,8
6607,TOtd.,Industrials,South Korea,30,-6%,7
6617, &td.,Industrials,South Korea,63,2%,1
6626,antd.,Materials,South Korea,33,-2%,4
6632,artd.,Consumer Staples,South Korea,73,-5%,0
6644,etnc.,Industrials,South Korea,10,-3%,2
6647,etery,Others,South Korea,63,2%,8
6654,honc.,Others,Taiwan,80,-7%,2
6655,iatd.,Industrials,Australia,62,1%,5
6660,inLtd,Others,China,14,-6%,3
6661,IPTD.,Industrials,Japan,23,-8%,6
6663,KGLLC,Industrials,United States,10,-5%,3
6668,leLtd,Others,Japan,48,5%,5
6669,luorp,Industrials,South Korea,95,-2%,2
6673,ohory,Industrials,South Korea,78,2%,6
6681,OSLLC,Industrials,United States,30,-7%,7
6683,owion,Information Technology,Taiwan,29,-7%,8
6686,PSLtd,Others,South Korea,57,-3%,8
6698,rotd.,Others,Japan,8,6%,6
6705,S Ltd,Industrials,South Korea,87,-4%,1
6711,t ama,Industrials,Indonesia,34,6%,8
6718,usLtd,Industrials,South Korea,86,-2%,8
6723,ateum,Energy,Qatar,81,-5%,5
6724,i td.,Industrials,China,33,1%,1
6732,iqLtd,Consumer Staples,China,61,-4%,4
6735,uatd.,Industrials,Japan,20,6%,8
6738,uiLtd,Industrials,China,25,-2%,2
6740, Btd.,Healthcare,South Korea,7,0%,7
6743,acLtd,Industrials,Thailand,97,-3%,2
6745,aí.A.,Energy,Brazil,94,7%,2
6748,aseum,Others,Others,48,5%,4
6766,etca ,Others,Others,56,2%,7
6768,GCion,Others,Japan,25,-8%,8
6769,i td.,Others,Taiwan,12,-7%,3
6770,icada,Others,United States,72,6%,6
6771,icLtd,Others,Others,59,4%,3
6776,MCLtd,Industrials,South Korea,29,-2%,0
6778,obmbH,Consumer Discretionary,Germany,24,-3%,2
6788,P nc.,Healthcare,South Korea,88,-2%,6
6790,TSmbH,Industrials,Germany,0,7%,7
6791,usent,Others,Others,14,6%,0
6820,amion,Materials,South Korea,19,-4%,7
6823,amion,Industrials,South Korea,4,2%,4
6828,amtd.,Materials,South Korea,71,7%,7
6833,anLtd,Healthcare,South Korea,17,1%,3
6839,antd.,Industrials,Japan,33,1%,5
6841,apLtd,Others,Japan,78,7%,0
6854,BSion,Others,South Korea,14,6%,4
6856,BStd ,Consumer Discretionary,South Korea,49,-8%,5
6861,CIion,Industrials,Japan,13,-7%,0
6871,eatd.,Consumer Staples,South Korea,34,6%,7
6877,edtd.,Others,South Korea,66,7%,6
6887,elLtd,Information Technology,South Korea,22,-5%,4
6889,emLtd,Others,South Korea,76,-7%,0
6892,enLtd,Healthcare,South Korea,58,-7%,4
6896,eoLtd,Consumer Discretionary,South Korea,64,5%,1
6904,eotro,Industrials,South Korea,48,7%,3
6910,eroup,Healthcare,Japan,73,2%,7
6916,ewLtd,Consumer Discretionary,South Korea,59,-7%,8
6918,G Ltd,Consumer Discretionary,South Korea,56,6%,0
6919,G td.,Consumer Discretionary,South Korea,15,1%,8
6920,GALtd,Information Technology,South Korea,7,-2%,8
6922,haLtd,Others,China,57,-1%,4
6923,hatd.,Industrials,China,95,4%,6
6925,hatd.,Information Technology,China,53,3%,2
6929,hatd.,Industrials,China,1,0%,7
6933,hatd.,Industrials,China,85,3%,7
6936,had. ,Consumer Discretionary,South Korea,99,-5%,1
6937,haLtd,Industrials,China,78,-7%,7
6943,haate,Others,Others,14,-5%,7
6954,heice,Others,China,2,-1%,2
6955,heLtd,Others,China,88,-3%,6
6956,heted,Information Technology,China,22,5%,3
6959,heice,Government Institution,China,10,0%,7
6960,hetd.,Information Technology,China,65,4%,7
6969,hitd.,Consumer Discretionary,South Korea,97,7%,8
6972,hing ,Industrials,South Korea,22,-3%,8
6974,hiLtd,Real Estate,South Korea,57,6%,7
6976,hitd.,Industrials,South Korea,81,-3%,4
6983,hiure,Others,Others,18,6%,3
6985,hoLtd,Others,Others,67,-7%,2
6991,hurp.,Consumer Discretionary,Taiwan,78,2%,4
6993,IC AG,Information Technology,Germany,6,-7%,5
6995,icLtd,Others,Others,6,0%,1
6998,ictd.,Others,Others,77,-1%,2
7005,ilLtd,Financials,South Korea,92,5%,4
7009,imLtd,Consumer Discretionary,South Korea,73,-2%,8
7012,inLtd,Industrials,South Korea,44,6%,5
7017,intd.,Industrials,South Korea,25,3%,4
7018,inion,Materials,China,48,0%,6
7028,LWInc,Industrials,South Korea,44,-2%,8
7030,M Ltd,Industrials,South Korea,41,6%,1
7032,maLtd,Consumer Discretionary,South Korea,79,-4%,2
7039,NILtd,Industrials,South Korea,23,8%,2
7051,olSrl,Industrials,Italy,60,-8%,6
7063,owtd.,Healthcare,South Korea,94,5%,0
7072,PLLtd,Others,South Korea,6,3%,8
7076,R Ltd,Materials,South Korea,11,4%,1
7077,s td.,Consumer Discretionary,South Korea,91,-7%,6
7079,T Ltd,Others,South Korea,53,-1%,8
7082,tatd.,Others,China,59,-5%,8
7086,taLtd,Others,South Korea,44,-1%,8
7114,untd.,Industrials,South Korea,60,-6%,6
7115,untd.,Others,South Korea,10,-8%,6
7123,unLtd,Industrials,South Korea,59,-4%,7
7134,uptd.,Industrials,Taiwan,70,1%,1
7138,uzile,Information Technology,China,66,6%,1
7144,&LLtd,Industrials,South Korea,84,-4%,4
7148,aetd.,Others,South Korea,1,5%,5
7150,aeion,Others,South Korea,17,2%,2
7158,aitd.,Industrials,Taiwan,100,0%,4
7159,aitd.,Industrials,South Korea,100,7%,3
7164,airp.,Healthcare,Japan,89,2%,2
7165,aitd.,Industrials,Taiwan,49,-6%,7
7166,aitd.,Others,Taiwan,68,-5%,3
7171,aiion,Government Institution,Taiwan,5,-8%,5
7173,ak Co,Healthcare,Iran,23,-6%,1
7175,akion,Industrials,Japan,26,-6%,8
7193,CCLtd,Industrials,South Korea,36,5%,4
7194,CCLtd,Industrials,South Korea,15,-4%,7
7204,eetd.,Industrials,South Korea,92,-4%,3
7206,ek AS,Industrials,Turkey,54,7%,6
7214,entd.,Others,Others,61,-7%,6
7225,heove,Others,Others,9,5%,6
7226,hetd.,Consumer Discretionary,South Korea,14,0%,4
7231,herea,Financials,South Korea,85,-8%,6
7237,heily,Consumer Discretionary,South Korea,17,-7%,5
7245,henc.,Consumer Discretionary,Japan,6,6%,0
7247,heLtd,Others,Others,8,-5%,2
7259,iatd.,Industrials,Taiwan,71,-4%,5
7272,odLtd,Others,Others,53,-4%,8
7275,ohtd.,Others,Japan,69,-3%,0
7291,onech,Others,Others,4,6%,2
7293,optd.,Others,Taiwan,45,0%,2
7295,ottd.,Industrials,South Korea,12,-5%,6
7296,OTD. ,Consumer Discretionary,Japan,72,8%,8
7309,raInc,Others,Others,88,0%,5
7310,rePBC,Healthcare,United States,54,4%,1
7320,ruany,Industrials,United States,10,-5%,5
7327,SUany,Consumer Discretionary,Russia,33,5%,1
7333,.Aent,Others,Others,74,-4%,2
7339,bitd.,Industrials,South Korea,63,-4%,1
7345,lsLtd,Industrials,South Korea,20,5%,7
7349,nitd.,Healthcare,South Korea,76,-2%,2
7359,niLtd,Healthcare,South Korea,41,-3%,8
7370,nircy,Others,Others,6,-5%,6
7375,poted,Consumer Staples,South Korea,86,3%,5
7377,ruLtd,Industrials,China,47,-3%,3
7378,S rty,Others,United States,64,5%,3
7380,TEtor,Energy,Spain,91,6%,1
7385,altd.,Consumer Discretionary,South Korea,75,5%,6
7387,alLLC,Others,Japan,92,2%,7
7388,atNC.,Industrials,South Korea,48,-5%,7
7389,attd.,Industrials,South Korea,83,-5%,6
7397,EN.A.,Industrials,Panama,29,-5%,0
7402,FMtd.,Industrials,Taiwan,57,-2%,4
7403,HAInc,Others,Others,16,5%,6
7416,ittd.,Industrials,South Korea,64,-5%,6
7417,ittd.,Industrials,South Korea,70,-7%,7
7430,altd.,Industrials,South Korea,64,7%,6
7442,atium,Others,United States,67,-8%,3
7445,eMtd.,Information Technology,South Korea,50,7%,2
7461,ontd.,Real Estate,South Korea,84,5%,2
7462,ontd.,Industrials,South Korea,68,-5%,4
7466,ootd.,Consumer Discretionary,South Korea,19,-5%,6
7471,ooLtd,Others,South Korea,94,5%,6
7474,ooLtd,Consumer Discretionary,South Korea,75,-3%,4
7479,R nc.,Industrials,United States,86,-4%,8
7480,uhLtd,Industrials,China,0,3%,1
7481,uhLtd,Others,Others,10,3%,0
7482,uXtd.,Others,Others,81,6%,4
7485,enLtd,Information Technology,South Korea,98,-5%,6
7509,anLtd,Consumer Staples,South Korea,21,-4%,1
7511,antd.,Industrials,Japan,70,-3%,1
7516,ASOUP,Consumer Discretionary,Japan,47,-1%,4
7517,asLtd,Others,Japan,78,4%,2
7518,astd.,Consumer Discretionary,Japan,24,4%,4
7523,BMtd.,Others,Japan,16,2%,8
7526,egLtd,Others,South Korea,31,0%,2
7530,FMtd.,Consumer Discretionary,Taiwan,88,0%,4
7532,inrgy,Others,Others,23,-3%,1
7533,ixtd.,Industrials,Taiwan,87,-7%,3
7535,M ing,Industrials,Japan,11,-7%,5
7536,MCnty,Healthcare,United Kingdom,47,5%,8
7541,onLtd,Others,South Korea,72,1%,8
7544,onAdc,Industrials,South Korea,45,-1%,6
7546,orter,Others,Others,69,4%,3
7558,ouway,Industrials,South Korea,22,1%,3
7559,ouLtd,Industrials,South Korea,63,2%,5
7561,ouLtd,Others,South Korea,15,0%,0
7572,ultd.,Industrials,Taiwan,37,4%,0
7575,URtd.,Consumer Discretionary,South Korea,97,5%,8
7586,haLtd,Others,Others,23,1%,4
7596,hetd.,Others,China,23,8%,5
8217,suion,Healthcare,Japan,74,-1%,7
8300,eptd.,Consumer Discretionary,Japan,92,-8%,2
8433,crnc.,Information Technology,Japan,64,-2%,5
8596,ea.K.,Healthcare,Japan,65,5%,4
8804,tonc.,Information Technology,Japan,62,5%,3
8808,UCted,Consumer Discretionary,Japan,71,-3%,1
8816,ednc.,Healthcare,Japan,41,-1%,8
8831,qutd.,Industrials,Japan,9,-7%,7
9355,hitd.,Consumer Discretionary,Japan,12,4%,4
9960,asnc.,Materials,Canada,73,2%,0
10006,ortd.,Materials,Canada,71,-3%,5
10007,evrp.,Materials,Canada,8,-3%,3
10025,ubion,Materials,Canada,11,-4%,6
10051,ranc.,Healthcare,Canada,86,7%,7
10066,octd.,Materials,Canada,93,2%,2
10070,inrp.,Materials,Canada,10,3%,8
10072,ortd.,Materials,Canada,1,7%,6
10078,arnc.,Materials,Canada,55,-3%,6
10101,er SA,Healthcare,Poland,82,-8%,1
7605,ltnc.,Information Technology,Philippines,72,-8%,0
149,acted,Energy,Australia,60,1%,5
6667,lac. ,Financials,United States,53,-8%,0
6671,MCnc.,Financials,United States,62,3%,5
4258,acust,Energy,United States,61,-5%,4
2745,irnc.,Consumer Discretionary,China,50,5%,7
5425,ootd.,Financials,South Korea,58,1%,3
244,SX.A.,Energy,Brazil,59,-8%,8
316,pttd.,Healthcare,India,77,2%,4
9991,attd.,Materials,Canada,43,6%,5
2481,ntnc.,Healthcare,United States,97,-6%,1
10081,ubank,Financials,Ukraine,52,2%,3
204,an.A.,Financials,Spain,81,-5%,3
203,om.A.,Industrials,Spain,32,-2%,6
832,oktd.,Information Technology,Japan,40,-7%,0
1023,ranc.,Consumer Discretionary,Japan,34,1%,0
1307,aetd.,Real Estate,South Korea,15,4%,8
1372,T ion,Consumer Discretionary,South Korea,19,-2%,7
1439,annc.,Information Technology,South Korea,17,-1%,6
1450,LYtd.,Materials,South Korea,80,6%,8
1480,K td.,Information Technology,South Korea,81,7%,0
1503,OStd.,Consumer Staples,South Korea,0,-8%,0
1554,ootd.,Industrials,South Korea,11,8%,7
1598,ennc.,Healthcare,South Korea,0,-6%,7
1602,ELnc.,Information Technology,South Korea,50,2%,1
1620,ugion,Information Technology,South Korea,17,-6%,1
1641,ornc.,Information Technology,South Korea,1,2%,3
1993,hitd.,Materials,South Korea,29,-2%,4
2009,nitd.,Consumer Discretionary,South Korea,63,8%,0
2063,urnc.,Industrials,South Korea,71,-1%,7
2169,TIion,Industrials,South Korea,32,-3%,8
2238,hitd.,Information Technology,South Korea,84,1%,6
4692,ignc.,Telecommunication Services,United States,90,-5%,1
4775,rarp.,Information Technology,United States,57,5%,7
4777,S nc.,Information Technology,United States,87,-1%,2
4782,elPlc,Information Technology,Greece,54,2%,3
4786,oinc.,Information Technology,United States,71,5%,0
4899,MStd.,Information Technology,Japan,46,0%,8
4919,pptd.,Real Estate,South Korea,12,-7%,6
5115,en AG,Information Technology,Germany,2,7%,8
5193,ITion,Industrials,China,56,-7%,6
5194,ITion,Industrials,China,5,-8%,2
5234,onmbH,Utilities,Germany,75,-5%,8
5308,aetd.,Information Technology,South Korea,44,8%,2
5378,KDtd.,Materials,South Korea,19,-3%,5
5426,ou AG,Consumer Discretionary,Germany,11,-3%,4
5492,nenc.,Industrials,United States,29,-4%,0
5696,antd.,Materials,South Korea,16,-2%,6
5736,antd.,Industrials,South Korea,100,-5%,7
5955,amCo.,Energy,United States,48,-1%,5
6037,untd.,Real Estate,South Korea,15,-4%,3
6131,orrp.,Real Estate,South Korea,6,8%,1
6137,orion,Industrials,South Korea,54,7%,1
6636,aync.,Consumer Discretionary,United States,18,2%,7
6852,B td.,Materials,South Korea,74,-5%,1
6990,hrnc.,Healthcare,United States,85,-8%,7
7254,HQnc.,Information Technology,United States,96,2%,4
7335,.SLLC,Energy,United States,89,-8%,3
7366,nitd.,Energy,Australia,51,-1%,0
7564,TNtd.,Consumer Discretionary,South Korea,34,5%,7
7576,URion,Consumer Discretionary,South Korea,91,1%,3
9252,oktd.,Materials,Japan,48,-7%,6
16,Not Available,Others,Others,68,0%,4
163,er SA,Information Technology,Greece,22,-3%,7
169,lo SE,Information Technology,Germany,63,2%,2
180,Not Available,Others,Others,29,-8%,0
361,omela,Telecommunication Services,Venezuela,9,-8%,3
362,Not Available,Others,Others,15,6%,6
387,Not Available,Others,Others,31,-5%,1
439,Not Available,Others,Others,89,-4%,8
453,Not Available,Others,Others,69,-1%,3
524,Not Available,Others,Others,84,0%,3
530,Not Available,Others,Others,77,-5%,4
558,Not Available,Others,Others,31,-5%,5
648,roion,Information Technology,Taiwan,47,7%,7
699,blLtd,Information Technology,Taiwan,75,-3%,2
712,Not Available,Others,Others,3,2%,8
770,aiion,Industrials,Japan,3,-4%,3
776,katd.,Industrials,Japan,63,-2%,8
803,eotd.,Consumer Discretionary,Japan,0,7%,7
808,rotd.,Consumer Discretionary,Japan,67,6%,7
814,amany,Consumer Staples,Japan,59,-5%,8
853,AVTD.,Information Technology,Japan,78,-1%,5
865,biion,Information Technology,Japan,30,0%,5
868,HItd.,Consumer Discretionary,Japan,72,7%,5
869,iktd.,Industrials,Japan,55,5%,1
876,sgnc.,Information Technology,Japan,32,-4%,5
879,HLtd.,Industrials,Japan,68,2%,4
885,rinc.,Information Technology,Japan,66,3%,3
886,ainc.,Healthcare,Japan,34,-3%,1
894,aitd.,Materials,Japan,42,2%,5
900,nftd.,Information Technology,Japan,31,8%,8
946,entd.,Industrials,Japan,66,3%,0
962,awion,Industrials,Japan,71,-3%,4
970,&Tion,Healthcare,Japan,29,-7%,0
1004,ohtd.,Consumer Discretionary,Japan,59,2%,2
1005,taion,Industrials,Japan,34,6%,4
1008,axtd.,Consumer Staples,Japan,66,-5%,3
1009,istd.,Industrials,Japan,73,-5%,7
1108,Not Available,Others,Others,74,-7%,0
1170,K td.,Telecommunication Services,South Korea,7,7%,5
1171,&Srp.,Information Technology,South Korea,93,2%,8
1172,SCtd.,Industrials,South Korea,60,8%,5
1173,aeion,Materials,South Korea,45,1%,7
1174,hutd.,Industrials,South Korea,0,-2%,5
1175,oltd.,Information Technology,South Korea,42,-2%,8
1176,aetd.,Consumer Staples,South Korea,77,-1%,6
1177,retd.,Materials,South Korea,5,2%,2
1178,osnc.,Information Technology,South Korea,24,0%,8
1179,antd.,Consumer Discretionary,South Korea,39,-2%,5
1180,oftd.,Information Technology,South Korea,35,-3%,8
1181,annc.,Healthcare,South Korea,80,6%,6
1182,urnc.,Information Technology,South Korea,92,6%,4
1183,watd.,Industrials,South Korea,68,-8%,2
1184,NCtd.,Healthcare,South Korea,74,3%,4
1185,GAtd.,Information Technology,South Korea,62,1%,4
1186,neLtd,Industrials,South Korea,40,6%,1
1187,iltd.,Consumer Staples,South Korea,65,7%,5
1188,ootd.,Information Technology,South Korea,76,-6%,0
1189,nfnc.,Others,South Korea,35,-2%,5
1379,tetd.,Information Technology,South Korea,64,-8%,5
1436,orLtd,Industrials,South Korea,55,-3%,4
1464,antd.,Materials,South Korea,78,-4%,4
1492,ernc.,Industrials,South Korea,88,4%,7
1495,ognc.,Industrials,South Korea,86,7%,3
1505,TeTD.,Information Technology,South Korea,69,-8%,1
1590,ORtd.,Information Technology,South Korea,37,0%,7
1621,K ion,Consumer Discretionary,South Korea,46,-4%,7
1642,ontd.,Materials,South Korea,62,-4%,4
1649,PTnc.,Information Technology,South Korea,30,-8%,1
1655,Not Available,Others,Others,52,8%,7
1675,eztd.,Healthcare,South Korea,38,-4%,1
1681,reion,Healthcare,South Korea,2,3%,4
1696,ubnc.,Consumer Discretionary,South Korea,15,-7%,5
1702,OUtd.,Information Technology,South Korea,100,2%,7
1714,UNtd.,Consumer Staples,South Korea,49,5%,6
1720,artd.,Healthcare,South Korea,10,-7%,1
1725,ANnc.,Information Technology,South Korea,44,3%,2
1733,onnc.,Materials,South Korea,7,-4%,8
1735,upnc.,Information Technology,South Korea,41,-5%,2
1736,T td.,Healthcare,South Korea,83,-4%,5
1737,NCtd.,Information Technology,South Korea,61,-5%,3
1739,ontd.,Information Technology,South Korea,4,-5%,5
1749,uotd.,Healthcare,South Korea,72,7%,5
1753,S td.,Industrials,South Korea,10,-2%,5
1822,ottd.,Consumer Staples,South Korea,92,-1%,0
1962,amtd.,Materials,South Korea,79,-2%,2
2002,J ion,Consumer Staples,South Korea,76,-5%,1
2069,Not Available,Others,Others,7,-3%,5
2071,Not Available,Others,Others,13,-5%,5
2177,Not Available,Others,Others,74,4%,0
2260,eenc.,Industrials,South Korea,34,8%,5
2284,yotd.,Healthcare,South Korea,57,-7%,6
2290,ldtd.,Healthcare,South Korea,68,-6%,5
2300,yutd.,Industrials,South Korea,23,7%,1
2318,Not Available,Others,Others,83,1%,0
2344,Not Available,Others,Others,45,3%,1
2381,Not Available,Others,Others,2,8%,6
2404,ornc.,Information Technology,Russia,85,5%,0
2411,edund,Financials,United States,19,6%,8
2412,onund,Financials,United States,100,-1%,2
2413,Not Available,Others,Others,0,-4%,2
2415,Not Available,Others,Others,38,-3%,7
2483,Not Available,Others,Others,89,-8%,6
2536,Not Available,Others,Others,96,6%,3
2688,Not Available,Others,Others,49,-4%,3
2768,Not Available,Others,Others,44,-8%,3
2769,Not Available,Others,Others,59,-2%,2
2902,Not Available,Others,Others,90,-1%,1
3060,Not Available,Others,Others,86,-8%,6
3079,Not Available,Others,Others,38,-8%,1
3127,Not Available,Others,Others,95,-7%,8
3130,Not Available,Others,Others,69,8%,0
3185,Not Available,Others,Others,91,3%,1
3204,Not Available,Others,Others,64,2%,6
3234,Not Available,Others,Others,35,-8%,0
3248,Not Available,Others,Others,22,2%,0
3407,Not Available,Others,Others,80,2%,1
3422,antd.,Industrials,Japan,50,6%,1
3429,ujtd.,Industrials,Japan,96,-7%,0
3532,renc.,Financials,United States,75,4%,0
3540,Not Available,Others,Others,46,-1%,0
3626,Not Available,Others,Others,24,1%,0
3764,Not Available,Others,Others,89,-8%,5
3952,Not Available,Others,Others,27,1%,2
3964,Not Available,Others,Others,73,3%,7
3983,Not Available,Others,Others,69,3%,4
4220,Not Available,Others,Others,62,3%,2
4263,Not Available,Others,Others,44,-8%,7
4335,Not Available,Others,Others,13,-3%,1
4546,Not Available,Others,Others,77,1%,5
4589,Not Available,Others,Others,85,-3%,1
4594,irnc.,Information Technology,United States,70,-2%,4
4601,ppnc.,Industrials,United States,37,7%,1
4605,virp.,Information Technology,United States,35,-2%,2
4612,ionc.,Healthcare,Canada,78,-2%,5
4625,lenc.,Energy,United States,13,-2%,7
4659,okion,Industrials,United States,84,7%,8
4689,OUnc.,Consumer Discretionary,United States,17,8%,7
4710,idnc.,Information Technology,United States,100,8%,6
4725,ennc.,Consumer Staples,United States,22,1%,6
4745,Not Available,Others,Others,42,0%,1
4772,elrp.,Information Technology,China,46,7%,4
4780,SAnc.,Industrials,United States,78,6%,4
4792,ennc.,Energy,United States,84,8%,3
4796,Coted,Information Technology,United States,94,5%,7
4798,OtLLC,Consumer Discretionary,United States,6,-3%,5
4800,Thnc.,Financials,United States,12,-5%,5
4801,asorp,Consumer Discretionary,United States,20,3%,5
4802,PItd.,Others,Singapore,9,-2%,4
4803,Ssted,Others,United States,54,-8%,3
4804,Not Available,Others,Others,71,-1%,6
4805,Not Available,Others,Others,92,5%,5
4806,1std.,Consumer Discretionary,South Korea,17,-2%,4
4807,ndtd.,Industrials,South Korea,82,2%,6
4808,1 ted,Consumer Discretionary,United States,45,2%,1
4809,a ted,Information Technology,United States,75,-6%,3
4810,K LLC,Others,United States,97,1%,1
4814,avLLC,Information Technology,United States,30,6%,6
4815,banc.,Industrials,United States,100,6%,3
4816,BCrp.,Industrials,United States,73,-7%,4
4817,bdany,Industrials,Saudi Arabia,80,0%,4
4818,buany,Energy,United Arab Emirates,16,-8%,0
4820,ccLLC,Consumer Staples,United States,92,-4%,1
4821,ccnc.,Healthcare,Japan,40,2%,4
4823,co.V.,Others,Netherlands,19,-6%,3
4824,csspa,Healthcare,Italy,97,-1%,5
4825,ctnc.,Information Technology,United States,32,0%,6
4826,D nc.,Others,United States,47,-1%,7
4827,D td.,Materials,South Korea,5,6%,8
4829,datd.,Industrials,Japan,10,8%,5
4830,ddon.,Others,Japan,36,-1%,0
4831,dest),Consumer Discretionary,United States,65,4%,8
4833,dstd.,Industrials,South Korea,17,-4%,4
4834,DSnc.,Industrials,United States,83,0%,3
4836,dvLLC,Industrials,United States,66,-7%,4
4837,dvion,Consumer Discretionary,United States,44,-4%,4
4839,dvCo.,Others,Others,50,8%,4
4840,dvons,Consumer Discretionary,United States,76,-8%,6
4841,dvInc,Others,Others,69,1%,6
4843,ektd.,Consumer Discretionary,South Korea,32,-6%,2
4844,ekted,Industrials,Hong Kong,78,1%,6
4845,eroup,Industrials,United States,93,5%,3
4846,erLtd,Industrials,South Korea,43,-5%,4
4848,ganc.,Healthcare,United States,4,-7%,3
4849,GIion,Industrials,United States,100,8%,8
4850,ginc.,Consumer Discretionary,United States,6,-3%,6
4851,goool,Educational Institution,United States,83,5%,3
4853,icof),Government Institution,Japan,55,0%,7
4854,ictd.,Consumer Discretionary,Japan,25,-2%,0
4855,intd.,Materials,South Korea,42,3%,7
4856,irtd.,Industrials,South Korea,94,-8%,5
4857,irion,Industrials,United States,89,6%,4
4858,ir.S.,Industrials,France,37,1%,4
4859,irLtd,Information Technology,Japan,7,-2%,3
4860,J ers,Financials,United States,71,-3%,6
4861,J-td.,Others,South Korea,68,8%,8
4862,K td.,Consumer Staples,South Korea,99,4%,0
4863,K td.,Others,Vietnam,28,-7%,4
4864,kitd.,Consumer Discretionary,Japan,67,-4%,1
4865,lanc ,Others,United States,82,8%,4
4868,LDtd.,Real Estate,South Korea,52,5%,5
4869,LDoHG,Consumer Staples,Germany,66,-2%,1
4871,li.A.,Industrials,Italy,16,-2%,4
4872,llnc.,Industrials,United States,47,-4%,6
4873,llLtd,Industrials,Singapore,66,-7%,5
4874,llLLC,Others,United States,33,2%,1
4875,llons,Industrials,Japan,80,-3%,5
4876,llnc.,Consumer Staples,United States,69,2%,6
4877,llLtd,Consumer Discretionary,Australia,86,2%,2
4879,loInc,Industrials,United States,47,3%,4
4880,Not Available,Others,Others,60,-2%,2
4884,ltnc.,Consumer Staples,United States,95,-3%,6
4885,Not Available,Others,Others,10,1%,3
4886,M LLC,Industrials,United States,75,0%,7
4888,maInc,Healthcare,Taiwan,10,-3%,8
4889,meAC),Industrials,United States,57,-1%,5
4891,meion,Others,United States,32,-8%,0
4892,meion,Industrials,United States,42,-6%,4
4895,meoss,Foundation,United States,30,-3%,2
4896,mpion,Materials,United States,97,6%,7
4897,mpmbH,Utilities,Germany,27,2%,7
4898,mstd.,Others,Japan,35,4%,2
4901,neLLC,Industrials,United States,4,4%,5
4902,ngLC ,Energy,United States,16,-3%,3
4903,ngnc.,Others,United States,9,6%,8
4904,ngLLC,Consumer Discretionary,United States,33,4%,5
4905,nhLtd,Others,China,23,2%,3
4906,nHLtd,Information Technology,China,31,-7%,1
4908,nt.K.,Consumer Discretionary,Japan,54,-5%,2
4909,Not Available,Others,Others,73,-5%,3
4910,NTtd.,Information Technology,South Korea,10,-6%,1
4911,nyown,Consumer Discretionary,United States,64,3%,2
4912,nyies,Others,New Zealand,59,-8%,7
4913,nync.,Others,Others,4,0%,8
4915,om.K.,Industrials,Japan,22,-5%,7
4916,-Otd.,Industrials,South Korea,23,-1%,4
4917,peCo.,Others,United States,69,6%,7
4920,ppnc.,Information Technology,United States,86,-4%,6
4924,quLtd,Industrials,Australia,0,8%,4
4925,quoup,Industrials,Portugal,91,6%,3
4927,rated,Others,Others,2,-7%,0
4928,rcnc.,Healthcare,United States,31,-1%,7
4929,retd.,Others,South Korea,92,6%,7
4930,Not Available,Others,Others,21,1%,2
4931,rgnc.,Consumer Discretionary,United States,10,-5%,2
4932,rints,Consumer Staples,United States,42,2%,8
4934,RKnc.,Healthcare,Japan,90,3%,4
4936,rttd.,Consumer Discretionary,South Korea,14,7%,7
4938,rtnc.,Healthcare,United States,25,1%,5
4940,satd.,Industrials,Japan,41,2%,6
4942,sclth,Healthcare,United States,25,8%,2
4945,siLtd,Materials,South Korea,70,-3%,2
4946,Not Available,Others,Others,43,-4%,7
4947,sotd.,Others,Japan,39,5%,8
4948,sseti,Industrials,Turkey,31,-7%,3
4949,sutd.,Consumer Staples,Japan,47,-7%,2
4952,TCnc.,Information Technology,United States,74,-7%,8
4953,tetd.,Industrials,South Korea,95,-1%,3
4954,tlnc.,Healthcare,United States,84,0%,0
4955,tlcy),Financials,United States,32,-2%,6
4956,tlLLC,Others,United States,9,8%,8
4959,Not Available,Others,Others,94,-4%,6
4960,Not Available,Others,Others,18,3%,6
4961,udLtd,Consumer Discretionary,United Kingdom,96,-4%,8
4962,urLLC,Financials,United States,33,7%,0
4963,urtd.,Industrials,South Korea,74,-5%,8
4964,usent,Government Institution,Australia,3,5%,4
4966,usnce,Industrials,Australia,87,4%,1
4968,varp.,Information Technology,United States,58,-7%,4
4969,xatd.,Materials,Japan,47,-5%,2
4970,zeent,Government Institution,Azerbaijan,47,6%,7
4971,zeany,Others,Azerbaijan,31,0%,6
4972,abted,Financials,Australia,58,-5%,4
4973,aeLtd,Others,South Korea,66,-2%,8
4974,ahE.C,Materials,Bahrain,69,4%,7
4975,aitd.,Consumer Discretionary,South Korea,15,5%,3
4976,aknc.,Consumer Staples,United States,5,5%,0
4977,hiion,Industrials,China,64,7%,0
4979,arnc.,Industrials,South Korea,38,-1%,0
4980,asLLC,Consumer Staples,United States,90,-2%,2
4981,Not Available,Others,Others,15,0%,3
4982,CBnc.,Healthcare,United States,82,5%,5
4985,eaLtd,Consumer Staples,South Korea,97,-2%,0
4986,eitd.,Others,China,79,-4%,0
4987,eirgy,Others,China,6,7%,3
4988,eitd.,Others,China,8,6%,4
4989,eitd.,Consumer Discretionary,China,30,4%,7
4990,eiLtd,Industrials,China,43,-6%,3
4991,Not Available,Others,Others,56,-7%,3
4992,eitd.,Industrials,China,6,4%,2
4994,eitd.,Information Technology,China,24,-8%,6
4995,eitd.,Industrials,China,73,6%,1
4996,eitd.,Others,China,60,-7%,7
5000,enLLC,Healthcare,United States,47,-3%,2
5001,er AS,Healthcare,Norway,45,-4%,0
5003,esLtd,Healthcare,Taiwan,36,3%,5
5004,esnc.,Healthcare,Japan,28,2%,7
5006,etInc,Industrials,South Korea,36,-3%,7
5007,Not Available,Others,Others,55,-3%,0
5008,Not Available,Others,Others,81,5%,1
5009,idion,Consumer Discretionary,United States,94,7%,2
5010,ieted,Materials,China,22,7%,4
5011,igion,Utilities,United States,72,8%,6
5013,io.V.,Healthcare,Mexico,55,7%,3
5014,ioLLC,Others,United States,39,-7%,4
5015,iotd.,Healthcare,India,81,1%,5
5016,io BV,Healthcare,Netherlands,42,7%,5
5019,ITtd.,Real Estate,South Korea,78,-8%,4
5020,J'nc.,Consumer Staples,United States,85,-7%,5
5021,Not Available,Others,Others,77,-6%,3
5022,Not Available,Others,Others,82,4%,5
5023,loion,Industrials,United States,17,-3%,3
5024,lonc.,Financials,United States,61,-8%,7
5025,luion,Industrials,United States,27,3%,7
5026,luLLC,Others,United States,5,2%,1
5027,lutd.,Consumer Discretionary,South Korea,44,1%,4
5028,lu LP,Energy,United States,58,-2%,6
5029,m Ltd,Healthcare,South Korea,8,-5%,7
5031,nctd.,Industrials,South Korea,68,4%,5
5033,okLtd,Materials,South Korea,16,7%,0
5035,okRmc,Materials,South Korea,24,-8%,0
5038,onLtd,Consumer Staples,South Korea,18,3%,0
5039,ooLtd,Consumer Staples,South Korea,85,7%,0
5040,OP.P.,Others,United States,58,3%,4
5041,ortd.,Consumer Staples,South Korea,69,5%,5
5042,ortd.,Energy,South Korea,22,3%,3
5044,ortd.,Others,South Korea,97,6%,7
5045,orLtd,Real Estate,South Korea,22,-4%,7
5048,ou SA,Telecommunication Services,France,75,6%,2
5049,PCing,Others,Russia,1,-2%,4
5050,R td.,Consumer Staples,South Korea,60,3%,2
5051,ranc.,Consumer Discretionary,United States,23,5%,4
5055,ring),Information Technology,United States,79,3%,3
5057,rotd.,Others,Hong Kong,63,-6%,4
5059,roany,Materials,United States,1,8%,6
5060,ruhip,Utilities,Canada,56,-2%,8
5061,S Ltd,Industrials,South Korea,39,-8%,7
5062,Not Available,Others,Others,73,3%,2
5063,uices,Industrials,Vietnam,83,-2%,1
5064,uktd.,Others,South Korea,65,-2%,2
5065,urtd.,Materials,South Korea,14,4%,4
5066,usEdu,Real Estate,South Korea,62,-8%,0
5067,ustd.,Others,South Korea,2,1%,6
5068,ustd.,Others,South Korea,17,-6%,1
5069,ustd.,Industrials,South Korea,18,-7%,7
5070,usity,Government Institution,South Korea,13,-2%,2
5071,usLtd,Industrials,South Korea,46,4%,0
5072,usion,Industrials,South Korea,35,7%,8
5073,ustd.,Others,South Korea,67,-8%,5
5074,W  AS,Industrials,Norway,49,-2%,7
5075,XTion,Others,South Korea,89,-7%,1
5076,YCtd.,Others,South Korea,18,2%,7
5077,yetd.,Utilities,South Korea,85,1%,5
5078,yrnc.,Healthcare,United States,22,8%,4
5079, &ted,Financials,United States,54,5%,1
5080,&Cies,Healthcare,South Korea,3,7%,1
5082,&std.,Others,South Korea,71,-5%,6
5084,alirs,Government Institution,United States,7,-3%,0
5086,âmica,Others,Brazil,19,-1%,1
5087,amtd.,Others,South Korea,72,5%,6
5088,AM.A.,Utilities,Argentina,64,-8%,8
5089,Not Available,Others,Others,21,1%,0
5092,Not Available,Others,Others,48,-6%,5
5093,apLLC,Energy,United States,16,-2%,0
5094,aptd.,Industrials,China,21,4%,3
5095,aprp.,Industrials,Greece,91,-4%,4
5096,apLLP,Financials,United Kingdom,2,2%,8
5097,ar.V.,Others,Netherlands,95,0%,6
5098,arorp,Information Technology,United States,61,-4%,3
5099,ARnc.,Consumer Discretionary,United States,67,-4%,6
5100,arLLC,Healthcare,United States,25,2%,5
5101,arted,Consumer Staples,United States,91,7%,8
5103,artd.,Consumer Staples,South Korea,87,-5%,5
5106,CSnc.,Healthcare,United States,95,0%,8
5107,ECtd.,Industrials,Australia,48,7%,4
5110,ennc.,Materials,United States,87,-6%,5
5111,enany,Others,United States,2,-2%,5
5112,ences,Financials,United States,88,0%,8
5113,enion,Information Technology,Japan,77,2%,7
5116,er.V.,Others,Netherlands,82,-8%,6
5117,er.V.,Industrials,Netherlands,83,4%,6
5118,evSPA,Industrials,Algeria,48,-1%,2
5120,HAoup,Healthcare,South Korea,23,-7%,3
5121,hanc.,Consumer Discretionary,South Korea,31,5%,3
5122,hatal,Healthcare,Taiwan,63,-7%,6
5123,hatd.,Others,China,7,6%,1
5124,haoup,Others,China,69,1%,2
5125,hatd.,Materials,South Korea,84,1%,5
5126,hatd.,Others,Hong Kong,10,6%,3
5127,hatd.,Materials,China,83,-1%,8
5128,hatd.,Others,South Korea,29,-5%,1
5130,haLtd,Others,South Korea,16,-6%,0
5131,haLtd,Consumer Staples,South Korea,82,-8%,0
5132,hatd.,Consumer Staples,Japan,12,-5%,6
5133,HDnc.,Healthcare,United States,71,1%,6
5134,hetd.,Consumer Staples,South Korea,31,6%,6
5135,hetd.,Consumer Discretionary,South Korea,84,-5%,3
5136,hetd.,Consumer Discretionary,China,77,-1%,5
5137,he.A.,Healthcare,Spain,59,8%,1
5138,hetd.,Industrials,China,32,-6%,1
5141,hetd.,Industrials,South Korea,3,1%,8
5142,hetd.,Utilities,South Korea,68,-8%,2
5143,hetd.,Consumer Discretionary,China,76,3%,3
5144,henc.,Consumer Discretionary,United States,74,0%,3
5145,heion,Others,United States,66,-7%,7
5149,hient,Government Institution,China,99,8%,2
5151,hiLtd,Consumer Discretionary,China,75,-4%,3
5152,hinc.,Industrials,China,63,6%,2
5154,hinc.,Consumer Discretionary,China,84,-5%,7
5155,hitd.,Others,China,54,6%,7
5159,hiany,Industrials,China,55,-7%,3
5162,hid. ,Industrials,China,47,0%,4
5165,Not Available,Others,Others,69,-1%,5
5167,hitd.,Others,China,77,0%,6
5168,hirp.,Utilities,Canada,4,8%,0
5170,hitd.,Others,China,74,5%,7
5171,hinc.,Consumer Discretionary,United States,74,2%,8
5174,hoCo.,Others,China,51,0%,5
5175,horp.,Consumer Staples,South Korea,68,-6%,0
5178,hoogy,Information Technology,South Korea,95,-1%,5
5179,hotd.,Consumer Discretionary,South Korea,34,-8%,7
5180,hod. ,Information Technology,Japan,81,6%,5
5182,hotd.,Consumer Discretionary,South Korea,64,1%,6
5183,Not Available,Others,Others,19,-8%,8
5185,hutd.,Consumer Staples,Taiwan,34,-4%,5
5186,hutd.,Consumer Discretionary,Japan,68,1%,1
5188,hutd.,Others,South Korea,12,-5%,2
5189,huion,Materials,South Korea,38,2%,6
5190,hutd.,Consumer Discretionary,Japan,47,-5%,1
5191,ITLtd,Others,Singapore,88,-6%,1
5195,itoya,Industrials,Japan,61,7%,5
5196,itaki,Industrials,Japan,44,-7%,6
5199,j td.,Others,Singapore,86,8%,3
5200,j Ltd,Others,South Korea,0,4%,5
5201,KCtd.,Others,South Korea,13,3%,5
5202,unLtd,Energy,Cyprus,39,-2%,6
5203,leInc,Others,United States,38,-8%,7
5205,letd.,Industrials,South Korea,16,7%,5
5206,linc.,Consumer Discretionary,South Korea,85,5%,0
5207,m td.,Industrials,South Korea,61,0%,3
5209,MCnc.,Industrials,United States,40,-2%,5
5210,MJtd.,Industrials,South Korea,84,8%,1
5212,NBion,Industrials,China,29,-5%,5
5213,NKLLC,Industrials,United States,22,2%,3
5214,NLLLC,Real Estate,United States,93,-1%,5
5216,ODnc.,Consumer Discretionary,United States,43,-6%,1
5217,okion,Energy,United States,5,3%,4
5218,Not Available,Others,Others,49,0%,2
5219,omtd.,Information Technology,Japan,18,0%,3
5220,omany,Industrials,Japan,14,-2%,3
5222,omtd.,Industrials,South Africa,84,7%,7
5223,omLLC,Healthcare,United States,24,4%,7
5225,el Nv,Materials,Belgium,21,1%,6
5226,OM AG,Information Technology,Germany,25,-5%,2
5227,omnc.,Industrials,United States,34,-5%,4
5228,omion,Information Technology,United States,23,-7%,0
5229,omnc.,Information Technology,United States,36,2%,2
5230,omLtd,Information Technology,Japan,9,-4%,8
5231,Not Available,Others,Others,90,1%,5
5232,omtd.,Others,South Korea,34,1%,6
5233,onnc.,Energy,United States,86,-5%,8
5236,onnc.,Industrials,United States,40,6%,1
5237,onnc.,Industrials,United States,100,-4%,2
5238,ontd.,Others,South Korea,25,8%,8
5239,Not Available,Others,Others,7,-8%,1
5240,onion,Industrials,United States,19,-2%,6
5241,onTD.,Consumer Discretionary,Japan,78,-1%,5
5242,onnc.,Consumer Discretionary,South Korea,24,-6%,8
5243,onrgy,Energy,United States,70,-1%,5
5244,onnc.,Others,British Virgin Islands,12,-7%,7
5245,ooted,Healthcare,United States,40,4%,5
5247,ooion,Industrials,Japan,5,-2%,5
5249,ortd.,Materials,South Korea,88,7%,4
5250,ormbH,Information Technology,Germany,36,-6%,7
5251,ostd.,Others,Japan,6,5%,0
5254,ostd.,Industrials,South Korea,81,3%,4
5257,ourp.,Energy,United States,38,7%,4
5260,owtd.,Industrials,Japan,3,-2%,0
5261,oxses,Consumer Discretionary,United States,9,-2%,5
5264,Not Available,Others,Others,56,8%,3
5265,raG) ,Consumer Discretionary,United States,93,6%,6
5266,renc.,Healthcare,United States,38,-5%,3
5268,rinc.,Industrials,United States,30,6%,7
5270,roCo.,Industrials,Iran,27,-7%,1
5273,umnc.,Consumer Discretionary,Canada,95,5%,4
5274,"urc.,",Consumer Discretionary,United States,39,-2%,5
5276,V nc.,Consumer Discretionary,United States,40,-6%,8
5278,yntd.,Information Technology,South Korea,57,-5%,8
5279,ypion,Information Technology,Japan,81,1%,7
5280,zes.c,Industrials,Czech Republic,68,-8%,1
5281,&Hnc.,Information Technology,United States,16,-6%,5
5282,a'Ltd,Others,China,30,3%,3
5283,aetd.,Healthcare,South Korea,97,6%,0
5284,aetd.,Information Technology,Vietnam,49,-1%,4
5285,aetd.,Industrials,South Korea,55,-3%,5
5287,aeLtd,Industrials,South Korea,72,-1%,3
5288,aetd.,Industrials,South Korea,15,1%,1
5289,aetd.,Utilities,South Korea,61,-1%,0
5292,aetd.,Consumer Discretionary,South Korea,81,5%,6
5293,aetd.,Industrials,South Korea,10,-6%,5
5294,aetd.,Consumer Discretionary,South Korea,30,-6%,2
5296,aeltd,Others,South Korea,60,-4%,4
5297,aetd.,Industrials,South Korea,31,2%,2
5298,aeoup,Materials,South Korea,39,4%,7
5299,aetd.,Industrials,South Korea,94,-6%,5
5300,AEtd.,Consumer Discretionary,South Korea,0,7%,0
5301,aetd.,Others,South Korea,69,2%,7
5302,aetd.,Others,South Korea,11,-4%,0
5304,aetd.,Industrials,South Korea,27,-4%,5
5309,aetd.,Industrials,South Korea,79,-3%,2
5310,aetd.,Industrials,South Korea,25,-6%,4
5312,aetd.,Information Technology,South Korea,50,5%,0
5313,aetd.,Others,South Korea,39,-1%,7
5314,aetd.,Industrials,South Korea,64,7%,4
5315,afLtd,Others,China,16,-6%,6
5316,aitd.,Materials,South Korea,33,1%,5
5320,aiLtd,Others,Singapore,90,2%,2
5321,aited,Information Technology,Hong Kong,69,0%,7
5322,aiate,Industrials,Japan,9,0%,2
5323,aitd.,Consumer Staples,Japan,95,-4%,1
5324,aitd.,Industrials,Japan,99,-8%,4
5325,aitd.,Consumer Discretionary,Japan,53,7%,1
5326,Not Available,Others,Others,40,0%,3
5327,aiion,Materials,South Korea,19,5%,1
5329,aknc.,Industrials,United States,7,4%,1
5332,alOoo,Consumer Staples,Russia,97,1%,2
5333,antd.,Consumer Discretionary,Japan,58,6%,2
5334,Not Available,Others,Others,23,2%,7
5336,anion,Real Estate,South Korea,66,-3%,3
5338,aotd.,Real Estate,South Korea,43,-6%,4
5340,asLtd,Information Technology,South Korea,94,-5%,3
5341,atnc.,Information Technology,Japan,26,-2%,8
5342,atLtd,Others,China,48,4%,4
5343,avnc.,Consumer Discretionary,United States,27,-5%,3
5344,ay.K.,Consumer Discretionary,Japan,73,-7%,7
5345,aytd.,Information Technology,South Korea,7,8%,8
5349,eboup,Healthcare,Switzerland,90,-2%,6
5351,eeLtd,Industrials,China,53,5%,7
5352,efion,Government Institution,South Korea,36,3%,6
5353,EIp.A,Industrials,Italy,11,-8%,7
5354,elnc.,Information Technology,United States,29,0%,8
5355,eltsu,Industrials,United States,93,-7%,0
5358,epons,Financials,United Kingdom,9,1%,5
5359,epems,Government Institution,Taiwan,60,-8%,1
5361,esnc.,Information Technology,Japan,53,-5%,5
5363,evLlc,Others,United States,43,-5%,5
5365,HCion,Industrials,Japan,66,-5%,3
5367,ianc.,Industrials,United States,63,3%,0
5370,idnc.,Healthcare,United States,22,2%,8
5372,igion,Information Technology,United States,19,7%,2
5373,Not Available,Others,Others,23,-1%,6
5376,io.V.,Industrials,Netherlands,77,3%,6
5377,irnc.,Industrials,United States,45,-7%,2
5379,mdLtd,Real Estate,South Korea,24,7%,2
5380,Not Available,Others,Others,81,-5%,3
5381,MMtd.,Information Technology,Japan,96,-5%,6
5382,MMtd.,Others,Japan,55,-5%,5
5385,Not Available,Others,Others,22,0%,4
5387,oktd.,Industrials,Japan,82,1%,4
5388,omLLC,Consumer Staples,United States,89,4%,6
5389,Not Available,Others,Others,33,8%,8
5390,ontd.,Others,South Korea,91,-4%,6
5391,onLtd,Others,South Korea,21,-5%,0
5392,onted,Information Technology,Hong Kong,67,-8%,4
5393,onion,Consumer Discretionary,South Korea,12,-2%,2
5394,onion,Consumer Discretionary,South Korea,35,-6%,1
5395,ontd.,Materials,South Korea,26,0%,1
5396,onLtd,Industrials,South Korea,42,2%,1
5397,ontd.,Others,China,97,0%,0
5399,onany,Industrials,China,57,8%,5
5400,ontd.,Materials,South Korea,43,0%,8
5401,ontd.,Materials,South Korea,37,7%,3
5403,ontd.,Consumer Discretionary,South Korea,54,2%,3
5404,ontd.,Others,South Korea,42,3%,4
5405,ontd.,Materials,South Korea,50,-3%,3
5406,ond..,Industrials,South Korea,70,-1%,5
5407,on Pt,Materials,Indonesia,90,3%,4
5408,ontd.,Industrials,South Korea,62,3%,6
5411,ontd.,Industrials,South Korea,99,-4%,4
5412,ontd.,Consumer Discretionary,South Korea,29,-6%,4
5413,ontd.,Consumer Discretionary,South Korea,99,0%,0
5415,ontd.,Consumer Discretionary,South Korea,68,-1%,0
5416,ontd.,Others,South Korea,98,-1%,4
5418,ontd.,Information Technology,South Korea,49,8%,0
5419,ontd.,Consumer Discretionary,South Korea,44,7%,6
5421,ontd.,Materials,South Korea,21,-8%,0
5427,r. KG,Industrials,Germany,43,-8%,2
5428,r.mbH,Industrials,China,27,-3%,7
5429,Not Available,Others,Others,46,-5%,6
5430,retd.,Consumer Discretionary,South Korea,30,-2%,7
5432,Not Available,Others,Others,97,-2%,3
5433,ronc.,Information Technology,United States,32,-3%,2
5434,ruLLC,Healthcare,United States,98,0%,5
5435,s td.,Utilities,South Korea,34,8%,2
5437,TC CV,Others,Mexico,64,-7%,0
5438,ubtd.,Industrials,United Arab Emirates,14,4%,5
5439,ubity,Others,United Arab Emirates,56,4%,7
5440,ucany,Healthcare,Vietnam,77,-1%,1
5441,ULLtd,Industrials,China,59,0%,8
5442,urtd.,Others,South Korea,87,2%,4
5443,ut.V.,Healthcare,Netherlands,10,-6%,1
5444,ymtd.,Information Technology,Japan,21,7%,4
5445, MInc,Others,United States,11,-1%,6
5446, Uoup,Industrials,Taiwan,43,-1%,0
5447,. o. ,Consumer Discretionary,Germany,6,7%,5
5448,.Ltd.,Consumer Discretionary,South Korea,31,-6%,2
5449,agLLC,Others,United States,73,-1%,7
5450,arnc.,Consumer Discretionary,United States,62,7%,6
5451,asInc,Others,United States,14,7%,7
5452,asted,Industrials,Japan,14,8%,2
5454,asany,Energy,United States,38,-3%,0
5455,asnc.,Utilities,United States,45,0%,3
5456,asnc.,Industrials,United States,0,5%,1
5458,astd.,Consumer Staples,South Korea,98,-6%,1
5460,coion,Real Estate,South Korea,76,4%,2
5462,cotd.,Others,Japan,63,1%,8
5463,conc.,Information Technology,United States,18,4%,2
5465,-FLLC,Others,United States,58,1%,7
5466,Not Available,Others,Others,35,-5%,5
5467,gyion,Energy,Egypt,6,-1%,8
5469,l tal,Healthcare,United States,53,1%,6
5470,leInc,Utilities,United States,73,8%,0
5471,leLLC,Consumer Discretionary,United States,17,6%,0
5473,leLLC,Energy,United States,6,-1%,4
5474,LGtd.,Industrials,Japan,54,-5%,2
5475,liion,Healthcare,United States,15,0%,1
5477,llLLC,Consumer Discretionary,United States,46,6%,7
5478,llnc.,Industrials,United States,64,6%,2
5479,llnc.,Information Technology,United States,78,-5%,8
5480,Not Available,Others,Others,94,7%,5
5481,mmnc.,Healthcare,United States,95,-7%,8
5482,Monc.,Information Technology,South Korea,33,4%,5
5483,motd.,Industrials,Japan,32,3%,6
5485,mpion,Utilities,United States,5,-3%,8
5486,mpany,Financials,United States,44,-4%,8
5487,mptd.,Consumer Discretionary,Taiwan,70,0%,8
5488,mpana,Energy,Ecuador,0,5%,5
5489,mrvba,Consumer Discretionary,Belgium,24,-8%,1
5490,nenc ,Others,United States,81,2%,3
5493,neest,Government Institution,United States,87,3%,0
5494,Not Available,Others,Others,76,-2%,7
5495,netd.,Energy,United States,82,-8%,3
5496,n+td.,Materials,Russia,62,2%,3
5497,ntLtd,Others,Others,78,6%,4
5499,Ntion,Information Technology,South Korea,35,6%,5
5501,nvion,Industrials,South Korea,42,3%,1
5502,ojtd.,Industrials,South Korea,63,0%,2
5504,paltd,Consumer Staples,Japan,77,8%,6
5505,rgnc.,Industrials,United States,32,4%,8
5506,rnnc.,Healthcare,United States,98,-3%,3
5507,SPbal,Information Technology,United States,37,7%,6
5508,sstd.,Others,United Kingdom,55,-8%,8
5509,sstd.,Industrials,South Korea,41,-8%,1
5510,taang,Healthcare,France,80,0%,8
5511,Not Available,Others,Others,0,-7%,6
5512,-Ttd.,Information Technology,South Korea,63,2%,1
5513,ttted,Healthcare,Hong Kong,22,-5%,4
5515,urted,Information Technology,United Kingdom,19,6%,7
5516,ur SA,Healthcare,France,43,4%,1
5517,urral,Industrials,Netherlands,6,2%,5
5520,Not Available,Others,Others,18,-6%,3
5522,xcrp.,Information Technology,United States,12,-4%,5
5524,xenc.,Others,United States,71,1%,2
5525,xetd.,Information Technology,Israel,35,-8%,6
5526,xonc.,Healthcare,United States,78,8%,6
5527,Not Available,Others,Others,76,7%,8
5531,.Ctd.,Consumer Staples,Taiwan,79,-2%,4
5534,arnc.,Others,United States,54,4%,2
5535,arion,Others,Japan,38,8%,3
5536,arion,Consumer Staples,South Korea,91,-5%,6
5537,ar.V.,Others,Netherlands,54,-4%,1
5538,astd.,Consumer Discretionary,South Korea,99,8%,6
5539,AWion,Consumer Discretionary,China,94,8%,0
5540,B nc.,Others,France,56,5%,0
5542,edion,Government Institution,United States,87,-7%,1
5543,Not Available,Others,Others,17,-8%,0
5544,elnc.,Information Technology,Japan,1,2%,6
5545,emtd.,Materials,South Korea,67,2%,6
5547,enies,Others,United States,24,4%,2
5549,Not Available,Others,Others,56,-5%,4
5550,idnts,Financials,United States,31,-2%,7
5551,ieLLC,Energy,United States,20,0%,0
5552,inion,Industrials,United States,18,7%,0
5553,irSA.,Consumer Staples,Switzerland,7,7%,3
5554,irnc.,Industrials,United States,14,6%,6
5556,isoup,Consumer Staples,Brazil,31,5%,6
5557,isnc.,Consumer Discretionary,United States,83,-5%,7
5558,itnc.,Consumer Discretionary,United States,75,4%,0
5559,latd.,Industrials,Canada,0,-7%,8
5561,lenc.,Consumer Discretionary,United States,97,-5%,8
5562,lenc.,Industrials,United States,72,-7%,7
5563,Not Available,Others,Others,77,-5%,3
5564,lotd.,Consumer Discretionary,Japan,79,4%,1
5565,Not Available,Others,Others,67,-4%,0
5566,lyorp,Others,United States,90,-6%,1
5569,ORted,Information Technology,Japan,77,6%,6
5571,ortd.,Industrials,China,99,6%,4
5572,orInc,Industrials,Philippines,59,-4%,4
5573,orion,Industrials,United States,86,-8%,0
5574,ortd.,Industrials,Japan,10,4%,3
5575,ormbh,Information Technology,Germany,54,-2%,6
5577,ortd.,Consumer Discretionary,South Korea,55,7%,0
5578,"reLC,",Consumer Discretionary,United States,91,8%,4
5579,reLLC,Financials,United States,17,-8%,7
5580,renc.,Information Technology,United States,19,3%,8
5581,ronc.,Industrials,United States,47,4%,3
5582,rync.,Industrials,United States,16,1%,8
5583,Not Available,Others,Others,73,4%,2
5584,Not Available,Others,Others,72,8%,3
5585,u td.,Industrials,Taiwan,10,-6%,1
5586,ujtd.,Industrials,China,26,4%,8
5587,ujtd.,Industrials,China,97,7%,7
5588,ujion,Healthcare,Japan,53,3%,6
5589,ujLtd,Educational Institution,China,56,4%,7
5590,ujnc.,Healthcare,United States,76,-7%,4
5591,ujted,Others,Japan,50,7%,8
5592,UJTED,Consumer Discretionary,Japan,0,-4%,0
5593,ujtem,Others,Japan,31,-2%,3
5594,union,Healthcare,Japan,39,-6%,2
5595,unLLC,Healthcare,United States,1,1%,8
5597,utnc.,Information Technology,Canada,50,-2%,0
5598,utLtd,Industrials,South Korea,51,-8%,3
5599,uy.K.,Consumer Discretionary,Japan,34,1%,6
5601,10rp.,Information Technology,South Korea,39,-5%,4
5602,Not Available,Others,Others,20,-2%,3
5603,amnal,Information Technology,Taiwan,51,3%,4
5606,arnc.,Information Technology,United States,77,6%,8
5608,ation,Foundation,United States,53,-2%,8
5609,eiion,Industrials,United States,50,-2%,7
5610,ennc.,Consumer Discretionary,Japan,33,-6%,3
5612,en BV,Information Technology,Netherlands,60,2%,5
5613,enver,Others,United States,11,4%,0
5615,Not Available,Others,Others,72,-8%,5
5616,entd.,Consumer Staples,South Korea,12,8%,6
5617,ennc.,Energy,United States,49,0%,1
5619,ovany,Government Institution,Germany,58,0%,6
5620,H ted,Others,China,20,2%,0
5621,irtd.,Materials,Taiwan,41,-2%,5
5622,Not Available,Others,Others,25,3%,6
5623,loInc,Others,United States,91,3%,2
5624,LOnc.,Information Technology,United States,2,-6%,0
5625,loLtd,Consumer Discretionary,South Korea,81,3%,3
5626,lotd.,Industrials,South Korea,5,-4%,4
5628,lonc.,Industrials,United States,86,-1%,5
5632,mttd.,Information Technology,South Korea,86,-8%,2
5635,olLLC,Others,United Arab Emirates,92,-3%,1
5636,ootd.,Industrials,South Korea,69,7%,4
5637,ovore,Government Institution,Singapore,15,3%,8
5638,ovzil,Government Institution,Brazil,50,2%,4
5639,ovwan,Government Institution,Taiwan,51,4%,0
5640,ranc.,Others,Taiwan,40,-7%,8
5643,retd.,Financials,Singapore,31,-3%,1
5644,reies,Industrials,United States,42,3%,8
5648,reion,Others,United States,37,-3%,5
5649,reion,Information Technology,South Korea,24,-1%,2
5650,rinc.,Telecommunication Services,Japan,39,-6%,5
5651,Not Available,Others,Others,57,-8%,3
5653,ru.V.,Industrials,Argentina,50,-4%,1
5655,S td.,Consumer Staples,South Korea,0,-3%,1
5656,S td.,Utilities,South Korea,29,6%,4
5657,SKion,Consumer Discretionary,Taiwan,17,-3%,7
5658,sknc.,Consumer Discretionary,Taiwan,90,0%,5
5659,Not Available,Others,Others,28,1%,7
5660,ua.v.,Others,Netherlands,98,2%,8
5664,uatd.,Consumer Discretionary,China,1,-4%,6
5665,uaion,Utilities,China,68,2%,6
5667,uatd.,Consumer Discretionary,China,98,4%,1
5670,uatd.,Consumer Discretionary,China,1,-5%,5
5671,uatd.,Others,China,14,6%,1
5672,uenc.,Industrials,United States,55,-2%,8
5673,"ui., ",Others,China,93,-3%,8
5674,ulInc,Telecommunication Services,Qatar,66,5%,8
5676,untd.,Industrials,South Korea,10,5%,6
5677,unLtd,Industrials,South Korea,0,-4%,7
5678,watd.,Consumer Discretionary,South Korea,40,4%,0
5679,watd.,Industrials,South Korea,3,7%,4
5682,yeion,Real Estate,South Korea,84,-5%,2
5683,yetd.,Others,South Korea,96,1%,4
5684,ymnc.,Healthcare,United States,15,-7%,7
5685,yu.K.,Consumer Staples,Japan,77,7%,1
5686, &Inc,Industrials,United States,45,7%,8
5687,Not Available,Others,Others,25,7%,3
5688,Not Available,Others,Others,96,-6%,2
5689,aaLtd,Others,Japan,88,1%,3
5690,aetd.,Materials,South Korea,77,4%,1
5693,aktd.,Industrials,South Korea,2,-1%,8
5694,aktd.,Consumer Discretionary,South Korea,84,6%,8
5697,antd.,Consumer Discretionary,South Korea,70,5%,7
5698,an.K.,Industrials,Japan,74,6%,7
5699,antd.,Consumer Discretionary,South Korea,13,0%,2
5700,antd.,Materials,South Korea,9,7%,7
5701,antd.,Industrials,South Korea,1,4%,7
5702,Not Available,Others,Others,80,-4%,2
5710,antd.,Industrials,South Korea,2,2%,2
5711,antal,Healthcare,South Korea,71,-8%,7
5712,antd.,Others,South Korea,24,8%,6
5713,anion,Materials,South Korea,21,5%,0
5714,antd.,Consumer Discretionary,South Korea,33,2%,2
5715,antd.,Others,South Korea,62,4%,4
5716,an Co,Others,South Korea,35,-2%,6
5717,ANtd.,Consumer Discretionary,South Korea,28,4%,5
5718,anery,Others,South Korea,16,2%,1
5719,anLtd,Industrials,South Korea,82,6%,5
5723,anLtd,Consumer Staples,South Korea,64,-4%,8
5725,anted,Financials,Japan,57,6%,4
5726,antd.,Consumer Discretionary,South Korea,97,1%,8
5729,annc.,Others,South Korea,24,-6%,0
5731,antd.,Industrials,South Korea,28,5%,7
5733,antd.,Materials,South Korea,70,-2%,2
5734,antd.,Healthcare,Japan,45,-5%,5
5735,antd.,Others,South Korea,36,1%,5
5739,anLtd,Consumer Discretionary,South Korea,80,-2%,6
5741,aptd.,Industrials,South Korea,58,4%,8
5742,arLLC,Telecommunication Services,United States,92,6%,6
5743,ar AG,Industrials,Germany,14,2%,2
5744,artd.,Consumer Discretionary,Thailand,26,6%,4
5745,astd.,Industrials,Japan,67,-2%,6
5746,atnc.,Industrials,United States,62,2%,1
5747,AVtd.,Consumer Staples,South Korea,25,-1%,6
5748,aytd.,Consumer Discretionary,Japan,13,-3%,2
5749,azion,Foundation,United States,8,4%,1
5750,CSoup,Healthcare,United States,86,6%,5
5751,DCtd.,Consumer Discretionary,South Korea,24,-5%,3
5752,eatd.,Consumer Discretionary,South Korea,21,8%,8
5755,eaces,Financials,Japan,59,-5%,5
5756,eanc.,Financials,United States,81,-7%,7
5757,eanc.,Financials,United States,51,0%,8
5758,eanc.,Healthcare,United States,29,2%,5
5759,Not Available,Others,Others,27,1%,0
5760,eanc.,Others,United States,39,-3%,3
5761,eaInc,Others,Canada,18,-3%,1
5762,EB LP,Consumer Staples,United States,2,-5%,5
5764,EFLTD,Information Technology,China,84,8%,5
5765,einc.,Energy,United States,86,5%,3
5768,eited,Others,China,76,-2%,1
5769,eiLtd,Educational Institution,China,55,-2%,4
5770,eimbh,Materials,Germany,52,8%,6
5771,eltd.,Industrials,South Korea,43,6%,2
5773,ovece,Government Institution,Greece,43,-4%,2
5774,elnc.,Consumer Discretionary,United States,95,6%,0
5775,emInc,Others,Taiwan,1,3%,2
5776,enile,Others,China,43,-7%,4
5778,enite,Others,China,93,1%,2
5780,ennc.,Industrials,United States,10,2%,2
5781,ernc.,Industrials,United States,38,-8%,0
5784,i-nc.,Telecommunication Services,Japan,59,7%,2
5785,Not Available,Others,Others,59,-2%,7
5786,Not Available,Others,Others,53,6%,8
5787,iglth,Financials,United States,27,1%,5
5788,Not Available,Others,Others,86,-1%,3
5789,inLtd,Industrials,India,43,-8%,2
5790,irCo.,Consumer Discretionary,United States,84,-1%,8
5791,irity,Consumer Discretionary,Japan,58,4%,7
5792,istd.,Consumer Discretionary,China,14,5%,5
5794,ithd.,Industrials,Malaysia,22,2%,0
5795,ittd.,Industrials,Japan,28,-6%,0
5796,ittd.,Information Technology,China,44,-2%,7
5800,nGion,Consumer Discretionary,South Korea,74,7%,5
5801,oaany,Energy,Vietnam,75,7%,3
5802,obtd.,Consumer Discretionary,South Korea,81,-4%,0
5803,oktd.,Information Technology,Japan,48,2%,4
5804,okves,Industrials,Japan,11,-3%,3
5807,omtd.,Consumer Staples,South Korea,24,-6%,8
5808,ontd.,Consumer Staples,South Korea,38,3%,1
5810,onThe,Government Institution,Hong Kong,65,-1%,0
5811,onina,Government Institution,Hong Kong,79,2%,2
5812,onted,Others,Hong Kong,47,7%,3
5814,ornc.,Consumer Discretionary,United States,59,-8%,5
5817,otion,Consumer Discretionary,Japan,48,7%,4
5818,ownty,Government Institution,United States,94,4%,1
5820,-Sion,Others,United States,35,5%,8
5823,ubany,Utilities,China,83,4%,7
5824,ubLtd,Others,China,60,-4%,4
5827,umply,Others,South Africa,2,-7%,8
5830,upmbH,Industrials,Austria,82,-4%,5
5833,waorp,Others,United States,74,-8%,3
5834,waLtd,Industrials,South Korea,81,-2%,1
5835,watd.,Industrials,South Korea,57,-1%,3
5836,Y td.,Materials,South Korea,14,-2%,5
5837,Y td.,Others,South Korea,43,8%,0
5840,ydLtd,Industrials,South Korea,10,-8%,4
5841,ydtd.,Others,South Korea,0,-6%,0
5844,YOtd.,Information Technology,South Korea,44,3%,7
5845,ypLtd,Consumer Staples,South Korea,46,2%,6
5846,yuany,Materials,Vietnam,31,3%,3
5848,yutd.,Materials,South Korea,88,8%,5
5850,yutd.,Consumer Discretionary,South Korea,87,-4%,6
5851,yutd.,Materials,South Korea,81,-6%,4
5852,yutd.,Industrials,South Korea,44,3%,2
5854,yutd.,Industrials,South Korea,20,-5%,0
5856,yutd.,Consumer Staples,South Korea,91,7%,4
5857,yutd.,Information Technology,South Korea,82,3%,4
5858,yuany,Consumer Discretionary,South Korea,99,4%,1
5859,yutd.,Others,South Korea,52,-2%,4
5861,.Vdyt,Others,Israel,68,-7%,8
5862,ASion,Healthcare,United States,29,-8%,6
5863,b ted,Others,South Korea,37,1%,8
5864,b mbH,Industrials,Germany,56,-5%,5
5866,-Cion,Information Technology,Japan,68,-8%,3
5867,-ctd.,Others,Japan,49,0%,5
5868,CHtd.,Materials,Japan,20,1%,2
5869,chtd.,Industrials,Japan,10,-5%,7
5870,D mbh,Others,Germany,12,7%,3
5871,DAtd.,Consumer Staples,Japan,72,3%,0
5872,datd.,Industrials,Japan,72,1%,6
5873,datd.,Healthcare,Japan,18,4%,6
5874,gatd.,Consumer Discretionary,South Korea,8,-5%,1
5875,KE.V.,Consumer Discretionary,Netherlands,10,1%,2
5876,l Ltd,Industrials,South Korea,24,3%,1
5877,LJtd.,Financials,South Korea,57,5%,5
5879,llnc.,Industrials,United States,29,-4%,3
5880,lotd.,Consumer Discretionary,South Korea,70,-6%,5
5883,Matd.,Others,United States,55,-4%,0
5885,-Mted,Consumer Staples,Taiwan,95,-4%,4
5886,ncnc.,Others,United States,48,-8%,1
5887,ncLtd,Real Estate,South Korea,86,-8%,2
5888,ncion,Industrials,South Korea,72,5%,7
5889,nctd.,Industrials,South Korea,61,6%,3
5891,ncLLC,Healthcare,Russia,98,1%,6
5892,ndent,Government Institution,India,35,-8%,4
5893,ndnc.,Healthcare,United States,9,8%,7
5894,ndtor,Utilities,Canada,40,2%,4
5895,ndted,Materials,India,61,7%,3
5896,Not Available,Others,Others,24,-6%,4
5897,nd.V.,Others,Mexico,15,-3%,4
5898,ndany,Consumer Discretionary,United States,68,-4%,5
5899,NE AG,Materials,Switzerland,79,0%,7
5900,NFtd.,Consumer Discretionary,South Korea,35,6%,4
5901,nfInc,Consumer Discretionary,United States,67,-8%,6
5902,nfted,Materials,United Kingdom,61,2%,0
5903,nfLtd,Others,United Kingdom,96,-7%,5
5904,nfted,Information Technology,Hong Kong,100,1%,3
5908,njtd.,Consumer Discretionary,South Korea,99,2%,8
5909,nntd.,Consumer Discretionary,South Korea,27,8%,6
5911,nnInc,Others,United States,63,1%,3
5913,NTnc.,Information Technology,United States,41,7%,3
5914,ntnc.,Information Technology,Japan,35,0%,0
5916,ntLLC,Financials,United States,57,-8%,4
5917,nt.A.,Consumer Discretionary,Luxembourg,14,-3%,8
5919,ntute,Industrials,South Korea,79,-5%,7
5920,Not Available,Others,Others,33,5%,3
5921,nttd.,Consumer Discretionary,South Korea,30,-8%,7
5922,ntLLC,Energy,United States,81,7%,6
5923,Not Available,Others,Others,43,1%,4
5924,ntted,Energy,India,31,-4%,7
5925,NZtd.,Information Technology,South Korea,84,8%,0
5926,Not Available,Others,Others,19,-6%,1
5928,Not Available,Others,Others,50,-4%,3
5929,roLLC,Real Estate,United States,45,7%,2
5930,rvted,Energy,Canada,75,-5%,3
5931,shtd.,Consumer Discretionary,Japan,79,8%,1
5933,shrts,Consumer Discretionary,Japan,44,-1%,0
5934,shtd.,Industrials,Japan,88,6%,4
5937,srent,Government Institution,Israel,36,1%,4
5939,sttd.,Consumer Discretionary,South Korea,20,-2%,8
5940,surp.,Others,South Korea,31,-3%,8
5941,sutd.,Others,South Korea,94,1%,6
5942,SUtd.,Financials,South Korea,43,-7%,4
5943,ovaly,Government Institution,Italy,96,6%,1
5945,-Tnc.,Information Technology,United States,5,-2%,4
5946,toLtd,Consumer Discretionary,Japan,12,-6%,1
5947,TSLLC,Industrials,United States,23,6%,5
5948,vyCo.,Consumer Discretionary,South Korea,15,-8%,8
5949,yated,Industrials,Japan,26,0%,6
5950,-Z.O.,Consumer Discretionary,Czech Republic,37,-5%,5
5951, Ctd.,Financials,South Korea,22,4%,5
5952, R.K.,Industrials,Japan,43,-5%,5
5954,a td.,Consumer Discretionary,Japan,1,2%,4
5956,amLLC,Energy,United States,12,-7%,6
5957,apogy,Industrials,Japan,50,-4%,2
5958,apnge,Financials,Japan,9,7%,2
5959,apion,Industrials,Japan,28,-7%,6
5960,apice,Financials,Japan,0,-2%,8
5961,Not Available,Others,Others,61,-2%,4
5962,apncy,Others,Japan,8,-1%,0
5963,aptd.,Industrials,Japan,84,-4%,5
5964,apncy,Government Institution,Japan,99,4%,5
5965,apety,Others,Japan,8,-6%,8
5966,apsm.,Government Institution,Japan,25,0%,5
5967,apion,Others,Japan,12,-8%,1
5968,aptd.,Others,Japan,39,7%,6
5970,Not Available,Others,Others,88,-4%,4
5971,apent,Government Institution,Japan,14,5%,4
5972,apion,Industrials,Japan,48,-6%,2
5973,apncy,Industrials,Japan,79,-8%,8
5974,aptd.,Industrials,Japan,56,-2%,2
5976,attd.,Consumer Discretionary,Japan,66,6%,6
5977,C td.,Healthcare,South Korea,82,0%,5
5978,CBtd.,Financials,Japan,54,8%,1
5979,eetd.,Materials,South Korea,73,7%,8
5981,eitd.,Consumer Discretionary,South Korea,22,-2%,5
5984,eltd.,Consumer Discretionary,South Korea,64,5%,7
5985,ennc.,Information Technology,United States,64,-6%,2
5986,enion,Industrials,United States,28,1%,1
5988,eoion,Materials,South Korea,9,5%,2
5989,H nc.,Materials,United States,57,3%,0
5990,iaLtd,Consumer Discretionary,China,54,1%,0
5991,iaany,Others,British Virgin Islands,83,0%,1
5992,iatd.,Information Technology,China,23,2%,1
5993,iaLtd,Others,China,69,2%,2
5994,iaLtd,Others,China,99,-2%,7
5996,iargy,Others,China,39,2%,0
5997,iatd.,Materials,China,45,-4%,5
5998,iatd.,Industrials,China,62,1%,0
5999,iatd.,Consumer Discretionary,China,33,6%,7
6002,iaany,Others,China,36,7%,2
6005,iaory,Materials,China,96,-1%,6
6006,iated,Others,China,74,6%,3
6007,iatd.,Industrials,China,21,4%,8
6008,iatd.,Consumer Discretionary,China,18,1%,1
6012,Not Available,Others,Others,89,-3%,6
6013,Not Available,Others,Others,29,-7%,8
6016,inLtd,Materials,South Korea,13,7%,7
6017,MT.O.,Information Technology,Slovakia,94,1%,4
6018,OBTD.,Utilities,Japan,64,1%,0
6019,ohnc.,Information Technology,United States,100,-7%,6
6021,ootd.,Consumer Discretionary,South Korea,52,6%,4
6022,ootd.,Consumer Discretionary,South Korea,83,2%,4
6023,ooCo.,Financials,South Korea,63,-4%,6
6024,orted,Industrials,Australia,75,5%,1
6025,osny.,Consumer Discretionary,Japan,32,0%,7
6027,P  LP,Energy,United States,26,6%,6
6028,TBtd.,Consumer Discretionary,South Korea,75,7%,0
6029,TBTBC,Others,South Korea,98,1%,6
6030,-Tted,Consumer Discretionary,Hong Kong,23,5%,0
6032,uetd.,Materials,China,58,4%,3
6033,unted,Others,Hong Kong,21,-1%,4
6035,untd.,Real Estate,South Korea,43,8%,2
6036,untd.,Industrials,South Korea,4,0%,5
6038,untd.,Industrials,South Korea,93,-3%,1
6039,unLLC,Healthcare,United States,60,5%,5
6041,YSA/S,Consumer Discretionary,Denmark,4,5%,1
6042, Ntd.,Consumer Discretionary,South Korea,29,0%,0
6043,&Ctd.,Others,South Korea,1,-1%,5
6045,&Snc.,Materials,United States,41,5%,3
6047,abtd.,Industrials,South Korea,48,-8%,3
6048,abtd.,Real Estate,South Korea,81,4%,7
6049,abten,Consumer Staples,Japan,41,4%,1
6051,aited,Information Technology,Hong Kong,3,-7%,7
6052,ainc.,Healthcare,United States,19,-3%,2
6053,aic. ,Foundation,United States,38,2%,6
6054,AItd.,Information Technology,China,49,7%,5
6055,aktd.,Industrials,Japan,92,-3%,0
6056,am Kk,Industrials,Japan,73,-3%,7
6058,anion,Financials,Japan,83,5%,7
6059,antd.,Consumer Discretionary,China,48,1%,4
6060,Not Available,Others,Others,47,2%,4
6061,antd.,Others,South Korea,95,-5%,6
6062,an.K.,Consumer Staples,Japan,22,-5%,2
6063,AOtd.,Information Technology,South Korea,64,-6%,6
6064,arive,Others,United States,43,-2%,4
6065,atnc.,Information Technology,United States,83,2%,1
6071,eltd.,Consumer Staples,China,2,-2%,4
6072,enion,Healthcare,Japan,21,7%,4
6073,eptd.,Energy,Singapore,72,1%,5
6074,er.A.,Financials,Luxembourg,55,8%,4
6075,ermbh,Others,Germany,39,1%,6
6076,eutd.,Industrials,South Korea,39,3%,8
6077,eutd.,Consumer Discretionary,South Korea,35,-1%,4
6082,imLLC,Consumer Discretionary,United States,12,4%,3
6083,intd.,Consumer Discretionary,Japan,44,-1%,7
6084,inLtd,Others,Taiwan,63,1%,5
6085,innc.,Information Technology,United States,6,-6%,3
6086,inion,Information Technology,United States,25,-4%,1
6087,innc.,Information Technology,Taiwan,89,3%,3
6088,inted,Industrials,Ireland,43,2%,8
6089,inLtd,Real Estate,Japan,75,-2%,3
6091,itnc.,Others,United States,42,-8%,0
6092,Not Available,Others,Others,57,7%,0
6094,MRLLC,Others,United States,8,4%,6
6095,OBtd.,Industrials,Japan,51,1%,7
6096,ocnc.,Industrials,United States,5,-2%,1
6097,odtd.,Materials,Japan,29,3%,1
6098,odorp,Information Technology,China,17,8%,1
6099,ODRP.,Information Technology,Japan,84,-6%,0
6100,odtd.,Materials,South Korea,41,-3%,3
6101,ohnc.,Industrials,United States,6,-1%,5
6103,ohted,Materials,Thailand,6,8%,1
6104,oiK.K,Others,Japan,92,4%,1
6105,oirp.,Consumer Discretionary,Japan,92,-7%,3
6106,ojtd.,Consumer Discretionary,South Korea,2,-2%,3
6107,okLtd,Others,Japan,99,8%,5
6108,okrp.,Consumer Staples,Japan,90,2%,5
6109,olnc.,Materials,South Korea,86,5%,7
6110,oltd.,Industrials,South Korea,49,7%,6
6111,oltd.,Consumer Staples,South Korea,67,-2%,0
6112,olnc.,Healthcare,South Korea,73,2%,6
6113,ontd.,Industrials,Japan,19,8%,4
6114,orute,Industrials,South Korea,21,3%,5
6115,orion,Financials,South Korea,37,-6%,5
6116,orute,Industrials,South Korea,85,2%,2
6117,orion,Others,South Korea,96,5%,0
6118,orard,Others,South Korea,89,-2%,6
6120,orncy,Others,South Korea,1,-3%,2
6121,orion,Government Institution,South Korea,47,0%,3
6123,orute,Government Institution,South Korea,37,-1%,5
6124,orion,Industrials,South Korea,8,3%,6
6125,orany,Consumer Discretionary,South Korea,15,-7%,2
6127,orLtd,Information Technology,South Korea,34,4%,3
6128,orety,Government Institution,South Korea,100,-8%,7
6129,orces,Industrials,South Korea,49,3%,1
6130,ortd.,Others,South Korea,6,-7%,6
6133,ortd.,Industrials,South Korea,10,-4%,6
6136,orute,Educational Institution,South Korea,15,-2%,6
6139,orogy,Healthcare,South Korea,74,2%,7
6140,orion,Others,South Korea,89,-3%,7
6142,ortd.,Consumer Discretionary,South Korea,7,5%,0
6143,ortd.,Industrials,South Korea,55,-5%,5
6148,ostd.,Materials,Japan,42,8%,5
6149,ottd.,Industrials,Japan,63,-5%,3
6150,owtd.,Industrials,Japan,94,6%,6
6152,-Rtd.,Others,South Korea,83,7%,5
6153,retd.,Industrials,Japan,68,-4%,6
6155,Not Available,Others,Others,43,-7%,1
6157,ue AG,Industrials,Switzerland,88,-8%,1
6161,umics,Consumer Staples,South Korea,87,1%,8
6162,umTD.,Industrials,Vietnam,63,-1%,5
6163,umnc.,Materials,South Korea,3,1%,6
6164,umtd.,Others,South Korea,31,7%,2
6166,Not Available,Others,Others,68,2%,7
6167,uwion,Energy,Kuwait,16,-2%,4
6168,uwent,Government Institution,Kuwait,49,8%,2
6169,W Inc,Others,United States,85,2%,8
6170,watd.,Industrials,South Korea,95,3%,0
6171,waLtd,Industrials,South Korea,12,-1%,0
6173,yo.K.,Consumer Discretionary,Japan,6,5%,4
6174,yoof),Government Institution,Japan,19,-3%,5
6175,Not Available,Others,Others,92,-7%,5
6178,yrJSC,Materials,Kyrgyzstan,2,-1%,3
6181,yuLtd,Consumer Discretionary,South Korea,52,-7%,2
6182,yutd.,Industrials,South Korea,5,3%,2
6183,yutd.,Materials,South Korea,61,-8%,5
6184,Z td.,Others,Thailand,65,0%,5
6185,a nc.,Consumer Discretionary,United States,87,-2%,8
6186,abtd.,Industrials,South Korea,38,2%,4
6187,abtd.,Industrials,Japan,0,-4%,6
6188,ab.V.,Healthcare,Mexico,44,-8%,5
6190,amnc.,Materials,United States,69,-4%,3
6193,anLtd,Consumer Discretionary,Hong Kong,45,-4%,0
6194,annc.,Industrials,United States,27,-5%,6
6195,antd.,Industrials,Taiwan,67,6%,6
6196,arLLC,Energy,United States,100,8%,5
6199,EAnc.,Consumer Discretionary,South Korea,63,2%,3
6201,Not Available,Others,Others,53,8%,3
6202,EDtd.,Industrials,South Korea,68,8%,4
6203,eeltd,Industrials,South Korea,7,-6%,4
6204,Not Available,Others,Others,71,5%,5
6205,ennc.,Information Technology,Canada,39,-3%,7
6206,ESSAS,Healthcare,France,92,4%,5
6208,ew.P.,Energy,United States,90,0%,0
6211,G td.,Information Technology,China,87,1%,8
6212,hatd.,Others,China,96,-6%,0
6215,iatd.,Others,China,68,8%,5
6216,Not Available,Others,Others,44,2%,0
6217,ibany,Energy,Libya,24,4%,4
6219,ifnc.,Information Technology,United States,87,6%,2
6220,igInc,Consumer Discretionary,United States,81,-2%,0
6222,Not Available,Others,Others,44,-6%,5
6224,ionc.,Industrials,United States,17,5%,5
6225,IPLC.,Consumer Discretionary,United States,79,4%,0
6226,iqnc.,Healthcare,United States,27,3%,6
6227,itgy ,Others,Taiwan,77,-3%,8
6228,Not Available,Others,Others,40,7%,6
6229,ivion,Consumer Staples,Japan,63,8%,3
6230,onnc.,Consumer Discretionary,United States,75,-3%,6
6231,ontd.,Others,China,35,-7%,1
6232,onnc.,Information Technology,South Korea,54,6%,3
6233,osity,Industrials,United States,34,-1%,8
6235,othd.,Materials,Malaysia,60,2%,0
6236,ottd.,Consumer Staples,Japan,77,-8%,4
6239,OTTD.,Industrials,South Korea,93,-6%,2
6240,otrp.,Consumer Staples,United States,51,7%,1
6241,OTRP.,Materials,South Korea,98,0%,3
6242,OTtd.,Industrials,South Korea,49,0%,4
6243,ottd.,Others,China,53,2%,8
6244,ottd.,Consumer Discretionary,South Korea,51,-8%,6
6245,OTtd.,Consumer Staples,South Korea,55,1%,8
6246,ouLC.,Consumer Staples,United States,92,-1%,1
6247,ou.V.,Consumer Staples,Netherlands,82,4%,5
6248,ounc.,Consumer Discretionary,United States,52,0%,5
6249,PCOil,Others,United States,92,7%,7
6251,Not Available,Others,Others,46,2%,2
6252,ufny ,Energy,United States,44,3%,6
6253,umion,Industrials,United States,25,-7%,1
6254,uxnc.,Healthcare,United States,47,2%,3
6255,Not Available,Others,Others,62,-1%,1
6256,Not Available,Others,Others,14,8%,5
6258, &nc.,Industrials,United States,83,-6%,1
6259,. td.,Healthcare,Cyprus,100,-2%,5
6260,.Bnc.,Industrials,United States,81,3%,1
6261,2Std.,Information Technology,South Korea,50,1%,1
6262,actd.,Materials,Macau,96,8%,7
6264,airp.,Industrials,Taiwan,10,-2%,4
6265,Not Available,Others,Others,38,2%,6
6266,ajnc.,Consumer Discretionary,United States,50,-5%,6
6268,anorp,Energy,United States,85,-8%,2
6270,artd.,Industrials,Australia,47,0%,8
6271,ARd. ,Consumer Discretionary,Japan,47,7%,4
6272,arLtd,Consumer Staples,Japan,16,4%,6
6273,arnc.,Materials,Japan,25,6%,4
6274,ar As,Consumer Discretionary,Norway,21,8%,5
6276,artd.,Consumer Discretionary,Japan,9,-7%,5
6277,artd.,Others,Japan,41,7%,4
6278,artd ,Consumer Discretionary,Japan,34,-7%,6
6279,artd.,Materials,Japan,48,-6%,2
6280,artd.,Others,Hong Kong,63,-7%,0
6281,asInc,Information Technology,Japan,34,-8%,3
6282,atumi,Others,India,38,0%,7
6283,atInc,Industrials,Japan,18,-8%,1
6284,atnc.,Others,United States,82,4%,7
6285,ATtd.,Materials,Japan,97,-4%,1
6287,au SA,Consumer Discretionary,Switzerland,75,8%,6
6289,BCrp.,Consumer Discretionary,South Korea,52,3%,5
6290,BCtd.,Consumer Discretionary,South Korea,21,4%,5
6291,BCtd.,Consumer Discretionary,South Korea,61,-5%,0
6292,CCtd.,Industrials,South Korea,30,5%,1
6293,cCted,Consumer Staples,Canada,74,1%,6
6294,Citd.,Information Technology,South Korea,97,-5%,0
6295,cLed.,Consumer Discretionary,United Kingdom,82,6%,3
6296,cLInc,Industrials,United States,39,-6%,5
6297,cNLLC,Others,United States,18,-6%,7
6298,d ter,Healthcare,United States,40,-8%,4
6299,DI.A.,Consumer Discretionary,France,64,1%,5
6303,edLtd,Healthcare,South Korea,35,-2%,6
6304,edtd.,Consumer Discretionary,South Korea,39,-7%,1
6305,edion,Consumer Discretionary,United States,10,-5%,6
6308,edtd.,Healthcare,South Korea,30,-5%,1
6309,ed.V.,Healthcare,Netherlands,33,4%,1
6311,ednc.,Healthcare,United States,42,-4%,4
6312,edmbH,Others,Germany,18,-2%,8
6314,edure,Foundation,Switzerland,27,-8%,6
6316,egLtd,Consumer Discretionary,South Korea,96,3%,7
6317,egion,Others,United States,6,0%,5
6318,egtd.,Materials,United Kingdom,63,-5%,4
6319,egoup,Real Estate,Russia,58,-4%,6
6321,eitd.,Others,United States,10,7%,1
6322,einc.,Consumer Staples,United States,73,-7%,0
6324,eiLtd,Healthcare,Japan,93,-8%,8
6325,ei.K.,Real Estate,Japan,28,1%,5
6326,ei.K.,Consumer Discretionary,Japan,87,4%,7
6327,eitd.,Industrials,Japan,28,-6%,4
6328,eitd.,Others,Japan,18,7%,2
6329,Not Available,Others,Others,82,3%,3
6330,ennc.,Consumer Discretionary,United States,69,-6%,3
6332,Not Available,Others,Others,84,7%,1
6333,erted,Energy,Cyprus,86,-6%,6
6334,er SA,Others,Spain,88,4%,2
6335,ER.o.,Consumer Discretionary,Czech Republic,43,5%,6
6338,erion,Consumer Discretionary,Lebanon,14,8%,5
6339,erems,Consumer Discretionary,United States,32,4%,1
6340,ertd.,Healthcare,Japan,12,7%,2
6341,ettd.,Consumer Discretionary,South Korea,13,-4%,1
6342,Not Available,Others,Others,13,-8%,0
6344,ettd.,Industrials,South Korea,10,-4%,5
6345,exco),Industrials,Mexico,51,-3%,1
6346,icion,Financials,United States,43,-5%,3
6347,ictd.,Industrials,South Korea,23,-7%,0
6348,icnc.,Information Technology,Japan,51,3%,3
6349,idnc.,Consumer Discretionary,United States,43,-8%,3
6350,idLLC,Energy,United States,0,6%,7
6351,idtd.,Industrials,South Korea,61,-8%,5
6352,id.K.,Consumer Discretionary,Japan,14,5%,4
6353,idtd.,Information Technology,Japan,12,-8%,3
6354,igtd.,Information Technology,Japan,63,7%,8
6355,ihd. ,Industrials,Japan,93,-3%,6
6356,ihtd.,Industrials,South Korea,89,3%,5
6357,ikted,Others,Japan,66,-6%,3
6358,Not Available,Others,Others,48,7%,2
6361,ilnc.,Consumer Staples,United States,4,-1%,3
6363,intd.,Consumer Staples,Japan,20,-7%,0
6364,innc.,Materials,United States,69,-4%,6
6365,inpan,Government Institution,Japan,16,5%,8
6366,inLtd,Information Technology,Japan,14,-6%,7
6367,Not Available,Others,Others,44,-6%,2
6369,irtd.,Industrials,South Korea,53,-6%,5
6370,istd.,Others,South Korea,79,-7%,0
6371,istd.,Industrials,South Korea,36,-6%,4
6372,Not Available,Others,Others,45,5%,0
6373,ition,Others,Taiwan,77,-2%,3
6374,it.K.,Consumer Discretionary,Japan,71,2%,6
6375,ition,Materials,Japan,32,-5%,2
6376,iutd.,Industrials,Japan,4,0%,1
6380,LJnc.,Information Technology,Japan,73,-4%,6
6382,odInc,Others,South Korea,42,8%,6
6383,odnc.,Materials,South Korea,61,-2%,0
6384,oeA/S,Industrials,Denmark,24,3%,3
6385,OGute,Others,South Korea,95,3%,6
6387,omtd.,Consumer Discretionary,South Korea,55,-4%,8
6388,onLLC,Others,United States,52,2%,3
6389,ontd.,Consumer Discretionary,Japan,65,8%,3
6390,onter,Others,United States,98,-8%,4
6391,ornc.,Healthcare,Japan,59,0%,4
6393,or.C.,Healthcare,United States,4,-5%,8
6394,otSAS,Consumer Discretionary,France,63,5%,1
6395,otLLC,Energy,United States,69,1%,2
6396,Not Available,Others,Others,5,-1%,1
6397,SC.A.,Industrials,Switzerland,30,-6%,5
6398,SStd.,Consumer Staples,South Korea,39,2%,4
6399,TDnc.,Consumer Discretionary,United States,34,5%,7
6400,uhted,Others,United States,76,2%,2
6401,ulnc.,Healthcare,United States,77,-6%,1
6403,ulltd,Consumer Discretionary,South Korea,21,-6%,1
6406,usion,Others,Canada,91,-6%,6
6407,V LLC,Energy,United States,15,-6%,4
6408,+WmbH,Industrials,Germany,81,-8%,3
6410,yctd.,Others,Japan,73,0%,2
6411,ynion,Information Technology,Japan,3,1%,2
6412,yutd.,Consumer Discretionary,South Korea,10,2%,4
6413,yuLtd,Industrials,South Korea,48,-3%,0
6414, MTD.,Consumer Discretionary,South Korea,67,7%,7
6415,aaK.K,Industrials,Japan,26,6%,4
6416,abtd.,Consumer Staples,South Korea,56,2%,0
6417,abtd.,Healthcare,Japan,25,4%,8
6419,aitd.,Industrials,Japan,27,5%,8
6420,ajtd.,Real Estate,South Korea,48,7%,4
6421,ajtd.,Materials,South Korea,65,-4%,0
6422,ak.K.,Others,Japan,12,2%,0
6423,ak.K.,Others,Japan,69,-7%,5
6424,amtd.,Consumer Discretionary,South Korea,44,-7%,0
6426,amLLC,Others,United States,52,-6%,3
6427,amtd.,Industrials,Japan,68,4%,2
6428,amtd.,Materials,South Korea,47,6%,1
6429,amnc.,Information Technology,United States,17,-6%,5
6430,amion,Consumer Discretionary,South Korea,43,5%,1
6431,amtd.,Real Estate,South Korea,88,-1%,8
6432,amLtd,Industrials,South Korea,50,7%,5
6433,amtd.,Consumer Staples,South Korea,9,3%,5
6434,anion,Materials,Taiwan,59,-3%,3
6435,annc.,Industrials,United States,38,-1%,7
6436,antd.,Others,Taiwan,99,-7%,1
6437,anCo.,Others,China,76,-7%,1
6438,antd.,Others,China,59,2%,0
6439,annc.,Consumer Discretionary,South Korea,85,7%,7
6441,ASCAR,Consumer Discretionary,United States,57,1%,0
6442,atnc.,Healthcare,United States,12,0%,0
6443,at.P.,Consumer Discretionary,United States,59,1%,7
6444,atInc,Consumer Discretionary,United States,99,4%,5
6445,atety,Industrials,United States,51,-1%,1
6446,atany,Others,Others,57,8%,7
6447,attd.,Materials,South Korea,88,-8%,8
6449,atorp,Energy,United States,3,8%,7
6451,atves,Industrials,South Korea,15,-3%,7
6452,ation,Industrials,South Korea,29,4%,6
6456,atLtd,Consumer Staples,South Korea,8,-7%,4
6457,ation,Healthcare,United States,59,2%,1
6458,avted,Industrials,Channel Islands,12,8%,6
6459,avion,Industrials,United States,68,-6%,6
6460,bc.K.,Others,Japan,65,3%,2
6463,emtd.,Healthcare,Japan,62,5%,0
6464,eotd.,Industrials,South Korea,22,-3%,6
6465,eotd.,Healthcare,South Korea,36,-3%,2
6466,eoute,Others,South Korea,19,-3%,6
6467,eoInc,Industrials,United States,42,8%,5
6468,eotd ,Others,Israel,2,-7%,3
6470,eters,Information Technology,United States,53,-3%,6
6471,etnc.,Industrials,United States,99,-6%,5
6473,etted,Information Technology,Hong Kong,43,1%,5
6475,etion,Information Technology,Japan,26,-1%,1
6476,evLtd,Industrials,South Korea,73,2%,8
6477,ewces,Energy,United States,12,2%,0
6478,ewion,Government Institution,United States,13,8%,0
6479,ewtd.,Information Technology,China,53,1%,4
6482,ewnc.,Healthcare,United States,58,-5%,4
6485,ewted,Industrials,United Kingdom,22,-1%,1
6486,ewing,Consumer Discretionary,United States,12,-7%,4
6487,ewtal,Healthcare,United States,87,-6%,4
6488,exLtd,Others,Singapore,54,1%,0
6489,Not Available,Others,Others,10,-2%,2
6490,F td.,Others,South Korea,31,-1%,2
6491,apion,Consumer Discretionary,Japan,91,2%,8
6493,Not Available,Others,Others,26,-3%,4
6494,ICtd.,Financials,South Korea,87,-1%,2
6495,icion,Others,Taiwan,6,-7%,6
6496,icion,Materials,Japan,13,2%,3
6497,icmer,Others,United States,98,5%,4
6498,IDTD.,Healthcare,Japan,59,2%,4
6499,ihtd.,Consumer Discretionary,Japan,36,-2%,5
6500,ihion,Industrials,Japan,8,-5%,1
6501,ihtd.,Industrials,Japan,7,-3%,8
6502,ihtd.,Industrials,Japan,92,-3%,7
6503,iktd.,Others,South Korea,28,-3%,2
6505,inLtd,Industrials,China,76,-1%,5
6506,intd.,Industrials,China,43,-7%,4
6508,intd.,Others,China,16,-3%,4
6509,intd.,Materials,China,28,3%,2
6510,ipInc,Consumer Staples,Japan,28,-2%,0
6511,iptd.,Healthcare,Japan,77,6%,4
6512,Not Available,Others,Others,87,4%,5
6513,iptd.,Industrials,Japan,100,-3%,5
6514,ipnc.,Consumer Discretionary,Japan,81,6%,0
6515,iptd.,Real Estate,Japan,97,1%,3
6516,Not Available,Others,Others,90,-5%,6
6520,istd.,Materials,Japan,41,2%,3
6521,istd.,Consumer Discretionary,Japan,40,-1%,4
6524,kmtd.,Others,South Korea,48,-2%,4
6525,o.td.,Industrials,Japan,80,-1%,6
6526,olnc.,Industrials,United States,40,5%,1
6527,ontd.,Consumer Staples,South Korea,76,7%,7
6529,oonc.,Consumer Staples,South Korea,51,-5%,2
6530,ooInc,Industrials,United States,0,7%,1
6532,orany,Healthcare,United States,46,-1%,7
6533,oroup,Healthcare,France,44,0%,4
6534,"oro.,",Industrials,United States,49,5%,4
6535,orted,Industrials,United Kingdom,19,6%,8
6536,ortd.,Materials,China,29,-4%,5
6537,or.O.,Consumer Discretionary,Czech Republic,3,-5%,5
6538,ortd.,Materials,South Korea,38,1%,8
6539,ORtd.,Industrials,South Korea,52,-8%,6
6541,ovnc.,Industrials,United States,74,0%,5
6543,PILtd,Others,South Korea,4,8%,2
6544,SAInc,Healthcare,United States,74,-1%,4
6545,sitd.,Industrials,Japan,52,2%,5
6547,Not Available,Others,Others,61,-2%,8
6549,uchip,Others,Mexico,3,-6%,4
6550,Not Available,Others,Others,57,-2%,8
6551,wlnc.,Information Technology,South Korea,30,5%,4
6553,YUter,Healthcare,United States,68,6%,2
6557,gi.K.,Consumer Discretionary,Japan,99,0%,1
6558,hiany,Materials,United States,42,1%,4
6559,hiemy,Educational Institution,United States,90,7%,8
6560,Not Available,Others,Others,76,-7%,7
6561,Not Available,Others,Others,16,3%,3
6562,Not Available,Others,Others,47,1%,5
6563,istd.,Industrials,Japan,52,0%,4
6564,iz.K.,Consumer Discretionary,Japan,23,8%,3
6565,kaion,Financials,Japan,49,-4%,1
6566,kpLtd,Information Technology,South Korea,81,-2%,1
6567,laOoo,Industrials,Russia,6,-4%,6
6568,ld KG,Industrials,Germany,19,-6%,2
6569,Not Available,Others,Others,44,1%,5
6573,mnLLC,Healthcare,United States,98,0%,3
6574,mnLLC,Information Technology,United States,43,-5%,1
6575,ncnc.,Consumer Discretionary,United States,35,-8%,7
6576,NEion,Industrials,United States,88,-6%,1
6577,neLLC,Others,United States,5,6%,7
6578,'Nnc.,Industrials,United States,75,-3%,1
6579,nenc.,Others,United States,56,8%,8
6580,Not Available,Others,Others,56,3%,0
6581,nltd.,Healthcare,South Korea,41,0%,8
6583,om.K.,Consumer Discretionary,Japan,90,3%,2
6584,peill,Materials,Russia,40,-4%,4
6586,pttd.,Consumer Staples,South Korea,88,8%,8
6587,ptnc.,Information Technology,United States,3,3%,3
6589,ra.K.,Consumer Staples,Japan,10,-4%,8
6590,rbted,Healthcare,Hong Kong,20,2%,3
6592,rgnc.,Industrials,United States,11,2%,2
6593,rinc.,Industrials,Panama,100,-4%,3
6596,ritd.,Industrials,South Korea,36,-2%,4
6597,rinc.,Information Technology,Canada,6,4%,0
6598,rptd.,Consumer Staples,South Korea,25,6%,1
6599,RRnc.,Consumer Discretionary,United States,4,1%,7
6600,saInc,Others,United States,72,7%,8
6604,sakai,Healthcare,Japan,42,-6%,4
6605,Not Available,Others,Others,45,-6%,7
6608,TTaft,Materials,Germany,29,-2%,3
6609,ttice,Industrials,South Korea,21,7%,4
6610,tttd.,Consumer Staples,South Korea,48,4%,6
6611,tttd.,Consumer Staples,South Korea,59,0%,7
6613,Not Available,Others,Others,6,4%,2
6614,wenc.,Information Technology,United States,95,1%,4
6615,xflan,Healthcare,United States,71,0%,5
6616,za KK,Others,Japan,66,4%,2
6618,ores.,Materials,United States,35,6%,4
6619,acnc.,Utilities,United States,36,0%,5
6620,acLtd,Others,Taiwan,78,6%,8
6621,acron,Others,United States,68,-5%,3
6622,altd.,Materials,South Korea,93,-2%,1
6623,alnc.,Consumer Discretionary,United States,14,7%,0
6624,antd.,Real Estate,Japan,4,-6%,7
6625,antd.,Healthcare,Japan,46,-4%,4
6627,anLLC,Others,United States,25,7%,1
6628,anted,Information Technology,Hong Kong,80,-6%,5
6629,annc.,Industrials,United States,24,-1%,4
6630,antd.,Materials,China,41,8%,7
6631,arnc.,Consumer Discretionary,United States,9,8%,0
6633,armbh,Industrials,Germany,99,-8%,1
6634,asL.C,Others,United States,52,-5%,3
6635,ATVI),Others,United States,45,4%,3
6637,DKLtd,Others,Others,19,8%,6
6638,Not Available,Others,Others,13,-2%,2
6639,entd.,Industrials,China,26,5%,1
6640,erBhd,Consumer Discretionary,Malaysia,2,6%,8
6641,ering,Energy,United States,83,-6%,6
6642,erBio,Others,United States,41,7%,3
6645,etted,Energy,Bermuda,9,-6%,5
6649,ethd.,Others,Malaysia,6,-2%,8
6650,haLlc,Consumer Discretionary,United States,95,-6%,3
6651,hanc.,Healthcare,Canada,38,-6%,2
6652,hanc.,Healthcare,United States,34,8%,2
6653,hanc.,Others,United States,100,2%,1
6657,ilLtd,Industrials,Switzerland,52,4%,0
6658,ilion,Consumer Discretionary,United States,84,-8%,7
6659,intd.,Consumer Discretionary,South Korea,88,-5%,0
6664,lated,Others,United Kingdom,25,-3%,6
6665,latd.,Others,South Korea,57,-8%,0
6666,latd.,Materials,United States,20,8%,6
6670,lutd.,Consumer Discretionary,Japan,58,5%,2
6672,Not Available,Others,Others,46,-4%,3
6674,oltd.,Industrials,South Korea,8,4%,0
6676,oltd.,Materials,South Korea,53,-2%,6
6677,olInc,Others,United States,16,8%,4
6678,ootd.,Consumer Staples,South Korea,18,-5%,0
6679,ororp,Information Technology,United States,82,-1%,4
6682,otLtd,Others,China,8,-1%,2
6685,owtd.,Others,Hong Kong,48,-7%,5
6687,ranc.,Information Technology,United States,93,5%,4
6688,rarp.,Industrials,Canada,33,7%,5
6690,reInc,Healthcare,United States,96,-3%,0
6691,rinc.,Energy,United States,16,8%,6
6692,riLLC,Others,United States,79,7%,6
6693,rihip,Others,Canada,61,0%,0
6694,ri.S.,Consumer Discretionary,France,40,7%,3
6695,roLLC,Healthcare,United States,6,-8%,2
6696,roorp,Others,Taiwan,87,-2%,4
6699,rotd.,Healthcare,Israel,21,-8%,6
6700,rotd.,Information Technology,Taiwan,30,7%,4
6701,ronc.,Industrials,United States,49,6%,6
6702,roion,Healthcare,United States,40,-1%,8
6703,rokdo,Industrials,South Korea,4,-2%,0
6704,ruCo.,Others,United States,17,-8%,6
6706,T dah,Others,Others,61,3%,3
6707,T tor,Consumer Discretionary,Indonesia,68,-5%,3
6708,T eel,Industrials,Indonesia,77,7%,8
6713,T sia,Others,Indonesia,62,5%,5
6714,ubice,Government Institution,South Korea,11,6%,0
6716,uelth,Government Institution,United States,74,-2%,1
6717,umany,Others,United States,41,-4%,3
6719,uttd.,Consumer Discretionary,China,82,1%,1
6720,yeLtd,Utilities,South Korea,92,2%,1
6721,yetd.,Industrials,South Korea,38,-7%,4
6722,yuted,Consumer Discretionary,India,70,-8%,0
6725,iatd.,Consumer Discretionary,China,7,5%,5
6727,inLtd,Consumer Discretionary,China,57,2%,6
6728,intd.,Others,China,20,-2%,5
6729,intd.,Materials,China,16,-1%,7
6730,intd.,Consumer Discretionary,China,82,-5%,0
6731,intd.,Materials,China,42,2%,8
6734,ua SA,Others,Switzerland,41,8%,5
6736,uenc.,Healthcare,United States,41,8%,8
6737,Not Available,Others,Others,43,0%,4
6739,ui LP,Energy,United States,0,2%,3
6741,&SLLC,Others,United States,28,1%,8
6744,adLLC,Healthcare,United States,25,0%,4
6747,aoLtd,Industrials,South Korea,65,-8%,4
6749,asoup,Industrials,Saudi Arabia,61,4%,4
6750,aync.,Consumer Discretionary,United States,77,-1%,3
6751,"CCp.,",Others,United States,29,2%,0
6752,eanc.,Information Technology,South Korea,19,-8%,6
6753,ecSas,Others,Colombia,75,4%,4
6754,Not Available,Others,Others,28,3%,3
6755,ecEI),Consumer Discretionary,United States,37,-8%,5
6756,edess,Industrials,Norway,60,-4%,3
6757,ednc.,Others,United States,69,-4%,7
6758,eec. ,Industrials,United States,64,6%,0
6759,eeCo.,Others,Germany,78,-8%,6
6760,elnc.,Healthcare,United States,52,7%,2
6761,ented,Others,India,46,-2%,4
6762,en.K.,Real Estate,Japan,98,-4%,1
6764,epLLC,Consumer Discretionary,United States,91,2%,2
6765,epkey,Industrials,Turkey,90,-8%,6
6767,evnc.,Information Technology,United States,77,-5%,1
6772,IKKEN,Industrials,Japan,34,-4%,8
6773,inrp.,Information Technology,Taiwan,76,1%,2
6774,isnc.,Others,South Korea,41,-1%,5
6775,ivtd.,Industrials,Japan,15,4%,3
6777,Not Available,Others,Others,95,4%,7
6779,obSAS,Information Technology,France,91,3%,0
6780,Not Available,Others,Others,62,-5%,2
6781,ocnc.,Healthcare,United States,9,4%,5
6782,ocity,Educational Institution,United States,62,1%,7
6783,oc.K.,Others,Japan,19,-3%,3
6784,ridia,Consumer Discretionary,United States,58,-3%,7
6785,ocnc.,Consumer Staples,United States,54,2%,2
6786,odren,Healthcare,Belgium,42,2%,5
6787,osup),Energy,United States,64,-2%,0
6789,seoup,Others,Taiwan,28,-8%,5
6792,UTltd,Industrials,United Kingdom,97,-8%,0
6793,W Ltd,Industrials,United Kingdom,36,4%,4
6794,Not Available,Others,Others,86,4%,1
6795,. nc.,Consumer Staples,United States,12,4%,6
6796,.Jtd.,Information Technology,South Korea,51,-7%,1
6798,AELtd,Industrials,South Korea,59,-4%,1
6799,aeion,Consumer Staples,South Korea,96,2%,6
6800,aeTD.,Materials,South Korea,81,0%,7
6801,ag.K.,Industrials,Japan,11,5%,8
6802,agSAS,Information Technology,France,40,-5%,3
6804,ai.H.,Others,Austria,47,-4%,3
6805,ajtd.,Industrials,South Korea,31,-2%,8
6806,ajd. ,Consumer Staples,South Korea,21,-8%,6
6807,ajLtd,Consumer Staples,South Korea,96,8%,4
6808,ajtd.,Industrials,South Korea,87,1%,1
6809,ak.K.,Healthcare,Japan,96,4%,2
6810,aktd.,Consumer Discretionary,Japan,55,-1%,7
6811,amLtd,Industrials,South Korea,7,4%,3
6812,amLtd,Consumer Discretionary,South Korea,54,1%,4
6813,amorp,Consumer Staples,South Korea,25,-5%,1
6814,amtd.,Industrials,South Korea,4,-3%,0
6815,amtd.,Industrials,South Korea,88,1%,6
6816,amtd.,Industrials,South Korea,54,4%,1
6817,amtd.,Consumer Discretionary,South Korea,27,1%,7
6818,amtd.,Materials,South Korea,18,-3%,8
6819,amtd.,Healthcare,South Korea,46,-8%,8
6821,AMtd.,Industrials,South Korea,29,0%,3
6822,amtd.,Materials,South Korea,29,-4%,8
6824,amted,Materials,Canada,37,3%,2
6825,amtd.,Materials,South Korea,74,5%,4
6826,amnc.,Information Technology,United States,64,1%,8
6827,amtd.,Industrials,South Korea,19,-8%,0
6829,amion,Materials,South Korea,74,0%,4
6830,amtd.,Industrials,South Korea,61,-7%,2
6831,an AG,Healthcare,Germany,0,4%,0
6834,an.K.,Consumer Staples,Japan,12,-4%,3
6835,anted,Consumer Staples,South Korea,99,8%,2
6836,antd.,Consumer Discretionary,Japan,61,-8%,4
6837,antd.,Consumer Discretionary,China,36,4%,5
6838,antd.,Industrials,Japan,84,0%,4
6840,an.K.,Consumer Staples,Japan,88,-7%,1
6842,ASlle,Healthcare,France,74,-8%,3
6843,astd.,Industrials,Japan,16,-5%,7
6845,auany,Energy,Saudi Arabia,18,4%,0
6846,auany,Others,Saudi Arabia,59,4%,8
6847,auted,Industrials,Saudi Arabia,94,-3%,2
6848,auany,Energy,Saudi Arabia,68,-7%,5
6849,auLLC,Others,Saudi Arabia,55,-3%,8
6850,av NV,Industrials,Belgium,47,-4%,7
6851,azipa,Consumer Discretionary,Iran,37,-8%,8
6853,BItd.,Financials,Japan,22,8%,7
6855,BStd.,Consumer Discretionary,South Korea,11,-6%,8
6857,enSpA,Consumer Discretionary,Italy,5,4%,2
6858,chaft,Industrials,Germany,86,-8%,0
6859,chAG.,Industrials,Switzerland,47,-4%,8
6860,chmbh,Consumer Discretionary,Germany,13,-5%,5
6862,coed ,Materials,United Kingdom,38,2%,7
6863,"com.,",Others,India,25,3%,5
6864,coted,Others,Marshall Islands,72,-3%,5
6865,coted,Industrials,Monaco,54,6%,2
6866,coted,Others,Cayman Islands,97,0%,0
6867,coLtd,Others,South Korea,58,7%,0
6868,CRnc.,Information Technology,Japan,62,-6%,1
6869,DIp. ,Industrials,United States,81,-1%,5
6870,eatd.,Industrials,United States,30,1%,5
6872,eated,Consumer Discretionary,Macau,69,7%,8
6873,eaLLC,Industrials,United States,7,2%,2
6874,eatd.,Consumer Discretionary,South Korea,9,-5%,1
6875,ectd.,Information Technology,South Korea,24,2%,0
6876,ectd.,Information Technology,South Korea,38,3%,2
6878,eetd.,Others,South Korea,95,5%,7
6879,eiion,Industrials,Japan,84,3%,8
6880,eitd.,Information Technology,Japan,67,-4%,2
6881,eitd.,Industrials,South Korea,94,5%,8
6882,ei.K.,Industrials,Japan,90,-5%,6
6883,eitd.,Consumer Discretionary,Japan,2,-3%,6
6884,eirp.,Consumer Discretionary,Japan,90,6%,3
6885,ejtd.,Others,South Korea,78,4%,6
6886,eknts,Financials,South Africa,89,8%,5
6888,Not Available,Others,Others,0,-3%,4
6890,en.K.,Industrials,Japan,35,0%,2
6891,enLLC,Healthcare,United States,87,3%,2
6893,ennc.,Healthcare,United States,80,6%,7
6894,enLLC,Financials,United States,25,-4%,3
6895,eoLtd,Industrials,South Korea,77,-6%,1
6897,eoorp,Industrials,United States,89,8%,7
6898,eotd.,Consumer Discretionary,South Korea,64,3%,6
6899,eotd.,Industrials,South Korea,8,4%,1
6900,eotd.,Energy,South Korea,9,-3%,6
6901,eotd.,Others,South Korea,60,0%,5
6903,eotd.,Materials,South Korea,70,5%,7
6905,eoent,Industrials,South Korea,23,3%,2
6906,eoion,Industrials,South Korea,96,-6%,0
6907,eotal,Healthcare,South Korea,17,7%,5
6908,eoity,Others,South Korea,14,5%,1
6909,eotd.,Others,South Korea,59,-3%,6
6911,erLLC,Consumer Discretionary,United States,87,2%,7
6912,ernc.,Information Technology,United States,70,1%,4
6914,ewInc,Industrials,United States,95,-8%,8
6915,ewtd.,Consumer Discretionary,South Korea,21,3%,1
6921,haLtd,Others,China,35,8%,7
6924,hatd.,Consumer Staples,China,45,3%,3
6926,hatd.,Materials,China,29,3%,2
6927,hatd.,Others,China,47,-2%,3
6928,hatd.,Others,China,36,6%,5
6930,hatd.,Industrials,China,35,-1%,3
6931,hatd.,Consumer Discretionary,China,65,0%,4
6932,hatd.,Others,China,47,1%,3
6934,hatd.,Industrials,China,52,-2%,1
6935,haCo.,Consumer Discretionary,China,36,-2%,4
6938,haion,Industrials,China,5,-6%,6
6939,haLtd,Consumer Discretionary,China,75,6%,1
6940,HATD.,Energy,China,31,-2%,2
6941,hatd.,Others,China,44,5%,4
6942,haion,Consumer Discretionary,China,87,-2%,3
6944,had. ,Others,China,95,-4%,8
6945,haLtd,Others,China,94,3%,6
6946,haLtd,Others,China,41,4%,1
6947,haltd,Industrials,China,41,-6%,7
6948,haLtd,Others,China,20,4%,3
6949,haion,Utilities,China,45,-2%,2
6950,hatd.,Others,China,3,8%,7
6951,hatd.,Consumer Staples,South Korea,59,-2%,0
6952,hed. ,Information Technology,China,7,8%,3
6953,hetd.,Information Technology,China,86,8%,7
6957,hetd.,Industrials,South Korea,100,-3%,6
6958,heted,Others,China,84,8%,1
6961,hetd.,Consumer Discretionary,China,51,-1%,5
6962,HIrp.,Information Technology,United States,89,-4%,2
6963,hitd.,Industrials,Taiwan,56,8%,7
6964,hitd.,Industrials,Japan,84,-2%,3
6965,hited,Materials,South Korea,34,-4%,5
6966,hitd.,Consumer Discretionary,South Korea,36,4%,0
6967,hiTD.,Industrials,South Korea,98,7%,3
6968,hi.K.,Information Technology,Japan,63,6%,2
6970,hital,Others,South Korea,20,-8%,4
6971,hitd.,Industrials,Japan,46,2%,0
6973,hitd.,Consumer Discretionary,Japan,26,7%,7
6975,hitd.,Consumer Staples,Taiwan,64,-6%,0
6977,hitd.,Industrials,Japan,72,-5%,5
6978,hi.K.,Consumer Discretionary,Japan,45,3%,8
6979,hitd.,Consumer Discretionary,South Korea,18,6%,6
6980,hitd.,Consumer Staples,Japan,84,3%,4
6981,hitd.,Consumer Discretionary,Japan,4,1%,2
6982,hited,Industrials,Japan,10,-2%,2
6984,hiure,Industrials,Japan,95,-1%,7
6986,hoted,Consumer Discretionary,India,9,2%,0
6987,hotd.,Consumer Discretionary,Japan,57,5%,1
6989,hrany,Industrials,United States,54,5%,6
6992,I td.,Real Estate,South Korea,10,-7%,0
6994,icLtd,Others,China,5,-6%,1
6996,IC SA,Materials,Switzerland,93,-7%,3
6997,ictd.,Others,China,16,-1%,7
6999,ieion,Industrials,United States,96,3%,6
7000,igal ,Consumer Discretionary,United States,86,2%,5
7001,Not Available,Others,Others,31,7%,8
7003,iltd.,Information Technology,Japan,75,-1%,2
7004,iltd.,Industrials,South Korea,63,0%,2
7006,Not Available,Others,Others,75,2%,7
7007,imtd.,Consumer Discretionary,South Korea,70,0%,0
7008,imion,Information Technology,Japan,5,-6%,6
7010,imLtd,Energy,Taiwan,4,6%,1
7011,imtd.,Information Technology,Taiwan,64,6%,8
7013,inion,Energy,United States,81,-3%,4
7014,intd.,Industrials,South Korea,35,1%,4
7015,intd.,Consumer Discretionary,China,61,-1%,2
7019,iotd.,Others,South Korea,83,-1%,0
7021,istd.,Consumer Discretionary,South Korea,80,2%,0
7022,i-nc.,Consumer Discretionary,South Korea,59,7%,2
7023,ision,Others,United States,81,-6%,1
7025,KCLtd,Information Technology,South Korea,40,6%,2
7026,kytd.,Information Technology,Japan,24,3%,8
7027,kyLLC,Healthcare,United States,96,5%,0
7029,lytd.,Others,Japan,88,-3%,4
7031,matd.,Consumer Discretionary,South Korea,96,0%,8
7033,maltd,Real Estate,South Korea,81,-8%,2
7034,MIies,Consumer Discretionary,Netherlands,63,7%,1
7035,mrtd.,Industrials,South Korea,89,-1%,4
7037,MTtd.,Consumer Discretionary,South Korea,55,2%,7
7038,MTLtd,Industrials,South Korea,38,-6%,1
7040,NNLtd,Materials,South Korea,21,-2%,4
7041,NSTD.,Industrials,South Korea,19,-1%,2
7043,ofnc ,Consumer Discretionary,Japan,52,-5%,1
7044,ofted,Information Technology,Japan,27,0%,2
7045,Not Available,Others,Others,72,-6%,0
7046,ofnal,Information Technology,Hong Kong,92,1%,3
7047,ohtd.,Industrials,Japan,36,-2%,7
7048,ol.V.,Information Technology,Mexico,24,-4%,4
7049,oltd.,Industrials,Japan,92,-8%,1
7050,olnc.,Others,United States,42,-8%,4
7052,omnc.,Healthcare,United States,46,-5%,3
7053,onLlc,Information Technology,South Korea,17,-5%,0
7054,ontd.,Others,South Korea,25,-6%,0
7055,Not Available,Others,Others,96,-6%,7
7056,orion,Information Technology,South Korea,7,-7%,3
7057,outd.,Consumer Discretionary,China,25,5%,7
7058,ounc.,Consumer Discretionary,United States,19,4%,2
7059,ouany,Energy,Iraq,3,3%,1
7060,ouLLC,Industrials,United States,26,8%,0
7061,outd.,Real Estate,South Korea,38,4%,0
7062,outd.,Industrials,South Korea,98,-1%,0
7064,paand,Government Institution,Others,78,-5%,1
7065,panc.,Information Technology,United States,73,-6%,0
7066,pctd.,Consumer Discretionary,Japan,69,-1%,7
7067,penc.,Consumer Discretionary,United States,2,-4%,7
7068,penc.,Consumer Discretionary,Canada,76,4%,8
7069,Not Available,Others,Others,90,-4%,3
7070,petd.,Information Technology,South Korea,9,-7%,3
7071,pinc.,Consumer Discretionary,South Korea,65,-7%,7
7073,potd.,Information Technology,Japan,12,-3%,2
7074,poLLC,Industrials,United States,59,-2%,2
7075,prnc.,Consumer Discretionary,Japan,59,-3%,0
7078,SKtd.,Others,South Korea,54,-8%,4
7080,T&Ltd,Information Technology,South Korea,0,0%,1
7081,t.nc.,Healthcare,United States,65,-3%,8
7083,ta.P.,Financials,United States,68,-7%,7
7084,taare,Healthcare,United States,92,8%,4
7085,taion,Consumer Staples,Japan,40,-2%,7
7087,tatd.,Real Estate,South Korea,96,3%,6
7088,tatd.,Others,United Kingdom,86,-2%,2
7089,tanc.,Consumer Discretionary,United States,68,1%,3
7090,taany,Utilities,China,74,4%,7
7091,taowa,Industrials,United States,13,4%,7
7092,tasas,Government Institution,United States,6,-8%,5
7094,alion,Information Technology,United States,21,-2%,1
7095,-Ttd.,Industrials,Japan,50,1%,4
7097,TEnc.,Healthcare,Canada,84,8%,4
7098,teies,Healthcare,Canada,35,2%,5
7099,TF.A.,Industrials,Italy,66,1%,4
7100,tinc.,Consumer Staples,Japan,80,3%,1
7101,tiion,Information Technology,United States,26,5%,7
7102,Trtd.,Others,South Korea,97,-4%,5
7104,uctd.,Others,Japan,58,-6%,0
7105,uctda,Consumer Staples,Brazil,19,3%,8
7106,uiLtd,Others,China,5,-6%,6
7107,ulman,Government Institution,Oman,78,1%,5
7108,umtd.,Others,Others,27,1%,8
7109,untd.,Others,Taiwan,32,3%,3
7110,unted,Consumer Staples,Japan,100,1%,4
7111,untd.,Others,Hong Kong,75,-6%,6
7112,untd.,Healthcare,South Korea,51,-5%,0
7113,untd.,Others,South Korea,60,5%,3
7116,untd.,Consumer Discretionary,South Korea,87,3%,1
7117,untd.,Materials,South Korea,27,-1%,2
7118,unoup,Consumer Discretionary,South Korea,52,3%,3
7119,union,Others,South Korea,8,-3%,4
7120,untd.,Others,South Korea,78,3%,4
7121,unech,Information Technology,South Korea,26,1%,2
7122,un.o.,Consumer Discretionary,Czech Republic,90,-6%,5
7124,UNLtd,Materials,South Korea,66,-8%,7
7125,untd.,Consumer Staples,South Korea,24,-1%,1
7126,union,Consumer Staples,Philippines,33,-6%,8
7127,unLtd,Consumer Staples,South Korea,18,5%,4
7129,unLtd,Information Technology,China,19,-2%,5
7132,unies,Information Technology,United States,24,-8%,3
7133,untd.,Industrials,South Korea,62,5%,1
7135,upCo.,Industrials,United States,24,0%,2
7136,urnc.,Consumer Discretionary,United States,42,1%,1
7137,uztd.,Industrials,China,73,-5%,2
7139,uzica,Industrials,United States,84,5%,6
7140,uz.K.,Consumer Staples,Japan,61,7%,0
7141,uztd.,Consumer Staples,Japan,9,-3%,3
7142,w ted,Consumer Discretionary,United Kingdom,96,-6%,7
7143,winc.,Others,Others,20,-6%,5
7145,.E.V.,Others,Netherlands,60,5%,6
7146,.Std.,Industrials,Taiwan,35,6%,8
7147,acInc,Healthcare,United States,70,7%,0
7149,aeion,Others,South Korea,67,6%,8
7151,aeLtd,Consumer Discretionary,South Korea,60,-1%,5
7152,aetd.,Materials,South Korea,99,5%,1
7153,aetd.,Materials,South Korea,15,8%,5
7154,aetd.,Industrials,South Korea,13,1%,1
7155,aerp.,Consumer Staples,South Korea,1,4%,7
7156,aitd.,Materials,South Korea,53,8%,7
7157,aital,Healthcare,Taiwan,6,4%,6
7161,aiity,Educational Institution,Taiwan,54,-3%,1
7162,aitd.,Consumer Discretionary,Taiwan,100,-3%,7
7163,aital,Healthcare,Taiwan,73,-2%,1
7167,aitd.,Industrials,Taiwan,34,-7%,8
7169,aitd.,Industrials,Taiwan,53,-6%,6
7170,aiion,Utilities,Taiwan,80,0%,0
7172,ajtd.,Consumer Discretionary,Japan,64,4%,0
7174,aktd.,Others,Japan,80,-7%,1
7176,ak.k.,Others,Japan,64,3%,0
7177,akK. ,Consumer Discretionary,Japan,53,-5%,3
7179,alInc,Information Technology,United States,77,-3%,5
7180,amtd.,Consumer Discretionary,Japan,77,-4%,5
7181,antd.,Materials,Japan,86,-3%,8
7182,an.K.,Others,Japan,57,8%,0
7183,antd.,Materials,China,97,8%,1
7184,aners,Industrials,Cyprus,1,6%,7
7185,anted,Utilities,Tanzania,82,3%,7
7186,AP.A.,Industrials,Portugal,97,1%,7
7187,ar.V.,Others,Netherlands,26,0%,0
7188,AR.V.,Others,Netherlands,99,0%,3
7189,at.K.,Industrials,Japan,59,-7%,5
7190,atK.K,Others,Japan,13,7%,6
7192,aunc.,Energy,United States,49,2%,2
7195,CCrp.,Industrials,South Korea,29,8%,2
7196,CStd.,Industrials,Japan,86,4%,8
7197,CT.P.,Energy,United States,16,5%,8
7198,eaInc,Industrials,United States,2,-1%,1
7199,eanc.,Consumer Discretionary,United States,30,0%,2
7200,eanc.,Industrials,United States,20,3%,7
7201,ecnc.,Industrials,South Korea,86,-6%,5
7202,ectd.,Materials,South Korea,23,-7%,1
7205,eid. ,Others,Japan,25,5%,7
7207,elInc,Others,United States,44,3%,8
7208,elted,Others,South Korea,98,-7%,5
7209,eltd.,Financials,Japan,100,0%,7
7211,elion,Industrials,United States,46,8%,5
7212,ennc.,Utilities,United States,31,3%,7
7213,enLlc,Others,United States,27,-4%,1
7215,ennc.,Industrials,United States,17,4%,8
7216,enion,Others,Japan,18,-3%,4
7217,epnc.,Healthcare,United States,62,6%,2
7218,er.K.,Consumer Staples,Japan,38,0%,3
7219,Not Available,Others,Others,4,-3%,3
7220,exnc.,Healthcare,United States,7,-4%,3
7221,exnc.,Energy,United States,92,-2%,0
7222,ex LP,Energy,United States,27,-7%,0
7224,heson,Government Institution,United States,31,-6%,8
7227,hetd.,Consumer Discretionary,South Korea,17,-5%,7
7228,henc.,Industrials,United States,39,1%,4
7229,Not Available,Others,Others,64,-2%,5
7230,heoup,Industrials,United Arab Emirates,89,-4%,4
7232,heCo.,Healthcare,United States,34,7%,2
7233,he.P.,Financials,United States,53,5%,2
7234,heLLC,Consumer Staples,United States,50,4%,4
7235,hense,Others,Japan,39,-3%,6
7236,heion,Healthcare,United States,39,-2%,5
7238,heent,Others,South Korea,86,4%,5
7239,heion,Foundation,Denmark,58,0%,7
7240,Not Available,Others,Others,14,2%,4
7241,heion,Foundation,United States,54,7%,7
7242,hetd.,Financials,South Korea,13,2%,7
7243,heted,Consumer Discretionary,United Kingdom,74,8%,4
7244,he-do,Government Institution,South Korea,58,6%,5
7246,hengs,Others,China,27,-2%,2
7249,heuri,Government Institution,United States,80,4%,5
7250,henc.,Others,United States,67,6%,7
7251,hetd.,Industrials,Japan,41,-4%,0
7252,hi.V.,Others,Australia,87,0%,7
7253,hoted,Consumer Discretionary,United States,15,3%,5
7255,Not Available,Others,Others,47,-8%,0
7256,HTion,Materials,South Korea,36,-4%,8
7257,huany,Telecommunication Services,United Arab Emirates,83,1%,6
7258,I LLC,Consumer Discretionary,United States,43,-4%,4
7261,iaLtd,Others,China,31,-3%,5
7262,iatd.,Industrials,China,48,4%,8
7264,iaLtd,Information Technology,China,38,3%,4
7265,iatd.,Others,China,28,-6%,5
7266,inrp ,Information Technology,China,2,4%,0
7267,irnc.,Consumer Discretionary,United States,24,-6%,3
7268,itZAO,Others,Russia,86,3%,1
7269,LCLLC,Others,United States,45,-1%,1
7270,MItes,Others,Japan,31,3%,6
7271,oatd.,Information Technology,Japan,23,-1%,5
7273,ohion,Consumer Discretionary,Japan,20,1%,6
7274,oh.K.,Information Technology,Japan,86,-3%,3
7276,oktd.,Others,Japan,10,8%,3
7277,okion,Industrials,Japan,36,-7%,8
7278,oktd.,Information Technology,Japan,23,-2%,4
7279,okiai,Others,Japan,84,-4%,5
7280,ok KK,Consumer Discretionary,Japan,18,-8%,7
7281,okion,Financials,Japan,75,7%,6
7282,okent,Industrials,Japan,93,-1%,5
7283,okion,Educational Institution,Japan,48,-2%,8
7284,okof),Government Institution,Japan,5,-4%,7
7285,OLnc.,Healthcare,United States,31,4%,7
7286,omion,Healthcare,United States,35,-6%,1
7287,omtd.,Consumer Staples,Japan,80,3%,1
7288,onInc,Information Technology,United States,68,6%,1
7289,onLtd,Others,China,90,0%,6
7290,onLtd,Others,South Korea,73,5%,5
7292,onLtd,Others,South Korea,55,-1%,4
7294,opLtd,Industrials,Taiwan,29,5%,0
7297,outd.,Consumer Staples,Japan,69,1%,4
7298,ow.K.,Industrials,Japan,83,-7%,6
7299,oy.K.,Consumer Staples,Japan,78,2%,4
7300,oytd.,Consumer Discretionary,Japan,38,6%,6
7301,oy.K.,Consumer Discretionary,Japan,3,1%,2
7302,oytd.,Consumer Discretionary,Japan,68,-4%,7
7304,Not Available,Others,Others,54,8%,2
7305,raInc,Healthcare,United States,50,7%,8
7306,ranc.,Industrials,United States,86,6%,6
7307,ranc.,Information Technology,United States,95,7%,4
7308,raInc,Industrials,United States,91,-5%,6
7311,re.c.,Utilities,Canada,23,-5%,2
7312,riion,Consumer Discretionary,South Korea,97,-2%,7
7313,ritd.,Industrials,United States,68,4%,1
7314,riO O,Consumer Discretionary,Poland,51,0%,6
7315,rinc.,Consumer Discretionary,United States,74,1%,5
7316,rinc.,Energy,United States,4,8%,1
7317,riion,Industrials,Taiwan,35,-5%,7
7318,RTnc.,Industrials,United States,30,-1%,5
7319,runc.,Energy,United States,53,-8%,2
7321,runc.,Telecommunication Services,United States,40,1%,7
7322,rync.,Consumer Discretionary,Japan,65,-1%,5
7323,SDtd.,Industrials,South Korea,28,7%,2
7325,SRTD.,Others,Japan,9,8%,2
7326,sutd.,Consumer Discretionary,Japan,40,-6%,7
7328,up.v.,Others,Netherlands,62,-7%,7
7329,v td.,Others,Japan,41,2%,6
7330,wiLLC,Energy,United States,97,4%,7
7331,wiInc,Others,Canada,82,4%,8
7332,&IInc,Industrials,United States,34,8%,8
7334,.Kent,Government Institution,United Kingdom,47,-6%,4
7336,.Snc.,Others,United States,24,4%,0
7337,.Sion,Government Institution,United States,70,-2%,8
7340,CCtd.,Consumer Staples,Japan,11,-8%,0
7341,niter,Educational Institution,United States,51,7%,4
7342,cltd.,Others,South Korea,65,-6%,2
7343,K nce,Government Institution,United Kingdom,96,4%,1
7344,lstd.,Industrials,South Korea,41,1%,3
7346,lsity,Others,South Korea,76,-7%,4
7347,ltLLC,Consumer Discretionary,United States,20,1%,3
7348,mibai,Others,Japan,60,-4%,7
7350,niion,Information Technology,Japan,76,-4%,4
7351,niLtd,Information Technology,South Korea,87,-5%,2
7352,niion,Others,Taiwan,98,6%,5
7353,niLLC,Others,United States,16,-6%,0
7354,nitd.,Consumer Discretionary,Japan,19,4%,6
7355,NIrp.,Information Technology,South Korea,54,4%,5
7356,ninc.,Industrials,Japan,85,8%,6
7357,niLtd,Others,Hong Kong,90,4%,6
7358,niion,Energy,United States,84,4%,8
7360,nited,Financials,Japan,61,4%,4
7361,nited,Consumer Staples,United Kingdom,86,-2%,2
7362,niine,Government Institution,Ukraine,62,-6%,7
7363,ninc.,Materials,United States,92,2%,6
7364,ni Va,Others,Others,32,2%,4
7365,ninse,Industrials,United States,37,0%,7
7367,niPA),Others,United States,80,-8%,4
7369,niees,Others,Hong Kong,5,1%,1
7371,nigan,Consumer Discretionary,United States,63,6%,5
7372,nisan,Educational Institution,South Korea,97,-6%,7
7373,niord,Consumer Discretionary,United Kingdom,70,8%,3
7376,rbncy,Real Estate,Japan,83,-4%,3
7379,SAnc.,Healthcare,United States,39,1%,3
7381,tsmbh,Energy,Germany,3,3%,4
7382,zbany,Energy,Uzbekistan,92,4%,6
7383,aiion,Consumer Discretionary,Japan,86,-7%,7
7384,aling,Healthcare,Russia,14,-3%,5
7386,altd.,Consumer Discretionary,South Korea,48,1%,6
7390,atnce,Healthcare,France,91,7%,4
7391,attd.,Healthcare,South Korea,51,-8%,1
7392,attd.,Healthcare,South Korea,24,7%,5
7393,atrks,Others,South Korea,83,1%,7
7394,at SL,Healthcare,Spain,5,8%,4
7395,BrInc,Information Technology,United States,39,-1%,7
7396,ennc.,Healthcare,United States,62,7%,3
7398,erc.),Information Technology,United States,83,1%,8
7399,ernc.,Information Technology,Japan,47,6%,5
7400,er Ag,Industrials,Switzerland,76,8%,8
7401,erLLC,Others,United States,9,-6%,1
7404,ibLLC,Healthcare,United States,69,6%,0
7405,Not Available,Others,Others,70,0%,4
7406,idnc.,Consumer Discretionary,United States,72,5%,5
7407,ovnam,Government Institution,Vietnam,44,-3%,5
7408,igLLC,Industrials,United States,94,0%,5
7409,irted,Industrials,United Kingdom,38,-2%,1
7412,irnc.,Information Technology,United States,76,5%,5
7413,it.V.,Energy,Netherlands,84,-8%,8
7414,it.A.,Energy,Luxembourg,24,-5%,8
7415,ITtd.,Consumer Discretionary,South Korea,63,-7%,6
7418,ivLtd,Others,China,89,7%,4
7419,iznc.,Healthcare,United States,58,1%,7
7421,Not Available,Others,Others,74,-8%,8
7422,ox AB,Consumer Discretionary,Sweden,26,3%,8
7423,P td.,Information Technology,South Korea,90,-3%,0
7424,SOing,Others,United States,70,-3%,8
7425,ulion,Others,Thailand,77,-8%,5
7426,.Bson,Industrials,United States,47,5%,8
7427,ABmbH,Others,Germany,12,6%,8
7428,agion,Industrials,Taiwan,30,-7%,1
7429,aktd.,Consumer Discretionary,Japan,6,-3%,0
7432,alion,Energy,United States,78,6%,1
7433,anLtd,Others,China,71,1%,1
7434,anion,Consumer Discretionary,China,15,5%,3
7435,arion,Energy,United States,83,5%,2
7436,arnc.,Industrials,United States,30,-4%,5
7437,ccnc.,Industrials,United States,84,4%,8
7439,asces,Others,United States,99,2%,2
7440,ation,Consumer Discretionary,Japan,97,7%,0
7441,attd.,Industrials,Japan,92,3%,1
7443,"elc.,",Financials,United States,79,3%,1
7444,elan.,Consumer Staples,Japan,90,2%,5
7446,esany,Financials,United States,64,-1%,1
7447,ested,Industrials,Japan,90,0%,7
7448,esnal,Industrials,South Korea,36,2%,5
7449,eyLLC,Others,United States,3,6%,3
7450,idtd.,Others,South Korea,70,6%,2
7451,Not Available,Others,Others,88,-6%,1
7452,inc. ,Consumer Staples,Canada,14,2%,4
7453,inLLC,Others,United States,48,-4%,7
7454,inLtd,Energy,Singapore,23,1%,4
7456,inies,Information Technology,United States,99,3%,2
7457,irdia,Information Technology,United States,17,-1%,7
7458,irted,Others,New Zealand,62,1%,3
7459,itmbH,Information Technology,Germany,87,6%,7
7460,itted,Consumer Staples,United Kingdom,76,5%,6
7463,ontd.,Industrials,South Korea,82,-5%,7
7464,oorp.,Industrials,South Korea,11,8%,5
7465,ootd.,Industrials,South Korea,1,-3%,5
7467,ooLLC,Others,United States,32,-4%,2
7468,ootd.,Materials,South Korea,86,-2%,3
7469,ootd.,Industrials,South Korea,19,-4%,2
7470,ootd.,Materials,South Korea,18,-2%,1
7472,oonc.,Industrials,United States,42,-5%,4
7473,ootry,Real Estate,South Korea,33,4%,7
7475,ootd.,Consumer Discretionary,South Korea,29,3%,4
7476,oorp.,Real Estate,South Korea,15,-4%,3
7477,ortd.,Information Technology,Japan,96,3%,4
7478,orInc,Consumer Discretionary,United States,36,-4%,8
7483,YNLLC,Consumer Discretionary,United States,63,-3%,7
7484,CoLLC,Industrials,United States,43,2%,7
7487,e-ted,Utilities,Laos,13,4%,8
7488,iaLtd,Others,China,48,-2%,7
7489,iatd.,Others,China,72,0%,1
7490,iatd.,Information Technology,China,72,2%,6
7491,ianc.,Information Technology,China,69,3%,8
7492,Not Available,Others,Others,67,2%,8
7493,-Ped.,Others,British Virgin Islands,75,8%,0
7494,YMion,Real Estate,Japan,41,7%,5
7495,.Btd.,Information Technology,South Korea,47,-7%,2
7496,acnc.,Consumer Discretionary,Japan,41,3%,8
7497,agtd.,Industrials,Japan,75,-7%,6
7498,alion,Healthcare,United States,77,-7%,7
7499,amtd.,Industrials,Japan,71,-3%,4
7500,amtd.,Healthcare,Japan,49,-3%,5
7501,amtd.,Industrials,Japan,16,2%,1
7502,amtd.,Industrials,Japan,47,-5%,5
7503,amtd.,Consumer Discretionary,Japan,16,-3%,5
7504,amTD.,Industrials,Japan,3,0%,0
7505,am.K.,Industrials,Japan,67,-8%,0
7506,amtd.,Consumer Staples,Japan,63,8%,1
7507,amrp.,Industrials,Japan,35,6%,1
7508,amtd.,Consumer Discretionary,Japan,45,3%,4
7510,anany,Others,South Korea,26,-4%,1
7512,antd.,Industrials,Japan,55,-7%,2
7513,anLtd,Industrials,China,11,-1%,1
7514,aoion,Consumer Staples,Japan,99,4%,2
7515,astd.,Industrials,Japan,89,0%,8
7519,ation,Energy,United States,23,-5%,3
7520,awBhd,Financials,Malaysia,13,0%,3
7521,AZion,Consumer Discretionary,Japan,2,-6%,2
7522,azion,Industrials,Japan,11,4%,2
7524,BMnc.,Others,South Korea,71,8%,3
7525,BMT&E,Others,South Korea,70,8%,7
7527,entd.,Consumer Discretionary,Taiwan,39,2%,4
7528,EOTD.,Materials,South Korea,84,-5%,6
7529,eotd.,Industrials,South Korea,23,4%,8
7531,ikion,Information Technology,South Korea,77,-4%,1
7534,L Ltd,Others,South Korea,45,8%,0
7537,MSted,Consumer Discretionary,South Korea,12,-8%,3
7538,odtd.,Consumer Discretionary,Japan,59,-5%,8
7539,okof),Government Institution,Japan,11,5%,4
7540,om.k.,Consumer Discretionary,Japan,52,-2%,8
7542,ontd.,Consumer Discretionary,South Korea,77,2%,8
7543,onion,Others,Japan,61,5%,1
7545,ontem,Others,South Korea,50,3%,6
7547,osnc.,Healthcare,Japan,88,-2%,8
7548,osLtd,Materials,Japan,52,-4%,4
7549,osrp.,Industrials,Japan,64,3%,1
7550,outd.,Consumer Discretionary,South Korea,8,6%,7
7551,outd.,Consumer Discretionary,South Korea,70,-8%,4
7552,outd.,Industrials,South Korea,63,-6%,2
7553,outd.,Information Technology,South Korea,68,-7%,6
7554,ounc.,Consumer Discretionary,United States,87,0%,1
7555,outd.,Consumer Discretionary,South Korea,41,7%,8
7556,outd.,Real Estate,South Korea,95,-3%,4
7557,outd.,Healthcare,South Korea,40,-7%,5
7560,outd.,Materials,South Korea,11,6%,3
7562,outd.,Consumer Staples,South Korea,59,-8%,2
7563,P LLC,Consumer Discretionary,United States,72,-1%,0
7565,TNtd.,Consumer Discretionary,South Korea,10,3%,5
7566,uatd.,Consumer Discretionary,Taiwan,25,4%,5
7567,uCogy,Information Technology,China,57,3%,5
7568,ugLtd,Industrials,Japan,84,-8%,7
7569,ujLtd,Industrials,South Korea,99,-8%,7
7570,uktd.,Consumer Discretionary,Japan,83,6%,4
7571,uloup,Consumer Discretionary,Taiwan,73,2%,3
7573,untd.,Industrials,China,56,5%,4
7574,untd.,Materials,China,16,-4%,7
7577,ve sa,Consumer Staples,France,100,-1%,1
7578,ak.K.,Industrials,Japan,49,3%,2
7579,akans,Others,Russia,27,8%,8
7580,ARnc.,Consumer Discretionary,South Korea,83,-3%,6
7581,ENtd.,Industrials,Japan,69,4%,8
7582,Not Available,Others,Others,77,8%,6
7585,haics,Materials,Guinea-Bissau,9,-3%,0
7587,hatd.,Industrials,China,98,-4%,3
7588,had..,Materials,China,11,-4%,0
7589,Not Available,Others,Others,1,3%,5
7590,heLtd,Materials,China,86,0%,0
7592,Not Available,Others,Others,84,-3%,5
7593,hetd.,Materials,China,59,-6%,2
7594,hetd.,Others,China,38,-3%,2
7595,hetd.,Industrials,China,54,6%,0
7597,Not Available,Others,Others,88,-4%,1
7598,helar,Others,China,26,-5%,8
7599,hioup,Others,China,30,-3%,4
7600,hotd.,Utilities,China,15,-8%,5
7601,hogBo,Others,China,38,3%,4
7602,hoLtd,Others,China,50,7%,5
7604,Not Available,Others,Others,55,-6%,3
7620,Not Available,Others,Others,21,0%,6
7921,Not Available,Others,Others,21,2%,3
7945,Not Available,Others,Others,59,-2%,6
7946,Not Available,Others,Others,55,-8%,0
8065,Not Available,Others,Others,20,-5%,0
8066,Not Available,Others,Others,54,6%,3
8110,ortd.,Industrials,Japan,53,-2%,1
8157,hutd.,Industrials,Japan,47,-7%,5
8199,oktd.,Consumer Staples,Japan,52,-7%,5
8233,Not Available,Others,Others,82,-8%,8
8240,aptd.,Consumer Staples,Japan,3,-2%,2
8276,ATtd.,Consumer Discretionary,Japan,77,-8%,7
8333,IKtd.,Consumer Discretionary,Japan,27,1%,8
8344,Not Available,Others,Others,83,4%,3
8358,attd.,Consumer Staples,Japan,75,-5%,5
8398,nctd.,Information Technology,Japan,53,4%,7
8432,intd.,Information Technology,Japan,95,1%,3
8434,emnc.,Information Technology,Japan,81,7%,3
8529,ohtd.,Information Technology,Japan,65,-5%,8
8541,shtd.,Materials,Japan,61,-3%,6
8549,aktd.,Healthcare,Japan,18,6%,5
8592,ncnc.,Healthcare,Japan,39,-5%,0
8597,retd.,Healthcare,Japan,71,3%,1
8611,ocion,Information Technology,Japan,0,2%,5
8637,uknc.,Information Technology,Japan,70,-4%,4
8658,hetd.,Materials,Japan,18,2%,7
8675,P .K.,Energy,Japan,24,-8%,4
8683,ittd.,Consumer Discretionary,Japan,80,4%,7
8773,AKTD.,Industrials,Japan,92,-8%,2
8796,kated,Industrials,Japan,98,0%,5
8838,o-ion,Information Technology,Japan,33,-7%,5
8875,aktd.,Industrials,Japan,82,0%,3
8882,akion,Industrials,Japan,87,-8%,2
8887,iptd.,Consumer Discretionary,Japan,85,2%,0
8932,iytd.,Industrials,Japan,85,-7%,7
8934,Not Available,Others,Others,24,7%,8
8945,.Anc.,Consumer Discretionary,Japan,72,-8%,5
8974,Not Available,Others,Others,48,1%,4
9029,latd.,Information Technology,Japan,96,4%,3
9107,ontd.,Financials,Japan,26,0%,1
9144,kutd.,Consumer Discretionary,Japan,44,-7%,4
9184,eoion,Consumer Staples,Japan,40,-4%,6
9297,oktd.,Consumer Discretionary,Japan,55,1%,5
9314,oktd.,Industrials,Japan,55,-1%,6
9350,imtd.,Information Technology,Japan,86,-3%,2
9353,aktd.,Consumer Discretionary,Japan,81,6%,8
9398,Not Available,Others,Others,28,-7%,3
9472,Not Available,Others,Others,61,7%,7
9483,Not Available,Others,Others,95,-3%,2
9484,Not Available,Others,Others,36,1%,8
9485,Not Available,Others,Others,66,6%,1
9486,Not Available,Others,Others,76,8%,0
9487,Not Available,Others,Others,13,4%,8
9506,Not Available,Others,Others,70,-7%,3
9675,Not Available,Others,Others,50,7%,7
9681,Not Available,Others,Others,66,2%,6
9708,Not Available,Others,Others,66,2%,4
10002,oyves,Financials,Canada,49,-4%,6
10004,Not Available,Others,Others,64,-8%,6
10061,cenc.,Industrials,Canada,24,-1%,1
10077,Not Available,Others,Others,5,2%,1
10080,Not Available,Others,Others,53,8%,3
10105,ystd.,Information Technology,South Korea,52,5%,5
10106,IOtd.,Healthcare,South Korea,73,-3%,1
10134,stted,Materials,Zimbabwe,92,-7%,8
