SourceID,TargetID,Relationship Strenght
79,4572,"70,000%"
613,2639,"70,000%"
695,701,"70,000%"
2434,2624,"70,000%"
2550,10026,"70,000%"
2587,2913,"70,000%"
2597,7947,"70,000%"
2705,2828,"70,000%"
2953,4576,"70,000%"
3017,3467,"70,000%"
4013,4237,"70,000%"
7681,7989,"70,000%"
8585,2553,"70,000%"
8595,8546,"70,000%"
9966,5537,"70,000%"
1688,1921,"64,994%"
3097,10080,"64,935%"
9252,9254,"64,935%"
2423,2970,"64,922%"
890,6150,"64,870%"
8590,9287,"64,805%"
998,3918,"64,487%"
48,4169,"64,350%"
3181,8544,"64,350%"
10047,4556,"64,350%"
2916,3467,"64,220%"
8926,8924,"64,220%"
10046,3712,"64,155%"
8597,8646,"63,895%"
9116,9108,"63,895%"
3095,4304,"63,700%"
3573,10080,"63,700%"
8278,9308,"63,310%"
9466,8419,"63,310%"
2419,10080,"63,271%"
2449,7232,"63,050%"
3770,6444,"63,050%"
2781,4139,"63,037%"
9929,6178,"62,972%"
1716,7257,"62,725%"
2260,2063,"62,699%"
8552,8588,"62,660%"
2955,3973,"62,550%"
1516,523,"62,524%"
8194,9308,"62,335%"
892,8555,"62,270%"
2830,2343,"62,264%"
9476,6882,"62,140%"
1450,2174,"61,965%"
10105,1921,"61,776%"
133,491,"61,750%"
2456,10080,"61,750%"
2666,2572,"61,750%"
3105,3468,"61,750%"
8590,8575,"61,620%"
2090,6125,"61,581%"
1683,2133,"61,289%"
1652,2967,"61,198%"
3058,10080,"61,100%"
3095,514,"61,100%"
2731,5112,"61,035%"
8579,8547,"60,905%"
1465,2133,"60,645%"
3263,7637,"60,450%"
1242,6125,"60,229%"
2593,2381,"60,158%"
4258,4219,"59,800%"
9666,5140,"59,800%"
1221,1986,"59,768%"
693,604,"59,293%"
8736,9150,"59,215%"
2648,4301,"59,150%"
4688,3902,"59,150%"
2672,3567,"59,085%"
1213,4202,"58,708%"
8591,8545,"58,630%"
3035,3486,"58,500%"
3649,5112,"58,500%"
4470,5112,"58,500%"
1807,6452,"58,045%"
4613,10080,"57,980%"
1700,1921,"57,850%"
3911,10080,"57,850%"
3036,6441,"57,720%"
8199,9308,"57,655%"
2288,1789,"57,597%"
3617,10080,"57,200%"
4779,4779,"57,200%"
1680,1921,"56,713%"
4779,4779,"56,550%"
2012,2174,"56,485%"
3112,3973,"56,180%"
9789,3381,"56,089%"
1645,1908,"55,920%"
2564,4197,"55,900%"
3054,4577,"55,900%"
1328,1787,"55,848%"
804,7374,"55,822%"
1303,1989,"55,660%"
2292,2053,"55,543%"
1498,5108,"55,263%"
52,5537,"55,250%"
1577,1921,"55,250%"
4421,10080,"55,120%"
4482,4481,"54,990%"
1186,6506,"54,964%"
8107,9415,"54,795%"
9131,9108,"54,665%"
2704,3230,"54,600%"
4313,3570,"54,600%"
8591,9100,"54,535%"
1339,1577,"54,191%"
3874,4237,"54,041%"
1727,2156,"54,015%"
3904,3906,"53,950%"
4123,10080,"53,950%"
2089,1771,"53,560%"
1625,4824,"53,463%"
8594,8588,"53,300%"
9823,6702,"53,222%"
1178,522,"53,209%"
1717,5849,"53,196%"
8578,8261,"52,910%"
2887,8545,"52,858%"
4170,3713,"52,780%"
3777,10080,"52,650%"
8592,6226,"52,650%"
10063,10023,"52,650%"
98,10080,"52,572%"
9837,3550,"52,364%"
2577,4139,"52,325%"
8550,8544,"52,195%"
2747,10080,"52,000%"
1585,1921,"51,922%"
1711,1776,"51,578%"
8596,5443,"51,480%"
2687,8544,"51,370%"
90,10080,"51,350%"
2527,2978,"51,350%"
871,7347,"51,220%"
1501,2133,"51,025%"
1563,1908,"50,941%"
2457,5112,"50,765%"
2867,2709,"50,700%"
4021,10080,"50,700%"
3915,5112,"50,635%"
4185,7197,"50,310%"
2088,4989,"49,537%"
3175,1921,"49,400%"
3930,10080,"49,400%"
4009,10080,"49,400%"
9823,5639,"49,335%"
8281,9308,"49,270%"
9863,9701,"49,264%"
3078,10080,"49,205%"
9038,8998,"49,205%"
661,9880,"49,192%"
8265,8275,"49,153%"
2533,5166,"48,984%"
8288,8334,"48,880%"
9125,4386,"48,880%"
2519,3685,"48,750%"
4338,2356,"48,750%"
1196,4202,"48,594%"
1275,5849,"48,464%"
10113,2709,"48,302%"
8986,6353,"48,165%"
86,5112,"48,100%"
89,755,"48,100%"
1548,1921,"48,100%"
3047,2924,"48,100%"
7929,9493,"47,970%"
9495,6501,"47,697%"
8982,6700,"47,645%"
1910,1862,"47,483%"
3807,3808,"47,450%"
3937,10080,"47,450%"
871,7130,"47,125%"
3784,10080,"46,930%"
2758,3973,"46,800%"
4136,8989,"46,800%"
4671,4436,"46,800%"
1276,1748,"46,774%"
1612,1921,"46,417%"
2465,10080,"46,150%"
3113,2732,"46,020%"
1926,389,"45,539%"
2471,6268,"45,500%"
3195,7947,"45,500%"
3658,4892,"45,435%"
10040,5056,"45,266%"
1695,5044,"45,006%"
8989,2709,"44,896%"
2427,10080,"44,850%"
1545,1921,"44,805%"
9162,9109,"44,720%"
1660,4202,"44,590%"
7667,7774,"44,525%"
7631,5768,"44,363%"
891,8341,"44,200%"
2552,2843,"44,200%"
3195,2796,"44,200%"
3367,4237,"44,200%"
4387,10080,"44,200%"
4705,3894,"44,200%"
770,9415,"44,135%"
8672,8671,"44,135%"
3272,2796,"43,934%"
9665,4323,"43,680%"
9731,7420,"43,596%"
71,3627,"43,550%"
2706,4139,"43,550%"
2743,9779,"43,550%"
3560,3877,"43,550%"
4249,3713,"43,550%"
4268,10080,"43,550%"
2128,3877,"43,355%"
9881,3550,"43,206%"
2169,2118,"43,186%"
1391,5215,"43,180%"
2915,5112,"43,160%"
9879,9707,"43,108%"
1701,2133,"43,024%"
1633,8959,"42,946%"
4757,30,"42,900%"
7704,7779,"42,900%"
10056,4354,"42,900%"
8369,9470,"42,803%"
8462,9242,"42,575%"
8589,8553,"42,575%"
1002,3918,"42,510%"
2549,4273,"42,510%"
8078,9305,"42,445%"
3624,10080,"42,380%"
2615,4202,"42,250%"
2868,4237,"42,250%"
10069,5149,"42,250%"
9700,2709,"42,153%"
59,3399,"42,120%"
8473,7581,"42,055%"
9135,9108,"42,055%"
9464,9290,"41,990%"
1530,1921,"41,737%"
8416,5569,"41,730%"
3149,10080,"41,600%"
4727,3605,"41,600%"
3738,10080,"41,444%"
1986,1908,"41,399%"
1995,2023,"41,386%"
2676,8544,"41,145%"
2502,3713,"40,950%"
2763,6027,"40,950%"
4708,4566,"40,950%"
2162,2053,"40,846%"
1541,2215,"40,697%"
8580,4139,"40,625%"
49,7358,"40,300%"
54,4334,"40,300%"
83,10080,"40,300%"
1602,1921,"40,300%"
2839,6782,"40,300%"
3769,10080,"40,300%"
3992,5112,"40,300%"
8162,9469,"40,300%"
8676,8671,"40,300%"
9933,5090,"40,300%"
2738,4304,"40,209%"
1605,1776,"40,144%"
1719,1340,"40,092%"
8285,9308,"40,040%"
615,7161,"39,956%"
866,8441,"39,845%"
9136,4386,"39,845%"
100,10080,"39,650%"
3067,10080,"39,650%"
3176,2828,"39,650%"
1346,2023,"39,397%"
93,3170,"39,390%"
9888,5023,"39,364%"
840,9471,"39,325%"
9833,2709,"39,052%"
29,5112,"39,000%"
2616,10080,"39,000%"
3242,3602,"39,000%"
3327,3827,"39,000%"
2679,4184,"38,922%"
847,8413,"38,870%"
8374,3727,"38,870%"
8583,8651,"38,870%"
7639,7884,"38,838%"
1674,1843,"38,812%"
8855,5573,"38,740%"
2432,3843,"38,480%"
2713,6445,"38,350%"
2930,4237,"38,350%"
7786,5152,"38,318%"
629,9753,"38,162%"
799,7281,"38,155%"
1371,5512,"38,129%"
1019,5481,"37,895%"
3410,9417,"37,804%"
9011,8973,"37,765%"
2517,5514,"37,700%"
2646,3653,"37,700%"
3026,2796,"37,700%"
3957,2709,"37,700%"
4239,4491,"37,700%"
4667,4884,"37,700%"
8135,9469,"37,700%"
8166,9308,"37,700%"
9750,6930,"37,661%"
1571,1908,"37,635%"
1675,3486,"37,531%"
838,9295,"37,440%"
873,9287,"37,375%"
8369,3727,"37,375%"
9821,9640,"37,317%"
9233,9050,"37,180%"
783,9229,"37,115%"
9473,3727,"37,115%"
1419,1921,"37,096%"
2896,5630,"37,050%"
8088,9469,"36,985%"
1596,1921,"36,920%"
2524,4488,"36,855%"
8594,5588,"36,855%"
2968,3605,"36,771%"
1278,1494,"36,745%"
996,3918,"36,595%"
8282,9291,"36,530%"
2487,5463,"36,400%"
3065,6012,"36,400%"
3237,3468,"36,400%"
3707,10080,"36,400%"
10030,7697,"36,400%"
1705,2967,"36,212%"
610,603,"36,205%"
9891,7067,"36,049%"
8146,9415,"36,010%"
9179,9050,"36,010%"
8137,9415,"35,945%"
7784,7959,"35,835%"
1780,1994,"35,783%"
2771,4148,"35,750%"
3356,2924,"35,750%"
4382,4408,"35,750%"
4592,4025,"35,750%"
4781,3862,"35,750%"
1211,1772,"35,705%"
1565,3141,"35,685%"
4670,10080,"35,555%"
8163,9469,"35,490%"
8517,9138,"35,490%"
8667,8669,"35,230%"
576,8935,"35,100%"
2417,4231,"35,100%"
2440,3918,"35,100%"
3022,4463,"35,100%"
880,3341,"35,035%"
4700,7790,"35,035%"
9674,2709,"34,886%"
9850,9682,"34,821%"
9260,2709,"34,782%"
3259,2894,"34,775%"
8181,7637,"34,775%"
1301,1921,"34,736%"
4631,4698,"34,723%"
8343,8344,"34,710%"
8333,5974,"34,645%"
2426,4367,"34,580%"
2439,6791,"34,515%"
9030,4488,"34,515%"
2836,4373,"34,450%"
3194,5624,"34,450%"
4290,4219,"34,450%"
8392,9242,"34,385%"
1604,1921,"34,379%"
9848,3550,"34,366%"
7665,5811,"34,320%"
1623,1921,"34,307%"
2961,2709,"34,255%"
830,9389,"34,203%"
8212,5365,"33,995%"
9161,3918,"33,995%"
729,7170,"33,956%"
9225,9229,"33,865%"
1306,6304,"33,839%"
1704,2967,"33,820%"
2927,3755,"33,800%"
3695,3605,"33,800%"
3747,2402,"33,800%"
9918,500,"33,800%"
667,5161,"33,755%"
8142,9480,"33,735%"
1454,1595,"33,729%"
8532,8419,"33,670%"
8418,2709,"33,592%"
1251,4202,"33,560%"
8170,9293,"33,475%"
1505,2068,"33,462%"
1528,2243,"33,436%"
2129,1908,"33,436%"
2781,5508,"33,345%"
1273,1467,"33,306%"
904,4570,"33,280%"
960,6987,"33,202%"
73,2869,"33,150%"
557,9620,"33,085%"
8138,9491,"33,085%"
1549,1921,"32,962%"
2765,8555,"32,955%"
3348,3092,"32,890%"
8400,8935,"32,890%"
2606,469,"32,832%"
7641,733,"32,773%"
9152,4386,"32,695%"
9911,7666,"32,637%"
773,9497,"32,630%"
4591,2756,"32,565%"
2256,1968,"32,533%"
2218,1929,"32,513%"
1570,3141,"32,500%"
2581,7413,"32,500%"
2648,2560,"32,500%"
2256,6581,"32,435%"
1051,9566,"32,370%"
612,6695,"32,364%"
2190,1992,"32,253%"
8136,9469,"32,175%"
8161,8935,"32,084%"
8310,4386,"32,045%"
8772,8099,"32,045%"
8521,8523,"31,980%"
8375,7356,"31,915%"
153,3973,"31,850%"
3397,3555,"31,850%"
4102,4237,"31,850%"
4343,4086,"31,850%"
2728,7240,"31,720%"
8668,7581,"31,720%"
1936,6151,"31,714%"
9436,8716,"31,590%"
8846,5971,"31,460%"
1956,1908,"31,408%"
64,3685,"31,395%"
7739,3647,"31,395%"
9621,9662,"31,291%"
1229,2053,"31,278%"
4255,3522,"31,265%"
8514,3918,"31,265%"
74,2810,"31,200%"
80,4168,"31,200%"
2578,10080,"31,200%"
2673,3769,"31,200%"
2695,10080,"31,200%"
3128,3568,"31,200%"
4740,2708,"31,200%"
8402,2967,"31,200%"
8570,8554,"31,135%"
2198,5352,"31,077%"
2278,1908,"31,070%"
8390,2967,"31,070%"
9508,5971,"31,070%"
1962,3877,"31,044%"
8378,9289,"31,005%"
1702,2933,"30,953%"
4771,4771,"30,940%"
8169,8201,"30,875%"
1798,6093,"30,817%"
8410,9533,"30,810%"
1172,1779,"30,726%"
4344,3499,"30,680%"
9144,9111,"30,680%"
2418,2709,"30,550%"
2422,5548,"30,550%"
2468,5638,"30,550%"
2809,4931,"30,550%"
3357,9566,"30,550%"
8382,2709,"30,550%"
1640,2118,"30,531%"
8172,8260,"30,485%"
8331,4875,"30,485%"
1351,1921,"30,427%"
3858,10080,"30,362%"
7765,4794,"30,355%"
8921,4386,"30,290%"
2283,1908,"30,206%"
935,9395,"30,160%"
10053,2869,"30,095%"
8450,2967,"30,030%"
9112,3918,"30,030%"
8168,9285,"29,965%"
1663,1429,"29,900%"
2420,3836,"29,900%"
2424,10080,"29,900%"
2631,3572,"29,900%"
3860,4488,"29,900%"
9066,4570,"29,900%"
8446,2967,"29,835%"
1466,6439,"29,790%"
9662,5576,"29,790%"
9118,3918,"29,718%"
1606,6452,"29,712%"
8452,3134,"29,705%"
2257,1795,"29,634%"
8450,2709,"29,575%"
4283,4401,"29,510%"
4767,4006,"29,510%"
7720,7962,"29,348%"
1020,5971,"29,315%"
8399,9467,"29,315%"
9438,9433,"29,315%"
3548,4363,"29,250%"
3822,2803,"29,250%"
3851,10080,"29,250%"
4287,5112,"29,250%"
4588,4942,"29,250%"
4590,10080,"29,250%"
4635,536,"29,250%"
8691,6661,"29,250%"
1444,1921,"29,224%"
1513,2079,"29,179%"
4051,3877,"29,120%"
4282,3605,"29,120%"
7645,3653,"29,120%"
696,8555,"29,107%"
8390,2709,"29,055%"
8427,9242,"29,055%"
8660,9367,"28,990%"
3271,3467,"28,932%"
9643,5009,"28,873%"
8386,3727,"28,860%"
4283,7425,"28,795%"
8751,9305,"28,795%"
2186,1885,"28,730%"
2945,3023,"28,665%"
2914,6662,"28,600%"
4128,8011,"28,600%"
4336,3827,"28,600%"
4758,10080,"28,600%"
4770,4488,"28,600%"
8134,9490,"28,600%"
9950,4124,"28,600%"
7656,3877,"28,542%"
9015,2709,"28,535%"
9679,9674,"28,516%"
4790,10080,"28,470%"
8809,9246,"28,470%"
922,9221,"28,405%"
879,6411,"28,340%"
919,8747,"28,210%"
9468,9470,"28,145%"
2864,10080,"28,113%"
2687,7310,"28,106%"
55,3778,"27,950%"
68,4169,"27,950%"
80,7197,"27,950%"
632,725,"27,950%"
951,8334,"27,950%"
1332,1921,"27,950%"
2448,4301,"27,950%"
2649,7234,"27,950%"
3011,7947,"27,950%"
4503,4237,"27,950%"
4686,3399,"27,950%"
9835,9816,"27,950%"
1706,8569,"27,905%"
1791,2174,"27,885%"
9120,9109,"27,885%"
2687,11,"27,866%"
1790,2294,"27,820%"
1790,1819,"27,820%"
9050,4386,"27,820%"
1383,1492,"27,749%"
2589,6922,"27,690%"
1661,1493,"27,684%"
1933,1896,"27,684%"
637,718,"27,664%"
9911,2913,"27,658%"
8855,8936,"27,625%"
8644,8720,"27,606%"
8492,8502,"27,495%"
9986,5056,"27,463%"
3339,10080,"27,430%"
8434,5959,"27,430%"
9027,6496,"27,430%"
9986,5839,"27,411%"
3898,5112,"27,365%"
8737,8716,"27,365%"
8782,9108,"27,365%"
8945,8221,"27,365%"
69,4373,"27,300%"
2452,4488,"27,300%"
2479,3193,"27,300%"
2973,4124,"27,300%"
3123,3995,"27,300%"
3399,3134,"27,300%"
3689,7197,"27,300%"
3865,10080,"27,300%"
4684,4237,"27,300%"
8710,8716,"27,235%"
9013,8756,"27,235%"
4328,6863,"27,177%"
1374,1892,"27,112%"
8418,2967,"27,112%"
4771,4771,"27,105%"
8143,9481,"27,105%"
9350,8481,"27,105%"
8771,5966,"27,040%"
1278,1484,"27,008%"
91,3737,"27,000%"
1000,9150,"27,000%"
2422,4139,"27,000%"
2673,3574,"27,000%"
2763,4219,"27,000%"
2780,10080,"27,000%"
2859,2869,"27,000%"
2890,3468,"27,000%"
3149,10080,"27,000%"
3167,4406,"27,000%"
3241,10043,"26,978%"
2791,10080,"26,975%"
3424,4386,"26,975%"
9011,3727,"26,975%"
1965,1885,"26,933%"
819,9308,"26,925%"
898,9307,"26,925%"
1036,9174,"26,925%"
1596,1776,"26,925%"
4677,7303,"26,925%"
8889,457,"26,925%"
9461,8528,"26,925%"
9539,5971,"26,925%"
935,5971,"26,910%"
4281,4169,"26,910%"
4284,4169,"26,910%"
9672,7796,"26,895%"
2108,6452,"26,884%"
9459,8528,"26,880%"
588,9876,"26,858%"
8773,5966,"26,850%"
9446,8646,"26,850%"
4741,3922,"26,845%"
9740,9739,"26,800%"
2236,7900,"26,793%"
2585,4488,"26,780%"
7689,1909,"26,723%"
3588,3129,"26,700%"
8957,3141,"26,700%"
9074,8603,"26,700%"
931,3918,"26,650%"
3939,479,"26,650%"
4120,3555,"26,650%"
8211,8523,"26,625%"
1443,2126,"26,611%"
1458,8200,"26,605%"
1285,1931,"26,598%"
4486,3481,"26,585%"
3218,8581,"26,566%"
8991,9415,"26,550%"
1240,6068,"26,543%"
2679,5553,"26,528%"
1405,4820,"26,527%"
897,9098,"26,520%"
2845,10080,"26,520%"
1199,6288,"26,468%"
3084,4313,"26,455%"
3908,5112,"26,455%"
977,9050,"26,400%"
2676,3143,"26,400%"
4122,6458,"26,400%"
964,6993,"26,390%"
857,9371,"26,325%"
9727,3541,"26,280%"
50,4403,"26,250%"
2669,1921,"26,250%"
2882,3541,"26,250%"
3200,10080,"26,250%"
3293,3801,"26,250%"
3490,6627,"26,250%"
3679,4130,"26,250%"
3820,5112,"26,250%"
4182,4237,"26,250%"
4758,10080,"26,250%"
9157,9108,"26,195%"
8382,2967,"26,175%"
3000,2967,"26,163%"
3418,8129,"26,130%"
1975,2279,"26,111%"
2250,1921,"26,093%"
791,5160,"26,065%"
1918,2295,"26,063%"
9827,7897,"26,033%"
8102,9415,"26,010%"
576,6088,"26,000%"
2461,4834,"26,000%"
2737,3973,"26,000%"
2796,3468,"26,000%"
3021,3567,"26,000%"
3031,4045,"26,000%"
3311,9691,"26,000%"
3870,5623,"26,000%"
4653,3538,"26,000%"
40,4488,"25,950%"
833,9470,"25,950%"
1497,6904,"25,950%"
2217,1766,"25,935%"
2265,5858,"25,916%"
1053,9363,"25,875%"
3634,2959,"25,875%"
2278,1766,"25,870%"
9016,9108,"25,870%"
1367,1973,"25,823%"
887,9336,"25,805%"
8704,9305,"25,805%"
9018,9274,"25,800%"
2238,7961,"25,753%"
883,5971,"25,740%"
8788,9108,"25,740%"
1937,1908,"25,725%"
2605,10080,"25,725%"
9316,8717,"25,725%"
2589,6660,"25,721%"
1475,2126,"25,658%"
1233,1908,"25,635%"
1458,6622,"25,635%"
2077,1908,"25,635%"
9702,7412,"25,617%"
858,4864,"25,610%"
7745,9889,"25,583%"
9442,9441,"25,575%"
1530,2174,"25,545%"
1050,9566,"25,500%"
2455,3979,"25,500%"
2506,4124,"25,500%"
2717,7959,"25,500%"
2898,4350,"25,500%"
3004,4188,"25,500%"
3292,4463,"25,500%"
3292,4350,"25,500%"
3353,3387,"25,500%"
4298,3902,"25,500%"
4447,3827,"25,500%"
4651,5758,"25,500%"
4656,6848,"25,500%"
4732,4229,"25,500%"
9127,4386,"25,500%"
9200,8999,"25,500%"
777,9469,"25,493%"
889,3973,"25,480%"
1571,1766,"25,480%"
4199,4513,"25,480%"
9064,9441,"25,480%"
1257,2270,"25,474%"
615,691,"25,455%"
2119,7562,"25,448%"
8404,9470,"25,425%"
9838,9674,"25,396%"
1475,2118,"25,388%"
1198,6125,"25,373%"
963,4583,"25,350%"
1388,2118,"25,350%"
8384,7754,"25,350%"
9080,3023,"25,350%"
9261,7246,"25,350%"
2448,3134,"25,350%"
2664,4488,"25,350%"
4371,3570,"25,350%"
2568,2756,"25,313%"
8280,9308,"25,285%"
9250,9305,"25,285%"
9912,3570,"25,285%"
8654,9367,"25,275%"
9105,6233,"25,275%"
727,9762,"25,215%"
8273,9284,"25,200%"
8371,9371,"25,200%"
8487,9328,"25,200%"
9457,8528,"25,200%"
1519,1568,"25,178%"
2064,2227,"25,163%"
8244,9293,"25,155%"
8219,2756,"25,125%"
10068,4927,"25,103%"
8091,8746,"25,077%"
1237,2053,"25,050%"
8131,9489,"25,050%"
2099,6652,"25,038%"
8372,2709,"25,025%"
8584,8261,"25,025%"
1207,5300,"25,006%"
1273,6566,"25,005%"
2716,5112,"24,975%"
3434,9291,"24,975%"
8086,5109,"24,975%"
9164,9308,"24,975%"
7654,3653,"24,960%"
8150,9469,"24,960%"
506,2709,"24,960%"
59,2967,"24,900%"
8658,4566,"24,900%"
1956,1766,"24,850%"
9768,9688,"24,843%"
1580,2133,"24,830%"
7906,4302,"24,817%"
698,7163,"24,791%"
851,8419,"24,773%"
3673,6397,"24,765%"
8402,2709,"24,765%"
2640,4430,"24,750%"
2707,4045,"24,750%"
2713,3486,"24,750%"
3026,4567,"24,750%"
3191,3468,"24,750%"
3490,5451,"24,750%"
3531,4513,"24,750%"
3785,4169,"24,750%"
4041,3902,"24,750%"
4249,3605,"24,750%"
4778,167,"24,750%"
8420,3727,"24,750%"
782,4386,"24,700%"
2649,6544,"24,700%"
2668,4045,"24,700%"
3490,6396,"24,700%"
3786,2343,"24,700%"
4174,10080,"24,700%"
4494,4917,"24,700%"
4510,4237,"24,700%"
9887,7168,"24,700%"
8529,8523,"24,675%"
1692,5850,"24,642%"
1472,2174,"24,615%"
1183,1322,"24,608%"
1653,2140,"24,603%"
543,5971,"24,600%"
3293,4476,"24,600%"
8347,5971,"24,600%"
8412,1035,"24,600%"
1055,4574,"24,570%"
3431,7302,"24,570%"
9878,7418,"24,563%"
2190,1980,"24,533%"
8955,4939,"24,525%"
8446,2709,"24,505%"
2202,1989,"24,443%"
8741,4386,"24,440%"
2738,3105,"24,388%"
885,478,"24,375%"
2736,3995,"24,375%"
1494,4202,"24,315%"
2927,4080,"24,308%"
9847,9878,"24,308%"
9877,9686,"24,293%"
3293,7335,"24,245%"
9132,4386,"24,245%"
1049,9566,"24,225%"
2189,2023,"24,210%"
9134,9108,"24,180%"
1046,9440,"24,150%"
2075,1921,"24,122%"
7781,9720,"24,122%"
3673,9743,"24,115%"
8224,3727,"24,115%"
9251,9278,"24,115%"
1441,1968,"24,096%"
965,4574,"24,075%"
4282,4513,"24,075%"
2744,7456,"24,050%"
2777,10114,"24,050%"
3665,4086,"24,050%"
4266,4237,"24,050%"
4658,6778,"24,050%"
8140,9480,"24,050%"
9429,8679,"24,050%"
610,4139,"24,015%"
7674,7595,"24,011%"
71,3741,"24,000%"
2418,3344,"24,000%"
2472,3570,"24,000%"
2609,2766,"24,000%"
2630,6781,"24,000%"
2707,3468,"24,000%"
2764,3008,"24,000%"
2957,7432,"24,000%"
3014,1921,"24,000%"
3066,10080,"24,000%"
3082,3541,"24,000%"
3226,2709,"24,000%"
3404,2967,"24,000%"
3404,2709,"24,000%"
4129,2709,"24,000%"
4160,7419,"24,000%"
583,4406,"23,998%"
8669,7581,"23,985%"
1016,8984,"23,925%"
1050,9470,"23,925%"
2544,4569,"23,920%"
8458,8817,"23,920%"
9190,1042,"23,855%"
8672,9480,"23,850%"
9041,8646,"23,850%"
1677,6146,"23,835%"
1443,2118,"23,828%"
1394,7576,"23,805%"
8709,8720,"23,790%"
2760,9816,"23,725%"
4323,7680,"23,725%"
9156,4386,"23,725%"
872,8692,"23,700%"
9139,8792,"23,700%"
9744,9433,"23,670%"
3411,9469,"23,660%"
1300,7226,"23,654%"
2978,7947,"23,634%"
1018,8646,"23,625%"
1045,8233,"23,595%"
4033,3724,"23,595%"
1249,1908,"23,582%"
8766,8237,"23,550%"
829,2174,"23,530%"
8389,8368,"23,530%"
2208,1908,"23,490%"
2652,4080,"23,475%"
8158,8973,"23,475%"
2006,1766,"23,438%"
7693,3653,"23,415%"
9671,2709,"23,400%"
4014,2967,"23,400%"
4048,8082,"23,400%"
4091,4350,"23,400%"
8724,9285,"23,400%"
8960,8900,"23,400%"
3414,4984,"23,393%"
7676,5898,"23,363%"
4247,4305,"23,340%"
8328,8716,"23,325%"
8793,4386,"23,325%"
4231,5112,"23,288%"
61,4412,"23,250%"
69,4488,"23,250%"
2421,3134,"23,250%"
2506,4406,"23,250%"
2547,7599,"23,250%"
2748,3468,"23,250%"
2832,7324,"23,250%"
2889,7928,"23,250%"
2913,4045,"23,250%"
3002,4188,"23,250%"
3032,4350,"23,250%"
3101,8619,"23,250%"
3371,3859,"23,250%"
3581,7006,"23,250%"
3592,7813,"23,250%"
3861,3605,"23,250%"
4065,2924,"23,250%"
4069,10080,"23,250%"
4091,4350,"23,250%"
4274,10080,"23,250%"
4288,4237,"23,250%"
4322,3825,"23,250%"
4686,2967,"23,250%"
9893,7168,"23,250%"
3909,4513,"23,243%"
1633,4961,"23,175%"
2752,3931,"23,175%"
3496,10080,"23,175%"
2198,7238,"23,153%"
1657,1995,"23,130%"
950,9085,"23,100%"
963,7211,"23,025%"
3412,9284,"23,025%"
3422,9277,"22,950%"
8583,605,"22,950%"
8701,7326,"22,950%"
8843,4386,"22,950%"
1658,1658,"22,890%"
9145,3918,"22,860%"
901,8246,"22,823%"
8380,9566,"22,800%"
9744,7184,"22,733%"
2682,3829,"22,725%"
3427,5971,"22,725%"
8280,9284,"22,725%"
2149,2026,"22,673%"
8798,2756,"22,665%"
853,2967,"22,575%"
1047,9516,"22,575%"
4281,4401,"22,575%"
4284,4334,"22,575%"
10068,6846,"22,568%"
896,3727,"22,500%"
902,2177,"22,500%"
2418,2884,"22,500%"
2559,5248,"22,500%"
2684,4088,"22,500%"
2748,4045,"22,500%"
2948,4305,"22,500%"
3069,3653,"22,500%"
3167,9669,"22,500%"
3240,4080,"22,500%"
3284,1776,"22,500%"
3468,3380,"22,500%"
3484,10080,"22,500%"
3702,4488,"22,500%"
3714,10080,"22,500%"
3994,3776,"22,500%"
4007,3468,"22,500%"
4019,10080,"22,500%"
4294,4488,"22,500%"
4628,5862,"22,500%"
7686,4006,"22,500%"
8372,4882,"22,500%"
8533,8528,"22,500%"
8968,9257,"22,500%"
1686,6479,"22,448%"
859,9523,"22,425%"
8382,8220,"22,425%"
8650,9367,"22,425%"
9067,8973,"22,425%"
9282,942,"22,425%"
9463,9471,"22,425%"
1225,5989,"22,410%"
7832,7878,"22,395%"
1647,4202,"22,388%"
598,9701,"22,380%"
2730,2742,"22,350%"
9043,9274,"22,350%"
9536,9364,"22,350%"
1372,2118,"22,328%"
82,7058,"22,275%"
8675,9546,"22,275%"
9509,5971,"22,275%"
2277,3866,"22,253%"
1580,2174,"22,238%"
992,5381,"22,200%"
9564,9358,"22,200%"
42,4097,"22,178%"
9844,9735,"22,170%"
1972,2282,"22,133%"
4524,4530,"22,133%"
8231,8261,"22,125%"
8463,5650,"22,125%"
1536,2174,"22,118%"
1927,1874,"22,080%"
2059,2036,"22,080%"
8109,9421,"22,050%"
1206,1907,"22,028%"
1241,2053,"22,028%"
4343,3499,"21,975%"
8247,5004,"21,975%"
8293,8545,"21,975%"
8849,9143,"21,975%"
9886,5639,"21,953%"
9626,3466,"21,930%"
797,6604,"21,900%"
3479,4430,"21,900%"
3091,5112,"21,825%"
8458,8174,"21,825%"
8744,9308,"21,825%"
8801,8998,"21,825%"
9458,8528,"21,825%"
7732,2343,"21,818%"
2203,1935,"21,750%"
2451,2367,"21,750%"
2491,4823,"21,750%"
2542,3950,"21,750%"
2685,3949,"21,750%"
2789,2967,"21,750%"
2827,4080,"21,750%"
2863,5095,"21,750%"
2900,7708,"21,750%"
3103,7563,"21,750%"
3129,4268,"21,750%"
3155,3567,"21,750%"
3191,3627,"21,750%"
3498,4021,"21,750%"
3684,10080,"21,750%"
3715,4169,"21,750%"
3747,4237,"21,750%"
3773,4376,"21,750%"
4274,10080,"21,750%"
8190,9284,"21,750%"
9723,9709,"21,750%"
2813,4488,"21,675%"
8187,8334,"21,675%"
8252,9100,"21,675%"
8624,9505,"21,675%"
9534,5971,"21,675%"
1631,1828,"21,615%"
4122,7703,"21,600%"
8311,9408,"21,600%"
8725,9284,"21,600%"
4647,2709,"21,585%"
557,9620,"21,570%"
2189,2170,"21,540%"
936,9050,"21,525%"
8799,8817,"21,525%"
9091,4386,"21,525%"
9621,4386,"21,465%"
759,5235,"21,450%"
3624,10080,"21,450%"
8491,9293,"21,450%"
8726,9541,"21,450%"
1379,1939,"21,390%"
9746,9743,"21,315%"
9886,5197,"21,315%"
8160,9469,"21,300%"
8635,8528,"21,300%"
8720,8720,"21,300%"
1236,1623,"21,263%"
9427,8679,"21,233%"
542,8209,"21,225%"
3302,3468,"21,225%"
8330,9136,"21,225%"
8355,9138,"21,225%"
8435,8936,"21,225%"
9236,9285,"21,225%"
4647,9516,"21,188%"
1231,1989,"21,180%"
2717,10108,"21,150%"
4457,4061,"21,150%"
7654,3655,"21,150%"
8683,8684,"21,150%"
8954,9050,"21,075%"
9514,6018,"21,075%"
9547,9171,"21,075%"
73,3134,"21,000%"
2023,1908,"21,000%"
2472,4021,"21,000%"
2501,10080,"21,000%"
2517,10080,"21,000%"
2554,4811,"21,000%"
2735,3468,"21,000%"
2966,3721,"21,000%"
3021,10080,"21,000%"
3031,3627,"21,000%"
3092,1921,"21,000%"
3191,4045,"21,000%"
3240,3862,"21,000%"
3242,2720,"21,000%"
3272,3754,"21,000%"
3720,2005,"21,000%"
3751,4081,"21,000%"
3775,6662,"21,000%"
3939,3570,"21,000%"
4048,6848,"21,000%"
4096,2766,"21,000%"
4136,8999,"21,000%"
4232,3607,"21,000%"
4270,3791,"21,000%"
4664,6599,"21,000%"
4732,4850,"21,000%"
7667,7268,"21,000%"
8407,7477,"21,000%"
8446,8368,"21,000%"
9738,9741,"21,000%"
134,7403,"20,955%"
9456,8528,"20,925%"
2132,2233,"20,865%"
986,8999,"20,850%"
8414,8636,"20,850%"
9329,8339,"20,850%"
1223,1908,"20,835%"
1562,4126,"20,828%"
814,9284,"20,775%"
853,2709,"20,775%"
3045,4488,"20,775%"
969,1921,"20,700%"
2439,10080,"20,700%"
2961,2967,"20,700%"
3375,7368,"20,700%"
3426,9126,"20,700%"
7652,464,"20,700%"
4328,6864,"20,655%"
915,2742,"20,625%"
8488,8692,"20,625%"
829,2133,"20,550%"
8119,5971,"20,550%"
8920,9098,"20,550%"
4575,6744,"20,528%"
1256,2258,"20,513%"
7727,3862,"20,475%"
8359,5748,"20,475%"
8785,4386,"20,475%"
8947,3918,"20,475%"
1642,2215,"20,400%"
4486,3607,"20,400%"
9417,9417,"20,400%"
860,8260,"20,378%"
915,4406,"20,325%"
3784,3023,"20,325%"
8901,9085,"20,325%"
8999,2709,"20,325%"
9055,8309,"20,325%"
760,9308,"20,250%"
2474,8418,"20,250%"
2511,3771,"20,250%"
2512,3862,"20,250%"
2547,7214,"20,250%"
2668,3468,"20,250%"
2712,10080,"20,250%"
2753,3448,"20,250%"
2780,10080,"20,250%"
2782,9674,"20,250%"
2890,3627,"20,250%"
3021,7947,"20,250%"
3103,3503,"20,250%"
3570,10080,"20,250%"
3627,3712,"20,250%"
3638,4350,"20,250%"
3786,4392,"20,250%"
3809,3525,"20,250%"
4144,10080,"20,250%"
4187,4488,"20,250%"
4322,3825,"20,250%"
4400,3580,"20,250%"
4740,4420,"20,250%"
4763,3989,"20,250%"
2453,2895,"20,175%"
2875,3944,"20,175%"
3440,8528,"20,175%"
3697,3895,"20,175%"
8203,8334,"20,175%"
8331,5755,"20,175%"
8964,9482,"20,175%"
9114,9108,"20,175%"
9504,8221,"20,175%"
1290,4202,"20,130%"
8628,9516,"20,100%"
8810,5755,"20,100%"
9214,1921,"20,100%"
1991,1908,"20,070%"
1631,1980,"20,033%"
1028,7387,"20,025%"
8179,5971,"20,025%"
9462,8528,"20,025%"
1442,7355,"20,003%"
1641,2240,"19,965%"
1528,6016,"19,950%"
3430,9481,"19,950%"
8139,9488,"19,950%"
8351,4406,"19,950%"
9122,3877,"19,950%"
1233,1766,"19,928%"
858,9352,"19,875%"
8744,9316,"19,875%"
9661,7572,"19,815%"
3348,2742,"19,800%"
8862,9331,"19,800%"
9579,5114,"19,785%"
1635,3877,"19,763%"
1272,3106,"19,733%"
8245,8262,"19,725%"
8643,3727,"19,725%"
10048,4488,"19,718%"
1945,1990,"19,673%"
1047,5951,"19,650%"
8703,8716,"19,650%"
9153,8310,"19,650%"
9982,4237,"19,650%"
9787,577,"19,643%"
1238,1255,"19,590%"
4713,4488,"19,575%"
8579,8495,"19,575%"
1545,1636,"19,553%"
1904,1759,"19,523%"
1473,2118,"19,515%"
1800,1934,"19,508%"
946,5932,"19,500%"
2573,4045,"19,500%"
2647,3815,"19,500%"
2655,5399,"19,500%"
2668,3627,"19,500%"
2870,2843,"19,500%"
2948,4103,"19,500%"
3032,4463,"19,500%"
3042,10080,"19,500%"
3106,4488,"19,500%"
3129,4021,"19,500%"
3379,3571,"19,500%"
3669,4488,"19,500%"
3692,3827,"19,500%"
3720,5208,"19,500%"
3773,3607,"19,500%"
3861,3863,"19,500%"
3933,6296,"19,500%"
3988,3023,"19,500%"
3994,4178,"19,500%"
4066,3607,"19,500%"
4147,3109,"19,500%"
4160,6302,"19,500%"
4174,4044,"19,500%"
4362,10080,"19,500%"
4391,4237,"19,500%"
4430,10080,"19,500%"
4623,6927,"19,500%"
4684,3192,"19,500%"
8147,9469,"19,500%"
8238,3995,"19,500%"
9266,9305,"19,500%"
9501,8082,"19,500%"
9619,9146,"19,500%"
9901,7331,"19,500%"
9740,9766,"19,455%"
8272,8266,"19,425%"
8460,8368,"19,425%"
8515,8349,"19,425%"
8982,9223,"19,425%"
8275,9293,"19,395%"
1395,1462,"19,365%"
1729,1921,"19,350%"
8231,841,"19,350%"
634,607,"19,320%"
1414,5783,"19,305%"
4524,3605,"19,298%"
8787,3918,"19,290%"
1028,7303,"19,275%"
3260,4350,"19,275%"
8880,6450,"19,275%"
9204,8629,"19,275%"
9661,9666,"19,245%"
651,4406,"19,230%"
2023,1766,"19,200%"
7693,3655,"19,200%"
1356,2093,"19,170%"
4441,4206,"19,155%"
1358,1413,"19,140%"
1447,2053,"19,133%"
8979,9100,"19,133%"
3467,4045,"19,125%"
8329,9358,"19,125%"
8695,2133,"19,125%"
8976,9469,"19,125%"
9034,1921,"19,125%"
1520,7095,"19,103%"
2277,3981,"19,065%"
3736,3134,"19,050%"
4040,7243,"19,050%"
4344,4509,"19,050%"
8290,9308,"19,050%"
8387,2709,"19,050%"
8930,9124,"19,050%"
1888,1759,"19,020%"
1512,3922,"19,005%"
1693,6232,"19,005%"
9793,9805,"19,005%"
1028,9196,"18,975%"
3417,8630,"18,975%"
8085,9106,"18,975%"
8743,8729,"18,975%"
8988,5963,"18,975%"
9151,4386,"18,975%"
1604,2023,"18,930%"
972,944,"18,900%"
4739,4213,"18,900%"
9192,9085,"18,900%"
1872,1856,"18,833%"
9123,3918,"18,825%"
2141,2264,"18,788%"
9748,7709,"18,773%"
591,2967,"18,765%"
690,666,"18,765%"
9665,7655,"18,765%"
61,3825,"18,750%"
68,4288,"18,750%"
550,3829,"18,750%"
859,8587,"18,750%"
993,8973,"18,750%"
2416,3631,"18,750%"
2509,3923,"18,750%"
2618,3607,"18,750%"
2702,3788,"18,750%"
2726,3317,"18,750%"
2884,4570,"18,750%"
2889,9747,"18,750%"
2960,4178,"18,750%"
2963,4178,"18,750%"
3005,2709,"18,750%"
3056,4264,"18,750%"
3176,3889,"18,750%"
3305,4049,"18,750%"
3367,6641,"18,750%"
3376,4812,"18,750%"
3695,4237,"18,750%"
3991,2709,"18,750%"
4393,3827,"18,750%"
7744,6988,"18,750%"
9103,9305,"18,750%"
9614,3886,"18,750%"
9792,6957,"18,750%"
3430,5195,"18,705%"
1329,518,"18,698%"
4790,3073,"18,675%"
8961,9050,"18,675%"
1382,1858,"18,645%"
2939,10080,"18,645%"
9800,9682,"18,645%"
8770,8096,"18,630%"
9705,9705,"18,615%"
4677,4488,"18,600%"
8182,9111,"18,600%"
9513,7279,"18,600%"
583,6572,"18,593%"
9860,8935,"18,578%"
1721,1678,"18,540%"
7769,7090,"18,540%"
968,9782,"18,525%"
1477,1921,"18,525%"
3271,8544,"18,525%"
8387,2967,"18,525%"
8980,4574,"18,525%"
9504,8528,"18,525%"
1944,2199,"18,480%"
1446,1776,"18,473%"
824,8523,"18,450%"
2857,4093,"18,450%"
760,8274,"18,375%"
923,8646,"18,375%"
2912,3555,"18,375%"
8393,9388,"18,375%"
8565,8261,"18,375%"
8834,9475,"18,375%"
8897,8748,"18,375%"
9206,4386,"18,375%"
587,3550,"18,368%"
1613,3203,"18,345%"
3272,3281,"18,315%"
834,9392,"18,300%"
1470,2202,"18,300%"
8566,9177,"18,300%"
9350,9296,"18,300%"
9454,8698,"18,300%"
7645,3655,"18,278%"
1675,7384,"18,263%"
1920,4202,"18,263%"
10016,6556,"18,255%"
8123,6762,"18,225%"
8346,9315,"18,225%"
8752,8716,"18,225%"
9129,9109,"18,225%"
1330,1921,"18,218%"
9520,7277,"18,188%"
2760,9853,"18,150%"
3744,3743,"18,150%"
8538,8192,"18,128%"
60,5469,"18,120%"
1993,1871,"18,113%"
1193,2068,"18,098%"
902,6317,"18,075%"
3717,5112,"18,075%"
3820,3898,"18,075%"
8290,9173,"18,075%"
8699,8130,"18,075%"
2202,5311,"18,068%"
4742,6757,"18,060%"
65,3878,"18,000%"
2507,7948,"18,000%"
2695,3930,"18,000%"
2744,3555,"18,000%"
2797,5112,"18,000%"
2809,6643,"18,000%"
2839,3602,"18,000%"
2889,411,"18,000%"
2890,4045,"18,000%"
2959,4045,"18,000%"
3050,4488,"18,000%"
3065,5441,"18,000%"
3086,4017,"18,000%"
3167,1776,"18,000%"
3221,9691,"18,000%"
3252,4518,"18,000%"
3374,10080,"18,000%"
3473,10080,"18,000%"
3486,4045,"18,000%"
3515,4350,"18,000%"
3648,4488,"18,000%"
3765,421,"18,000%"
3803,4488,"18,000%"
3824,5597,"18,000%"
3967,2709,"18,000%"
4042,3877,"18,000%"
4075,3827,"18,000%"
4088,4585,"18,000%"
4121,2005,"18,000%"
4147,6096,"18,000%"
4336,3877,"18,000%"
4393,3829,"18,000%"
4418,10080,"18,000%"
4427,4426,"18,000%"
4751,3352,"18,000%"
7768,7289,"18,000%"
8898,8679,"18,000%"
9049,9110,"18,000%"
9330,9364,"18,000%"
3085,2881,"17,993%"
540,9550,"17,925%"
795,8935,"17,925%"
8290,9550,"17,925%"
1756,1866,"17,910%"
134,4583,"17,865%"
703,8822,"17,858%"
3436,9136,"17,850%"
8327,5971,"17,850%"
9042,1921,"17,850%"
9124,2709,"17,850%"
8820,1876,"17,835%"
4397,4488,"17,775%"
8240,8235,"17,775%"
8531,9290,"17,775%"
8812,4386,"17,775%"
8856,8792,"17,775%"
9473,9470,"17,775%"
1605,1465,"17,768%"
2129,1766,"17,760%"
727,6769,"17,753%"
4647,2835,"17,753%"
9802,9674,"17,730%"
618,2913,"17,700%"
987,1065,"17,700%"
3592,10110,"17,625%"
3592,3948,"17,625%"
8874,1921,"17,625%"
9247,9284,"17,625%"
1248,1956,"17,558%"
8635,8221,"17,550%"
8899,9289,"17,550%"
9133,3918,"17,528%"
960,6276,"17,483%"
924,9305,"17,475%"
2193,2068,"17,475%"
2857,9910,"17,475%"
3012,6096,"17,475%"
3012,3141,"17,475%"
3012,1776,"17,475%"
8460,2967,"17,475%"
7693,3647,"17,468%"
2298,2032,"17,408%"
3192,5233,"17,400%"
1436,1813,"17,378%"
3394,4463,"17,325%"
3479,4982,"17,325%"
4320,3326,"17,325%"
8875,8876,"17,325%"
9266,8125,"17,325%"
2132,1384,"17,303%"
2300,2005,"17,303%"
51,4124,"17,250%"
630,8468,"17,250%"
893,9266,"17,250%"
1027,9545,"17,250%"
2424,10080,"17,250%"
2452,7303,"17,250%"
2466,4784,"17,250%"
2495,4241,"17,250%"
2555,7303,"17,250%"
2566,4303,"17,250%"
2663,4584,"17,250%"
2697,5112,"17,250%"
2707,3627,"17,250%"
2910,4238,"17,250%"
2911,3937,"17,250%"
2913,3468,"17,250%"
3005,5822,"17,250%"
3034,10080,"17,250%"
3323,3969,"17,250%"
3330,3190,"17,250%"
3330,2928,"17,250%"
3644,6911,"17,250%"
3814,3685,"17,250%"
4160,3202,"17,250%"
4196,5145,"17,250%"
4214,4237,"17,250%"
4240,3525,"17,250%"
8572,9177,"17,250%"
10019,9904,"17,183%"
2736,5565,"17,175%"
8977,9289,"17,175%"
1540,2079,"17,160%"
4288,4109,"17,115%"
64,3818,"17,100%"
794,9470,"17,100%"
881,8615,"17,100%"
956,9098,"17,100%"
3375,10080,"17,100%"
4620,733,"17,100%"
8120,5971,"17,100%"
8197,9195,"17,100%"
4647,7457,"17,055%"
861,8698,"17,025%"
867,8539,"17,025%"
2518,7588,"17,025%"
4439,5112,"17,025%"
8665,9367,"17,025%"
8858,7187,"17,025%"
8907,8908,"17,025%"
9216,5153,"17,025%"
1982,1908,"17,018%"
2473,4139,"16,950%"
8573,8569,"16,950%"
8814,8352,"16,950%"
2755,4025,"16,875%"
2755,3902,"16,875%"
3914,4354,"16,875%"
4011,3827,"16,875%"
4077,6692,"16,875%"
8173,9305,"16,875%"
8363,9505,"16,875%"
9213,7947,"16,875%"
1848,4237,"16,868%"
7705,7263,"16,830%"
2079,2023,"16,823%"
3752,3525,"16,800%"
3774,4350,"16,800%"
8202,9284,"16,800%"
8264,9173,"16,800%"
8433,6984,"16,800%"
8572,9567,"16,800%"
8955,1864,"16,800%"
2170,7674,"16,785%"
2092,2160,"16,748%"
1607,4934,"16,733%"
2973,3555,"16,725%"
8276,9173,"16,725%"
8572,8261,"16,725%"
8730,8717,"16,725%"
9173,8246,"16,725%"
1256,5552,"16,718%"
2504,7217,"16,710%"
1864,2174,"16,695%"
9856,3344,"16,688%"
1262,6837,"16,680%"
2000,2174,"16,673%"
8447,2709,"16,658%"
1004,9356,"16,650%"
1920,2142,"16,650%"
4168,2161,"16,650%"
8073,9469,"16,650%"
8565,9177,"16,650%"
2112,1274,"16,620%"
1354,1267,"16,590%"
4524,4513,"16,583%"
3218,4567,"16,575%"
3657,4350,"16,575%"
8240,8237,"16,575%"
9768,9853,"16,575%"
1207,5299,"16,553%"
1704,8464,"16,545%"
1676,3877,"16,538%"
1734,7393,"16,508%"
29,7027,"16,500%"
54,3268,"16,500%"
85,4440,"16,500%"
2462,4031,"16,500%"
2531,5789,"16,500%"
2542,254,"16,500%"
2609,2869,"16,500%"
2738,8544,"16,500%"
2741,3468,"16,500%"
2777,10080,"16,500%"
2966,2708,"16,500%"
2989,9805,"16,500%"
3042,3310,"16,500%"
3065,6059,"16,500%"
3066,2967,"16,500%"
3101,7197,"16,500%"
3167,7787,"16,500%"
3195,5923,"16,500%"
3231,4133,"16,500%"
3275,4273,"16,500%"
3323,4011,"16,500%"
3490,5264,"16,500%"
3602,4045,"16,500%"
3629,3705,"16,500%"
3638,3326,"16,500%"
3775,3964,"16,500%"
4091,3818,"16,500%"
4120,3950,"16,500%"
4223,4169,"16,500%"
4266,4219,"16,500%"
4308,10080,"16,500%"
4427,4426,"16,500%"
4644,5537,"16,500%"
4644,3713,"16,500%"
4740,3721,"16,500%"
8433,6271,"16,500%"
8645,9395,"16,500%"
9452,4386,"16,500%"
9738,7171,"16,500%"
8770,5971,"16,485%"
2265,3877,"16,433%"
767,6983,"16,425%"
4285,3685,"16,425%"
4599,10080,"16,425%"
8891,8082,"16,425%"
9839,9693,"16,410%"
3838,4305,"16,403%"
1883,4488,"16,388%"
1039,4914,"16,365%"
801,5535,"16,350%"
816,6108,"16,350%"
2621,4373,"16,350%"
8077,8720,"16,350%"
8081,8716,"16,350%"
9471,9566,"16,350%"
844,7584,"16,275%"
891,8262,"16,275%"
3971,10080,"16,275%"
4100,4488,"16,275%"
4255,4061,"16,275%"
9026,5953,"16,275%"
9135,3918,"16,275%"
9200,5010,"16,275%"
3563,4061,"16,253%"
1287,2142,"16,208%"
2776,8998,"16,200%"
8090,5971,"16,200%"
8208,9566,"16,200%"
8378,4301,"16,200%"
8559,9177,"16,200%"
9147,9109,"16,200%"
1279,2015,"16,148%"
819,9284,"16,125%"
878,8528,"16,125%"
973,6263,"16,125%"
2652,7947,"16,125%"
3349,2843,"16,125%"
9478,6514,"16,125%"
1619,1989,"16,118%"
1651,2165,"16,065%"
992,8632,"16,050%"
3375,10080,"16,050%"
8209,8716,"16,050%"
8868,1071,"16,050%"
1270,6237,"16,043%"
1981,1973,"16,005%"
7649,7680,"16,005%"
3640,9293,"15,990%"
970,9069,"15,975%"
1642,6663,"15,975%"
3709,4350,"15,975%"
8231,9367,"15,975%"
8760,8756,"15,975%"
8971,9469,"15,975%"
9010,9077,"15,975%"
9282,5251,"15,975%"
4514,2567,"15,968%"
42,7674,"15,960%"
1618,7547,"15,915%"
9746,5519,"15,915%"
939,5960,"15,900%"
9447,8325,"15,900%"
1991,2208,"15,833%"
3716,7857,"15,825%"
1693,6063,"15,810%"
1624,5390,"15,795%"
2135,4046,"15,773%"
975,8936,"15,750%"
2502,6561,"15,750%"
2509,3506,"15,750%"
2750,4045,"15,750%"
2766,2843,"15,750%"
2863,2005,"15,750%"
2913,3627,"15,750%"
2974,3754,"15,750%"
3065,7597,"15,750%"
3101,3710,"15,750%"
3155,470,"15,750%"
3159,3541,"15,750%"
3209,3555,"15,750%"
3227,9790,"15,750%"
3269,1921,"15,750%"
3315,3562,"15,750%"
3341,3878,"15,750%"
3355,3298,"15,750%"
3376,4045,"15,750%"
3404,2933,"15,750%"
3505,10112,"15,750%"
3549,4237,"15,750%"
3638,4463,"15,750%"
3665,3499,"15,750%"
3824,3541,"15,750%"
3870,3541,"15,750%"
3890,5093,"15,750%"
3945,3524,"15,750%"
3980,4488,"15,750%"
4075,3877,"15,750%"
4110,3772,"15,750%"
4128,3657,"15,750%"
4274,10080,"15,750%"
4322,7633,"15,750%"
4383,4109,"15,750%"
4511,3804,"15,750%"
4644,4237,"15,750%"
4684,4098,"15,750%"
4704,2858,"15,750%"
4727,4346,"15,750%"
8751,9372,"15,750%"
8868,4817,"15,750%"
9110,4386,"15,750%"
9806,3862,"15,750%"
10058,395,"15,750%"
10011,2343,"15,713%"
794,3727,"15,675%"
920,7581,"15,675%"
1715,1525,"15,675%"
3871,4488,"15,675%"
7654,3647,"15,675%"
8385,9415,"15,675%"
8480,3023,"15,675%"
2236,10128,"15,653%"
924,9308,"15,600%"
2958,4038,"15,600%"
8083,3453,"15,600%"
8412,7273,"15,600%"
8491,388,"15,600%"
8794,4386,"15,600%"
9089,8999,"15,600%"
9249,5323,"15,600%"
9438,8679,"15,600%"
9478,7273,"15,600%"
1223,1766,"15,548%"
801,9284,"15,525%"
3012,5624,"15,525%"
3037,3555,"15,525%"
4377,4488,"15,525%"
8070,9364,"15,525%"
8076,8326,"15,525%"
8406,8225,"15,525%"
8564,9177,"15,525%"
8754,5869,"15,525%"
9912,9914,"15,525%"
960,5828,"15,518%"
9595,9131,"15,503%"
7644,5193,"15,473%"
10076,6750,"15,473%"
2172,2006,"15,465%"
2184,7103,"15,458%"
31,4021,"15,375%"
1051,9470,"15,375%"
2508,10080,"15,375%"
8264,9293,"15,375%"
8268,9284,"15,375%"
8459,6525,"15,375%"
8533,8221,"15,375%"
8611,3944,"15,375%"
8650,6706,"15,375%"
8724,9308,"15,375%"
9494,9480,"15,375%"
1731,1460,"15,368%"
1204,2036,"15,315%"
862,4570,"15,300%"
3587,4488,"15,300%"
8079,8339,"15,300%"
8342,8339,"15,300%"
8489,6279,"15,300%"
8596,9221,"15,300%"
8624,4570,"15,300%"
8773,5452,"15,300%"
9345,8999,"15,300%"
9459,8221,"15,270%"
2730,3092,"15,225%"
4045,3712,"15,225%"
4620,6732,"15,225%"
8132,9469,"15,225%"
8152,8082,"15,225%"
8368,2709,"15,225%"
8380,9469,"15,225%"
8409,9308,"15,225%"
8564,8261,"15,225%"
9886,5258,"15,225%"
9085,9674,"15,218%"
1475,2068,"15,210%"
658,8010,"15,173%"
1240,1617,"15,158%"
786,9285,"15,150%"
889,8559,"15,150%"
3514,10080,"15,150%"
3736,2933,"15,150%"
4176,4488,"15,150%"
8562,9177,"15,150%"
8654,8254,"15,150%"
9011,4124,"15,150%"
9275,8249,"15,150%"
9432,8304,"15,150%"
9451,9434,"15,150%"
1666,2161,"15,143%"
1426,1577,"15,098%"
925,9229,"15,075%"
1020,2179,"15,075%"
4033,4423,"15,075%"
4399,4513,"15,075%"
8553,8261,"15,075%"
8855,5180,"15,075%"
9417,9416,"15,075%"
2185,2068,"15,038%"
8842,8249,"15,030%"
1692,4011,"15,023%"
96,4857,"15,000%"
550,276,"15,000%"
586,9674,"15,000%"
2479,3468,"15,000%"
2499,10080,"15,000%"
2500,3950,"15,000%"
2537,4501,"15,000%"
2573,3627,"15,000%"
2630,3627,"15,000%"
2671,5025,"15,000%"
2696,2331,"15,000%"
2722,6213,"15,000%"
2727,401,"15,000%"
2743,9701,"15,000%"
2748,3627,"15,000%"
2782,2709,"15,000%"
2796,4045,"15,000%"
2827,5524,"15,000%"
2880,4585,"15,000%"
2956,5112,"15,000%"
3005,9833,"15,000%"
3031,3468,"15,000%"
3039,6657,"15,000%"
3059,4488,"15,000%"
3065,6059,"15,000%"
3089,2858,"15,000%"
3093,3541,"15,000%"
3162,3950,"15,000%"
3171,3769,"15,000%"
3195,2890,"15,000%"
3231,9372,"15,000%"
3287,9784,"15,000%"
3314,9345,"15,000%"
3368,9285,"15,000%"
3373,3380,"15,000%"
3375,5221,"15,000%"
3400,3578,"15,000%"
3498,4268,"15,000%"
3560,3829,"15,000%"
3688,4488,"15,000%"
3722,3827,"15,000%"
3765,2343,"15,000%"
3850,3081,"15,000%"
3897,4488,"15,000%"
3933,4488,"15,000%"
3945,5040,"15,000%"
4011,3877,"15,000%"
4064,10080,"15,000%"
4088,10112,"15,000%"
4092,4237,"15,000%"
4151,10080,"15,000%"
4233,3682,"15,000%"
4503,7413,"15,000%"
4510,3651,"15,000%"
4628,3717,"15,000%"
4714,4020,"15,000%"
4762,1921,"15,000%"
8394,8419,"15,000%"
8463,3727,"15,000%"
8584,5513,"15,000%"
8727,8727,"15,000%"
8840,7539,"15,000%"
9997,479,"15,000%"
10056,3408,"15,000%"
4055,3877,"14,993%"
2513,10112,"14,970%"
1724,1668,"14,955%"
894,8607,"14,925%"
3200,5648,"14,925%"
8599,9308,"14,925%"
8649,9367,"14,925%"
8696,9229,"14,925%"
8854,3902,"14,925%"
9172,7440,"14,925%"
9467,3727,"14,925%"
1398,1690,"14,895%"
2682,3877,"14,888%"
3794,4061,"14,865%"
8083,5957,"14,850%"
8452,8935,"14,850%"
8594,7582,"14,850%"
955,9098,"14,775%"
2934,1119,"14,775%"
8184,8559,"14,775%"
8499,4406,"14,775%"
8786,9544,"14,775%"
582,9724,"14,768%"
713,3556,"14,768%"
2781,8545,"12,392%"
1644,7102,"12,329%"
3640,5164,"12,310%"
1830,1308,"12,291%"
544,9492,"12,285%"
844,9136,"12,285%"
2716,7334,"12,285%"
3128,3883,"12,285%"
3128,3182,"12,285%"
4163,3607,"12,285%"
4718,10080,"12,285%"
8083,2370,"12,285%"
8458,8129,"12,285%"
8547,9567,"12,285%"
9046,3827,"12,285%"
717,9075,"12,254%"
1026,7540,"12,247%"
802,5971,"12,222%"
943,3550,"12,222%"
3146,4406,"12,222%"
4620,5766,"12,222%"
8154,8716,"12,222%"
8562,9567,"12,222%"
8614,3944,"12,222%"
9219,1932,"12,222%"
9465,9469,"12,222%"
1692,3969,"12,216%"
2079,3827,"12,216%"
8226,8618,"12,203%"
2079,1908,"12,191%"
3285,3571,"12,178%"
9870,9594,"12,172%"
1020,6711,"12,159%"
2439,5891,"12,159%"
3759,3972,"12,159%"
3846,4488,"12,159%"
8410,4301,"12,159%"
9200,7455,"12,159%"
9275,5461,"12,159%"
2064,2236,"12,153%"
1631,5795,"12,128%"
1433,8647,"12,102%"
919,9541,"12,096%"
3839,3653,"12,096%"
4581,9567,"12,096%"
8379,2174,"12,096%"
9103,9417,"12,096%"
1619,1980,"12,077%"
2781,2369,"12,077%"
3984,3607,"12,077%"
2170,2279,"12,058%"
1666,1333,"12,052%"
775,8099,"12,033%"
792,5350,"12,033%"
911,9050,"12,033%"
4700,8334,"12,033%"
8202,8334,"12,033%"
8558,841,"12,033%"
8891,2366,"12,033%"
8987,9566,"12,033%"
9011,4570,"12,033%"
9127,9108,"12,033%"
9494,9488,"12,033%"
9778,5640,"12,014%"
7639,5821,"12,002%"
568,6019,"11,995%"
10048,7303,"11,983%"
43,7258,"11,970%"
94,219,"11,970%"
586,580,"11,970%"
1001,9546,"11,970%"
2471,6192,"11,970%"
2476,2969,"11,970%"
2511,4120,"11,970%"
2541,4888,"11,970%"
2541,2970,"11,970%"
2590,10080,"11,970%"
2592,2302,"11,970%"
2638,3353,"11,970%"
2664,4005,"11,970%"
2703,6962,"11,970%"
2710,3468,"11,970%"
2712,4071,"11,970%"
2735,4045,"11,970%"
2750,3627,"11,970%"
2750,3468,"11,970%"
2774,4463,"11,970%"
2949,5523,"11,970%"
2957,3525,"11,970%"
2959,3468,"11,970%"
3001,10080,"11,970%"
3065,6059,"11,970%"
3088,4488,"11,970%"
3118,2969,"11,970%"
3140,3827,"11,970%"
3142,3555,"11,970%"
3155,3178,"11,970%"
3159,3555,"11,970%"
3172,5250,"11,970%"
3231,2873,"11,970%"
3291,2858,"11,970%"
3296,4032,"11,970%"
3336,1921,"11,970%"
3350,3902,"11,970%"
3396,9788,"11,970%"
3424,9110,"11,970%"
3498,3570,"11,970%"
3638,4273,"11,970%"
3689,4169,"11,970%"
3728,3570,"11,970%"
3747,4329,"11,970%"
3913,4346,"11,970%"
3913,4333,"11,970%"
3913,3643,"11,970%"
4020,3468,"11,970%"
4110,4168,"11,970%"
4149,4488,"11,970%"
4167,10080,"11,970%"
4236,6848,"11,970%"
4299,3883,"11,970%"
4299,3182,"11,970%"
4428,10080,"11,970%"
4450,3607,"11,970%"
8400,4574,"11,970%"
8724,9293,"11,970%"
9738,5198,"11,970%"
9903,4356,"11,970%"
1607,4848,"11,964%"
901,7399,"11,913%"
834,6548,"11,907%"
973,6353,"11,907%"
2736,7358,"11,907%"
4620,7106,"11,907%"
8108,7447,"11,907%"
8147,3727,"11,907%"
8365,8220,"11,907%"
8461,9274,"11,907%"
9190,8817,"11,907%"
1912,6632,"11,901%"
2263,1819,"11,901%"
2978,4020,"11,857%"
1935,1921,"11,850%"
801,9284,"11,844%"
1000,9122,"11,844%"
3479,3484,"11,844%"
3519,5112,"11,844%"
8451,8390,"11,844%"
8839,7281,"11,844%"
8856,9295,"11,844%"
9344,8253,"11,844%"
9458,8221,"11,844%"
713,9229,"11,838%"
2208,1766,"11,825%"
1665,1191,"11,813%"
8447,2967,"11,800%"
1059,9505,"11,787%"
9820,5003,"11,787%"
833,822,"11,781%"
4755,3578,"11,781%"
8714,9287,"11,781%"
681,9678,"11,768%"
1327,1988,"11,762%"
2887,2748,"11,762%"
4247,3605,"11,762%"
9826,9789,"11,737%"
585,7015,"11,731%"
38,4045,"11,718%"
4620,5767,"11,718%"
8204,8069,"11,718%"
8285,9293,"11,718%"
8485,6113,"11,718%"
8733,9289,"11,718%"
8804,7322,"11,718%"
1598,6084,"11,705%"
1324,6714,"11,699%"
9737,7167,"11,687%"
1613,6156,"11,680%"
1839,6558,"11,680%"
9479,6514,"11,680%"
965,9392,"11,655%"
4718,3189,"11,655%"
7933,4859,"11,655%"
8515,9285,"11,655%"
8581,8261,"11,655%"
8800,8679,"11,655%"
8831,8222,"11,655%"
2046,1909,"11,617%"
588,9781,"11,605%"
886,8568,"11,592%"
979,4870,"11,592%"
989,9339,"11,592%"
1063,4570,"11,592%"
3440,8221,"11,592%"
7751,7756,"11,592%"
8197,9173,"11,592%"
8551,9177,"11,592%"
8726,9293,"11,592%"
8728,8765,"11,592%"
4328,6865,"11,567%"
1311,1921,"11,561%"
1264,2072,"11,542%"
1802,4868,"11,542%"
3426,8690,"11,529%"
4077,6201,"11,529%"
8461,4882,"11,529%"
9159,9108,"11,529%"
9244,2967,"11,529%"
2122,2264,"11,523%"
3563,3522,"11,504%"
9746,5519,"11,504%"
863,8916,"11,466%"
874,7011,"11,466%"
962,8141,"11,466%"
4008,3827,"11,466%"
4647,4555,"11,466%"
8297,9182,"11,466%"
8813,9389,"11,466%"
7651,4202,"11,460%"
1059,9383,"11,428%"
2525,4169,"11,422%"
539,8167,"11,403%"
759,6879,"11,403%"
946,6175,"11,403%"
955,9098,"11,403%"
971,8971,"11,403%"
1034,6352,"11,403%"
2621,4002,"11,403%"
3239,5257,"11,403%"
3302,4045,"11,403%"
3915,10080,"11,403%"
8093,8937,"11,403%"
8100,5971,"11,403%"
8255,6473,"11,403%"
8283,9284,"11,403%"
8724,9318,"11,403%"
8807,7578,"11,403%"
8858,5097,"11,403%"
1381,3615,"11,384%"
9683,9043,"11,384%"
2891,3547,"11,353%"
7668,7672,"11,353%"
2968,4237,"11,346%"
8379,4301,"11,346%"
61,3819,"11,340%"
80,4169,"11,340%"
2416,3925,"11,340%"
2421,4301,"11,340%"
2468,7367,"11,340%"
2521,61,"11,340%"
2542,3264,"11,340%"
2562,8060,"11,340%"
2566,6367,"11,340%"
2573,3468,"11,340%"
2605,10080,"11,340%"
2612,3745,"11,340%"
2659,7865,"11,340%"
2681,6894,"11,340%"
2712,2899,"11,340%"
2722,9797,"11,340%"
2817,8334,"11,340%"
2834,2709,"11,340%"
2841,10080,"11,340%"
2880,10112,"11,340%"
2903,6309,"11,340%"
2910,10080,"11,340%"
3001,10080,"11,340%"
3015,9777,"11,340%"
3062,3023,"11,340%"
3066,4268,"11,340%"
3070,4190,"11,340%"
3072,3607,"11,340%"
3103,4159,"11,340%"
3108,7013,"11,340%"
3132,3381,"11,340%"
3171,407,"11,340%"
3175,2174,"11,340%"
3203,1921,"11,340%"
3323,3877,"11,340%"
3342,521,"11,340%"
3376,3468,"11,340%"
3376,2913,"11,340%"
3395,10080,"11,340%"
3395,3862,"11,340%"
3419,4386,"11,340%"
3486,3627,"11,340%"
3549,4098,"11,340%"
3549,3998,"11,340%"
3549,3524,"11,340%"
3553,7215,"11,340%"
3569,3862,"11,340%"
3602,3468,"11,340%"
3625,4488,"11,340%"
3765,5101,"11,340%"
3798,5550,"11,340%"
3806,3508,"11,340%"
3813,10080,"11,340%"
3815,3651,"11,340%"
3945,4223,"11,340%"
3945,4182,"11,340%"
4065,4045,"11,340%"
4098,2343,"11,340%"
4155,3605,"11,340%"
4182,8619,"11,340%"
4186,4483,"11,340%"
4223,7413,"11,340%"
4223,4168,"11,340%"
4241,4488,"11,340%"
4243,5343,"11,340%"
4270,6438,"11,340%"
4352,4045,"11,340%"
4372,6723,"11,340%"
4391,4178,"11,340%"
4485,3651,"11,340%"
4496,3651,"11,340%"
4762,4406,"11,340%"
4763,4169,"11,340%"
8083,6649,"11,340%"
8155,9098,"11,340%"
8212,6089,"11,340%"
8451,8615,"11,340%"
8553,7947,"11,340%"
9722,9726,"11,321%"
7784,3655,"11,315%"
1485,8015,"11,302%"
121,3973,"11,296%"
121,3567,"11,283%"
1039,6148,"11,277%"
2703,2826,"11,277%"
3752,4178,"11,277%"
4344,4086,"11,277%"
4477,6575,"11,277%"
8386,9470,"11,277%"
8388,7209,"11,277%"
8500,8501,"11,277%"
8520,3944,"11,277%"
8830,4940,"11,277%"
1712,1553,"11,239%"
8489,5541,"11,239%"
1266,9025,"11,227%"
788,7282,"11,214%"
1376,7362,"11,214%"
2689,3627,"11,214%"
3218,3973,"11,214%"
8185,3727,"11,214%"
8250,8334,"11,214%"
8566,9567,"11,214%"
8927,2709,"11,214%"
8996,9545,"11,214%"
9229,3925,"11,214%"
9263,8306,"11,214%"
9494,9482,"11,214%"
1195,2053,"11,183%"
1564,5131,"11,183%"
3976,4452,"11,176%"
112,1113,"11,151%"
784,6910,"11,151%"
880,9242,"11,151%"
1657,1995,"11,151%"
2464,5208,"11,151%"
3140,3541,"11,151%"
4131,3838,"11,151%"
4185,3685,"11,151%"
8122,8096,"11,151%"
8769,5966,"11,151%"
9457,8221,"11,151%"
9912,2314,"11,151%"
551,6778,"11,107%"
1708,1539,"11,101%"
1250,1828,"11,094%"
552,2492,"11,088%"
774,8121,"11,088%"
846,3727,"11,088%"
3293,4619,"11,088%"
3914,9935,"11,088%"
8144,8936,"11,088%"
9103,9305,"11,088%"
9450,9494,"11,088%"
9521,8973,"11,088%"
1540,1766,"11,075%"
1536,2133,"11,069%"
2589,6955,"11,050%"
3100,4488,"11,050%"
506,2967,"11,038%"
810,8249,"11,025%"
973,7003,"11,025%"
3420,9364,"11,025%"
4704,3075,"11,025%"
8494,8339,"11,025%"
8536,6357,"11,025%"
8541,1921,"11,025%"
8615,8528,"11,025%"
8677,6285,"11,025%"
8739,5322,"11,025%"
9614,4002,"11,025%"
591,2933,"10,987%"
1171,2133,"10,975%"
800,3924,"10,962%"
950,9766,"10,962%"
3278,3829,"10,962%"
4121,4119,"10,962%"
8110,5966,"10,962%"
8348,9295,"10,962%"
8665,8254,"10,962%"
8752,3607,"10,962%"
1996,2213,"10,943%"
2589,2589,"10,943%"
4631,4698,"10,943%"
9502,7284,"10,943%"
884,9285,"10,899%"
8497,9293,"10,899%"
8824,7762,"10,899%"
8865,4406,"10,899%"
9049,3918,"10,899%"
9146,4386,"10,899%"
9239,8125,"10,899%"
9667,4299,"10,899%"
618,6741,"10,861%"
2184,7231,"10,855%"
121,4020,"10,836%"
768,9408,"10,836%"
785,9173,"10,836%"
2689,5078,"10,836%"
4170,4392,"10,836%"
8108,5971,"10,836%"
8559,9567,"10,836%"
8582,8261,"10,836%"
8594,8587,"10,836%"
8899,9289,"10,836%"
1459,2107,"10,830%"
2142,2053,"10,823%"
585,2971,"10,811%"
31,10080,"10,800%"
41,3921,"10,800%"
43,5557,"10,800%"
58,9169,"10,800%"
95,3829,"10,800%"
96,10080,"10,800%"
586,8755,"10,800%"
913,8567,"10,800%"
995,7177,"10,800%"
1021,9308,"10,800%"
1211,2013,"10,800%"
2431,7097,"10,800%"
2461,5494,"10,800%"
2474,2174,"10,800%"
2477,4080,"10,800%"
2477,2994,"10,800%"
2485,3555,"10,800%"
2506,8312,"10,800%"
2517,7334,"10,800%"
2555,4373,"10,800%"
2586,5597,"10,800%"
2611,4461,"10,800%"
2640,4192,"10,800%"
2649,5191,"10,800%"
2649,3137,"10,800%"
2659,9040,"10,800%"
2663,3877,"10,800%"
2718,3221,"10,800%"
2722,6223,"10,800%"
2741,8544,"10,800%"
2753,5170,"10,800%"
2778,4301,"10,800%"
2785,17,"10,800%"
2804,3944,"10,800%"
2804,3925,"10,800%"
2827,3889,"10,800%"
2859,4350,"10,800%"
2863,380,"10,800%"
2870,4416,"10,800%"
2900,9289,"10,800%"
2900,1921,"10,800%"
2917,4406,"10,800%"
2923,7426,"10,800%"
2960,7333,"10,800%"
2963,5439,"10,800%"
2969,2756,"10,800%"
2977,3353,"10,800%"
2990,2843,"10,800%"
3026,3889,"10,800%"
3039,13,"10,800%"
3082,3541,"10,800%"
3089,4488,"10,800%"
3092,4406,"10,800%"
3093,9776,"10,800%"
3108,4219,"10,800%"
3119,3925,"10,800%"
3143,3627,"10,800%"
3179,4188,"10,800%"
3194,1921,"10,800%"
3198,4488,"10,800%"
3227,6802,"10,800%"
3227,532,"10,800%"
3287,3555,"10,800%"
3288,4578,"10,800%"
3310,3925,"10,800%"
3315,3836,"10,800%"
3323,1908,"10,800%"
3341,7094,"10,800%"
3341,4301,"10,800%"
3341,3134,"10,800%"
3343,6914,"10,800%"
3343,5644,"10,800%"
3478,180,"10,800%"
3484,5112,"10,800%"
3499,3827,"10,800%"
3506,3877,"10,800%"
3506,3827,"10,800%"
3518,3134,"10,800%"
3539,4496,"10,800%"
3549,3713,"10,800%"
3553,3489,"10,800%"
3583,3559,"10,800%"
3633,3862,"10,800%"
3651,4513,"10,800%"
2086,2029,"10,798%"
8472,5225,"10,792%"
9613,4115,"10,791%"
1284,1577,"10,773%"
938,5872,"10,773%"
1614,5422,"10,773%"
2521,4203,"10,773%"
3081,8011,"10,773%"
3081,3657,"10,773%"
3312,4350,"10,773%"
8273,9308,"10,773%"
8980,9469,"10,773%"
9064,9384,"10,773%"
1969,1169,"10,764%"
7634,6851,"10,764%"
1736,2272,"10,760%"
3197,4318,"10,754%"
1189,1630,"10,748%"
7770,537,"10,748%"
2032,2298,"10,737%"
3838,3483,"10,737%"
3976,4729,"10,737%"
2192,7103,"10,735%"
587,2133,"10,729%"
3925,3950,"10,728%"
1639,2254,"10,723%"
2589,649,"10,723%"
8028,7701,"10,723%"
134,7855,"10,719%"
35,7478,"10,710%"
57,3862,"10,710%"
70,3906,"10,710%"
100,10080,"10,710%"
933,9305,"10,710%"
2424,10080,"10,710%"
2451,5465,"10,710%"
2451,2451,"10,710%"
2485,3541,"10,710%"
2537,3884,"10,710%"
2541,616,"10,710%"
2611,5236,"10,710%"
2622,4017,"10,710%"
2628,4488,"10,710%"
2629,4238,"10,710%"
2630,3468,"10,710%"
2634,2987,"10,710%"
2681,4045,"10,710%"
2737,2719,"10,710%"
2753,6758,"10,710%"
2774,4350,"10,710%"
2790,6755,"10,710%"
2804,3771,"10,710%"
2889,6338,"10,710%"
2922,5937,"10,710%"
2929,3317,"10,710%"
2938,4576,"10,710%"
2960,6709,"10,710%"
2960,4237,"10,710%"
2963,6709,"10,710%"
2963,4237,"10,710%"
3003,4488,"10,710%"
3015,3141,"10,710%"
3145,6429,"10,710%"
3227,2766,"10,710%"
3260,3326,"10,710%"
3281,4045,"10,710%"
3281,3468,"10,710%"
3373,3712,"10,710%"
3376,3627,"10,710%"
3400,4463,"10,710%"
3401,3555,"10,710%"
3486,3468,"10,710%"
3720,2248,"10,710%"
3739,10080,"10,710%"
3796,3772,"10,710%"
3843,7483,"10,710%"
3853,3862,"10,710%"
3855,216,"10,710%"
3861,3818,"10,710%"
4019,10080,"10,710%"
4019,6528,"10,710%"
4092,4219,"10,710%"
4104,2315,"10,710%"
4169,4074,"10,710%"
4214,4317,"10,710%"
4243,6225,"10,710%"
4298,4025,"10,710%"
4299,3466,"10,710%"
4319,3827,"10,710%"
4376,4849,"10,710%"
4459,4045,"10,710%"
4483,4169,"10,710%"
4511,4346,"10,710%"
4606,4237,"10,710%"
4650,4305,"10,710%"
4653,4002,"10,710%"
8214,8939,"10,710%"
8290,9293,"10,710%"
8290,9284,"10,710%"
8365,8618,"10,710%"
8457,4570,"10,710%"
8877,8084,"10,710%"
9244,2709,"10,710%"
9271,8249,"10,710%"
9745,2375,"10,710%"
9918,5839,"10,710%"
9997,3570,"10,710%"
809,6389,"10,710%"
856,6841,"10,710%"
914,8999,"10,710%"
1019,5594,"10,710%"
1020,5971,"10,710%"
1836,2208,"10,710%"
2156,3570,"10,710%"
2764,3659,"10,710%"
2875,6869,"10,710%"
3322,4796,"10,710%"
3774,4463,"10,710%"
4370,6397,"10,710%"
8126,9406,"10,710%"
8718,9318,"10,710%"
8890,7284,"10,710%"
8982,9229,"10,710%"
9089,8999,"10,710%"
9213,3223,"10,710%"
9575,9736,"10,710%"
1964,1430,"10,692%"
2098,2161,"10,691%"
150,157,"10,685%"
42,3189,"10,679%"
9842,4406,"10,672%"
1710,1291,"10,666%"
9209,9168,"10,665%"
1261,5888,"10,656%"
9828,7862,"10,647%"
775,8096,"10,647%"
3467,3627,"10,647%"
3467,3468,"10,647%"
8367,9505,"10,647%"
8693,9305,"10,647%"
9079,4386,"10,647%"
9419,9108,"10,647%"
9515,9383,"10,647%"
9982,10080,"10,647%"
1699,5682,"10,638%"
8723,9318,"10,638%"
1464,2157,"10,629%"
7719,7988,"10,622%"
763,8156,"10,620%"
808,9533,"10,620%"
848,9397,"10,620%"
995,5961,"10,620%"
4361,4178,"10,620%"
4741,7315,"10,620%"
8123,6176,"10,620%"
8156,7175,"10,620%"
8228,6108,"10,620%"
8353,7360,"10,620%"
8368,3727,"10,620%"
8385,9362,"10,620%"
8397,5226,"10,620%"
8449,4882,"10,620%"
8536,8468,"10,620%"
8546,3627,"10,620%"
8653,9367,"10,620%"
8703,8747,"10,620%"
8891,5008,"10,620%"
8897,8557,"10,620%"
9069,4750,"10,620%"
9111,9308,"10,620%"
9142,3877,"10,620%"
9500,3141,"10,620%"
2041,2282,"10,611%"
2105,1776,"10,611%"
3872,3525,"10,611%"
9573,9736,"10,611%"
729,5639,"10,609%"
882,8338,"10,602%"
1248,2278,"10,602%"
729,5639,"10,597%"
2925,3818,"10,597%"
628,5658,"10,584%"
4055,395,"10,584%"
551,275,"10,584%"
4407,4488,"10,584%"
8451,3727,"10,584%"
8562,8261,"10,584%"
8875,7512,"10,584%"
9799,9862,"10,578%"
1531,2068,"10,571%"
2830,7060,"10,566%"
9649,9289,"10,566%"
3976,5511,"10,559%"
1605,1538,"10,557%"
60,5036,"10,548%"
9815,9848,"10,548%"
565,6633,"10,546%"
1394,7576,"10,540%"
4575,4575,"10,540%"
784,6772,"10,530%"
937,3918,"10,530%"
1047,8298,"10,530%"
1849,6131,"10,530%"
1949,6452,"10,530%"
2716,5112,"10,530%"
3099,3627,"10,530%"
3550,1921,"10,530%"
3795,3754,"10,530%"
3796,3754,"10,530%"
3874,4237,"10,530%"
4255,3390,"10,530%"
4624,3071,"10,530%"
7775,7713,"10,530%"
8092,7164,"10,530%"
8092,6072,"10,530%"
8217,6058,"10,530%"
8484,8716,"10,530%"
8536,8499,"10,530%"
8538,8308,"10,530%"
8549,9567,"10,530%"
8615,8221,"10,530%"
8628,5326,"10,530%"
8663,7581,"10,530%"
8674,9327,"10,530%"
8741,6095,"10,530%"
8816,4188,"10,530%"
8931,9224,"10,530%"
1199,6795,"10,521%"
666,690,"10,521%"
913,6496,"10,521%"
4397,3607,"10,521%"
8425,9364,"10,521%"
8512,8468,"10,521%"
8554,8261,"10,521%"
8581,4045,"10,521%"
9037,4386,"10,521%"
9335,8334,"10,521%"
9529,5966,"10,521%"
1540,1908,"10,512%"
9890,7687,"10,503%"
3011,4567,"10,502%"
9699,9797,"10,477%"
1517,2250,"10,476%"
1419,10105,"10,467%"
775,8095,"10,458%"
896,9470,"10,458%"
1010,9566,"10,458%"
1025,8306,"10,458%"
3033,6779,"10,458%"
3033,5356,"10,458%"
3795,3772,"10,458%"
4478,5578,"10,458%"
8084,3605,"10,458%"
8149,5971,"10,458%"
8181,5194,"10,458%"
8219,8419,"10,458%"
8551,8261,"10,458%"
8718,8716,"10,458%"
8783,9545,"10,458%"
9048,9140,"10,458%"
9217,7235,"10,458%"
9233,4386,"10,458%"
9558,8998,"10,458%"
2077,1766,"10,452%"
3872,3605,"10,449%"
2189,6939,"10,445%"
4026,4401,"10,445%"
920,9284,"10,440%"
959,8888,"10,440%"
988,9221,"10,440%"
2689,5106,"10,440%"
3628,5208,"10,440%"
4191,4816,"10,440%"
4726,5101,"10,440%"
7933,9081,"10,440%"
8082,8678,"10,440%"
8169,9308,"10,440%"
8264,6107,"10,440%"
8351,4301,"10,440%"
8380,3727,"10,440%"
8406,7073,"10,440%"
8411,9009,"10,440%"
8454,9399,"10,440%"
8527,9469,"10,440%"
8541,8720,"10,440%"
8562,9336,"10,440%"
8578,8548,"10,440%"
8579,8563,"10,440%"
8882,5392,"10,440%"
8904,8259,"10,440%"
8980,4574,"10,440%"
9057,3918,"10,440%"
9424,9331,"10,440%"
2589,7115,"10,439%"
2701,3481,"10,433%"
1231,7231,"10,431%"
1713,7635,"10,431%"
4739,6619,"10,431%"
2172,1876,"10,422%"
1948,3829,"10,414%"
1398,6403,"10,413%"
7741,7891,"10,413%"
2082,2181,"10,404%"
9164,9284,"10,404%"
1903,1986,"10,401%"
975,9295,"10,395%"
2459,9284,"10,395%"
2603,7708,"10,395%"
3063,5740,"10,395%"
3423,9308,"10,395%"
8273,9293,"10,395%"
8389,8220,"10,395%"
8565,9567,"10,395%"
8808,7539,"10,395%"
9226,9221,"10,395%"
9286,5967,"10,395%"
8723,9293,"10,386%"
3111,10080,"10,377%"
1173,5340,"10,359%"
1348,3877,"10,351%"
2265,9108,"10,351%"
792,7104,"10,350%"
869,9393,"10,350%"
873,4829,"10,350%"
901,9460,"10,350%"
986,8989,"10,350%"
999,4386,"10,350%"
1497,1893,"10,350%"
3416,5934,"10,350%"
3476,4097,"10,350%"
4199,4295,"10,350%"
4764,3666,"10,350%"
8077,8716,"10,350%"
8184,8544,"10,350%"
8264,8334,"10,350%"
8345,5109,"10,350%"
8437,8523,"10,350%"
8483,4386,"10,350%"
8488,9308,"10,350%"
8517,9138,"10,350%"
8589,5590,"10,350%"
8642,4574,"10,350%"
8661,6149,"10,350%"
8668,8481,"10,350%"
8725,9308,"10,350%"
8783,8253,"10,350%"
8806,8528,"10,350%"
8968,9031,"10,350%"
9056,4406,"10,350%"
9102,7397,"10,350%"
9235,9267,"10,350%"
9261,9425,"10,350%"
9301,8099,"10,350%"
10048,4373,"10,350%"
1447,7469,"10,338%"
975,9482,"10,332%"
997,7503,"10,332%"
2973,3258,"10,332%"
3476,10112,"10,332%"
4719,5814,"10,332%"
8118,8097,"10,332%"
8151,9492,"10,332%"
8230,6107,"10,332%"
8828,9303,"10,332%"
9696,9717,"10,326%"
9755,9885,"10,319%"
860,8970,"10,313%"
1338,1577,"10,313%"
9895,9577,"10,313%"
2171,2275,"10,305%"
2465,4304,"10,301%"
1991,2006,"10,282%"
8196,5241,"10,278%"
2021,2006,"10,275%"
826,8998,"10,269%"
863,4301,"10,269%"
1023,4610,"10,269%"
2023,1908,"10,269%"
2629,458,"10,269%"
4029,3595,"10,269%"
4764,4145,"10,269%"
8364,9396,"10,269%"
8523,9394,"10,269%"
8525,8817,"10,269%"
8848,9285,"10,269%"
8862,8539,"10,269%"
8909,5830,"10,269%"
8924,4386,"10,269%"
9029,8309,"10,269%"
2166,2154,"10,269%"
9595,9108,"10,269%"
31,4123,"10,260%"
44,4418,"10,260%"
44,4123,"10,260%"
44,4021,"10,260%"
44,3570,"10,260%"
795,4301,"10,260%"
826,8988,"10,260%"
920,9308,"10,260%"
921,4488,"10,260%"
974,3850,"10,260%"
991,9545,"10,260%"
1000,9118,"10,260%"
3302,3627,"10,260%"
3351,3877,"10,260%"
3608,3713,"10,260%"
4121,9747,"10,260%"
8094,5452,"10,260%"
8279,9364,"10,260%"
8374,9470,"10,260%"
8389,8175,"10,260%"
8545,4045,"10,260%"
8813,9440,"10,260%"
8968,6417,"10,260%"
9014,6880,"10,260%"
9477,3727,"10,260%"
1697,6524,"10,250%"
9737,5359,"10,250%"
9624,9584,"10,244%"
9876,9341,"10,242%"
1703,1864,"10,233%"
3011,8544,"10,225%"
2277,3997,"10,224%"
3542,6458,"10,224%"
1676,1867,"10,219%"
2432,6075,"10,212%"
789,9505,"10,206%"
2518,7480,"10,206%"
3256,4488,"10,206%"
3414,5974,"10,206%"
3744,4334,"10,206%"
4790,5629,"10,206%"
8410,2886,"10,206%"
8478,1921,"10,206%"
8580,3567,"10,206%"
8616,9566,"10,206%"
8972,8309,"10,206%"
9043,9767,"10,206%"
9462,9305,"10,206%"
876,8630,"10,197%"
9749,9747,"10,179%"
94,5456,"10,175%"
1310,6115,"10,175%"
1541,1921,"10,175%"
777,9505,"10,170%"
784,5962,"10,170%"
969,9805,"10,170%"
1425,2240,"10,170%"
2530,4488,"10,170%"
2530,3712,"10,170%"
3476,4585,"10,170%"
8070,5246,"10,170%"
8222,8831,"10,170%"
8274,9173,"10,170%"
8558,8261,"10,170%"
8569,9177,"10,170%"
8614,9383,"10,170%"
8623,4570,"10,170%"
8626,8545,"10,170%"
8628,9517,"10,170%"
8659,8442,"10,170%"
8703,9318,"10,170%"
8760,6868,"10,170%"
8761,2948,"10,170%"
8805,8893,"10,170%"
8847,9201,"10,170%"
8851,3727,"10,170%"
8875,8924,"10,170%"
8932,7522,"10,170%"
8932,3425,"10,170%"
8964,9480,"10,170%"
9073,9289,"10,170%"
9129,9138,"10,170%"
9158,3827,"10,170%"
9216,7961,"10,170%"
9335,9364,"10,170%"
9335,9291,"10,170%"
9609,7533,"10,170%"
9626,3182,"10,168%"
4739,5011,"10,161%"
1666,6626,"10,156%"
9689,3550,"10,152%"
826,4570,"10,143%"
909,5871,"10,143%"
2464,9976,"10,143%"
3260,4273,"10,143%"
8396,6281,"10,143%"
8444,6982,"10,143%"
8709,8717,"10,143%"
8841,7947,"10,143%"
9155,3918,"10,143%"
9196,2756,"10,143%"
9876,9729,"10,143%"
1181,7379,"10,130%"
9665,5262,"10,130%"
9740,7171,"10,118%"
1618,9305,"10,098%"
3214,4188,"10,098%"
908,8632,"10,080%"
973,9349,"10,080%"
979,7180,"10,080%"
1031,9308,"10,080%"
2015,2229,"10,080%"
2549,5055,"10,080%"
2646,3647,"10,080%"
2975,6921,"10,080%"
3423,9293,"10,080%"
3717,10080,"10,080%"
3759,6013,"10,080%"
8075,9284,"10,080%"
8118,5971,"10,080%"
8123,6174,"10,080%"
8165,9308,"10,080%"
8183,7299,"10,080%"
8195,9173,"10,080%"
8440,4574,"10,080%"
8520,8523,"10,080%"
8571,8261,"10,080%"
8633,9372,"10,080%"
8719,9318,"10,080%"
8816,8587,"10,080%"
8829,7504,"10,080%"
8832,8631,"10,080%"
8880,4915,"10,080%"
8891,8477,"10,080%"
8919,8923,"10,080%"
8950,5764,"10,080%"
9036,1921,"10,080%"
9250,9285,"10,080%"
51,6628,"10,080%"
65,2756,"10,080%"
85,3570,"10,080%"
705,9866,"10,080%"
805,6500,"10,080%"
808,7085,"10,080%"
818,8275,"10,080%"
865,9480,"10,080%"
886,9336,"10,080%"
1016,4194,"10,080%"
2468,10080,"10,080%"
2507,191,"10,080%"
2519,10080,"10,080%"
2531,3810,"10,080%"
2532,7998,"10,080%"
2541,7449,"10,080%"
2586,3922,"10,080%"
2592,5510,"10,080%"
2633,4350,"10,080%"
2649,1040,"10,080%"
2657,2398,"10,080%"
2718,3023,"10,080%"
2740,3468,"10,080%"
2750,4367,"10,080%"
2761,4496,"10,080%"
2765,1765,"10,080%"
2801,2801,"10,080%"
2821,1921,"10,080%"
2829,4488,"10,080%"
2852,8740,"10,080%"
2900,2900,"10,080%"
2905,4301,"10,080%"
2979,4488,"10,080%"
2987,4488,"10,080%"
3072,4488,"10,080%"
3074,4488,"10,080%"
3143,3468,"10,080%"
3156,4580,"10,080%"
3167,1921,"10,080%"
3201,3557,"10,080%"
3221,1921,"10,080%"
3251,4124,"10,080%"
3283,7128,"10,080%"
3354,4264,"10,080%"
3468,2924,"10,080%"
3515,4273,"10,080%"
3581,3743,"10,080%"
3635,4025,"10,080%"
3692,3877,"10,080%"
3704,9305,"10,080%"
3715,3906,"10,080%"
3734,4488,"10,080%"
3890,5144,"10,080%"
3914,1988,"10,080%"
3951,7433,"10,080%"
3957,1921,"10,080%"
4058,4488,"10,080%"
4069,3570,"10,080%"
4120,5098,"10,080%"
4132,4452,"10,080%"
4165,10080,"10,080%"
4274,10080,"10,080%"
4316,9816,"10,080%"
4365,3666,"10,080%"
4382,4225,"10,080%"
4437,3902,"10,080%"
4447,9138,"10,080%"
4650,4412,"10,080%"
4682,10080,"10,080%"
4751,4379,"10,080%"
4755,2709,"10,080%"
4763,4237,"10,080%"
8531,8936,"10,080%"
8551,9567,"10,080%"
8569,8261,"10,080%"
8749,7181,"10,080%"
8773,5109,"10,080%"
9105,6378,"10,080%"
9270,8210,"10,080%"
9456,8221,"10,080%"
9792,490,"10,080%"
9971,9924,"10,080%"
1914,9093,"10,074%"
2268,3877,"10,062%"
9712,9701,"10,062%"
1569,2118,"10,061%"
9590,9606,"10,053%"
2993,5864,"10,035%"
1400,1747,"10,026%"
9274,3878,"10,026%"
9836,4301,"10,023%"
56,4412,"10,017%"
797,7281,"10,017%"
824,9470,"10,017%"
908,9258,"10,017%"
922,9229,"10,017%"
2077,1908,"10,017%"
4077,2862,"10,017%"
4599,5120,"10,017%"
8079,8441,"10,017%"
8361,8339,"10,017%"
8367,6354,"10,017%"
8404,9469,"10,017%"
8556,9308,"10,017%"
8716,9541,"10,017%"
9051,9341,"10,017%"
9314,9490,"10,017%"
9340,8334,"10,017%"
9744,6096,"10,017%"
8771,9481,"9,992%"
9578,5185,"9,992%"
765,6056,"9,990%"
774,8096,"9,990%"
776,6025,"9,990%"
777,9515,"9,990%"
855,6340,"9,990%"
914,7496,"9,990%"
1019,7283,"9,990%"
1020,3876,"9,990%"
1025,9448,"9,990%"
1056,9150,"9,990%"
1641,5847,"9,990%"
2820,6646,"9,990%"
3394,4350,"9,990%"
3432,4386,"9,990%"
4419,3745,"9,990%"
4487,2398,"9,990%"
8170,8260,"9,990%"
8178,8528,"9,990%"
8272,9173,"9,990%"
8368,9475,"9,990%"
8454,8640,"9,990%"
8563,9177,"9,990%"
8832,8223,"9,990%"
8863,7961,"9,990%"
8880,5190,"9,990%"
8884,9321,"9,990%"
4055,3829,"9,986%"
2426,3468,"9,972%"
1592,4910,"9,967%"
3237,4567,"9,967%"
7753,6988,"9,963%"
587,7780,"9,960%"
1342,5853,"9,954%"
813,8237,"9,954%"
2530,3380,"9,954%"
3146,3141,"9,954%"
3293,6739,"9,954%"
4581,9177,"9,954%"
8487,8465,"9,954%"
8622,9383,"9,954%"
8739,7518,"9,954%"
9329,7661,"9,954%"
9510,9230,"9,954%"
1408,6452,"9,948%"
629,7549,"9,945%"
670,580,"9,941%"
2009,7009,"9,941%"
3976,4169,"9,935%"
9930,7876,"9,929%"
7826,1085,"9,927%"
556,275,"9,923%"
9749,7709,"9,910%"
51,4809,"9,900%"
85,4418,"9,900%"
87,10080,"9,900%"
596,3550,"9,900%"
718,5792,"9,900%"
796,9441,"9,900%"
815,9173,"9,900%"
913,4570,"9,900%"
922,8716,"9,900%"
962,8140,"9,900%"
1003,9470,"9,900%"
1027,9552,"9,900%"
1052,6514,"9,900%"
2418,4694,"9,900%"
2437,4348,"9,900%"
2448,7332,"9,900%"
2451,5049,"9,900%"
2460,2,"9,900%"
2461,10080,"9,900%"
2466,4574,"9,900%"
2472,10080,"9,900%"
2485,7647,"9,900%"
2495,5879,"9,900%"
2495,4241,"9,900%"
2500,3317,"9,900%"
2506,2782,"9,900%"
2509,7708,"9,900%"
2537,4507,"9,900%"
2559,3931,"9,900%"
2566,4920,"9,900%"
2592,6306,"9,900%"
2599,3063,"9,900%"
2602,7285,"9,900%"
2618,4373,"9,900%"
2635,6293,"9,900%"
2640,5750,"9,900%"
2647,7013,"9,900%"
2647,4237,"9,900%"
2667,3829,"9,900%"
2667,3827,"9,900%"
2684,7023,"9,900%"
2685,5515,"9,900%"
2697,4430,"9,900%"
2702,7225,"9,900%"
2710,3470,"9,900%"
2722,9816,"9,900%"
2739,8935,"9,900%"
2739,4750,"9,900%"
2740,4045,"9,900%"
2741,4045,"9,900%"
2742,3141,"9,900%"
2744,9199,"9,900%"
2744,3541,"9,900%"
2749,8935,"9,900%"
2824,3877,"9,900%"
2854,3559,"9,900%"
2880,3189,"9,900%"
2882,4574,"9,900%"
2889,380,"9,900%"
2903,3627,"9,900%"
2905,3878,"9,900%"
2911,4430,"9,900%"
2934,3541,"9,900%"
2960,6168,"9,900%"
2963,6167,"9,900%"
2965,4386,"9,900%"
2965,3827,"9,900%"
3001,10080,"9,900%"
3023,3925,"9,900%"
3026,4909,"9,900%"
3039,10114,"9,900%"
3057,7584,"9,900%"
3062,4406,"9,900%"
3080,2967,"9,900%"
3092,8935,"9,900%"
3110,3712,"9,900%"
3120,3120,"9,900%"
3132,9779,"9,900%"
3132,4301,"9,900%"
3141,6086,"9,900%"
3155,7947,"9,900%"
3166,9693,"9,900%"
3172,4124,"9,900%"
3197,4181,"9,900%"
3197,3607,"9,900%"
3198,4379,"9,900%"
3227,6696,"9,900%"
3269,4327,"9,900%"
3270,3587,"9,900%"
3296,4350,"9,900%"
3342,3959,"9,900%"
3344,2709,"9,900%"
3398,2994,"9,900%"
3400,4350,"9,900%"
3424,8857,"9,900%"
3428,9136,"9,900%"
3464,3519,"9,900%"
3478,3827,"9,900%"
3498,10080,"9,900%"
3499,3829,"9,900%"
3512,6053,"9,900%"
3524,4237,"9,900%"
3527,2709,"9,900%"
3531,3713,"9,900%"
3549,159,"9,900%"
3581,4169,"9,900%"
3581,3767,"9,900%"
3588,3944,"9,900%"
3599,3637,"9,900%"
3601,3059,"9,900%"
3661,4488,"9,900%"
3666,4219,"9,900%"
3666,4081,"9,900%"
3834,4488,"9,900%"
3847,4513,"9,900%"
3876,1921,"9,900%"
3896,3829,"9,900%"
3923,3589,"9,900%"
3945,5473,"9,900%"
3953,10080,"9,900%"
3957,5620,"9,900%"
3994,3994,"9,900%"
4007,4045,"9,900%"
4042,1908,"9,900%"
4059,4488,"9,900%"
4059,4184,"9,900%"
4081,4237,"9,900%"
4088,4097,"9,900%"
4095,1921,"9,900%"
4098,4237,"9,900%"
4107,6350,"9,900%"
4160,3898,"9,900%"
4182,7192,"9,900%"
4188,3468,"9,900%"
4299,3568,"9,900%"
4313,479,"9,900%"
4322,5263,"9,900%"
4322,4103,"9,900%"
4341,8286,"9,900%"
4341,4066,"9,900%"
4358,479,"9,900%"
4372,3605,"9,900%"
4380,4237,"9,900%"
4391,4579,"9,900%"
4391,4329,"9,900%"
4391,403,"9,900%"
4410,3902,"9,900%"
4454,3950,"9,900%"
4494,4219,"9,900%"
4606,4169,"9,900%"
4650,4750,"9,900%"
4656,2329,"9,900%"
4732,3877,"9,900%"
4762,4327,"9,900%"
7760,7669,"9,900%"
8072,5109,"9,900%"
8092,8879,"9,900%"
8228,8250,"9,900%"
8238,9308,"9,900%"
8291,6563,"9,900%"
8368,9470,"9,900%"
8403,8973,"9,900%"
8432,8371,"9,900%"
8460,3727,"9,900%"
8555,9567,"9,900%"
8575,9567,"9,900%"
8576,8261,"9,900%"
8586,8566,"9,900%"
8721,6273,"9,900%"
8785,7508,"9,900%"
8881,9290,"9,900%"
9118,3918,"9,900%"
9166,9470,"9,900%"
9272,9545,"9,900%"
9534,5971,"9,900%"
9572,7168,"9,900%"
9659,7267,"9,900%"
9745,7168,"9,900%"
9835,9688,"9,900%"
9903,9898,"9,900%"
9918,5894,"9,900%"
10012,2174,"9,900%"
10056,5924,"9,900%"
9815,2865,"9,891%"
781,8528,"9,891%"
791,8523,"9,891%"
854,9358,"9,891%"
940,3922,"9,891%"
1055,8935,"9,891%"
3080,3134,"9,891%"
3243,3141,"9,891%"
3243,1921,"9,891%"
3243,1776,"9,891%"
3431,9111,"9,891%"
4163,1980,"9,891%"
4343,10080,"9,891%"
8077,6055,"9,891%"
8180,1921,"9,891%"
8413,9470,"9,891%"
8420,9470,"9,891%"
8553,9177,"9,891%"
8598,9336,"9,891%"
8611,9505,"9,891%"
8634,9383,"9,891%"
8716,9305,"9,891%"
8748,9305,"9,891%"
8782,7733,"9,891%"
8802,877,"9,891%"
8804,9386,"9,891%"
9282,6277,"9,891%"
611,3238,"9,882%"
8671,4237,"9,882%"
9662,6991,"9,882%"
1699,6114,"9,873%"
8482,9560,"9,873%"
9357,5971,"9,873%"
1971,1921,"9,872%"
3380,7334,"9,866%"
8620,3950,"9,864%"
1378,2053,"9,855%"
3838,6221,"9,846%"
1404,1427,"9,834%"
792,9469,"9,828%"
882,3727,"9,828%"
900,4574,"9,828%"
920,9318,"9,828%"
925,8339,"9,828%"
7739,3653,"9,828%"
8208,8309,"9,828%"
8364,9505,"9,828%"
8408,8916,"9,828%"
8488,9088,"9,828%"
8575,8647,"9,828%"
8580,4367,"9,828%"
8583,4821,"9,828%"
9010,9141,"9,828%"
9243,5774,"9,828%"
1499,1594,"9,815%"
4369,4190,"9,815%"
762,9498,"9,810%"
765,8720,"9,810%"
888,1032,"9,810%"
1066,8998,"9,810%"
4008,3829,"9,810%"
4492,3551,"9,810%"
7933,8886,"9,810%"
8164,9284,"9,810%"
8188,9173,"9,810%"
8337,9363,"9,810%"
8391,3727,"9,810%"
8517,4386,"9,810%"
8602,4969,"9,810%"
8657,8198,"9,810%"
8720,6273,"9,810%"
8841,2712,"9,810%"
9046,8892,"9,810%"
9055,9545,"9,810%"
9062,983,"9,810%"
9149,3829,"9,810%"
9161,5670,"9,810%"
9197,6418,"9,810%"
9243,7502,"9,810%"
9247,9293,"9,810%"
9320,8998,"9,810%"
9428,999,"9,810%"
9447,8325,"9,810%"
9778,5534,"9,810%"
7634,7979,"9,803%"
7854,1090,"9,803%"
2047,4585,"9,797%"
9617,9681,"9,797%"
94,10025,"9,792%"
1991,1766,"9,792%"
2238,2133,"9,792%"
7634,7872,"9,792%"
1693,5219,"9,783%"
121,8544,"9,774%"
2633,10080,"9,774%"
692,617,"9,771%"
1729,3141,"9,765%"
808,6083,"9,765%"
817,9284,"9,765%"
928,8948,"9,765%"
956,8706,"9,765%"
971,9341,"9,765%"
1004,9358,"9,765%"
1039,6153,"9,765%"
1279,2229,"9,765%"
3278,3877,"9,765%"
3308,10080,"9,765%"
4457,3522,"9,765%"
8189,9173,"9,765%"
8263,6108,"9,765%"
8337,9392,"9,765%"
8546,4045,"9,765%"
8554,9567,"9,765%"
8882,8044,"9,765%"
8882,5010,"9,765%"
9005,9274,"9,765%"
9189,8716,"9,765%"
9200,1791,"9,765%"
1972,5988,"9,752%"
1330,1776,"9,740%"
901,2843,"9,738%"
1598,6467,"9,721%"
8323,9308,"9,721%"
774,8120,"9,720%"
828,9363,"9,720%"
837,9383,"9,720%"
855,9284,"9,720%"
865,9085,"9,720%"
966,8989,"9,720%"
968,9085,"9,720%"
999,3918,"9,720%"
1001,9552,"9,720%"
3037,9816,"9,720%"
3416,5325,"9,720%"
4122,7413,"9,720%"
8070,9203,"9,720%"
8123,5971,"9,720%"
8183,7329,"9,720%"
8195,9025,"9,720%"
8226,8216,"9,720%"
8254,8336,"9,720%"
8270,9284,"9,720%"
8333,4983,"9,720%"
8414,6475,"9,720%"
8463,9470,"9,720%"
8603,1921,"9,720%"
8660,8254,"9,720%"
8683,4854,"9,720%"
8741,4386,"9,720%"
8884,9258,"9,720%"
8893,8999,"9,720%"
8897,4574,"9,720%"
9056,8467,"9,720%"
9213,3470,"9,720%"
9242,9196,"9,720%"
9259,7540,"9,720%"
9402,8441,"9,720%"
9445,456,"9,720%"
9494,9492,"9,720%"
8083,1166,"9,715%"
1338,1390,"9,711%"
4276,4086,"9,711%"
8989,5822,"9,708%"
2620,7890,"9,702%"
31,4440,"9,702%"
888,8662,"9,702%"
921,8895,"9,702%"
943,1921,"9,702%"
1470,741,"9,702%"
1526,1282,"9,702%"
2453,4488,"9,702%"
2736,7105,"9,702%"
3322,4798,"9,702%"
4323,7703,"9,702%"
4332,7058,"9,702%"
8234,9284,"9,702%"
8244,9308,"9,702%"
8424,8309,"9,702%"
8520,9523,"9,702%"
8547,3567,"9,702%"
8721,6342,"9,702%"
8891,4513,"9,702%"
8951,8935,"9,702%"
9020,2709,"9,702%"
9028,8309,"9,702%"
9149,3918,"9,702%"
550,7584,"9,696%"
1428,7133,"9,684%"
9774,6773,"9,684%"
1471,1390,"9,675%"
634,6010,"9,666%"
2993,1782,"9,666%"
7647,9674,"9,657%"
4055,3827,"9,652%"
9744,2375,"9,648%"
9758,5258,"9,645%"
2250,1971,"9,639%"
8196,9285,"9,639%"
792,9482,"9,639%"
817,9293,"9,639%"
848,8936,"9,639%"
981,1065,"9,639%"
2765,5083,"9,639%"
3057,4194,"9,639%"
4320,4273,"9,639%"
4759,5623,"9,639%"
4759,5234,"9,639%"
4759,4306,"9,639%"
8239,8198,"9,639%"
8272,9550,"9,639%"
8582,9567,"9,639%"
8683,8501,"9,639%"
8830,9289,"9,639%"
9147,10112,"9,639%"
540,6108,"9,630%"
552,6975,"9,630%"
780,9221,"9,630%"
829,8973,"9,630%"
927,5949,"9,630%"
2828,3712,"9,630%"
3146,1776,"9,630%"
3303,3737,"9,630%"
3338,4583,"9,630%"
3464,5750,"9,630%"
3697,4295,"9,630%"
4205,3950,"9,630%"
8083,8082,"9,630%"
8196,9173,"9,630%"
8226,8631,"9,630%"
8383,3341,"9,630%"
8410,6280,"9,630%"
8425,9364,"9,630%"
8474,5804,"9,630%"
8548,8261,"9,630%"
8693,8262,"9,630%"
8735,7172,"9,630%"
8772,7175,"9,630%"
8812,9057,"9,630%"
8880,6282,"9,630%"
8889,8678,"9,630%"
8972,9545,"9,630%"
9004,9091,"9,630%"
9170,9211,"9,630%"
9198,8303,"9,630%"
9250,9531,"9,630%"
9463,7026,"9,630%"
9546,9182,"9,630%"
1738,1788,"9,621%"
4739,4130,"9,621%"
1599,5278,"9,620%"
1808,2023,"9,612%"
9870,9584,"9,595%"
9737,7169,"9,594%"
2190,7408,"9,585%"
670,4814,"9,576%"
1330,3141,"9,576%"
1842,1896,"9,576%"
9499,8084,"9,576%"
850,3727,"9,576%"
968,1921,"9,576%"
1223,2023,"9,576%"
2776,3570,"9,576%"
2945,1776,"9,576%"
3260,4463,"9,576%"
3434,7374,"9,576%"
3673,9743,"9,576%"
4095,2174,"9,576%"
4364,3877,"9,576%"
8079,8442,"9,576%"
8212,7075,"9,576%"
8316,9274,"9,576%"
8609,5973,"9,576%"
8751,8349,"9,576%"
9048,9143,"9,576%"
698,7157,"9,570%"
1231,1980,"9,570%"
9479,7273,"9,570%"
2925,3796,"9,567%"
9754,9433,"9,567%"
4231,2924,"9,551%"
9295,1921,"9,551%"
838,4301,"9,540%"
854,3230,"9,540%"
897,3944,"9,540%"
1023,3882,"9,540%"
2044,2157,"9,540%"
3138,3818,"9,540%"
3206,3862,"9,540%"
3245,3902,"9,540%"
3427,9098,"9,540%"
8081,9316,"9,540%"
8083,6446,"9,540%"
8176,8620,"9,540%"
8424,9469,"9,540%"
8455,9566,"9,540%"
8545,9567,"9,540%"
8664,8318,"9,540%"
8704,9308,"9,540%"
8742,9308,"9,540%"
8865,8587,"9,540%"
8955,7434,"9,540%"
8955,7262,"9,540%"
8958,3083,"9,540%"
9064,9365,"9,540%"
9100,5972,"9,540%"
9102,9308,"9,540%"
9142,3877,"9,540%"
9236,8260,"9,540%"
9269,8129,"9,540%"
9295,4406,"9,540%"
9455,5902,"9,540%"
9982,2375,"9,540%"
1816,6131,"9,538%"
1600,6199,"9,531%"
2192,2172,"9,522%"
8620,9566,"9,519%"
1640,2015,"9,513%"
2426,4045,"9,513%"
2518,7856,"9,513%"
3432,9136,"9,513%"
4119,5101,"9,513%"
8112,7376,"9,513%"
8449,8220,"9,513%"
8522,8246,"9,513%"
8576,9177,"9,513%"
8879,8936,"9,513%"
8972,2756,"9,513%"
9002,1921,"9,513%"
9641,6573,"9,504%"
1261,1935,"9,495%"
8845,9303,"9,495%"
7650,6682,"9,486%"
9066,4101,"9,486%"
2993,169,"9,477%"
2781,3178,"9,469%"
1740,1190,"9,468%"
3100,7303,"9,468%"
593,4440,"9,459%"
618,3468,"9,459%"
2283,1766,"9,456%"
44,4440,"9,450%"
44,4371,"9,450%"
44,3918,"9,450%"
44,3810,"9,450%"
548,8221,"9,450%"
835,3727,"9,450%"
923,9081,"9,450%"
995,5817,"9,450%"
1012,6583,"9,450%"
3043,5597,"9,450%"
3464,4430,"9,450%"
3706,3918,"9,450%"
4011,395,"9,450%"
4399,7313,"9,450%"
4764,4483,"9,450%"
8076,6515,"9,450%"
8078,8228,"9,450%"
8083,8679,"9,450%"
8101,8324,"9,450%"
8117,5971,"9,450%"
8171,7218,"9,450%"
8406,3727,"9,450%"
8451,8368,"9,450%"
8546,3468,"9,450%"
8769,7447,"9,450%"
8790,9148,"9,450%"
8853,9304,"9,450%"
8995,5971,"9,450%"
9034,8935,"9,450%"
9042,3141,"9,450%"
9062,5186,"9,450%"
9129,10112,"9,450%"
9153,5748,"9,450%"
9213,8501,"9,450%"
9231,9302,"9,450%"
9266,9284,"9,450%"
9311,9488,"9,450%"
35,7288,"9,450%"
52,8228,"9,450%"
61,10080,"9,450%"
85,3862,"9,450%"
91,5762,"9,450%"
153,4750,"9,450%"
772,8097,"9,450%"
787,8334,"9,450%"
1421,7874,"9,450%"
2477,4020,"9,450%"
2494,7422,"9,450%"
2532,10124,"9,450%"
2541,483,"9,450%"
2552,3173,"9,450%"
2566,7848,"9,450%"
2602,7285,"9,450%"
2640,3712,"9,450%"
2648,4434,"9,450%"
2664,3902,"9,450%"
2667,3877,"9,450%"
2722,7291,"9,450%"
2753,4987,"9,450%"
2779,3264,"9,450%"
2821,4406,"9,450%"
2929,1119,"9,450%"
2930,3804,"9,450%"
2948,3607,"9,450%"
2959,3627,"9,450%"
3023,3771,"9,450%"
3039,6576,"9,450%"
3042,3381,"9,450%"
3047,4045,"9,450%"
3142,1921,"9,450%"
3143,4045,"9,450%"
3161,3578,"9,450%"
3162,5098,"9,450%"
3201,8033,"9,450%"
3289,3944,"9,450%"
3315,4330,"9,450%"
3336,3141,"9,450%"
3373,2924,"9,450%"
3388,4350,"9,450%"
3615,4584,"9,450%"
3615,3827,"9,450%"
3641,3944,"9,450%"
3671,3189,"9,450%"
3689,6641,"9,450%"
3751,4169,"9,450%"
3812,10080,"9,450%"
3841,2411,"9,450%"
3867,10080,"9,450%"
3887,3931,"9,450%"
3897,4373,"9,450%"
3982,10080,"9,450%"
3994,4329,"9,450%"
4075,3829,"9,450%"
4144,10080,"9,450%"
4147,2537,"9,450%"
4190,4488,"9,450%"
4215,4488,"9,450%"
4309,4488,"9,450%"
4365,4237,"9,450%"
4454,3541,"9,450%"
4604,3399,"9,450%"
4628,4374,"9,450%"
4656,3776,"9,450%"
4676,3713,"9,450%"
4751,4488,"9,450%"
7930,9290,"9,450%"
8263,9550,"9,450%"
8554,9177,"9,450%"
8560,9177,"9,450%"
8836,9566,"9,450%"
9009,4386,"9,450%"
9086,9138,"9,450%"
9345,8989,"9,450%"
9580,5114,"9,450%"
9792,7782,"9,450%"
9892,9646,"9,450%"
1565,1776,"9,432%"
3241,3471,"9,432%"
1647,1876,"9,431%"
2883,4434,"9,423%"
9820,405,"9,423%"
1278,1367,"9,412%"
1398,5647,"9,396%"
9187,1921,"9,396%"
793,8528,"9,387%"
979,7523,"9,387%"
1044,8240,"9,387%"
2455,4038,"9,387%"
2814,3259,"9,387%"
3774,3705,"9,387%"
8141,9482,"9,387%"
8429,8973,"9,387%"
8548,9567,"9,387%"
8722,9293,"9,387%"
8805,8935,"9,387%"
9426,8716,"9,387%"
1692,1908,"9,381%"
2100,5369,"9,381%"
865,9349,"9,360%"
878,8221,"9,360%"
1293,5219,"9,360%"
2446,7424,"9,360%"
2568,2869,"9,360%"
3436,9050,"9,360%"
8077,8142,"9,360%"
8121,5971,"9,360%"
8198,8334,"9,360%"
8346,9307,"9,360%"
8350,9428,"9,360%"
8425,9372,"9,360%"
8451,9081,"9,360%"
8472,9293,"9,360%"
8548,9177,"9,360%"
8551,9336,"9,360%"
8641,8652,"9,360%"
8689,6463,"9,360%"
8713,8720,"9,360%"
8719,9293,"9,360%"
8762,3877,"9,360%"
8764,9308,"9,360%"
8766,8229,"9,360%"
8772,8095,"9,360%"
8792,9141,"9,360%"
8846,8850,"9,360%"
8863,8989,"9,360%"
8872,8876,"9,360%"
8877,5896,"9,360%"
8882,9309,"9,360%"
8891,4295,"9,360%"
8969,9296,"9,360%"
9099,5220,"9,360%"
9102,7301,"9,360%"
9117,9098,"9,360%"
9120,3877,"9,360%"
9123,8310,"9,360%"
9297,8334,"9,360%"
9478,6499,"9,360%"
9532,7376,"9,360%"
9568,8097,"9,360%"
7632,7777,"9,356%"
1381,2079,"9,349%"
1888,459,"9,349%"
7695,7904,"9,343%"
2040,1879,"9,333%"
2525,4334,"9,333%"
7722,7779,"9,333%"
1350,5070,"9,324%"
2052,7099,"9,324%"
788,9491,"9,324%"
911,9133,"9,324%"
2924,10080,"9,324%"
2924,3519,"9,324%"
3138,10049,"9,324%"
4040,3877,"9,324%"
8227,6108,"9,324%"
8541,9732,"9,324%"
8583,8553,"9,324%"
8772,8096,"9,324%"
8829,9315,"9,324%"
9099,5971,"9,324%"
9142,4386,"9,324%"
9245,3727,"9,324%"
9314,9480,"9,324%"
3976,4109,"9,311%"
1982,5849,"9,306%"
1259,1908,"9,297%"
1260,1318,"9,288%"
9264,7441,"9,288%"
9755,9783,"9,286%"
1998,6845,"9,279%"
9887,9608,"9,274%"
112,10020,"9,270%"
540,9173,"9,270%"
829,826,"9,270%"
865,9025,"9,270%"
969,9293,"9,270%"
995,9546,"9,270%"
1301,5058,"9,270%"
2464,7603,"9,270%"
2464,4098,"9,270%"
2543,4386,"9,270%"
3464,5025,"9,270%"
3464,3484,"9,270%"
3608,7334,"9,270%"
4029,6690,"9,270%"
4073,4292,"9,270%"
4073,4038,"9,270%"
4345,4345,"9,270%"
4352,3712,"9,270%"
8094,5109,"9,270%"
8152,6748,"9,270%"
8156,8099,"9,270%"
8251,8927,"9,270%"
8271,9173,"9,270%"
8365,2967,"9,270%"
8449,8220,"9,270%"
8453,8371,"9,270%"
8454,9505,"9,270%"
8454,9470,"9,270%"
8523,8334,"9,270%"
8547,9336,"9,270%"
8575,9336,"9,270%"
8617,4570,"9,270%"
8634,6518,"9,270%"
8642,9505,"9,270%"
8712,8706,"9,270%"
8728,9285,"9,270%"
8815,6031,"9,270%"
8816,8544,"9,270%"
8852,3631,"9,270%"
8918,4386,"9,270%"
8982,8978,"9,270%"
9241,9362,"9,270%"
9319,9415,"9,270%"
9438,9433,"9,270%"
9444,4190,"9,270%"
9523,9305,"9,270%"
9532,6378,"9,270%"
9624,9584,"9,267%"
884,4004,"9,261%"
935,3562,"9,261%"
954,8259,"9,261%"
1612,2174,"9,261%"
2736,6246,"9,261%"
8302,9410,"9,261%"
8349,9305,"9,261%"
8560,8261,"9,261%"
8649,8254,"9,261%"
8783,9366,"9,261%"
8815,6853,"9,261%"
9144,10112,"9,261%"
9208,9009,"9,261%"
7769,5665,"9,255%"
9075,717,"9,252%"
4055,10112,"9,243%"
4055,4584,"9,243%"
9354,8301,"9,243%"
1592,2198,"9,242%"
7771,5107,"9,242%"
10068,6766,"9,234%"
570,6071,"9,225%"
637,587,"9,225%"
1492,1383,"9,225%"
2156,479,"9,217%"
9801,5610,"9,217%"
9626,7068,"9,216%"
1583,7531,"9,211%"
1836,1766,"9,198%"
914,8692,"9,198%"
2934,3950,"9,198%"
3099,4160,"9,198%"
4163,3405,"9,198%"
4591,4488,"9,198%"
7933,8501,"9,198%"
8343,7205,"9,198%"
8372,8368,"9,198%"
8396,3696,"9,198%"
8563,8261,"9,198%"
8656,8071,"9,198%"
8971,5341,"9,198%"
9214,9805,"9,198%"
9271,5462,"9,198%"
1231,5311,"9,189%"
1249,1766,"9,189%"
786,7174,"9,180%"
849,9242,"9,180%"
850,5971,"9,180%"
855,4941,"9,180%"
882,9566,"9,180%"
919,9318,"9,180%"
931,5670,"9,180%"
956,8778,"9,180%"
1693,7342,"9,180%"
2601,5484,"9,180%"
3146,8935,"9,180%"
3914,9293,"9,180%"
4267,5992,"9,180%"
7740,5157,"9,180%"
8082,4818,"9,180%"
8184,8553,"9,180%"
8251,4301,"9,180%"
8313,8334,"9,180%"
8436,9465,"9,180%"
8561,8468,"9,180%"
8570,5018,"9,180%"
8572,9336,"9,180%"
8622,3944,"9,180%"
8625,21,"9,180%"
8724,9293,"9,180%"
8773,8095,"9,180%"
8814,8116,"9,180%"
8830,9791,"9,180%"
8837,5931,"9,180%"
8856,8863,"9,180%"
8877,6710,"9,180%"
8950,8935,"9,180%"
9149,3827,"9,180%"
9155,9108,"9,180%"
9239,9305,"9,180%"
9256,9293,"9,180%"
9887,5885,"9,180%"
704,5639,"9,173%"
1272,3106,"9,173%"
7634,7733,"9,171%"
1381,2279,"9,162%"
1441,6581,"9,162%"
1982,1766,"9,160%"
8758,9543,"9,153%"
4119,4445,"9,148%"
2781,5089,"9,141%"
569,6941,"9,135%"
1794,2299,"9,135%"
1925,2157,"9,135%"
820,8334,"9,135%"
849,9242,"9,135%"
885,9842,"9,135%"
993,7278,"9,135%"
2609,2314,"9,135%"
3432,9138,"9,135%"
8183,8232,"9,135%"
8184,8547,"9,135%"
8571,9567,"9,135%"
8582,9177,"9,135%"
8773,8096,"9,135%"
8920,9308,"9,135%"
8944,9284,"9,135%"
9102,9293,"9,135%"
9333,8334,"9,135%"
2010,6239,"9,129%"
1338,1406,"9,126%"
9667,6790,"9,126%"
1656,6940,"9,116%"
1231,7103,"9,108%"
1249,4548,"9,104%"
1661,1493,"9,099%"
815,9193,"9,090%"
906,4991,"9,090%"
2521,5119,"9,090%"
3212,10080,"9,090%"
3372,3494,"9,090%"
4029,6891,"9,090%"
4029,3595,"9,090%"
4361,3605,"9,090%"
8127,5971,"9,090%"
8189,9285,"9,090%"
8211,9364,"9,090%"
8230,7247,"9,090%"
8270,9173,"9,090%"
8357,8543,"9,090%"
8365,2709,"9,090%"
8388,2709,"9,090%"
8401,8618,"9,090%"
8447,8220,"9,090%"
8470,7548,"9,090%"
8559,8261,"9,090%"
8579,8587,"9,090%"
8602,8115,"9,090%"
8667,7952,"9,090%"
8716,9308,"9,090%"
8717,9308,"9,090%"
8751,9285,"9,090%"
8802,5277,"9,090%"
8880,7246,"9,090%"
8968,6985,"9,090%"
8985,8989,"9,090%"
9072,3550,"9,090%"
9129,4585,"9,090%"
9226,4301,"9,090%"
9314,6018,"9,090%"
9402,6166,"9,090%"
9438,375,"9,090%"
1878,4202,"9,085%"
1929,2218,"9,078%"
2589,5480,"9,072%"
548,8528,"9,072%"
902,3160,"9,072%"
1030,8496,"9,072%"
2749,3221,"9,072%"
4390,4178,"9,072%"
4444,4025,"9,072%"
4719,4488,"9,072%"
8083,4392,"9,072%"
8289,9173,"9,072%"
8535,8540,"9,072%"
8750,8755,"9,072%"
8986,3433,"9,072%"
8987,4570,"9,072%"
9130,9100,"9,072%"
9237,9364,"9,072%"
9248,395,"9,072%"
9517,8259,"9,072%"
9575,5587,"9,072%"
9587,7738,"9,072%"
9915,4488,"9,072%"
1933,2055,"9,063%"
9771,7997,"9,063%"
1366,7388,"9,053%"
1567,1455,"9,053%"
9636,9660,"9,053%"
1729,1776,"9,047%"
9859,3076,"9,047%"
876,8973,"9,045%"
9887,9583,"9,041%"
1170,2068,"9,027%"
8711,8722,"9,027%"
9060,627,"9,027%"
2968,3766,"9,018%"
591,5603,"9,009%"
2083,2094,"9,009%"
988,9295,"9,009%"
1046,9441,"9,009%"
2736,4184,"9,009%"
2766,2837,"9,009%"
3192,4333,"9,009%"
4457,3390,"9,009%"
8186,9173,"9,009%"
8207,5973,"9,009%"
8234,9173,"9,009%"
8368,2967,"9,009%"
8375,7444,"9,009%"
8394,8618,"9,009%"
8458,9190,"9,009%"
8532,5260,"9,009%"
8544,9177,"9,009%"
8548,9336,"9,009%"
8575,8261,"9,009%"
8617,9505,"9,009%"
8751,9316,"9,009%"
8983,9341,"9,009%"
8995,9555,"9,009%"
9105,9416,"9,009%"
9246,9480,"9,009%"
1822,2093,"9,003%"
1859,2251,"9,003%"
35,6497,"9,000%"
51,6227,"9,000%"
61,9482,"9,000%"
96,5471,"9,000%"
775,6419,"9,000%"
848,3944,"9,000%"
937,8260,"9,000%"
968,7901,"9,000%"
992,8618,"9,000%"
2277,4250,"9,000%"
2443,5112,"9,000%"
2448,7405,"9,000%"
2448,3878,"9,000%"
2451,5897,"9,000%"
2451,5437,"9,000%"
2459,6831,"9,000%"
2461,10080,"9,000%"
2463,4271,"9,000%"
2469,10080,"9,000%"
2478,3862,"9,000%"
2511,5429,"9,000%"
2528,4750,"9,000%"
2531,5936,"9,000%"
2537,3887,"9,000%"
2539,3944,"9,000%"
2551,4303,"9,000%"
2581,7135,"9,000%"
2581,6407,"9,000%"
2581,5760,"9,000%"
2581,5505,"9,000%"
2581,4333,"9,000%"
2581,4132,"9,000%"
2599,8910,"9,000%"
2616,4021,"9,000%"
2616,3570,"9,000%"
2683,2967,"9,000%"
2684,10112,"9,000%"
2722,7492,"9,000%"
2742,1921,"9,000%"
2744,2938,"9,000%"
2761,3525,"9,000%"
2778,3134,"9,000%"
2792,3570,"9,000%"
2806,2742,"9,000%"
2865,3541,"9,000%"
2867,1921,"9,000%"
2882,3555,"9,000%"
2884,9776,"9,000%"
2884,3555,"9,000%"
2884,2160,"9,000%"
2889,6759,"9,000%"
2889,5427,"9,000%"
2900,8998,"9,000%"
2911,3484,"9,000%"
2927,514,"9,000%"
2943,3522,"9,000%"
2960,6709,"9,000%"
2963,6709,"9,000%"
2977,4488,"9,000%"
3005,1921,"9,000%"
3015,2989,"9,000%"
3035,194,"9,000%"
3050,4184,"9,000%"
3056,3570,"9,000%"
3062,1921,"9,000%"
3065,7591,"9,000%"
3167,3141,"9,000%"
3171,3574,"9,000%"
3195,2569,"9,000%"
3198,4038,"9,000%"
3201,254,"9,000%"
3209,6685,"9,000%"
3227,9830,"9,000%"
3231,3621,"9,000%"
3251,4194,"9,000%"
3252,4049,"9,000%"
3271,4045,"9,000%"
3271,3627,"9,000%"
3271,3468,"9,000%"
3309,4350,"9,000%"
3309,2843,"9,000%"
3311,1921,"9,000%"
3323,4584,"9,000%"
3323,3829,"9,000%"
3327,4350,"9,000%"
3340,2709,"9,000%"
3355,3023,"9,000%"
3401,3950,"9,000%"
3437,6836,"9,000%"
3472,3173,"9,000%"
3478,4584,"9,000%"
3505,4585,"9,000%"
3505,4097,"9,000%"
3515,3326,"9,000%"
3521,4206,"9,000%"
3586,3733,"9,000%"
3599,10080,"9,000%"
3599,6797,"9,000%"
3667,3974,"9,000%"
3667,3944,"9,000%"
3667,2869,"9,000%"
3679,5491,"9,000%"
3690,6662,"9,000%"
3690,4181,"9,000%"
3700,2793,"9,000%"
3702,4373,"9,000%"
3756,4285,"9,000%"
3759,5996,"9,000%"
3759,3046,"9,000%"
3765,500,"9,000%"
3773,4376,"9,000%"
3797,4488,"9,000%"
3814,3605,"9,000%"
3855,3659,"9,000%"
3869,4291,"9,000%"
3896,4584,"9,000%"
3899,6216,"9,000%"
3899,5584,"9,000%"
3899,4476,"9,000%"
3899,3895,"9,000%"
3923,4168,"9,000%"
3948,4190,"9,000%"
3950,2869,"9,000%"
3982,3713,"9,000%"
3993,10080,"9,000%"
4001,4041,"9,000%"
4028,6559,"9,000%"
4064,10080,"9,000%"
4066,2857,"9,000%"
4067,10112,"9,000%"
4067,4584,"9,000%"
4102,6848,"9,000%"
4104,476,"9,000%"
4107,4346,"9,000%"
4112,5563,"9,000%"
4128,4124,"9,000%"
4145,4237,"9,000%"
4174,4517,"9,000%"
4182,7197,"9,000%"
4188,3627,"9,000%"
4211,4488,"9,000%"
4214,4237,"9,000%"
4236,3525,"9,000%"
4246,10080,"9,000%"
4248,3605,"9,000%"
4266,6641,"9,000%"
4266,4169,"9,000%"
4266,3796,"9,000%"
4288,3605,"9,000%"
4308,5547,"9,000%"
4322,7410,"9,000%"
4341,2316,"9,000%"
4365,4219,"9,000%"
4380,4178,"9,000%"
4383,4082,"9,000%"
4414,3733,"9,000%"
4424,3300,"9,000%"
4450,2857,"9,000%"
4451,4041,"9,000%"
4467,10112,"9,000%"
4483,5956,"9,000%"
4483,4237,"9,000%"
4487,3902,"9,000%"
4511,4157,"9,000%"
4592,9943,"9,000%"
4592,3618,"9,000%"
4598,7111,"9,000%"
4598,5057,"9,000%"
4598,4978,"9,000%"
4623,5704,"9,000%"
4656,5432,"9,000%"
4656,3713,"9,000%"
4732,6064,"9,000%"
4778,4445,"9,000%"
7768,7778,"9,000%"
8085,8811,"9,000%"
8149,9480,"9,000%"
8215,7281,"9,000%"
8343,8344,"9,000%"
8382,8368,"9,000%"
8448,8974,"9,000%"
8554,9336,"9,000%"
8653,5873,"9,000%"
8661,6379,"9,000%"
8739,9497,"9,000%"
8785,7251,"9,000%"
8832,8419,"9,000%"
8977,9289,"9,000%"
9100,5971,"9,000%"
9144,9109,"9,000%"
9365,9470,"9,000%"
9550,9364,"9,000%"
9559,7287,"9,000%"
9636,9632,"9,000%"
9636,9589,"9,000%"
9874,9805,"9,000%"
9918,6493,"9,000%"
10021,9940,"9,000%"
2701,5218,"8,990%"
9793,8044,"8,984%"
1979,1815,"8,965%"
1425,2118,"8,952%"
1560,1921,"8,952%"
3976,6388,"8,946%"
850,8974,"8,946%"
923,9230,"8,946%"
1849,7242,"8,946%"
2446,7089,"8,946%"
2897,4980,"8,946%"
8157,8341,"8,946%"
8378,8999,"8,946%"
8438,9505,"8,946%"
8454,9565,"8,946%"
8455,8309,"8,946%"
8516,8299,"8,946%"
8543,9289,"8,946%"
8571,9336,"8,946%"
9082,8936,"8,946%"
9181,8305,"8,946%"
9253,8125,"8,946%"
9603,9707,"8,928%"
2010,6138,"8,927%"
1350,6145,"8,921%"
851,8618,"8,919%"
4514,4514,"8,919%"
9719,9699,"8,919%"
813,9288,"8,910%"
853,8368,"8,910%"
1019,7250,"8,910%"
2544,4480,"8,910%"
3680,3767,"8,910%"
3706,4386,"8,910%"
8211,4570,"8,910%"
8284,9359,"8,910%"
8386,6380,"8,910%"
8388,9470,"8,910%"
8553,9567,"8,910%"
8721,6502,"8,910%"
8863,8983,"8,910%"
9041,8646,"8,910%"
10053,8999,"8,910%"
2063,5880,"8,901%"
2064,2017,"8,901%"
1836,1908,"8,896%"
2119,9556,"8,883%"
872,6496,"8,883%"
906,9242,"8,883%"
938,9293,"8,883%"
4352,3468,"8,883%"
7761,8000,"8,883%"
8076,8326,"8,883%"
8204,8069,"8,883%"
8257,7539,"8,883%"
8365,8916,"8,883%"
8377,8973,"8,883%"
8563,9567,"8,883%"
8947,9108,"8,883%"
9995,3631,"8,883%"
121,4139,"8,870%"
1632,378,"8,864%"
1697,5,"8,864%"
2293,2180,"8,864%"
1401,6465,"8,856%"
1370,1908,"8,847%"
9664,7162,"8,847%"
2490,3856,"8,839%"
1293,1751,"8,829%"
47,10080,"8,820%"
57,8341,"8,820%"
57,3574,"8,820%"
91,2895,"8,820%"
95,3827,"8,820%"
937,9308,"8,820%"
1220,1908,"8,820%"
2417,3627,"8,820%"
2448,9274,"8,820%"
2448,7094,"8,820%"
2460,6847,"8,820%"
2476,3925,"8,820%"
2485,3541,"8,820%"
2495,8998,"8,820%"
2509,2756,"8,820%"
2511,3944,"8,820%"
2517,9096,"8,820%"
2537,4201,"8,820%"
2551,7089,"8,820%"
2555,4488,"8,820%"
2555,2756,"8,820%"
2566,7046,"8,820%"
2615,3487,"8,820%"
2628,8843,"8,820%"
2630,4045,"8,820%"
2655,6041,"8,820%"
2685,7139,"8,820%"
2715,3468,"8,820%"
2727,3705,"8,820%"
2735,3627,"8,820%"
2738,4071,"8,820%"
2739,4194,"8,820%"
2776,10080,"8,820%"
2784,1127,"8,820%"
2836,4002,"8,820%"
2853,4488,"8,820%"
2905,3134,"8,820%"
2920,8053,"8,820%"
2920,196,"8,820%"
2944,2869,"8,820%"
2965,4584,"8,820%"
2969,3578,"8,820%"
3005,4301,"8,820%"
3006,2191,"8,820%"
3015,9686,"8,820%"
3032,3326,"8,820%"
3050,4373,"8,820%"
3054,3486,"8,820%"
3108,4237,"8,820%"
3118,3925,"8,820%"
3141,3023,"8,820%"
3170,9816,"8,820%"
3170,3555,"8,820%"
3172,8011,"8,820%"
3176,4567,"8,820%"
3197,5470,"8,820%"
3201,3978,"8,820%"
3226,1921,"8,820%"
3269,4406,"8,820%"
3310,3771,"8,820%"
3325,2837,"8,820%"
3336,2749,"8,820%"
3342,2399,"8,820%"
3472,3300,"8,820%"
3602,3627,"8,820%"
3651,3605,"8,820%"
3666,4175,"8,820%"
3748,3877,"8,820%"
3775,6484,"8,820%"
3807,6672,"8,820%"
3828,4025,"8,820%"
3828,3902,"8,820%"
3896,395,"8,820%"
3945,4026,"8,820%"
3950,3925,"8,820%"
3987,4488,"8,820%"
4019,10080,"8,820%"
4042,9108,"8,820%"
4042,395,"8,820%"
4058,7940,"8,820%"
4065,3627,"8,820%"
4102,3832,"8,820%"
4104,9919,"8,820%"
4144,10080,"8,820%"
4188,4045,"8,820%"
4196,4342,"8,820%"
4214,7432,"8,820%"
4232,2857,"8,820%"
4239,4169,"8,820%"
4239,3906,"8,820%"
4248,3713,"8,820%"
4316,9830,"8,820%"
4336,4386,"8,820%"
4355,3525,"8,820%"
4383,5105,"8,820%"
4447,523,"8,820%"
4459,3468,"8,820%"
4466,10080,"8,820%"
4503,3978,"8,820%"
4587,5275,"8,820%"
4653,3970,"8,820%"
4784,5498,"8,820%"
8073,3727,"8,820%"
8805,8935,"8,820%"
8856,6971,"8,820%"
9105,6601,"8,820%"
805,8334,"8,820%"
976,9498,"8,820%"
1628,5311,"8,820%"
8240,8229,"8,820%"
8335,9050,"8,820%"
8354,8441,"8,820%"
8355,9013,"8,820%"
8444,9294,"8,820%"
8555,9177,"8,820%"
8665,8261,"8,820%"
8688,9138,"8,820%"
8784,9308,"8,820%"
8841,5791,"8,820%"
8973,9469,"8,820%"
1945,1879,"8,802%"
9594,9585,"8,802%"
9751,9747,"8,795%"
8379,4576,"8,782%"
1351,6408,"8,776%"
9665,9743,"8,776%"
4440,10080,"8,775%"
2682,3827,"8,770%"
9815,10124,"8,770%"
1474,2208,"8,766%"
790,8128,"8,757%"
880,8916,"8,757%"
945,2133,"8,757%"
971,9351,"8,757%"
1003,3727,"8,757%"
2760,1921,"8,757%"
2934,3555,"8,757%"
3929,4488,"8,757%"
4599,5374,"8,757%"
8111,9400,"8,757%"
8127,8099,"8,757%"
8142,9098,"8,757%"
8240,8228,"8,757%"
8251,8989,"8,757%"
8474,9293,"8,757%"
8566,8261,"8,757%"
8573,9177,"8,757%"
8592,4838,"8,757%"
8839,6058,"8,757%"
8938,6323,"8,757%"
8977,9470,"8,757%"
8977,3727,"8,757%"
9129,9108,"8,757%"
9157,7733,"8,757%"
9166,3727,"8,757%"
9231,8647,"8,757%"
1175,9290,"8,757%"
9495,4386,"8,757%"
2178,1985,"8,748%"
585,7684,"8,738%"
790,8125,"8,730%"
1029,5933,"8,730%"
3922,10080,"8,730%"
4390,4513,"8,730%"
8180,7270,"8,730%"
8245,7581,"8,730%"
8546,8261,"8,730%"
8722,9318,"8,730%"
9635,9605,"8,721%"
905,9470,"8,694%"
938,8826,"8,694%"
949,5698,"8,694%"
977,9232,"8,694%"
1050,4878,"8,694%"
3192,4237,"8,694%"
4200,3340,"8,694%"
8121,5637,"8,694%"
8152,2366,"8,694%"
8176,9565,"8,694%"
8260,8286,"8,694%"
8428,9230,"8,694%"
8569,9567,"8,694%"
8639,8528,"8,694%"
8670,9367,"8,694%"
8767,6520,"8,694%"
8963,9481,"8,694%"
8842,5355,"8,688%"
9730,9669,"8,681%"
8408,8916,"8,669%"
4395,3713,"8,667%"
83,5090,"8,663%"
1909,4373,"8,658%"
1552,2133,"8,656%"
2623,10080,"8,656%"
150,158,"8,649%"
1626,1604,"8,649%"
2800,4304,"8,649%"
9810,1162,"8,649%"
985,3827,"8,640%"
1183,1986,"8,640%"
1642,2160,"8,640%"
2141,2134,"8,640%"
3218,4188,"8,640%"
3218,3602,"8,640%"
3401,3408,"8,640%"
4176,3380,"8,640%"
8078,7181,"8,640%"
8184,8548,"8,640%"
8255,8008,"8,640%"
8271,6108,"8,640%"
8387,5969,"8,640%"
8413,3727,"8,640%"
9439,8441,"8,640%"
9448,7246,"8,640%"
544,9108,"8,631%"
891,7728,"8,631%"
891,2231,"8,631%"
2603,4689,"8,631%"
2973,2938,"8,631%"
4506,4488,"8,631%"
4724,5275,"8,631%"
8082,6709,"8,631%"
8098,9401,"8,631%"
8365,6228,"8,631%"
8406,8632,"8,631%"
8440,9523,"8,631%"
8786,9303,"8,631%"
8805,8989,"8,631%"
8898,8674,"8,631%"
8918,9108,"8,631%"
9253,9305,"8,631%"
9514,9480,"8,631%"
952,9099,"8,631%"
9624,9646,"8,622%"
663,9694,"8,606%"
2120,1806,"8,606%"
7671,8025,"8,606%"
2001,2153,"8,604%"
3314,829,"8,604%"
2041,8496,"8,600%"
2236,7646,"8,595%"
9581,5114,"8,593%"
7932,8371,"8,581%"
9713,1065,"8,577%"
785,7174,"8,568%"
856,9138,"8,568%"
4122,4237,"8,568%"
8356,9358,"8,568%"
8378,9242,"8,568%"
8398,9505,"8,568%"
8432,9523,"8,568%"
8584,841,"8,568%"
8968,9780,"8,568%"
9020,9345,"8,568%"
9102,9293,"8,568%"
9224,4406,"8,568%"
9461,8221,"8,568%"
659,9819,"8,562%"
4440,479,"8,562%"
9525,8220,"8,559%"
777,8833,"8,550%"
818,7361,"8,550%"
845,9229,"8,550%"
2096,5901,"8,550%"
3057,7656,"8,550%"
3706,3671,"8,550%"
3787,2725,"8,550%"
4320,2843,"8,550%"
8546,9177,"8,550%"
8558,9367,"8,550%"
8564,9336,"8,550%"
8641,9287,"8,550%"
8722,3433,"8,550%"
8874,4406,"8,550%"
8919,8924,"8,550%"
1369,5819,"8,549%"
1474,1908,"8,549%"
9867,3972,"8,543%"
677,713,"8,541%"
2277,175,"8,532%"
1262,2050,"8,518%"
1556,7119,"8,518%"
551,4340,"8,514%"
4647,4799,"8,511%"
3511,4729,"8,505%"
774,9021,"8,505%"
779,8998,"8,505%"
864,9383,"8,505%"
1057,8618,"8,505%"
3084,3858,"8,505%"
3116,2742,"8,505%"
3308,10080,"8,505%"
3479,3656,"8,505%"
3774,2843,"8,505%"
4282,2392,"8,505%"
4364,3827,"8,505%"
4724,3408,"8,505%"
7933,6366,"8,505%"
8303,9308,"8,505%"
8347,7447,"8,505%"
8376,9505,"8,505%"
8463,2967,"8,505%"
8559,9336,"8,505%"
8561,7500,"8,505%"
8717,9316,"8,505%"
8882,7961,"8,505%"
8890,5971,"8,505%"
8890,821,"8,505%"
9571,7168,"8,505%"
3237,4304,"8,492%"
1355,10106,"8,487%"
3802,4423,"8,486%"
2236,2017,"8,474%"
9680,721,"8,474%"
3214,4080,"8,469%"
9968,9996,"8,467%"
9968,3640,"8,467%"
854,8618,"8,460%"
1470,2184,"8,460%"
2435,7872,"8,460%"
4163,3788,"8,460%"
8149,9480,"8,460%"
8208,8414,"8,460%"
8388,3727,"8,460%"
8566,9336,"8,460%"
8584,9367,"8,460%"
8658,8587,"8,460%"
8969,3545,"8,460%"
9027,9005,"8,460%"
9283,4994,"8,460%"
9347,8442,"8,460%"
9597,5351,"8,460%"
10053,8973,"8,460%"
1641,6138,"8,455%"
1653,8618,"8,451%"
1703,2250,"8,451%"
1958,6122,"8,451%"
2185,1105,"8,451%"
40,3380,"8,442%"
816,7514,"8,442%"
1412,1788,"8,442%"
3437,9125,"8,442%"
4267,3023,"8,442%"
7933,6771,"8,442%"
8429,8973,"8,442%"
8605,9186,"8,442%"
8802,8631,"8,442%"
8987,9566,"8,442%"
9450,8274,"8,442%"
9496,5958,"8,442%"
663,9843,"8,442%"
876,9188,"8,423%"
8513,9267,"8,417%"
4742,6252,"8,406%"
2620,4576,"8,397%"
4761,3973,"8,397%"
1619,2202,"8,379%"
38,6442,"8,379%"
925,8925,"8,379%"
2973,6488,"8,379%"
3045,4373,"8,379%"
8106,8479,"8,379%"
8263,9173,"8,379%"
8353,4937,"8,379%"
8401,2967,"8,379%"
8425,9285,"8,379%"
8582,9336,"8,379%"
8616,8309,"8,379%"
8799,8631,"8,379%"
9123,9108,"8,379%"
9199,8973,"8,379%"
9214,9207,"8,379%"
9614,4373,"8,379%"
8148,8935,"8,373%"
9664,4386,"8,373%"
848,9505,"8,370%"
926,7515,"8,370%"
1933,1819,"8,370%"
2217,1908,"8,370%"
3372,3611,"8,370%"
8149,5619,"8,370%"
8786,9507,"8,370%"
9618,9893,"8,370%"
776,8111,"8,366%"
2047,1980,"8,361%"
9882,575,"8,361%"
1381,4075,"8,360%"
2021,3877,"8,360%"
1717,6607,"8,348%"
3563,3390,"8,348%"
94,6666,"8,343%"
9886,5527,"8,325%"
1238,6825,"8,316%"
1639,5912,"8,316%"
9793,5010,"8,316%"
767,9138,"8,316%"
774,8095,"8,316%"
843,8716,"8,316%"
986,4574,"8,316%"
1691,2093,"8,316%"
2794,9674,"8,316%"
3146,1921,"8,316%"
3192,3756,"8,316%"
4320,4350,"8,316%"
8354,8442,"8,316%"
8427,2967,"8,316%"
8459,8971,"8,316%"
8788,3918,"8,316%"
8802,4922,"8,316%"
9269,8125,"8,316%"
9286,5247,"8,316%"
9530,4574,"8,316%"
9974,10080,"8,316%"
1910,2273,"8,307%"
1515,5715,"8,298%"
3794,3390,"8,298%"
8239,7340,"8,298%"
1565,3381,"8,291%"
1392,6029,"8,289%"
784,6625,"8,280%"
2577,2637,"8,280%"
4390,4237,"8,280%"
7767,6872,"8,280%"
8875,3677,"8,280%"
9247,9305,"8,280%"
2426,7239,"8,278%"
2099,2099,"8,271%"
1704,2709,"8,266%"
1301,1776,"8,253%"
1592,2015,"8,253%"
2021,6432,"8,253%"
3011,4020,"8,253%"
3858,10080,"8,253%"
865,4570,"8,253%"
885,8671,"8,253%"
926,8755,"8,253%"
1058,9383,"8,253%"
2524,4584,"8,253%"
2997,3937,"8,253%"
3422,9545,"8,253%"
8226,8817,"8,253%"
8255,4570,"8,253%"
8375,5344,"8,253%"
8417,9050,"8,253%"
8440,8998,"8,253%"
8547,3889,"8,253%"
8549,8261,"8,253%"
8676,8679,"8,253%"
8925,3433,"8,253%"
9090,8936,"8,253%"
9297,9364,"8,253%"
9447,7494,"8,253%"
9511,6422,"8,253%"
9873,9780,"8,244%"
1262,7037,"8,235%"
8264,5634,"8,235%"
1621,2154,"8,234%"
3271,7947,"8,228%"
874,8339,"8,226%"
3098,3932,"8,209%"
3640,8764,"8,209%"
4756,6477,"8,209%"
9878,1338,"8,209%"
2040,6183,"8,208%"
1975,3748,"8,203%"
94,6101,"8,196%"
816,6510,"8,190%"
1022,9240,"8,190%"
2428,2767,"8,190%"
2813,5466,"8,190%"
3372,3978,"8,190%"
4323,9435,"8,190%"
8367,6883,"8,190%"
8427,8368,"8,190%"
8473,5804,"8,190%"
8526,8973,"8,190%"
8784,8341,"8,190%"
41,7368,"8,190%"
61,501,"8,190%"
95,3877,"8,190%"
540,9284,"8,190%"
656,7363,"8,190%"
856,9383,"8,190%"
909,5474,"8,190%"
917,6978,"8,190%"
1060,5968,"8,190%"
2451,5268,"8,190%"
2475,6253,"8,190%"
2531,4021,"8,190%"
2605,3847,"8,190%"
2724,2709,"8,190%"
2739,4019,"8,190%"
2742,4406,"8,190%"
2753,9962,"8,190%"
2777,2756,"8,190%"
2852,1437,"8,190%"
2870,2894,"8,190%"
2889,2248,"8,190%"
2909,4515,"8,190%"
2929,5985,"8,190%"
2951,4237,"8,190%"
3006,3555,"8,190%"
3006,1776,"8,190%"
3023,4576,"8,190%"
3026,3567,"8,190%"
3029,7993,"8,190%"
3039,6999,"8,190%"
3081,2869,"8,190%"
3086,4388,"8,190%"
3131,4488,"8,190%"
3132,8935,"8,190%"
3132,3310,"8,190%"
3132,1921,"8,190%"
3145,2967,"8,190%"
3172,2869,"8,190%"
3231,3631,"8,190%"
3281,3627,"8,190%"
3314,8999,"8,190%"
3314,1921,"8,190%"
3323,3827,"8,190%"
3325,4350,"8,190%"
3336,1776,"8,190%"
3355,4406,"8,190%"
3515,4463,"8,190%"
3546,8630,"8,190%"
3586,6399,"8,190%"
3586,4573,"8,190%"
3644,4037,"8,190%"
3720,9747,"8,190%"
3809,10080,"8,190%"
3843,2756,"8,190%"
3867,3902,"8,190%"
3887,3877,"8,190%"
3917,3525,"8,190%"
3945,3715,"8,190%"
3960,2869,"8,190%"
3965,5017,"8,190%"
3965,4326,"8,190%"
3965,4049,"8,190%"
3965,3973,"8,190%"
3994,4579,"8,190%"
3997,4038,"8,190%"
4028,4851,"8,190%"
4081,5930,"8,190%"
4096,2869,"8,190%"
4107,7779,"8,190%"
4116,7368,"8,190%"
4144,10080,"8,190%"
4145,6406,"8,190%"
4169,4513,"8,190%"
4182,4401,"8,190%"
4184,4488,"8,190%"
4236,3685,"8,190%"
4243,7074,"8,190%"
4254,4350,"8,190%"
4266,2930,"8,190%"
4270,8503,"8,190%"
4290,4237,"8,190%"
4296,4295,"8,190%"
4296,3895,"8,190%"
4322,3825,"8,190%"
4322,3767,"8,190%"
4366,6888,"8,190%"
4371,3858,"8,190%"
4404,4889,"8,190%"
4478,6185,"8,190%"
4650,3862,"8,190%"
4685,3782,"8,190%"
4714,4139,"8,190%"
4732,4434,"8,190%"
4763,6560,"8,190%"
7752,7748,"8,190%"
8157,8777,"8,190%"
8159,7175,"8,190%"
8267,9550,"8,190%"
8269,9293,"8,190%"
8286,6319,"8,190%"
8330,8912,"8,190%"
8424,9566,"8,190%"
8531,9566,"8,190%"
8549,9177,"8,190%"
8673,9308,"8,190%"
8763,9141,"8,190%"
8801,9556,"8,190%"
8860,4976,"8,190%"
8880,6177,"8,190%"
8946,4025,"8,190%"
9014,2756,"8,190%"
9037,3918,"8,190%"
9249,812,"8,190%"
9707,6086,"8,184%"
1927,2199,"8,181%"
3800,6615,"8,181%"
3800,4430,"8,181%"
2042,2199,"8,171%"
714,6237,"8,165%"
8798,8631,"8,159%"
1512,2174,"8,154%"
4083,3598,"8,154%"
1512,3615,"8,140%"
7631,6508,"8,140%"
9721,9704,"8,140%"
9790,9674,"8,127%"
813,9308,"8,127%"
911,9050,"8,127%"
918,9305,"8,127%"
2464,6397,"8,127%"
3192,3804,"8,127%"
4323,9434,"8,127%"
7640,7976,"8,127%"
8270,9550,"8,127%"
8376,5971,"8,127%"
8598,9177,"8,127%"
8638,8636,"8,127%"
8726,9318,"8,127%"
8808,7284,"8,127%"
8838,5914,"8,127%"
8956,8999,"8,127%"
9137,8924,"8,127%"
9216,1921,"8,127%"
2089,5310,"8,121%"
9750,9645,"8,118%"
3511,3685,"8,114%"
1592,2118,"8,109%"
1967,1759,"8,109%"
730,9655,"8,102%"
58,3344,"8,100%"
66,3474,"8,100%"
541,8260,"8,100%"
541,8152,"8,100%"
586,6032,"8,100%"
779,9081,"8,100%"
786,9308,"8,100%"
816,9173,"8,100%"
943,2113,"8,100%"
969,9674,"8,100%"
984,8998,"8,100%"
990,6496,"8,100%"
1017,769,"8,100%"
1047,8163,"8,100%"
1047,3727,"8,100%"
1351,1776,"8,100%"
1502,8012,"8,100%"
1937,3733,"8,100%"
2421,3925,"8,100%"
2494,4488,"8,100%"
2522,3651,"8,100%"
2528,5839,"8,100%"
2580,10080,"8,100%"
2590,5261,"8,100%"
2604,4025,"8,100%"
2621,2756,"8,100%"
2625,3803,"8,100%"
2629,2709,"8,100%"
2640,3858,"8,100%"
2670,6582,"8,100%"
2670,4440,"8,100%"
2697,3484,"8,100%"
2751,3862,"8,100%"
2754,3902,"8,100%"
2764,4219,"8,100%"
2765,7949,"8,100%"
2776,2709,"8,100%"
2789,3399,"8,100%"
2870,2837,"8,100%"
2878,3950,"8,100%"
2900,6952,"8,100%"
2911,3519,"8,100%"
2921,2709,"8,100%"
2943,9979,"8,100%"
2973,2869,"8,100%"
2979,7303,"8,100%"
2979,4373,"8,100%"
3003,4373,"8,100%"
3039,3836,"8,100%"
3057,4234,"8,100%"
3093,1921,"8,100%"
3131,3871,"8,100%"
3166,9700,"8,100%"
3284,1921,"8,100%"
3306,4454,"8,100%"
3322,3515,"8,100%"
3323,6778,"8,100%"
3400,4488,"8,100%"
3565,3902,"8,100%"
3588,2766,"8,100%"
3643,4408,"8,100%"
3689,3818,"8,100%"
3736,5886,"8,100%"
3748,4584,"8,100%"
3785,3906,"8,100%"
3789,4038,"8,100%"
3814,4178,"8,100%"
3822,6716,"8,100%"
3887,10080,"8,100%"
3904,3502,"8,100%"
3906,4237,"8,100%"
3988,10031,"8,100%"
4042,3918,"8,100%"
4065,3468,"8,100%"
4075,10112,"8,100%"
4075,4386,"8,100%"
4075,1908,"8,100%"
4110,3801,"8,100%"
4134,4452,"8,100%"
4169,4219,"8,100%"
4196,3524,"8,100%"
4225,4452,"8,100%"
4260,3902,"8,100%"
4435,4342,"8,100%"
4495,3605,"8,100%"
4599,4874,"8,100%"
4599,4874,"8,100%"
4623,5483,"8,100%"
4644,4513,"8,100%"
4651,5756,"8,100%"
4682,10080,"8,100%"
4682,9969,"8,100%"
4682,4108,"8,100%"
4683,3782,"8,100%"
4704,3880,"8,100%"
4732,4836,"8,100%"
4790,6614,"8,100%"
4790,5674,"8,100%"
7768,7183,"8,100%"
8362,4141,"8,100%"
8381,8618,"8,100%"
8392,9516,"8,100%"
8392,8368,"8,100%"
8403,8973,"8,100%"
8403,4574,"8,100%"
8405,8523,"8,100%"
8553,9336,"8,100%"
8587,4045,"8,100%"
8587,3627,"8,100%"
8690,6278,"8,100%"
8790,9108,"8,100%"
8813,9308,"8,100%"
8826,5478,"8,100%"
8826,409,"8,100%"
8917,3918,"8,100%"
9034,8935,"8,100%"
9071,1921,"8,100%"
9094,8734,"8,100%"
9096,7188,"8,100%"
9098,5971,"8,100%"
9113,1908,"8,100%"
9179,4386,"8,100%"
9255,5667,"8,100%"
9273,8468,"8,100%"
9453,8266,"8,100%"
9531,8103,"8,100%"
9745,3589,"8,100%"
10012,6443,"8,100%"
10058,3829,"8,100%"
10058,503,"8,100%"
4495,4109,"8,091%"
9880,1921,"8,089%"
8514,8332,"8,082%"
4285,4237,"8,073%"
3542,7413,"8,070%"
3707,7334,"8,070%"
9022,4574,"8,070%"
2015,8497,"8,064%"
3511,4237,"8,064%"
539,1067,"8,064%"
794,9566,"8,064%"
882,9470,"8,064%"
2435,3829,"8,064%"
2701,6844,"8,064%"
3294,3023,"8,064%"
4051,3827,"8,064%"
4077,5506,"8,064%"
8075,9285,"8,064%"
8119,6377,"8,064%"
8257,5196,"8,064%"
8379,1921,"8,064%"
8611,9505,"8,064%"
8652,5873,"8,064%"
8894,9304,"8,064%"
8950,5153,"8,064%"
8969,5785,"8,064%"
9016,3918,"8,064%"
9105,6478,"8,064%"
9134,5976,"8,064%"
9149,1766,"8,064%"
9234,7604,"8,064%"
1705,2709,"8,058%"
4340,4025,"8,055%"
8379,5822,"8,051%"
9032,6707,"8,039%"
2236,1980,"8,037%"
9597,6725,"8,014%"
790,8074,"8,010%"
1626,1390,"8,010%"
3116,3092,"8,010%"
8267,9173,"8,010%"
8462,8220,"8,010%"
8983,9345,"8,010%"
704,9893,"8,007%"
3794,3522,"8,007%"
1734,7391,"8,001%"
8627,8618,"8,001%"
906,9503,"8,001%"
1201,1921,"8,001%"
1415,5242,"8,001%"
2646,3655,"8,001%"
2912,179,"8,001%"
2980,2709,"8,001%"
3434,9210,"8,001%"
4361,3713,"8,001%"
8215,5148,"8,001%"
8391,547,"8,001%"
8575,9177,"8,001%"
8815,5253,"8,001%"
8877,4178,"8,001%"
9048,8998,"8,001%"
588,9081,"7,995%"
4276,6568,"7,982%"
1436,5846,"7,976%"
1379,2133,"7,974%"
2533,4302,"7,965%"
8491,8497,"7,965%"
9618,7168,"7,965%"
2454,5372,"7,963%"
2513,2833,"7,963%"
9617,7168,"7,956%"
1201,2133,"7,951%"
9295,3023,"7,951%"
2185,2118,"7,944%"
1204,6965,"7,938%"
2891,3651,"7,938%"
785,9285,"7,938%"
825,9076,"7,938%"
905,3727,"7,938%"
911,9050,"7,938%"
957,8998,"7,938%"
1497,6673,"7,938%"
2779,1119,"7,938%"
2818,4124,"7,938%"
2818,2869,"7,938%"
3206,2766,"7,938%"
4029,5759,"7,938%"
4077,6751,"7,938%"
4141,4488,"7,938%"
8343,5734,"7,938%"
8353,3435,"7,938%"
8431,3944,"7,938%"
8495,8261,"7,938%"
8565,9336,"7,938%"
8927,8989,"7,938%"
9115,3918,"7,938%"
9262,9328,"7,938%"
9347,9124,"7,938%"
9540,4386,"7,938%"
3640,4356,"7,932%"
1261,2024,"7,929%"
9101,5971,"7,925%"
1329,7149,"7,920%"
9130,9143,"7,920%"
9155,9108,"7,920%"
8834,8419,"7,911%"
1610,1994,"7,902%"
2192,7231,"7,893%"
3100,4373,"7,893%"
1699,2033,"7,888%"
1053,9363,"7,884%"
730,9648,"7,875%"
979,8973,"7,875%"
1000,9150,"7,875%"
2217,1763,"7,875%"
4477,3804,"7,875%"
8068,9173,"7,875%"
8072,5971,"7,875%"
8098,8324,"7,875%"
8190,9308,"7,875%"
8216,8528,"7,875%"
8239,8228,"7,875%"
8421,4570,"7,875%"
8421,4386,"7,875%"
8439,8973,"7,875%"
8449,9274,"7,875%"
8725,9318,"7,875%"
8733,4386,"7,875%"
8766,8236,"7,875%"
8802,8528,"7,875%"
9056,3023,"7,875%"
9056,1921,"7,875%"
9216,7974,"7,875%"
9449,5967,"7,875%"
9538,5109,"7,875%"
9570,4574,"7,875%"
9995,4584,"7,875%"
9995,3877,"7,875%"
9995,3829,"7,875%"
9995,3827,"7,875%"
1425,2164,"7,869%"
1641,2209,"7,869%"
1256,5502,"7,862%"
8177,7829,"7,850%"
4247,4103,"7,844%"
628,5657,"7,839%"
4094,2986,"7,837%"
2271,5800,"7,831%"
8770,9541,"7,831%"
850,4301,"7,830%"
1626,1406,"7,830%"
1745,7957,"7,830%"
2428,3195,"7,830%"
2526,4507,"7,830%"
2672,2796,"7,830%"
2717,5250,"7,830%"
4040,4115,"7,830%"
4353,2756,"7,830%"
4467,6339,"7,830%"
8206,8581,"7,830%"
8462,2709,"7,830%"
8782,5976,"7,830%"
9423,9007,"7,830%"
1626,2174,"7,825%"
7784,4124,"7,821%"
780,8998,"7,812%"
3112,5083,"7,812%"
3349,4350,"7,812%"
8076,6516,"7,812%"
8226,8945,"7,812%"
8555,8261,"7,812%"
8630,9469,"7,812%"
8865,9050,"7,812%"
8963,9492,"7,812%"
9228,9227,"7,812%"
9238,8129,"7,812%"
9519,4301,"7,812%"
1864,2161,"7,803%"
9667,4808,"7,803%"
7715,7913,"7,787%"
4094,2398,"7,781%"
3511,4513,"7,774%"
611,7336,"7,768%"
3521,5154,"7,768%"
4441,2350,"7,768%"
1452,1921,"7,767%"
2426,5548,"7,767%"
1206,2160,"7,758%"
2040,1875,"7,758%"
3111,10080,"7,749%"
9623,9625,"7,749%"
9880,661,"7,749%"
875,3918,"7,749%"
907,9460,"7,749%"
934,5954,"7,749%"
958,1005,"7,749%"
1046,6415,"7,749%"
1403,1921,"7,749%"
3138,3793,"7,749%"
3409,9099,"7,749%"
3668,3999,"7,749%"
3873,3742,"7,749%"
4117,2756,"7,749%"
4285,4513,"7,749%"
8077,8111,"7,749%"
8287,9293,"7,749%"
8314,8237,"7,749%"
8345,9416,"7,749%"
8364,9396,"7,749%"
8581,3627,"7,749%"
8583,8545,"7,749%"
8764,7182,"7,749%"
8823,8716,"7,749%"
8906,7750,"7,749%"
9073,9050,"7,749%"
9418,8716,"7,749%"
9532,6365,"7,749%"
668,660,"7,740%"
823,9404,"7,740%"
912,7429,"7,740%"
3891,10080,"7,740%"
8086,8935,"7,740%"
9130,9140,"7,740%"
9986,9980,"7,740%"
1427,1404,"7,736%"
1663,4903,"7,736%"
1816,1764,"7,731%"
2229,1811,"7,731%"
1933,2294,"7,730%"
2170,2170,"7,722%"
4432,4346,"7,722%"
692,617,"7,718%"
1531,2165,"7,718%"
2271,1709,"7,718%"
7779,4302,"7,713%"
1830,6126,"7,711%"
9582,9727,"7,711%"
1657,5393,"7,705%"
7769,5777,"7,699%"
1618,5745,"7,695%"
1626,6051,"7,695%"
1531,2137,"7,692%"
9806,9703,"7,692%"
780,3918,"7,686%"
789,9383,"7,686%"
789,4570,"7,686%"
997,4797,"7,686%"
1058,4574,"7,686%"
3043,7717,"7,686%"
3279,4373,"7,686%"
4370,6338,"7,686%"
8215,6058,"7,686%"
8238,9293,"7,686%"
8353,8352,"7,686%"
8388,2967,"7,686%"
8623,8973,"7,686%"
8714,4406,"7,686%"
8807,7190,"7,686%"
8822,9303,"7,686%"
8873,9108,"7,686%"
9113,5849,"7,686%"
9236,9284,"7,686%"
9243,4546,"7,686%"
3680,7484,"7,680%"
1911,2181,"7,677%"
9836,9762,"7,673%"
10000,5090,"7,673%"
9664,6066,"7,668%"
562,589,"7,655%"
886,8261,"7,650%"
953,9415,"7,650%"
4282,3713,"7,650%"
8208,9285,"7,650%"
8608,8498,"7,650%"
8701,8700,"7,650%"
8790,9148,"7,650%"
9018,1921,"7,650%"
9134,9140,"7,650%"
1706,7666,"7,648%"
9664,7191,"7,648%"
8798,9475,"7,641%"
1822,6236,"7,632%"
2250,7545,"7,632%"
2192,1980,"7,629%"
2589,6780,"7,629%"
3241,4354,"7,629%"
767,6981,"7,623%"
802,5619,"7,623%"
858,9549,"7,623%"
965,8912,"7,623%"
1020,4556,"7,623%"
2518,7481,"7,623%"
3084,3570,"7,623%"
3140,9795,"7,623%"
3427,8930,"7,623%"
4323,411,"7,623%"
4724,3408,"7,623%"
4764,4513,"7,623%"
8076,9409,"7,623%"
8127,8096,"7,623%"
8164,9291,"7,623%"
8218,8528,"7,623%"
8388,5866,"7,623%"
8471,8260,"7,623%"
8630,9470,"7,623%"
8699,9284,"7,623%"
8810,6603,"7,623%"
8858,5116,"7,623%"
8929,7441,"7,623%"
9016,9131,"7,623%"
9046,9140,"7,623%"
9214,7451,"7,623%"
9276,4141,"7,623%"
9437,9433,"7,623%"
9537,9230,"7,623%"
9624,7168,"7,617%"
1895,5135,"7,605%"
1933,2115,"7,604%"
1881,6344,"7,598%"
7711,472,"7,596%"
1764,1764,"7,587%"
2009,2048,"7,578%"
3197,10080,"7,578%"
1922,1936,"7,573%"
2250,1921,"7,573%"
3297,4376,"7,573%"
9778,9669,"7,569%"
864,3944,"7,560%"
875,8339,"7,560%"
985,9138,"7,560%"
1815,1815,"7,560%"
1881,1764,"7,560%"
3891,10080,"7,560%"
4390,7413,"7,560%"
8197,9343,"7,560%"
8389,3727,"7,560%"
8463,2709,"7,560%"
8535,6423,"7,560%"
8803,2967,"7,560%"
9244,8220,"7,560%"
3665,5928,"7,560%"
3692,3829,"7,560%"
3698,3463,"7,560%"
3715,7197,"7,560%"
3746,1921,"7,560%"
3751,3685,"7,560%"
3757,4488,"7,560%"
3762,3713,"7,560%"
3765,5202,"7,560%"
3843,3578,"7,560%"
3847,10080,"7,560%"
3863,4237,"7,560%"
3867,4190,"7,560%"
3950,2709,"7,560%"
3991,1921,"7,560%"
4020,4045,"7,560%"
4099,6848,"7,560%"
4116,3921,"7,560%"
4223,3804,"7,560%"
4243,5477,"7,560%"
4250,4038,"7,560%"
4266,3804,"7,560%"
4268,10080,"7,560%"
4298,4488,"7,560%"
4339,4488,"7,560%"
4355,4181,"7,560%"
4358,3570,"7,560%"
4372,4237,"7,560%"
4380,4329,"7,560%"
4383,7219,"7,560%"
4393,4584,"7,560%"
4454,3317,"7,560%"
4474,3525,"7,560%"
4587,5937,"7,560%"
4656,5432,"7,560%"
4682,10080,"7,560%"
4682,202,"7,560%"
4685,4219,"7,560%"
4755,4488,"7,560%"
4755,3300,"7,560%"
4778,5101,"7,560%"
8085,9107,"7,560%"
8368,5890,"7,560%"
8415,6220,"7,560%"
8661,9290,"7,560%"
8820,9372,"7,560%"
8877,6648,"7,560%"
9036,3023,"7,560%"
9067,4570,"7,560%"
9121,4386,"7,560%"
9702,711,"7,560%"
9758,5639,"7,560%"
9903,9935,"7,560%"
9903,2379,"7,560%"
9933,3259,"7,560%"
7769,5823,"7,542%"
670,9670,"7,524%"
1262,7039,"7,524%"
9136,10123,"7,515%"
4340,3902,"7,479%"
9664,6066,"7,479%"
820,8334,"7,470%"
837,8630,"7,470%"
850,5544,"7,470%"
1619,2192,"7,470%"
2103,2252,"7,470%"
2813,5466,"7,470%"
4699,9346,"7,470%"
8147,9469,"7,470%"
8456,8806,"7,470%"
8555,4045,"7,470%"
8563,9336,"7,470%"
8643,9470,"7,470%"
9129,9111,"7,470%"
2869,3950,"7,452%"
3529,3862,"7,452%"
1882,6135,"7,425%"
663,7909,"7,380%"
1204,6171,"7,380%"
1773,1930,"7,380%"
1943,5075,"7,380%"
2526,6618,"7,380%"
2813,6715,"7,380%"
8372,3727,"7,380%"
8397,898,"7,380%"
8412,3727,"7,380%"
8592,1228,"7,380%"
8643,9470,"7,380%"
9081,9470,"7,380%"
930,9104,"7,344%"
1490,2228,"7,326%"
1731,1772,"7,326%"
4071,6192,"7,326%"
3495,525,"7,317%"
948,8649,"7,290%"
1022,3790,"7,290%"
1470,1980,"7,290%"
2464,5101,"7,290%"
2828,3468,"7,290%"
8291,2160,"7,290%"
9521,8973,"7,290%"
1383,4313,"7,254%"
1731,6714,"7,254%"
2490,2906,"7,254%"
8498,4610,"7,254%"
1991,2023,"7,245%"
9650,646,"7,245%"
3463,3537,"7,236%"
1988,1889,"7,227%"
8087,9411,"7,218%"
9320,8936,"7,218%"
58,4366,"7,200%"
69,9030,"7,200%"
91,4488,"7,200%"
1787,7226,"7,200%"
2163,2118,"7,200%"
2435,7733,"7,200%"
2502,5551,"7,200%"
2577,2828,"7,200%"
2585,3737,"7,200%"
2640,3503,"7,200%"
2681,10080,"7,200%"
2818,2756,"7,200%"
2829,4025,"7,200%"
2865,3902,"7,200%"
2880,3631,"7,200%"
2882,10080,"7,200%"
2963,3776,"7,200%"
2985,3134,"7,200%"
2987,4373,"7,200%"
3086,3591,"7,200%"
3087,4463,"7,200%"
3087,4350,"7,200%"
3093,8011,"7,200%"
3236,6658,"7,200%"
3341,4488,"7,200%"
3478,9108,"7,200%"
3478,4386,"7,200%"
3478,3877,"7,200%"
3506,4584,"7,200%"
3553,6191,"7,200%"
3580,3902,"7,200%"
3644,4396,"7,200%"
3722,9108,"7,200%"
3722,3189,"7,200%"
3809,4237,"7,200%"
3809,4178,"7,200%"
3832,8747,"7,200%"
3906,7013,"7,200%"
3923,4081,"7,200%"
4004,4086,"7,200%"
4016,4488,"7,200%"
4020,3627,"7,200%"
4033,3570,"7,200%"
4084,10080,"7,200%"
4201,3173,"7,200%"
4336,3829,"7,200%"
4467,4585,"7,200%"
4623,6932,"7,200%"
4623,5706,"7,200%"
4635,7437,"7,200%"
4651,5000,"7,200%"
4653,4038,"7,200%"
4656,4644,"7,200%"
4683,4285,"7,200%"
4683,4219,"7,200%"
8633,4570,"7,200%"
8764,9293,"7,200%"
9633,9604,"7,200%"
9633,9599,"7,200%"
10113,4301,"7,200%"
2991,2970,"7,191%"
1657,7569,"7,182%"
8441,9294,"7,164%"
8469,8501,"7,164%"
2184,2192,"7,137%"
7731,4753,"7,137%"
8491,9293,"7,137%"
10034,2858,"7,137%"
9609,9600,"7,119%"
905,9566,"7,110%"
4486,5455,"7,110%"
8277,6521,"7,110%"
8433,9470,"7,110%"
8520,9441,"7,110%"
8809,8621,"7,110%"
9114,9116,"7,110%"
2701,6619,"7,083%"
1628,1980,"7,074%"
1775,2272,"7,074%"
2195,5654,"7,074%"
1217,1763,"7,056%"
1383,2053,"7,056%"
1817,6714,"7,056%"
9552,831,"7,056%"
9667,8707,"7,056%"
9745,9572,"7,056%"
1626,1577,"7,047%"
1879,2282,"7,047%"
2254,2181,"7,038%"
2006,1908,"7,029%"
8291,7140,"7,020%"
8291,6934,"7,020%"
8401,8395,"7,020%"
8933,9098,"7,020%"
9234,8129,"7,020%"
2162,5435,"7,002%"
2978,2381,"7,002%"
4432,4225,"7,002%"
9289,4386,"7,002%"
8441,9054,"7,000%"
8442,9054,"7,000%"
8444,9054,"7,000%"
8444,6275,"7,000%"
8451,9470,"7,000%"
8466,10024,"7,000%"
8467,8917,"7,000%"
8467,3982,"7,000%"
8467,2654,"7,000%"
8472,7952,"7,000%"
8472,745,"7,000%"
8480,7511,"7,000%"
8480,6843,"7,000%"
8480,6810,"7,000%"
8480,4386,"7,000%"
8480,3166,"7,000%"
8480,2749,"7,000%"
8480,2709,"7,000%"
8480,1921,"7,000%"
8483,4566,"7,000%"
8485,8483,"7,000%"
8492,8501,"7,000%"
8495,8229,"7,000%"
8495,2781,"7,000%"
8496,10067,"7,000%"
8497,9293,"7,000%"
8497,9054,"7,000%"
8497,8322,"7,000%"
8497,7878,"7,000%"
8497,2174,"7,000%"
8497,289,"7,000%"
8498,7878,"7,000%"
8498,4405,"7,000%"
8498,4000,"7,000%"
8498,1079,"7,000%"
8499,6104,"7,000%"
8499,3023,"7,000%"
8499,651,"7,000%"
8500,6964,"7,000%"
8504,9113,"7,000%"
8504,3436,"7,000%"
8504,3121,"7,000%"
8514,9054,"7,000%"
8517,9141,"7,000%"
8517,9140,"7,000%"
8517,9135,"7,000%"
8517,9126,"7,000%"
8517,9114,"7,000%"
8517,9111,"7,000%"
8517,9057,"7,000%"
8517,9050,"7,000%"
8517,8936,"7,000%"
8517,8924,"7,000%"
8517,8788,"7,000%"
8517,8780,"7,000%"
8517,8688,"7,000%"
8517,8339,"7,000%"
8517,7979,"7,000%"
8517,3918,"7,000%"
8521,8639,"7,000%"
8521,8630,"7,000%"
8521,4570,"7,000%"
8521,2614,"7,000%"
8523,9382,"7,000%"
8523,8648,"7,000%"
8523,8262,"7,000%"
8527,3727,"7,000%"
8529,9505,"7,000%"
8531,5109,"7,000%"
8532,9566,"7,000%"
8533,9527,"7,000%"
8533,8528,"7,000%"
8536,8646,"7,000%"
8544,8546,"7,000%"
8545,9177,"7,000%"
8545,8261,"7,000%"
8545,7795,"7,000%"
8545,3889,"7,000%"
8545,122,"7,000%"
8546,8581,"7,000%"
8546,8551,"7,000%"
8546,8544,"7,000%"
8546,3567,"7,000%"
8546,2959,"7,000%"
8546,2344,"7,000%"
8548,2650,"7,000%"
8551,7785,"7,000%"
8551,1760,"7,000%"
8553,1789,"7,000%"
8555,8582,"7,000%"
8555,8577,"7,000%"
8555,3468,"7,000%"
8555,2345,"7,000%"
8556,8558,"7,000%"
8559,9631,"7,000%"
8559,4581,"7,000%"
8559,3602,"7,000%"
8559,2959,"7,000%"
8562,8588,"7,000%"
8569,8581,"7,000%"
8569,3486,"7,000%"
8569,117,"7,000%"
8570,4518,"7,000%"
8570,2384,"7,000%"
8571,8055,"7,000%"
8572,8339,"7,000%"
8573,8518,"7,000%"
8578,8472,"7,000%"
8579,8559,"7,000%"
8580,8550,"7,000%"
8580,4139,"7,000%"
8580,4139,"7,000%"
8581,4549,"7,000%"
8581,2783,"7,000%"
8581,2600,"7,000%"
8581,2593,"7,000%"
8582,9177,"7,000%"
8582,4139,"7,000%"
8582,3602,"7,000%"
8583,8518,"7,000%"
8583,6210,"7,000%"
8583,5868,"7,000%"
8583,5349,"7,000%"
8584,7638,"7,000%"
8584,1068,"7,000%"
8586,8566,"7,000%"
8586,8563,"7,000%"
8586,8559,"7,000%"
8586,8555,"7,000%"
8586,8546,"7,000%"
8586,8545,"7,000%"
8586,8544,"7,000%"
8587,7772,"7,000%"
8589,8568,"7,000%"
8589,8553,"7,000%"
8591,9823,"7,000%"
8591,6522,"7,000%"
8592,8545,"7,000%"
8592,6448,"7,000%"
8592,3602,"7,000%"
8601,7736,"7,000%"
8601,259,"7,000%"
8616,10112,"7,000%"
8616,9914,"7,000%"
8616,4678,"7,000%"
8616,4574,"7,000%"
8616,4475,"7,000%"
8616,4402,"7,000%"
8616,4194,"7,000%"
8616,3996,"7,000%"
8616,3925,"7,000%"
8616,3827,"7,000%"
8616,3724,"7,000%"
8616,3344,"7,000%"
8616,3313,"7,000%"
8616,3159,"7,000%"
8616,2878,"7,000%"
8616,2869,"7,000%"
8616,2788,"7,000%"
8616,2756,"7,000%"
8616,391,"7,000%"
8616,144,"7,000%"
8620,4488,"7,000%"
8620,4373,"7,000%"
8620,3578,"7,000%"
8620,3009,"7,000%"
8620,2906,"7,000%"
8620,2756,"7,000%"
8622,8620,"7,000%"
8622,3313,"7,000%"
8623,8630,"7,000%"
8623,3009,"7,000%"
8623,318,"7,000%"
8624,9505,"7,000%"
8624,9470,"7,000%"
8624,9229,"7,000%"
8624,9081,"7,000%"
8624,9068,"7,000%"
8624,8973,"7,000%"
8624,8936,"7,000%"
8624,8618,"7,000%"
8625,8246,"7,000%"
8628,8631,"7,000%"
8628,8528,"7,000%"
8630,9566,"7,000%"
8630,8833,"7,000%"
8630,3009,"7,000%"
8641,9081,"7,000%"
8641,6491,"7,000%"
8642,9523,"7,000%"
8642,8147,"7,000%"
8643,9456,"7,000%"
8643,9338,"7,000%"
8643,8528,"7,000%"
8643,8186,"7,000%"
8643,4386,"7,000%"
8643,3727,"7,000%"
8644,9535,"7,000%"
8644,9284,"7,000%"
8644,8734,"7,000%"
8644,8267,"7,000%"
8644,8262,"7,000%"
8644,3918,"7,000%"
8649,4488,"7,000%"
8649,3380,"7,000%"
8649,2756,"7,000%"
8649,2393,"7,000%"
8650,4488,"7,000%"
8650,2756,"7,000%"
8650,2393,"7,000%"
8650,1103,"7,000%"
8655,8468,"7,000%"
8657,1103,"7,000%"
8661,7189,"7,000%"
8664,9558,"7,000%"
8664,9054,"7,000%"
8667,8669,"7,000%"
8669,748,"7,000%"
8673,6328,"7,000%"
8674,4513,"7,000%"
8676,9480,"7,000%"
8676,6167,"7,000%"
8677,6229,"7,000%"
8677,2039,"7,000%"
8687,9054,"7,000%"
8688,4386,"7,000%"
8688,3692,"7,000%"
8693,9164,"7,000%"
8693,8935,"7,000%"
8693,3570,"7,000%"
8695,9805,"7,000%"
8695,5150,"7,000%"
8695,3550,"7,000%"
8696,9229,"7,000%"
8696,9223,"7,000%"
8696,9222,"7,000%"
8696,9221,"7,000%"
8696,9007,"7,000%"
8696,8936,"7,000%"
8696,8647,"7,000%"
8696,4722,"7,000%"
8696,2498,"7,000%"
8708,9341,"7,000%"
8709,8483,"7,000%"
8710,9646,"7,000%"
8710,8895,"7,000%"
8710,8747,"7,000%"
8710,8733,"7,000%"
8710,8731,"7,000%"
8710,8726,"7,000%"
8710,8719,"7,000%"
8710,8718,"7,000%"
8710,8717,"7,000%"
8710,8716,"7,000%"
8710,118,"7,000%"
8713,281,"7,000%"
8716,9293,"7,000%"
8716,8096,"7,000%"
8719,9308,"7,000%"
8720,190,"7,000%"
8721,7805,"7,000%"
8722,9308,"7,000%"
8723,9308,"7,000%"
8725,9322,"7,000%"
8725,9285,"7,000%"
8730,1222,"7,000%"
8733,290,"7,000%"
8736,6212,"7,000%"
8741,9138,"7,000%"
8741,9136,"7,000%"
8741,9119,"7,000%"
8741,9111,"7,000%"
8741,9109,"7,000%"
8741,9098,"7,000%"
8741,8925,"7,000%"
8741,8924,"7,000%"
8741,8878,"7,000%"
8741,8876,"7,000%"
8741,8869,"7,000%"
8741,8866,"7,000%"
8741,8864,"7,000%"
8741,1073,"7,000%"
8743,1006,"7,000%"
8747,9941,"7,000%"
8747,9320,"7,000%"
8747,8349,"7,000%"
8747,1160,"7,000%"
8750,8755,"7,000%"
8751,8868,"7,000%"
8751,3570,"7,000%"
8751,2377,"7,000%"
8755,3436,"7,000%"
8756,9341,"7,000%"
8756,9322,"7,000%"
8756,8885,"7,000%"
8756,8483,"7,000%"
8756,8321,"7,000%"
8756,8258,"7,000%"
8756,7650,"7,000%"
8756,2709,"7,000%"
8762,7747,"7,000%"
8762,3902,"7,000%"
8762,481,"7,000%"
8763,3918,"7,000%"
8764,9308,"7,000%"
8764,1130,"7,000%"
8770,8111,"7,000%"
8770,3421,"7,000%"
8772,8097,"7,000%"
8773,6984,"7,000%"
8775,8779,"7,000%"
8777,7707,"7,000%"
8777,3483,"7,000%"
8782,9141,"7,000%"
8782,9140,"7,000%"
8782,9138,"7,000%"
8782,9135,"7,000%"
8782,9131,"7,000%"
8782,9116,"7,000%"
8782,9109,"7,000%"
8782,4386,"7,000%"
8782,3918,"7,000%"
8787,9141,"7,000%"
8787,9138,"7,000%"
8787,9108,"7,000%"
8787,4386,"7,000%"
8788,8616,"7,000%"
8788,740,"7,000%"
8789,9622,"7,000%"
8792,9054,"7,000%"
8792,295,"7,000%"
8793,9158,"7,000%"
8793,9152,"7,000%"
8793,9145,"7,000%"
8793,9140,"7,000%"
8793,9138,"7,000%"
8793,9136,"7,000%"
8793,9125,"7,000%"
8793,9118,"7,000%"
8793,9112,"7,000%"
8793,9111,"7,000%"
8793,9110,"7,000%"
8793,9108,"7,000%"
8793,9099,"7,000%"
8793,9050,"7,000%"
8793,8924,"7,000%"
8793,8923,"7,000%"
8793,8843,"7,000%"
8793,8503,"7,000%"
8793,8310,"7,000%"
8793,4386,"7,000%"
8793,3918,"7,000%"
8794,9417,"7,000%"
8794,9415,"7,000%"
8794,9152,"7,000%"
8794,9148,"7,000%"
8794,9141,"7,000%"
8794,9136,"7,000%"
8794,9128,"7,000%"
8794,9126,"7,000%"
8794,8924,"7,000%"
8794,4386,"7,000%"
8794,3741,"7,000%"
8798,8817,"7,000%"
8814,8678,"7,000%"
8819,9322,"7,000%"
8820,5387,"7,000%"
8820,1038,"7,000%"
8822,9322,"7,000%"
8823,9227,"7,000%"
8823,8647,"7,000%"
8826,9322,"7,000%"
8828,9322,"7,000%"
8843,9140,"7,000%"
8843,9108,"7,000%"
8843,8883,"7,000%"
8843,4386,"7,000%"
8843,3918,"7,000%"
8843,3827,"7,000%"
8843,2359,"7,000%"
8843,1908,"7,000%"
8843,534,"7,000%"
8843,523,"7,000%"
8845,9322,"7,000%"
8849,9285,"7,000%"
8849,6942,"7,000%"
8853,9285,"7,000%"
8855,7999,"7,000%"
8855,7101,"7,000%"
8855,5162,"7,000%"
8855,2948,"7,000%"
8855,2871,"7,000%"
8858,7328,"7,000%"
8858,7145,"7,000%"
8858,5660,"7,000%"
8858,5117,"7,000%"
8858,3605,"7,000%"
8858,244,"7,000%"
8862,10091,"7,000%"
8862,269,"7,000%"
8863,8999,"7,000%"
8863,4574,"7,000%"
8863,1921,"7,000%"
8865,7108,"7,000%"
8868,8935,"7,000%"
8868,8152,"7,000%"
8873,9129,"7,000%"
8873,9110,"7,000%"
8873,9109,"7,000%"
8873,9098,"7,000%"
8873,8784,"7,000%"
8873,8733,"7,000%"
8876,3940,"7,000%"
8877,4178,"7,000%"
8877,321,"7,000%"
8880,8646,"7,000%"
8880,7245,"7,000%"
8880,7229,"7,000%"
8880,3169,"7,000%"
8881,8720,"7,000%"
8881,564,"7,000%"
8882,8859,"7,000%"
8882,545,"7,000%"
8890,9494,"7,000%"
8890,9493,"7,000%"
8890,9489,"7,000%"
8890,9481,"7,000%"
8890,8937,"7,000%"
8890,8891,"7,000%"
8890,4574,"7,000%"
8890,4513,"7,000%"
8890,3605,"7,000%"
8890,1932,"7,000%"
8890,1764,"7,000%"
8890,311,"7,000%"
8891,3525,"7,000%"
8893,1068,"7,000%"
8894,10091,"7,000%"
8897,9321,"7,000%"
8899,9111,"7,000%"
8899,9110,"7,000%"
8899,9109,"7,000%"
8899,8843,"7,000%"
8899,8310,"7,000%"
8899,4386,"7,000%"
8901,8715,"7,000%"
8904,8259,"7,000%"
8909,1846,"7,000%"
8917,9541,"7,000%"
8917,9308,"7,000%"
8917,9289,"7,000%"
8917,9229,"7,000%"
8917,9143,"7,000%"
8917,9141,"7,000%"
8917,9140,"7,000%"
8917,9138,"7,000%"
8917,9136,"7,000%"
8917,9131,"7,000%"
8917,9126,"7,000%"
8917,9118,"7,000%"
8917,9115,"7,000%"
8917,9110,"7,000%"
8917,9109,"7,000%"
8917,9108,"7,000%"
8917,9100,"7,000%"
8917,9099,"7,000%"
8917,9098,"7,000%"
8917,9096,"7,000%"
8917,9085,"7,000%"
8917,9078,"7,000%"
8917,9031,"7,000%"
8917,8998,"7,000%"
8917,8984,"7,000%"
8917,8936,"7,000%"
8917,8895,"7,000%"
8917,8892,"7,000%"
8917,8876,"7,000%"
8917,8866,"7,000%"
8917,8797,"7,000%"
8917,8796,"7,000%"
8917,8795,"7,000%"
8917,8729,"7,000%"
8917,8715,"7,000%"
8917,8692,"7,000%"
8917,8501,"7,000%"
8917,8153,"7,000%"
8917,4386,"7,000%"
8917,1980,"7,000%"
8918,10091,"7,000%"
8921,10123,"7,000%"
8921,10112,"7,000%"
8921,9148,"7,000%"
8921,9143,"7,000%"
8921,9141,"7,000%"
8921,9140,"7,000%"
8921,9138,"7,000%"
8921,9136,"7,000%"
8921,9111,"7,000%"
8921,9110,"7,000%"
8921,9109,"7,000%"
8921,9098,"7,000%"
8921,9050,"7,000%"
8921,8998,"7,000%"
8921,8924,"7,000%"
8921,8911,"7,000%"
8921,8876,"7,000%"
8921,8870,"7,000%"
8921,8866,"7,000%"
8921,8843,"7,000%"
8921,8310,"7,000%"
8921,4584,"7,000%"
8921,4447,"7,000%"
8921,4386,"7,000%"
8921,3918,"7,000%"
8921,3877,"7,000%"
8921,3827,"7,000%"
8921,2079,"7,000%"
8924,10091,"7,000%"
8924,9322,"7,000%"
8924,9113,"7,000%"
8924,8948,"7,000%"
8924,296,"7,000%"
8925,8321,"7,000%"
8925,545,"7,000%"
8927,9701,"7,000%"
8928,2320,"7,000%"
8930,2346,"7,000%"
8932,6517,"7,000%"
8933,7517,"7,000%"
8935,9493,"7,000%"
8935,9490,"7,000%"
8935,9480,"7,000%"
8935,9308,"7,000%"
8935,9293,"7,000%"
8935,8973,"7,000%"
8935,7846,"7,000%"
8935,7036,"7,000%"
8935,2131,"7,000%"
8938,8885,"7,000%"
8939,1006,"7,000%"
8945,9527,"7,000%"
8945,8817,"7,000%"
8945,8524,"7,000%"
8946,4488,"7,000%"
8946,2756,"7,000%"
8947,10123,"7,000%"
8947,10112,"7,000%"
8947,9160,"7,000%"
8947,9141,"7,000%"
8947,9140,"7,000%"
8947,9138,"7,000%"
8947,9133,"7,000%"
8947,9116,"7,000%"
8947,9111,"7,000%"
8947,9110,"7,000%"
8947,9109,"7,000%"
8947,9050,"7,000%"
8947,9001,"7,000%"
8947,8924,"7,000%"
8947,8876,"7,000%"
8947,4584,"7,000%"
8947,4386,"7,000%"
8947,4386,"7,000%"
8947,2401,"7,000%"
8947,1002,"7,000%"
8947,398,"7,000%"
8947,395,"7,000%"
8950,8935,"7,000%"
8950,2308,"7,000%"
8951,1989,"7,000%"
8954,9233,"7,000%"
8954,9229,"7,000%"
8954,9167,"7,000%"
8954,9154,"7,000%"
8954,9136,"7,000%"
8954,9133,"7,000%"
8954,9131,"7,000%"
8954,9098,"7,000%"
8954,9085,"7,000%"
8954,9057,"7,000%"
8954,8999,"7,000%"
8954,8998,"7,000%"
8954,8978,"7,000%"
8954,8973,"7,000%"
8954,8965,"7,000%"
8954,8936,"7,000%"
8954,8935,"7,000%"
8954,8892,"7,000%"
8954,8887,"7,000%"
8954,8768,"7,000%"
8954,8665,"7,000%"
8954,4574,"7,000%"
8954,4570,"7,000%"
8954,4447,"7,000%"
8954,4301,"7,000%"
8954,4124,"7,000%"
8954,504,"7,000%"
8954,275,"7,000%"
8956,9274,"7,000%"
8956,9229,"7,000%"
8956,9059,"7,000%"
8956,8998,"7,000%"
8956,8936,"7,000%"
8956,8935,"7,000%"
8956,4574,"7,000%"
8957,8983,"7,000%"
8958,8615,"7,000%"
8958,6105,"7,000%"
8961,2709,"7,000%"
8965,8885,"7,000%"
8965,8007,"7,000%"
8965,7887,"7,000%"
8965,3436,"7,000%"
8965,2336,"7,000%"
8965,1150,"7,000%"
8969,8936,"7,000%"
8969,8335,"7,000%"
8972,1149,"7,000%"
8973,9488,"7,000%"
8973,9459,"7,000%"
8973,9415,"7,000%"
8973,8892,"7,000%"
8973,8765,"7,000%"
8973,8341,"7,000%"
8973,7797,"7,000%"
8973,7610,"7,000%"
8973,4544,"7,000%"
8973,4043,"7,000%"
8973,3727,"7,000%"
8973,1087,"7,000%"
8976,9494,"7,000%"
8976,8833,"7,000%"
8979,9417,"7,000%"
8979,9416,"7,000%"
8979,9415,"7,000%"
8979,9141,"7,000%"
8979,9099,"7,000%"
8979,9098,"7,000%"
8979,8990,"7,000%"
8979,8973,"7,000%"
8979,8935,"7,000%"
8980,9470,"7,000%"
8982,9320,"7,000%"
8983,9728,"7,000%"
8983,8986,"7,000%"
8983,2721,"7,000%"
8983,2709,"7,000%"
8986,9341,"7,000%"
8986,9076,"7,000%"
8986,8983,"7,000%"
8987,9364,"7,000%"
8987,9160,"7,000%"
8988,10130,"7,000%"
8988,4386,"7,000%"
8988,3555,"7,000%"
8988,2388,"7,000%"
8988,172,"7,000%"
8989,9570,"7,000%"
8992,9524,"7,000%"
8992,1089,"7,000%"
8995,10091,"7,000%"
8995,5109,"7,000%"
8997,8308,"7,000%"
8999,9701,"7,000%"
8999,4488,"7,000%"
8999,4373,"7,000%"
8999,3550,"7,000%"
8999,3465,"7,000%"
8999,3173,"7,000%"
8999,2906,"7,000%"
8999,2858,"7,000%"
8999,2856,"7,000%"
8999,2756,"7,000%"
8999,2745,"7,000%"
8999,2429,"7,000%"
8999,363,"7,000%"
9002,10089,"7,000%"
9002,9391,"7,000%"
9002,8572,"7,000%"
9002,8256,"7,000%"
9002,4574,"7,000%"
9002,3023,"7,000%"
9002,2959,"7,000%"
9002,371,"7,000%"
9004,3436,"7,000%"
9005,9570,"7,000%"
9005,2709,"7,000%"
9009,8999,"7,000%"
9009,8648,"7,000%"
9010,8999,"7,000%"
9011,9470,"7,000%"
9011,9081,"7,000%"
9011,8936,"7,000%"
9011,8011,"7,000%"
9011,4594,"7,000%"
9011,4084,"7,000%"
9013,6386,"7,000%"
9013,5518,"7,000%"
9013,1117,"7,000%"
9013,1006,"7,000%"
9015,9674,"7,000%"
9015,4124,"7,000%"
9016,3827,"7,000%"
9016,419,"7,000%"
9019,2709,"7,000%"
9020,9341,"7,000%"
9020,3436,"7,000%"
9022,9570,"7,000%"
9022,3066,"7,000%"
9022,260,"7,000%"
9026,572,"7,000%"
9028,9202,"7,000%"
9028,3460,"7,000%"
2047,2150,"6,975%"
3529,3570,"6,975%"
9148,9108,"6,975%"
1261,6170,"6,948%"
112,3589,"6,930%"
899,9386,"6,930%"
966,8989,"6,930%"
3608,6552,"6,930%"
8386,9566,"6,930%"
8459,8309,"6,930%"
949,5743,"6,921%"
1933,2004,"6,912%"
1766,1908,"6,894%"
1663,2213,"6,885%"
9562,9389,"6,876%"
1703,6239,"6,867%"
2081,6284,"6,867%"
2129,2023,"6,867%"
1625,4824,"6,858%"
3241,3868,"6,849%"
761,6861,"6,840%"
908,8523,"6,840%"
3608,3685,"6,840%"
4332,6764,"6,840%"
8427,8175,"6,840%"
8448,8221,"6,840%"
8453,9081,"6,840%"
8816,4304,"6,840%"
9050,3918,"6,840%"
9263,8306,"6,840%"
9590,9588,"6,840%"
1697,715,"6,831%"
2197,1911,"6,831%"
3925,3317,"6,822%"
4624,6343,"6,822%"
9685,8481,"6,804%"
1944,2042,"6,795%"
7653,7894,"6,795%"
2568,3134,"6,777%"
8439,9528,"6,759%"
781,7309,"6,750%"
868,7296,"6,750%"
2435,7864,"6,750%"
2764,4035,"6,750%"
3558,4025,"6,750%"
3558,3902,"6,750%"
8076,5952,"6,750%"
8388,9470,"6,750%"
8452,7406,"6,750%"
8748,9293,"6,750%"
8841,2712,"6,750%"
1588,1735,"6,732%"
1628,2172,"6,732%"
1902,2093,"6,732%"
9876,9729,"6,732%"
8094,8104,"6,723%"
2593,8581,"6,705%"
3511,3791,"6,696%"
9953,8339,"6,669%"
1937,1763,"6,660%"
3288,7842,"6,660%"
3288,3688,"6,660%"
3480,4006,"6,660%"
3716,7733,"6,660%"
3804,4237,"6,660%"
4331,6006,"6,660%"
4441,8286,"6,660%"
4441,5154,"6,660%"
4441,2316,"6,660%"
8633,9372,"6,660%"
9041,8339,"6,660%"
9052,8936,"6,660%"
1249,1772,"6,651%"
2218,7204,"6,642%"
3429,9280,"6,642%"
8444,9308,"6,642%"
9778,9778,"6,633%"
3488,3585,"6,606%"
1024,9405,"6,597%"
4756,4401,"6,597%"
8983,9179,"6,597%"
9605,9606,"6,597%"
2010,1779,"6,579%"
2099,5800,"6,579%"
8887,6884,"6,579%"
9621,9661,"6,579%"
761,7298,"6,570%"
982,4574,"6,570%"
3348,443,"6,570%"
3476,3189,"6,570%"
4680,9810,"6,570%"
8255,8973,"6,570%"
8873,8866,"6,570%"
8987,9349,"6,570%"
9218,3918,"6,570%"
9561,9258,"6,570%"
1512,2023,"6,552%"
653,9697,"6,543%"
2432,4141,"6,543%"
1352,1352,"6,534%"
9862,9815,"6,534%"
8537,8468,"6,525%"
9247,9287,"6,525%"
2513,4386,"6,516%"
4624,6577,"6,516%"
98,10080,"6,507%"
1844,2296,"6,507%"
1234,1985,"6,498%"
40,4373,"6,480%"
1034,7235,"6,480%"
3045,7303,"6,480%"
3415,6283,"6,480%"
9437,5074,"6,480%"
9654,590,"6,471%"
4624,3552,"6,453%"
9749,7146,"6,444%"
1920,6133,"6,435%"
976,9323,"6,408%"
1274,2112,"6,408%"
2464,6734,"6,390%"
3260,243,"6,390%"
4331,5661,"6,390%"
4364,4584,"6,390%"
8433,9475,"6,390%"
8791,9108,"6,390%"
2010,5859,"6,372%"
9774,676,"6,372%"
9869,8013,"6,372%"
2001,6036,"6,345%"
2152,2276,"6,345%"
2234,2264,"6,345%"
9707,577,"6,345%"
1224,5406,"6,336%"
9649,5187,"6,336%"
1567,1428,"6,318%"
1626,8008,"6,318%"
1717,1766,"6,318%"
1745,6534,"6,318%"
2064,7646,"6,318%"
1329,8534,"6,309%"
1427,6871,"6,309%"
8713,8729,"6,309%"
80,3906,"6,300%"
112,148,"6,300%"
683,9042,"6,300%"
718,3550,"6,300%"
853,8220,"6,300%"
966,9229,"6,300%"
1332,2000,"6,300%"
1647,8720,"6,300%"
1920,2053,"6,300%"
2490,7088,"6,300%"
2632,4518,"6,300%"
2638,3999,"6,300%"
2829,3902,"6,300%"
2880,4097,"6,300%"
2882,3771,"6,300%"
2884,3541,"6,300%"
2914,4964,"6,300%"
2943,4800,"6,300%"
3001,6528,"6,300%"
3012,2948,"6,300%"
3077,7425,"6,300%"
3110,2919,"6,300%"
3141,3925,"6,300%"
3290,1921,"6,300%"
3368,4401,"6,300%"
3368,4169,"6,300%"
3368,4081,"6,300%"
3368,3685,"6,300%"
3403,2967,"6,300%"
3478,10112,"6,300%"
3506,10112,"6,300%"
3506,3918,"6,300%"
3506,3829,"6,300%"
3546,3727,"6,300%"
3606,2725,"6,300%"
3686,4488,"6,300%"
3728,4268,"6,300%"
3832,4219,"6,300%"
3911,10080,"6,300%"
3914,5537,"6,300%"
4007,3627,"6,300%"
4029,7305,"6,300%"
4069,5570,"6,300%"
4131,4881,"6,300%"
4165,10080,"6,300%"
4196,3651,"6,300%"
4319,3877,"6,300%"
4331,6925,"6,300%"
4341,4206,"6,300%"
4393,9108,"6,300%"
4393,7674,"6,300%"
4398,6634,"6,300%"
4495,4582,"6,300%"
4606,4219,"6,300%"
4606,4081,"6,300%"
4623,6929,"6,300%"
4623,5703,"6,300%"
4714,8581,"6,300%"
4714,4188,"6,300%"
7768,4996,"6,300%"
8450,9242,"6,300%"
9188,3727,"6,300%"
9454,8698,"6,300%"
1184,3455,"6,291%"
2059,1204,"6,291%"
9810,662,"6,291%"
9870,9585,"6,291%"
1330,7885,"6,273%"
8721,3437,"6,273%"
9595,9135,"6,255%"
4211,4349,"6,246%"
8080,8716,"6,246%"
1203,4750,"6,237%"
8602,8468,"6,237%"
2202,5998,"6,228%"
8245,9293,"6,219%"
761,5132,"6,210%"
941,9494,"6,210%"
1364,1873,"6,210%"
3480,2770,"6,210%"
3670,3769,"6,210%"
3670,405,"6,210%"
3976,7353,"6,210%"
4029,6039,"6,210%"
9096,5116,"6,210%"
9840,2892,"6,210%"
10053,9295,"6,210%"
1292,1169,"6,201%"
1836,7385,"6,201%"
1386,1312,"6,192%"
1945,2282,"6,192%"
4432,4157,"6,192%"
1635,2077,"6,174%"
1745,6870,"6,174%"
2206,5179,"6,174%"
2277,2958,"6,174%"
1740,2194,"6,165%"
1223,1956,"6,156%"
9743,5519,"6,156%"
9595,5790,"6,147%"
9664,729,"6,147%"
9749,380,"6,147%"
1451,7580,"6,129%"
1964,5276,"6,129%"
2435,7674,"6,120%"
2457,10080,"6,120%"
8843,10123,"6,120%"
8944,8944,"6,120%"
565,9689,"6,111%"
1635,9108,"6,111%"
1211,3877,"6,093%"
1960,5316,"6,093%"
4432,4452,"6,093%"
8292,5504,"6,093%"
9633,9598,"6,084%"
10000,10080,"6,084%"
2263,6617,"6,075%"
7639,395,"6,075%"
1635,9108,"6,066%"
4119,5088,"6,066%"
1238,5700,"6,057%"
1604,9875,"6,057%"
2281,1169,"6,057%"
1447,1342,"6,048%"
829,8973,"6,030%"
2526,6862,"6,030%"
2701,5971,"6,030%"
2851,10080,"6,030%"
3482,2708,"6,030%"
8437,4574,"6,030%"
8541,1921,"6,030%"
42,9143,"6,021%"
2105,6224,"6,003%"
2631,3621,"6,000%"
2632,4049,"6,000%"
2633,3705,"6,000%"
2634,4618,"6,000%"
2634,4034,"6,000%"
2634,3952,"6,000%"
2634,3949,"6,000%"
2634,3925,"6,000%"
2634,3669,"6,000%"
2634,3401,"6,000%"
2634,2543,"6,000%"
2635,3626,"6,000%"
2638,4869,"6,000%"
2639,4304,"6,000%"
2639,3574,"6,000%"
2639,2381,"6,000%"
2639,613,"6,000%"
2640,4465,"6,000%"
2647,3685,"6,000%"
2648,10080,"6,000%"
2648,4434,"6,000%"
2649,3470,"6,000%"
2655,5875,"6,000%"
2664,3999,"6,000%"
2664,3712,"6,000%"
2664,3380,"6,000%"
2664,3276,"6,000%"
2664,3173,"6,000%"
2664,2858,"6,000%"
2668,6393,"6,000%"
2668,2861,"6,000%"
2668,2481,"6,000%"
2669,9192,"6,000%"
2669,8997,"6,000%"
2669,3922,"6,000%"
2669,3141,"6,000%"
2669,2724,"6,000%"
2670,10080,"6,000%"
2670,10080,"6,000%"
2670,7311,"6,000%"
2670,6688,"6,000%"
2670,6687,"6,000%"
2670,6582,"6,000%"
2670,6483,"6,000%"
2670,5060,"6,000%"
2670,5060,"6,000%"
2670,5022,"6,000%"
2670,4518,"6,000%"
2670,4469,"6,000%"
2670,4463,"6,000%"
2670,4430,"6,000%"
2670,4229,"6,000%"
2670,4188,"6,000%"
2670,4183,"6,000%"
2670,4139,"6,000%"
2670,4062,"6,000%"
2670,4020,"6,000%"
2670,3973,"6,000%"
2670,3973,"6,000%"
2670,3944,"6,000%"
2670,3829,"6,000%"
2670,3825,"6,000%"
2670,3819,"6,000%"
2670,3780,"6,000%"
2670,3708,"6,000%"
2670,3607,"6,000%"
2670,3582,"6,000%"
2670,3496,"6,000%"
2670,3237,"6,000%"
2670,3134,"6,000%"
2670,2748,"6,000%"
2670,2725,"6,000%"
2670,210,"6,000%"
2672,3026,"6,000%"
2676,3470,"6,000%"
2676,3281,"6,000%"
2678,4448,"6,000%"
2679,8262,"6,000%"
2679,4578,"6,000%"
2681,6248,"6,000%"
2681,4045,"6,000%"
2681,3928,"6,000%"
2681,3627,"6,000%"
2682,9108,"6,000%"
2682,4584,"6,000%"
2682,4447,"6,000%"
2682,4386,"6,000%"
2682,4055,"6,000%"
2682,4011,"6,000%"
2682,3918,"6,000%"
2682,3776,"6,000%"
2682,3335,"6,000%"
2682,398,"6,000%"
2683,10041,"6,000%"
2683,9998,"6,000%"
2683,9925,"6,000%"
2683,8935,"6,000%"
2683,7321,"6,000%"
2683,6358,"6,000%"
2683,6349,"6,000%"
2683,6305,"6,000%"
2683,5742,"6,000%"
2683,4712,"6,000%"
2683,4576,"6,000%"
2683,4463,"6,000%"
2683,4360,"6,000%"
2683,3705,"6,000%"
2683,3633,"6,000%"
2683,3623,"6,000%"
2683,3558,"6,000%"
2683,3389,"6,000%"
2683,2983,"6,000%"
2683,2964,"6,000%"
2683,2928,"6,000%"
2683,2848,"6,000%"
2683,2848,"6,000%"
2683,2837,"6,000%"
2684,4964,"6,000%"
2684,4268,"6,000%"
2684,4021,"6,000%"
2684,3922,"6,000%"
2684,3827,"6,000%"
2684,3722,"6,000%"
2684,3570,"6,000%"
2685,8998,"6,000%"
2685,5209,"6,000%"
2687,8545,"6,000%"
2687,4577,"6,000%"
2689,7050,"6,000%"
2695,6679,"6,000%"
2697,3937,"6,000%"
2701,9899,"6,000%"
2701,5455,"6,000%"
2701,3849,"6,000%"
2701,3837,"6,000%"
2701,3184,"6,000%"
2703,3158,"6,000%"
2704,3979,"6,000%"
2704,3973,"6,000%"
2704,3578,"6,000%"
2704,2940,"6,000%"
2705,2737,"6,000%"
2706,10080,"6,000%"
2706,6206,"6,000%"
2706,4188,"6,000%"
2706,381,"6,000%"
2707,4367,"6,000%"
2709,10111,"6,000%"
2709,10098,"6,000%"
2709,10095,"6,000%"
2709,10086,"6,000%"
2709,9984,"6,000%"
2709,9916,"6,000%"
2709,9829,"6,000%"
2709,9734,"6,000%"
2709,9710,"6,000%"
2709,9688,"6,000%"
2709,9229,"6,000%"
2709,9202,"6,000%"
2709,8048,"6,000%"
2709,8004,"6,000%"
2709,7944,"6,000%"
2709,7943,"6,000%"
2709,7941,"6,000%"
2709,7924,"6,000%"
2709,7923,"6,000%"
2709,7853,"6,000%"
2709,7837,"6,000%"
2709,7830,"6,000%"
2709,7815,"6,000%"
2709,7789,"6,000%"
2709,7776,"6,000%"
2709,7773,"6,000%"
2709,7737,"6,000%"
2709,7734,"6,000%"
2709,7729,"6,000%"
2709,6712,"6,000%"
2709,5472,"6,000%"
2709,5436,"6,000%"
2709,4760,"6,000%"
2709,4744,"6,000%"
2709,4701,"6,000%"
2709,4681,"6,000%"
2709,4672,"6,000%"
2709,4665,"6,000%"
2709,4652,"6,000%"
2709,4648,"6,000%"
2709,4643,"6,000%"
2709,4602,"6,000%"
2709,4600,"6,000%"
2709,4553,"6,000%"
2709,4551,"6,000%"
2709,4537,"6,000%"
2709,4533,"6,000%"
2709,4515,"6,000%"
2709,4438,"6,000%"
2709,4415,"6,000%"
2709,4359,"6,000%"
2709,4194,"6,000%"
2709,4129,"6,000%"
2709,4106,"6,000%"
2709,4034,"6,000%"
2709,3944,"6,000%"
2709,3907,"6,000%"
2709,3896,"6,000%"
2709,3758,"6,000%"
2709,3735,"6,000%"
2709,3516,"6,000%"
2709,3341,"6,000%"
2709,3232,"6,000%"
2709,3208,"6,000%"
2709,3205,"6,000%"
2709,3171,"6,000%"
2709,3165,"6,000%"
2709,3158,"6,000%"
2709,3154,"6,000%"
2709,3125,"6,000%"
2709,2982,"6,000%"
2709,2980,"6,000%"
2709,2979,"6,000%"
2709,2972,"6,000%"
2709,2908,"6,000%"
2709,2851,"6,000%"
2709,2850,"6,000%"
2709,2826,"6,000%"
2709,2660,"6,000%"
2709,2510,"6,000%"
2709,2505,"6,000%"
2709,2396,"6,000%"
2709,2126,"6,000%"
2709,2118,"6,000%"
2709,2118,"6,000%"
2709,2068,"6,000%"
2709,1155,"6,000%"
2709,1149,"6,000%"
2709,1125,"6,000%"
2709,1104,"6,000%"
2709,1080,"6,000%"
2709,744,"6,000%"
2709,726,"6,000%"
2709,511,"6,000%"
2709,455,"6,000%"
2709,435,"6,000%"
2709,418,"6,000%"
2709,406,"6,000%"
2709,369,"6,000%"
2709,368,"6,000%"
2709,365,"6,000%"
2709,359,"6,000%"
2709,358,"6,000%"
2709,355,"6,000%"
2709,353,"6,000%"
2709,260,"6,000%"
2709,252,"6,000%"
2709,251,"6,000%"
2709,186,"6,000%"
2709,178,"6,000%"
2709,164,"6,000%"
2709,156,"6,000%"
2709,130,"6,000%"
2710,3584,"6,000%"
2710,3392,"6,000%"
2710,3193,"6,000%"
2710,3193,"6,000%"
2710,2994,"6,000%"
2712,4080,"6,000%"
2712,3302,"6,000%"
2712,2738,"6,000%"
2713,10080,"6,000%"
2713,8201,"6,000%"
2713,7241,"6,000%"
2713,4459,"6,000%"
2714,9143,"6,000%"
2714,9140,"6,000%"
2714,4410,"6,000%"
2715,7758,"6,000%"
2715,6715,"6,000%"
2715,6052,"6,000%"
2715,5687,"6,000%"
2715,4932,"6,000%"
2715,4488,"6,000%"
2715,4367,"6,000%"
2715,4231,"6,000%"
2715,4045,"6,000%"
2715,3712,"6,000%"
2715,3627,"6,000%"
2715,3380,"6,000%"
2717,5822,"6,000%"
2717,4124,"6,000%"
2717,2869,"6,000%"
2718,651,"6,000%"
2722,7567,"6,000%"
2722,6256,"6,000%"
2722,6204,"6,000%"
2722,6155,"6,000%"
2723,10103,"6,000%"
2723,10095,"6,000%"
2723,7611,"6,000%"
2723,4661,"6,000%"
2723,4551,"6,000%"
2723,4472,"6,000%"
2723,4218,"6,000%"
2723,3950,"6,000%"
2723,3393,"6,000%"
2723,3345,"6,000%"
2723,3158,"6,000%"
2723,2909,"6,000%"
2723,2660,"6,000%"
2723,2586,"6,000%"
2723,1159,"6,000%"
2723,1149,"6,000%"
2723,513,"6,000%"
2723,422,"6,000%"
2723,386,"6,000%"
2723,359,"6,000%"
2723,330,"6,000%"
2723,303,"6,000%"
2724,8258,"6,000%"
2724,7849,"6,000%"
2724,7836,"6,000%"
2724,4322,"6,000%"
2724,3555,"6,000%"
2724,3541,"6,000%"
2725,7199,"6,000%"
2725,6346,"6,000%"
2725,6082,"6,000%"
2725,5945,"6,000%"
2725,5749,"6,000%"
2725,5554,"6,000%"
2725,5486,"6,000%"
2725,5388,"6,000%"
2725,5370,"6,000%"
2725,5367,"6,000%"
2725,5227,"6,000%"
2725,4385,"6,000%"
2725,3771,"6,000%"
2725,2824,"6,000%"
2725,2823,"6,000%"
2725,2670,"6,000%"
2726,8063,"6,000%"
2726,7819,"6,000%"
2726,4743,"6,000%"
2726,4553,"6,000%"
2726,4547,"6,000%"
2726,2759,"6,000%"
2726,1159,"6,000%"
2726,1149,"6,000%"
2726,417,"6,000%"
2726,359,"6,000%"
2726,330,"6,000%"
2726,124,"6,000%"
2727,9346,"6,000%"
2727,9346,"6,000%"
2727,4463,"6,000%"
2727,4350,"6,000%"
2727,4303,"6,000%"
2727,3389,"6,000%"
2727,3264,"6,000%"
2733,4235,"6,000%"
2733,4087,"6,000%"
2733,3620,"6,000%"
2733,3207,"6,000%"
2733,3150,"6,000%"
2733,2888,"6,000%"
2733,367,"6,000%"
2735,4231,"6,000%"
2735,3712,"6,000%"
2735,3380,"6,000%"
2735,2924,"6,000%"
2736,1164,"6,000%"
2737,3567,"6,000%"
2737,3468,"6,000%"
2738,4080,"6,000%"
2738,3026,"6,000%"
2738,2767,"6,000%"
2738,2672,"6,000%"
2738,2415,"6,000%"
2738,116,"6,000%"
2739,4194,"6,000%"
2739,3862,"6,000%"
2740,3627,"6,000%"
2740,2924,"6,000%"
2740,1829,"6,000%"
2741,4567,"6,000%"
2741,4049,"6,000%"
2741,3627,"6,000%"
2741,3627,"6,000%"
2741,3047,"6,000%"
2741,505,"6,000%"
2742,7800,"6,000%"
2742,4680,"6,000%"
2742,4406,"6,000%"
2742,3023,"6,000%"
2742,443,"6,000%"
2743,9770,"6,000%"
2743,9697,"6,000%"
2743,9674,"6,000%"
2743,8003,"6,000%"
2743,4654,"6,000%"
2743,3206,"6,000%"
2743,2990,"6,000%"
2743,2969,"6,000%"
2743,2919,"6,000%"
2743,1921,"6,000%"
2744,9674,"6,000%"
2744,9199,"6,000%"
2744,9081,"6,000%"
2744,8973,"6,000%"
2744,8935,"6,000%"
2744,7959,"6,000%"
2744,6733,"6,000%"
2744,4570,"6,000%"
2744,4124,"6,000%"
2744,3974,"6,000%"
2744,3925,"6,000%"
2744,3657,"6,000%"
2744,3381,"6,000%"
2744,3161,"6,000%"
2744,2929,"6,000%"
2744,2919,"6,000%"
2744,2869,"6,000%"
2744,2804,"6,000%"
2744,2709,"6,000%"
2744,1921,"6,000%"
2747,3937,"6,000%"
2748,8559,"6,000%"
2748,8544,"6,000%"
2748,4188,"6,000%"
2748,3889,"6,000%"
2748,3769,"6,000%"
2748,3337,"6,000%"
2748,3237,"6,000%"
2748,3229,"6,000%"
2748,3061,"6,000%"
2748,2839,"6,000%"
2748,2775,"6,000%"
2748,2729,"6,000%"
2748,2574,"6,000%"
2748,405,"6,000%"
2748,338,"6,000%"
2749,10116,"6,000%"
2749,4406,"6,000%"
2749,4327,"6,000%"
2749,3397,"6,000%"
2749,3344,"6,000%"
2749,3141,"6,000%"
2749,3023,"6,000%"
2749,1921,"6,000%"
2751,3602,"6,000%"
2753,10049,"6,000%"
2753,9616,"6,000%"
2753,8646,"6,000%"
2753,7903,"6,000%"
2753,6485,"6,000%"
2753,3780,"6,000%"
2753,2131,"6,000%"
2753,1980,"6,000%"
2753,487,"6,000%"
2754,9988,"6,000%"
2754,9265,"6,000%"
2754,4725,"6,000%"
2754,4688,"6,000%"
2754,4616,"6,000%"
2754,4578,"6,000%"
2754,4449,"6,000%"
2754,4429,"6,000%"
2754,4381,"6,000%"
2754,4378,"6,000%"
2754,4340,"6,000%"
2754,4307,"6,000%"
2754,4299,"6,000%"
2754,4250,"6,000%"
2754,4197,"6,000%"
2754,4193,"6,000%"
2754,4190,"6,000%"
2754,4188,"6,000%"
2754,4141,"6,000%"
2754,4057,"6,000%"
2754,4027,"6,000%"
2754,4009,"6,000%"
2754,3981,"6,000%"
2754,3969,"6,000%"
2754,3950,"6,000%"
2754,3944,"6,000%"
2754,3845,"6,000%"
2754,3754,"6,000%"
2754,3611,"6,000%"
2754,3586,"6,000%"
2754,3557,"6,000%"
2754,3538,"6,000%"
2754,3536,"6,000%"
2754,3470,"6,000%"
2754,3382,"6,000%"
2754,3262,"6,000%"
2754,3233,"6,000%"
2754,3134,"6,000%"
2754,3088,"6,000%"
2754,2935,"6,000%"
2754,2932,"6,000%"
2754,2904,"6,000%"
2754,2874,"6,000%"
2754,2373,"6,000%"
2754,1763,"6,000%"
2754,396,"6,000%"
2754,114,"6,000%"
2754,46,"6,000%"
2760,9878,"6,000%"
2760,9833,"6,000%"
2760,9816,"6,000%"
2760,9796,"6,000%"
2760,9700,"6,000%"
2760,9693,"6,000%"
2760,9677,"6,000%"
2760,3925,"6,000%"
2760,3924,"6,000%"
2760,3771,"6,000%"
2760,2174,"6,000%"
2761,3589,"6,000%"
2761,3539,"6,000%"
2763,4285,"6,000%"
2764,4475,"6,000%"
2764,3572,"6,000%"
2764,3481,"6,000%"
2764,2764,"6,000%"
2766,9931,"6,000%"
2766,9925,"6,000%"
2766,7851,"6,000%"
2766,5261,"6,000%"
2766,4791,"6,000%"
2766,4583,"6,000%"
2766,4463,"6,000%"
2766,4363,"6,000%"
2766,4350,"6,000%"
2766,3073,"6,000%"
2766,3068,"6,000%"
2778,7303,"6,000%"
2778,4488,"6,000%"
2778,4373,"6,000%"
2778,3878,"6,000%"
2778,3578,"6,000%"
2778,2756,"6,000%"
2778,513,"6,000%"
2778,26,"6,000%"
2781,8545,"6,000%"
2781,4139,"6,000%"
2781,4080,"6,000%"
2781,3973,"6,000%"
2781,2369,"6,000%"
2782,9784,"6,000%"
2782,9779,"6,000%"
2782,9682,"6,000%"
2782,9669,"6,000%"
2782,8258,"6,000%"
2782,7992,"6,000%"
2782,7959,"6,000%"
2782,7849,"6,000%"
2782,7836,"6,000%"
2782,7725,"6,000%"
2782,6733,"6,000%"
2782,4793,"6,000%"
2782,4576,"6,000%"
2782,4363,"6,000%"
2782,3925,"6,000%"
2782,3870,"6,000%"
2782,3555,"6,000%"
2782,3541,"6,000%"
2782,3359,"6,000%"
2782,3325,"6,000%"
2782,3235,"6,000%"
2782,3204,"6,000%"
2782,3141,"6,000%"
2782,2949,"6,000%"
2782,2869,"6,000%"
2782,2864,"6,000%"
2782,2769,"6,000%"
2782,2766,"6,000%"
2782,2308,"6,000%"
2782,2163,"6,000%"
2782,2118,"6,000%"
2782,2068,"6,000%"
2782,1921,"6,000%"
2782,1276,"6,000%"
2782,574,"6,000%"
2782,532,"6,000%"
2784,7610,"6,000%"
2784,4463,"6,000%"
2784,4350,"6,000%"
2784,208,"6,000%"
2785,9865,"6,000%"
2785,9721,"6,000%"
2789,3134,"6,000%"
2790,4488,"6,000%"
2790,4464,"6,000%"
2790,3902,"6,000%"
2790,2756,"6,000%"
2790,2756,"6,000%"
2791,3656,"6,000%"
2792,9914,"6,000%"
2792,7848,"6,000%"
2792,7727,"6,000%"
2792,7230,"6,000%"
2792,5438,"6,000%"
2792,4440,"6,000%"
2792,4418,"6,000%"
2792,4021,"6,000%"
2792,3922,"6,000%"
2792,3858,"6,000%"
2792,2708,"6,000%"
2792,2438,"6,000%"
2792,2317,"6,000%"
2792,1084,"6,000%"
2792,486,"6,000%"
2792,479,"6,000%"
2794,9674,"6,000%"
2794,9051,"6,000%"
2794,4597,"6,000%"
2794,2938,"6,000%"
2796,7947,"6,000%"
2796,4572,"6,000%"
2796,3105,"6,000%"
2800,2450,"6,000%"
2801,4488,"6,000%"
2801,3999,"6,000%"
2804,10095,"6,000%"
2804,10074,"6,000%"
2804,9326,"6,000%"
2804,9295,"6,000%"
2804,8618,"6,000%"
2804,8258,"6,000%"
2804,7815,"6,000%"
2804,7743,"6,000%"
2804,5886,"6,000%"
2804,4750,"6,000%"
2804,4576,"6,000%"
2804,4463,"6,000%"
2804,4164,"6,000%"
2804,3924,"6,000%"
2804,3555,"6,000%"
2804,3359,"6,000%"
2804,3249,"6,000%"
2804,2901,"6,000%"
2804,154,"6,000%"
2806,10116,"6,000%"
2806,9669,"6,000%"
2806,9295,"6,000%"
2806,9229,"6,000%"
2806,8935,"6,000%"
2806,8001,"6,000%"
2806,7787,"6,000%"
2806,5624,"6,000%"
2806,4406,"6,000%"
2806,4267,"6,000%"
2806,3360,"6,000%"
2806,3355,"6,000%"
2806,3141,"6,000%"
2806,3092,"6,000%"
2806,3062,"6,000%"
2806,2311,"6,000%"
2806,1921,"6,000%"
2806,1776,"6,000%"
2806,1555,"6,000%"
2806,444,"6,000%"
2806,390,"6,000%"
2808,8998,"6,000%"
2808,4583,"6,000%"
2808,4463,"6,000%"
2808,3611,"6,000%"
2808,191,"6,000%"
2809,3334,"6,000%"
2809,2756,"6,000%"
2813,5466,"6,000%"
2813,4488,"6,000%"
2813,2858,"6,000%"
2813,1132,"6,000%"
2813,440,"6,000%"
2814,4463,"6,000%"
2814,3825,"6,000%"
2814,3651,"6,000%"
2814,3631,"6,000%"
2817,9935,"6,000%"
2817,9919,"6,000%"
2817,9910,"6,000%"
2817,4452,"6,000%"
2817,4373,"6,000%"
2817,4333,"6,000%"
2817,4237,"6,000%"
2817,4231,"6,000%"
2817,3999,"6,000%"
2817,3905,"6,000%"
2817,3703,"6,000%"
2817,3645,"6,000%"
2817,3611,"6,000%"
2817,3605,"6,000%"
2817,757,"6,000%"
2818,9833,"6,000%"
2818,9784,"6,000%"
2818,9698,"6,000%"
2818,9677,"6,000%"
2818,9305,"6,000%"
2818,8104,"6,000%"
2818,5354,"6,000%"
2818,4825,"6,000%"
2818,3974,"6,000%"
2818,3870,"6,000%"
2818,3546,"6,000%"
2818,3381,"6,000%"
2818,2934,"6,000%"
2818,2934,"6,000%"
2818,2878,"6,000%"
2818,2779,"6,000%"
2820,4579,"6,000%"
2820,4511,"6,000%"
2820,4411,"6,000%"
2820,4401,"6,000%"
2820,4098,"6,000%"
2820,3756,"6,000%"
2820,3685,"6,000%"
2820,3605,"6,000%"
2820,3605,"6,000%"
2820,3525,"6,000%"
2820,3524,"6,000%"
2821,9669,"6,000%"
2821,7787,"6,000%"
2821,4406,"6,000%"
2821,651,"6,000%"
2824,2725,"6,000%"
2827,4367,"6,000%"
2827,4237,"6,000%"
2827,4139,"6,000%"
2827,4139,"6,000%"
2827,3889,"6,000%"
2827,2800,"6,000%"
2827,323,"6,000%"
2828,4534,"6,000%"
2828,3755,"6,000%"
2828,3634,"6,000%"
2828,257,"6,000%"
2829,4931,"6,000%"
2830,7272,"6,000%"
2830,4090,"6,000%"
2830,3589,"6,000%"
2832,10113,"6,000%"
2832,9777,"6,000%"
2832,9734,"6,000%"
2832,9726,"6,000%"
2832,9702,"6,000%"
2832,9268,"6,000%"
2832,9076,"6,000%"
2832,9043,"6,000%"
2832,8999,"6,000%"
2832,8998,"6,000%"
2832,8935,"6,000%"
2832,8646,"6,000%"
2832,7959,"6,000%"
2832,4576,"6,000%"
2832,4570,"6,000%"
2832,4327,"6,000%"
2832,4322,"6,000%"
2832,4301,"6,000%"
2832,4124,"6,000%"
2832,3170,"6,000%"
2832,3023,"6,000%"
2832,2900,"6,000%"
2832,2782,"6,000%"
2832,2722,"6,000%"
2832,2174,"6,000%"
2832,1921,"6,000%"
2834,9615,"6,000%"
2834,4049,"6,000%"
2836,10029,"6,000%"
2836,9763,"6,000%"
2836,9194,"6,000%"
2836,7924,"6,000%"
2836,7749,"6,000%"
2836,6656,"6,000%"
2836,4488,"6,000%"
2836,4379,"6,000%"
2836,2393,"6,000%"
2836,2385,"6,000%"
2836,2379,"6,000%"
2836,494,"6,000%"
2836,224,"6,000%"
2839,4188,"6,000%"
2839,3889,"6,000%"
2839,2576,"6,000%"
2841,6360,"6,000%"
2841,4780,"6,000%"
2841,4471,"6,000%"
2841,4463,"6,000%"
2841,4434,"6,000%"
2841,4434,"6,000%"
2841,4350,"6,000%"
2841,4184,"6,000%"
2841,4146,"6,000%"
2841,4025,"6,000%"
2841,3999,"6,000%"
2841,3973,"6,000%"
2841,3935,"6,000%"
2841,3925,"6,000%"
2841,3918,"6,000%"
2841,3902,"6,000%"
2841,3836,"6,000%"
2841,3734,"6,000%"
2841,3661,"6,000%"
2841,3262,"6,000%"
2841,3059,"6,000%"
2841,2858,"6,000%"
2841,2394,"6,000%"
2841,459,"6,000%"
2841,269,"6,000%"
2841,210,"6,000%"
2845,10080,"6,000%"
2845,10080,"6,000%"
2845,10080,"6,000%"
2845,4463,"6,000%"
2845,4350,"6,000%"
2845,4268,"6,000%"
2845,4123,"6,000%"
2845,4019,"6,000%"
2845,3930,"6,000%"
2845,3858,"6,000%"
2845,3684,"6,000%"
2845,3653,"6,000%"
2845,3611,"6,000%"
2845,3374,"6,000%"
2845,3259,"6,000%"
2845,2314,"6,000%"
2845,509,"6,000%"
2845,479,"6,000%"
2846,7960,"6,000%"
2846,7377,"6,000%"
2846,7034,"6,000%"
2846,6959,"6,000%"
2846,6958,"6,000%"
2846,6956,"6,000%"
2846,6954,"6,000%"
2846,6009,"6,000%"
2846,5668,"6,000%"
2846,5124,"6,000%"
2846,5032,"6,000%"
2846,4952,"6,000%"
2846,4907,"6,000%"
2846,4906,"6,000%"
2852,2885,"6,000%"
2852,2501,"6,000%"
2853,4373,"6,000%"
2853,3999,"6,000%"
2853,3578,"6,000%"
2853,3380,"6,000%"
2853,3300,"6,000%"
2853,2858,"6,000%"
2853,2756,"6,000%"
2853,2393,"6,000%"
2854,5822,"6,000%"
2854,5642,"6,000%"
2854,4463,"6,000%"
2854,4350,"6,000%"
2854,4124,"6,000%"
2854,3559,"6,000%"
2854,3326,"6,000%"
2854,2919,"6,000%"
2854,2843,"6,000%"
2854,2387,"6,000%"
2854,437,"6,000%"
2854,191,"6,000%"
2854,2,"6,000%"
2857,4231,"6,000%"
2857,3703,"6,000%"
2859,2013,"6,000%"
2863,4166,"6,000%"
2863,4082,"6,000%"
2863,3605,"6,000%"
2864,4513,"6,000%"
2865,9816,"6,000%"
2865,9815,"6,000%"
2865,9721,"6,000%"
2865,8610,"6,000%"
2865,3380,"6,000%"
2867,4689,"6,000%"
2867,4301,"6,000%"
2867,4084,"6,000%"
2867,3555,"6,000%"
2867,3555,"6,000%"
2867,2174,"6,000%"
2868,6096,"6,000%"
2868,3804,"6,000%"
2868,3766,"6,000%"
2868,3452,"6,000%"
2869,10133,"6,000%"
2869,10127,"6,000%"
2869,10111,"6,000%"
2869,10104,"6,000%"
2869,10103,"6,000%"
2869,10095,"6,000%"
2869,9931,"6,000%"
2869,9925,"6,000%"
2869,9759,"6,000%"
2869,9725,"6,000%"
2869,9326,"6,000%"
2869,8630,"6,000%"
2869,8058,"6,000%"
2869,8057,"6,000%"
2869,8050,"6,000%"
2869,8048,"6,000%"
2869,8038,"6,000%"
2869,8029,"6,000%"
2869,7923,"6,000%"
2869,7819,"6,000%"
2869,7815,"6,000%"
2869,7811,"6,000%"
2869,7792,"6,000%"
2869,7773,"6,000%"
2869,7726,"6,000%"
2869,7629,"6,000%"
2869,7628,"6,000%"
2869,7627,"6,000%"
2869,7610,"6,000%"
2869,5926,"6,000%"
2869,5371,"6,000%"
2869,4786,"6,000%"
2869,4782,"6,000%"
2869,4707,"6,000%"
2869,4692,"6,000%"
2869,4663,"6,000%"
2869,4636,"6,000%"
2869,4614,"6,000%"
2869,4583,"6,000%"
2869,4553,"6,000%"
2869,4551,"6,000%"
2869,4533,"6,000%"
2869,4463,"6,000%"
2869,4413,"6,000%"
2869,4363,"6,000%"
2869,4359,"6,000%"
2869,4350,"6,000%"
2869,4254,"6,000%"
2869,4228,"6,000%"
2869,4043,"6,000%"
2869,3771,"6,000%"
2869,3745,"6,000%"
2869,3633,"6,000%"
2869,3611,"6,000%"
2869,3460,"6,000%"
2869,3446,"6,000%"
2869,3445,"6,000%"
2869,3393,"6,000%"
2869,3346,"6,000%"
2869,3317,"6,000%"
2869,3304,"6,000%"
2869,3264,"6,000%"
2869,3249,"6,000%"
2869,3235,"6,000%"
2869,3228,"6,000%"
2869,3205,"6,000%"
2869,3158,"6,000%"
2869,3151,"6,000%"
2869,3107,"6,000%"
2869,3103,"6,000%"
2869,3087,"6,000%"
2869,3032,"6,000%"
2869,3020,"6,000%"
2869,3009,"6,000%"
2869,2985,"6,000%"
2869,2918,"6,000%"
2869,2901,"6,000%"
2869,2898,"6,000%"
2869,2882,"6,000%"
2869,2872,"6,000%"
2869,2862,"6,000%"
2869,2851,"6,000%"
2869,2848,"6,000%"
2869,2837,"6,000%"
2869,2831,"6,000%"
2869,2826,"6,000%"
2869,2824,"6,000%"
2869,2822,"6,000%"
2869,2787,"6,000%"
2869,2709,"6,000%"
2869,2670,"6,000%"
2869,2660,"6,000%"
2869,2643,"6,000%"
2869,2623,"6,000%"
2869,2598,"6,000%"
2869,2584,"6,000%"
2869,2570,"6,000%"
2869,2523,"6,000%"
2869,2484,"6,000%"
2869,2470,"6,000%"
2869,2347,"6,000%"
2869,2313,"6,000%"
2869,2118,"6,000%"
2869,2028,"6,000%"
2869,1921,"6,000%"
2869,1149,"6,000%"
2869,1148,"6,000%"
2869,1136,"6,000%"
2869,1135,"6,000%"
2869,1112,"6,000%"
2869,1108,"6,000%"
2869,1096,"6,000%"
2869,1092,"6,000%"
2869,1043,"6,000%"
2869,744,"6,000%"
2869,654,"6,000%"
2869,511,"6,000%"
2869,466,"6,000%"
2869,445,"6,000%"
2869,428,"6,000%"
2869,401,"6,000%"
2869,386,"6,000%"
2869,359,"6,000%"
2869,330,"6,000%"
2869,329,"6,000%"
2869,303,"6,000%"
2869,251,"6,000%"
2869,250,"6,000%"
2869,243,"6,000%"
2869,238,"6,000%"
2869,236,"6,000%"
2869,222,"6,000%"
2869,215,"6,000%"
2869,131,"6,000%"
2869,59,"6,000%"
2869,7,"6,000%"
2870,7855,"6,000%"
2870,4831,"6,000%"
2870,4583,"6,000%"
2870,4522,"6,000%"
2870,4463,"6,000%"
2870,4363,"6,000%"
2870,4350,"6,000%"
2870,3623,"6,000%"
2870,3516,"6,000%"
2870,3259,"6,000%"
2870,2837,"6,000%"
2870,2396,"6,000%"
2870,2353,"6,000%"
2870,1127,"6,000%"
2870,1087,"6,000%"
2870,317,"6,000%"
2870,53,"6,000%"
2871,4574,"6,000%"
2871,4130,"6,000%"
2871,3253,"6,000%"
2872,10114,"6,000%"
2872,10080,"6,000%"
2872,10080,"6,000%"
2872,7947,"6,000%"
2872,7369,"6,000%"
2872,7198,"6,000%"
2872,6580,"6,000%"
2872,5917,"6,000%"
2872,4895,"6,000%"
2872,4696,"6,000%"
2872,4574,"6,000%"
2872,4515,"6,000%"
2872,4304,"6,000%"
2872,4194,"6,000%"
2872,4139,"6,000%"
2872,4056,"6,000%"
2872,4045,"6,000%"
2872,3894,"6,000%"
2872,3761,"6,000%"
2872,3724,"6,000%"
2872,3639,"6,000%"
2872,3494,"6,000%"
2872,3384,"6,000%"
2872,3380,"6,000%"
2872,3098,"6,000%"
2872,3073,"6,000%"
2872,2938,"6,000%"
2872,2725,"6,000%"
2872,2378,"6,000%"
2872,534,"6,000%"
2872,510,"6,000%"
2872,507,"6,000%"
2872,498,"6,000%"
2872,493,"6,000%"
2872,459,"6,000%"
2872,456,"6,000%"
2872,445,"6,000%"
2872,395,"6,000%"
2872,380,"6,000%"
2872,373,"6,000%"
2872,273,"6,000%"
2872,213,"6,000%"
2872,210,"6,000%"
2872,119,"6,000%"
2875,3570,"6,000%"
2878,10111,"6,000%"
2878,10103,"6,000%"
2878,9730,"6,000%"
2878,9326,"6,000%"
2878,9202,"6,000%"
2878,8630,"6,000%"
2878,7831,"6,000%"
2878,4783,"6,000%"
2878,4750,"6,000%"
2878,4663,"6,000%"
2878,4570,"6,000%"
2878,4533,"6,000%"
2878,4235,"6,000%"
2878,4045,"6,000%"
2878,3944,"6,000%"
2878,3925,"6,000%"
2878,3924,"6,000%"
2878,3771,"6,000%"
2878,3699,"6,000%"
2878,3474,"6,000%"
2878,3205,"6,000%"
2878,3159,"6,000%"
2878,3158,"6,000%"
2878,3134,"6,000%"
2878,2967,"6,000%"
2878,2869,"6,000%"
2878,2831,"6,000%"
2878,2831,"6,000%"
2878,2811,"6,000%"
2878,2756,"6,000%"
2878,2709,"6,000%"
2878,2598,"6,000%"
2878,2353,"6,000%"
2878,1921,"6,000%"
2878,682,"6,000%"
2878,495,"6,000%"
2878,370,"6,000%"
2878,330,"6,000%"
2878,146,"6,000%"
2878,124,"6,000%"
2880,4488,"6,000%"
2880,3836,"6,000%"
2880,3385,"6,000%"
2880,3048,"6,000%"
2882,5886,"6,000%"
2882,3458,"6,000%"
2882,3159,"6,000%"
2882,3134,"6,000%"
2882,2756,"6,000%"
2883,9108,"6,000%"
2883,9050,"6,000%"
2883,4488,"6,000%"
2883,4407,"6,000%"
2883,3877,"6,000%"
2883,3836,"6,000%"
2883,2832,"6,000%"
2883,2756,"6,000%"
2884,9669,"6,000%"
2884,9070,"6,000%"
2884,9008,"6,000%"
2884,8312,"6,000%"
2884,8258,"6,000%"
2884,7959,"6,000%"
2884,4933,"6,000%"
2884,4019,"6,000%"
2884,1921,"6,000%"
2884,331,"6,000%"
2889,7603,"6,000%"
2889,6397,"6,000%"
2889,5208,"6,000%"
2890,3035,"6,000%"
2896,7398,"6,000%"
2896,4805,"6,000%"
2896,4215,"6,000%"
2896,4118,"6,000%"
2896,4118,"6,000%"
2896,3925,"6,000%"
2897,4823,"6,000%"
2897,4488,"6,000%"
2897,4373,"6,000%"
2897,4294,"6,000%"
2897,3999,"6,000%"
2897,3578,"6,000%"
2897,3316,"6,000%"
2897,2858,"6,000%"
2897,2756,"6,000%"
2898,10023,"6,000%"
2898,9829,"6,000%"
2898,8048,"6,000%"
2898,7922,"6,000%"
2898,7855,"6,000%"
2898,7834,"6,000%"
2898,7822,"6,000%"
2898,7610,"6,000%"
2898,4583,"6,000%"
2898,4564,"6,000%"
2898,4563,"6,000%"
2898,4544,"6,000%"
2898,4463,"6,000%"
2898,4438,"6,000%"
2898,4363,"6,000%"
2898,4273,"6,000%"
2898,3705,"6,000%"
2898,3611,"6,000%"
2898,3516,"6,000%"
2898,3326,"6,000%"
2898,3073,"6,000%"
2898,2894,"6,000%"
2898,2843,"6,000%"
2898,2396,"6,000%"
2898,2357,"6,000%"
2898,2118,"6,000%"
2898,1138,"6,000%"
2898,1136,"6,000%"
2898,1081,"6,000%"
2898,734,"6,000%"
2898,451,"6,000%"
2898,445,"6,000%"
2898,401,"6,000%"
2898,348,"6,000%"
2898,340,"6,000%"
2898,191,"6,000%"
2900,10062,"6,000%"
2900,9864,"6,000%"
2900,9841,"6,000%"
2900,9830,"6,000%"
2900,9819,"6,000%"
2900,9813,"6,000%"
2900,9790,"6,000%"
2900,9676,"6,000%"
2900,9305,"6,000%"
2900,9268,"6,000%"
2900,9024,"6,000%"
2900,8999,"6,000%"
2900,8973,"6,000%"
2900,8912,"6,000%"
2900,7959,"6,000%"
2900,7948,"6,000%"
2900,7698,"6,000%"
2900,7636,"6,000%"
2900,4750,"6,000%"
2900,4583,"6,000%"
2900,4552,"6,000%"
2900,4463,"6,000%"
2900,4363,"6,000%"
2900,4350,"6,000%"
2900,4301,"6,000%"
2900,4205,"6,000%"
2900,4194,"6,000%"
2900,4162,"6,000%"
2900,4084,"6,000%"
2900,3647,"6,000%"
2900,3611,"6,000%"
2900,2869,"6,000%"
2900,2843,"6,000%"
2900,2396,"6,000%"
2900,2174,"6,000%"
2900,2118,"6,000%"
2900,2068,"6,000%"
2900,1921,"6,000%"
2900,1575,"6,000%"
2900,1232,"6,000%"
2900,754,"6,000%"
2900,753,"6,000%"
2900,532,"6,000%"
2900,519,"6,000%"
2900,466,"6,000%"
2900,451,"6,000%"
2900,401,"6,000%"
2900,191,"6,000%"
2903,3823,"6,000%"
2903,2689,"6,000%"
2905,4488,"6,000%"
2905,4373,"6,000%"
2905,3578,"6,000%"
2905,3151,"6,000%"
2905,2967,"6,000%"
2905,2756,"6,000%"
2905,2709,"6,000%"
2905,2462,"6,000%"
2905,513,"6,000%"
2907,10080,"6,000%"
2909,9230,"6,000%"
2909,9229,"6,000%"
2909,9081,"6,000%"
2909,8999,"6,000%"
2909,8984,"6,000%"
2909,8975,"6,000%"
2909,8935,"6,000%"
2909,8647,"6,000%"
2909,8646,"6,000%"
2909,4458,"6,000%"
2909,4262,"6,000%"
2909,4062,"6,000%"
2909,3996,"6,000%"
2909,3300,"6,000%"
2912,9776,"6,000%"
2912,4750,"6,000%"
2912,4554,"6,000%"
2912,3767,"6,000%"
2912,531,"6,000%"
2913,4561,"6,000%"
2913,3376,"6,000%"
2913,2482,"6,000%"
2914,9480,"6,000%"
2914,5935,"6,000%"
2914,4499,"6,000%"
2914,4463,"6,000%"
2914,4350,"6,000%"
2914,4337,"6,000%"
2914,4296,"6,000%"
2914,4188,"6,000%"
2914,4082,"6,000%"
2914,4032,"6,000%"
2914,4012,"6,000%"
2914,3987,"6,000%"
2914,3877,"6,000%"
2914,3862,"6,000%"
2914,3811,"6,000%"
2914,3780,"6,000%"
2914,3619,"6,000%"
2914,3380,"6,000%"
2916,10080,"6,000%"
2916,4139,"6,000%"
2917,9669,"6,000%"
2917,9295,"6,000%"
2917,8349,"6,000%"
2917,6329,"6,000%"
2917,3402,"6,000%"
2917,3141,"6,000%"
2917,3092,"6,000%"
2917,2742,"6,000%"
2917,1921,"6,000%"
2917,444,"6,000%"
2917,425,"6,000%"
2920,7827,"6,000%"
2920,7252,"6,000%"
2920,5861,"6,000%"
2920,3685,"6,000%"
2920,535,"6,000%"
2921,10116,"6,000%"
2921,9084,"6,000%"
2921,9003,"6,000%"
2921,3344,"6,000%"
2921,3141,"6,000%"
2921,2945,"6,000%"
2921,1921,"6,000%"
2921,1921,"6,000%"
2921,1776,"6,000%"
2922,10080,"6,000%"
2923,7436,"6,000%"
2923,5672,"6,000%"
2923,4488,"6,000%"
2923,3300,"6,000%"
2923,3173,"6,000%"
2923,2858,"6,000%"
2924,3519,"6,000%"
2924,3380,"6,000%"
2927,8581,"6,000%"
2927,3602,"6,000%"
2927,2556,"6,000%"
2929,8630,"6,000%"
2929,7700,"6,000%"
2929,4576,"6,000%"
2929,4084,"6,000%"
2929,4006,"6,000%"
2929,3280,"6,000%"
2929,3264,"6,000%"
2929,2919,"6,000%"
2929,2703,"6,000%"
2929,734,"6,000%"
2929,460,"6,000%"
2929,328,"6,000%"
2930,7453,"6,000%"
2930,4169,"6,000%"
2930,4168,"6,000%"
2930,4109,"6,000%"
2934,9202,"6,000%"
2934,8630,"6,000%"
2934,8258,"6,000%"
2934,7811,"6,000%"
2934,7679,"6,000%"
2934,7627,"6,000%"
2934,4663,"6,000%"
2934,4454,"6,000%"
2934,4164,"6,000%"
2934,3925,"6,000%"
2934,3611,"6,000%"
2934,3205,"6,000%"
2934,3134,"6,000%"
2934,3107,"6,000%"
2934,2901,"6,000%"
2934,509,"6,000%"
2934,422,"6,000%"
2934,243,"6,000%"
2938,3925,"6,000%"
2938,2788,"6,000%"
2943,4515,"6,000%"
2943,4278,"6,000%"
2943,3978,"6,000%"
2943,3332,"6,000%"
2943,450,"6,000%"
2944,8011,"6,000%"
2944,6733,"6,000%"
2944,4124,"6,000%"
2944,4124,"6,000%"
2944,3944,"6,000%"
2944,3925,"6,000%"
2944,3771,"6,000%"
2944,3657,"6,000%"
2944,2919,"6,000%"
2944,2804,"6,000%"
2945,6348,"6,000%"
2945,3141,"6,000%"
2945,1921,"6,000%"
2948,9913,"6,000%"
2948,9490,"6,000%"
2948,4392,"6,000%"
2948,4318,"6,000%"
2948,4142,"6,000%"
2948,4130,"6,000%"
2948,3825,"6,000%"
2948,3793,"6,000%"
2948,3767,"6,000%"
2948,3483,"6,000%"
2948,2812,"6,000%"
2948,2709,"6,000%"
2948,104,"6,000%"
2949,8630,"6,000%"
2949,8618,"6,000%"
2949,7948,"6,000%"
2949,7815,"6,000%"
2949,3950,"6,000%"
2949,3541,"6,000%"
2949,3317,"6,000%"
2949,2869,"6,000%"
2949,1097,"6,000%"
2949,359,"6,000%"
2949,330,"6,000%"
2951,7413,"6,000%"
2951,6645,"6,000%"
2951,6458,"6,000%"
2953,9470,"6,000%"
2953,5560,"6,000%"
2953,4084,"6,000%"
2953,3134,"6,000%"
2955,8592,"6,000%"
2955,33,"6,000%"
2957,7401,"6,000%"
2957,6073,"6,000%"
2957,5311,"6,000%"
2957,5028,"6,000%"
2957,4496,"6,000%"
2957,3905,"6,000%"
2957,3776,"6,000%"
2957,3713,"6,000%"
2957,3525,"6,000%"
2957,3481,"6,000%"
2958,4379,"6,000%"
2958,4221,"6,000%"
2958,4002,"6,000%"
2958,3979,"6,000%"
2958,3970,"6,000%"
2958,3857,"6,000%"
2958,3826,"6,000%"
2958,3732,"6,000%"
2958,3247,"6,000%"
2958,2858,"6,000%"
2958,2802,"6,000%"
2959,8545,"6,000%"
2959,8286,"6,000%"
2959,4188,"6,000%"
2959,4080,"6,000%"
2959,3889,"6,000%"
2959,3602,"6,000%"
2959,3519,"6,000%"
2959,3443,"6,000%"
2959,3143,"6,000%"
2959,1142,"6,000%"
2959,1114,"6,000%"
2959,324,"6,000%"
2959,314,"6,000%"
2959,300,"6,000%"
2959,287,"6,000%"
2959,277,"6,000%"
2960,9285,"6,000%"
2960,3776,"6,000%"
2960,501,"6,000%"
2961,4463,"6,000%"
2961,4350,"6,000%"
2961,4273,"6,000%"
2961,2756,"6,000%"
2961,2396,"6,000%"
2961,1921,"6,000%"
2965,10123,"6,000%"
2965,10112,"6,000%"
2965,9140,"6,000%"
2965,9138,"6,000%"
2965,9111,"6,000%"
2965,9108,"6,000%"
2965,7860,"6,000%"
2965,4585,"6,000%"
2965,3918,"6,000%"
2965,3877,"6,000%"
2965,3829,"6,000%"
2965,3776,"6,000%"
2965,3166,"6,000%"
2965,1921,"6,000%"
2965,1908,"6,000%"
2965,1766,"6,000%"
2965,534,"6,000%"
2965,523,"6,000%"
2965,395,"6,000%"
2966,9914,"6,000%"
2966,9898,"6,000%"
2966,6471,"6,000%"
2966,4879,"6,000%"
2966,4420,"6,000%"
2966,4418,"6,000%"
2966,3881,"6,000%"
2966,3858,"6,000%"
2966,3810,"6,000%"
2966,3810,"6,000%"
2966,3562,"6,000%"
2966,3358,"6,000%"
2966,499,"6,000%"
2966,206,"6,000%"
2969,4488,"6,000%"
2969,4385,"6,000%"
2969,3622,"6,000%"
2969,3358,"6,000%"
2969,3134,"6,000%"
2969,2893,"6,000%"
2969,2858,"6,000%"
2969,2756,"6,000%"
2969,2709,"6,000%"
2969,2174,"6,000%"
2973,7959,"6,000%"
2973,6597,"6,000%"
2973,4084,"6,000%"
2973,3944,"6,000%"
2973,3922,"6,000%"
2973,3858,"6,000%"
2973,3684,"6,000%"
2973,3657,"6,000%"
2973,3541,"6,000%"
2973,2919,"6,000%"
2973,2314,"6,000%"
2973,2174,"6,000%"
2975,7774,"6,000%"
2977,6715,"6,000%"
2977,4823,"6,000%"
2977,3999,"6,000%"
2977,3353,"6,000%"
2977,3049,"6,000%"
2977,2858,"6,000%"
2977,2393,"6,000%"
2977,2379,"6,000%"
2978,4514,"6,000%"
2978,3281,"6,000%"
2978,377,"6,000%"
2979,7759,"6,000%"
2979,7708,"6,000%"
2979,3871,"6,000%"
2979,3577,"6,000%"
2979,3273,"6,000%"
2979,3045,"6,000%"
2979,2905,"6,000%"
2979,506,"6,000%"
2979,482,"6,000%"
2979,26,"6,000%"
2980,4025,"6,000%"
2980,4002,"6,000%"
2980,3999,"6,000%"
2980,3970,"6,000%"
2980,3902,"6,000%"
2980,3578,"6,000%"
2980,3300,"6,000%"
2980,3220,"6,000%"
2980,2906,"6,000%"
2980,2786,"6,000%"
2980,2756,"6,000%"
2980,2393,"6,000%"
2980,2361,"6,000%"
2980,494,"6,000%"
2980,440,"6,000%"
2980,158,"6,000%"
2985,8618,"6,000%"
2985,5886,"6,000%"
2985,4454,"6,000%"
2985,4246,"6,000%"
2985,3944,"6,000%"
2985,3925,"6,000%"
2985,3771,"6,000%"
2985,3723,"6,000%"
2985,3699,"6,000%"
2985,3474,"6,000%"
2985,3399,"6,000%"
2985,3313,"6,000%"
2985,3299,"6,000%"
2985,3159,"6,000%"
2985,3135,"6,000%"
2985,2967,"6,000%"
2985,2869,"6,000%"
2985,422,"6,000%"
2985,284,"6,000%"
2987,7303,"6,000%"
2987,7136,"6,000%"
2987,5265,"6,000%"
2987,4502,"6,000%"
2987,4038,"6,000%"
2987,3999,"6,000%"
2987,3380,"6,000%"
2987,3276,"6,000%"
2987,2858,"6,000%"
2987,2786,"6,000%"
2987,2756,"6,000%"
2990,9460,"6,000%"
2990,8011,"6,000%"
2990,4463,"6,000%"
2990,4124,"6,000%"
2990,3705,"6,000%"
2990,3259,"6,000%"
2990,2837,"6,000%"
2990,2837,"6,000%"
2990,2390,"6,000%"
2990,509,"6,000%"
2990,225,"6,000%"
2990,218,"6,000%"
2990,162,"6,000%"
2991,8055,"6,000%"
2991,7795,"6,000%"
2991,5965,"6,000%"
2991,5266,"6,000%"
2991,5016,"6,000%"
2991,4895,"6,000%"
2991,4750,"6,000%"
2991,3739,"6,000%"
2991,3202,"6,000%"
2991,2674,"6,000%"
2991,2671,"6,000%"
2991,2478,"6,000%"
2991,2465,"6,000%"
2993,10122,"6,000%"
2993,7600,"6,000%"
2993,6608,"6,000%"
2993,6329,"6,000%"
2993,2993,"6,000%"
2993,288,"6,000%"
2997,10028,"6,000%"
2997,7620,"6,000%"
2997,7536,"6,000%"
2997,7443,"6,000%"
2997,7318,"6,000%"
2997,5787,"6,000%"
2997,5558,"6,000%"
2997,5274,"6,000%"
2997,5102,"6,000%"
2997,4911,"6,000%"
2997,4204,"6,000%"
2997,4020,"6,000%"
2997,3656,"6,000%"
2997,3484,"6,000%"
3000,4709,"6,000%"
3000,3856,"6,000%"
3000,3136,"6,000%"
3000,3098,"6,000%"
3000,3000,"6,000%"
3000,2709,"6,000%"
3000,2708,"6,000%"
3000,401,"6,000%"
3001,10080,"6,000%"
3001,3825,"6,000%"
3002,7947,"6,000%"
3002,4020,"6,000%"
3002,3889,"6,000%"
3002,3602,"6,000%"
3002,3567,"6,000%"
3002,3408,"6,000%"
3002,3026,"6,000%"
3002,2449,"6,000%"
3002,34,"6,000%"
3002,16,"6,000%"
3003,9981,"6,000%"
3003,6462,"6,000%"
3003,4999,"6,000%"
3003,4321,"6,000%"
3003,4038,"6,000%"
3003,4025,"6,000%"
3003,3745,"6,000%"
3003,3732,"6,000%"
3003,2858,"6,000%"
3003,420,"6,000%"
3004,3202,"6,000%"
3005,10116,"6,000%"
3005,9875,"6,000%"
3005,9734,"6,000%"
3005,8999,"6,000%"
3005,8973,"6,000%"
3005,4124,"6,000%"
3005,3023,"6,000%"
3005,2788,"6,000%"
3005,2788,"6,000%"
3005,2174,"6,000%"
3006,9798,"6,000%"
3006,7942,"6,000%"
3006,3667,"6,000%"
3006,2938,"6,000%"
3006,2174,"6,000%"
3006,1921,"6,000%"
3007,3468,"6,000%"
3007,3392,"6,000%"
3007,2994,"6,000%"
3010,4140,"6,000%"
3010,4017,"6,000%"
3010,3163,"6,000%"
3010,2942,"6,000%"
3010,2627,"6,000%"
3010,2591,"6,000%"
3010,2591,"6,000%"
3010,2508,"6,000%"
3012,8935,"6,000%"
3012,4406,"6,000%"
3012,4406,"6,000%"
3012,3381,"6,000%"
3012,3141,"6,000%"
3012,2917,"6,000%"
3014,9690,"6,000%"
3014,9274,"6,000%"
3014,9091,"6,000%"
3014,9017,"6,000%"
3014,9007,"6,000%"
3014,8998,"6,000%"
3014,8973,"6,000%"
3014,8935,"6,000%"
3014,8011,"6,000%"
3014,4958,"6,000%"
3014,4584,"6,000%"
3014,4570,"6,000%"
3014,4447,"6,000%"
3014,4084,"6,000%"
3014,4051,"6,000%"
3014,3344,"6,000%"
3014,3134,"6,000%"
3014,2174,"6,000%"
3014,508,"6,000%"
3014,398,"6,000%"
3015,9777,"6,000%"
3015,9765,"6,000%"
3015,9683,"6,000%"
3015,6697,"6,000%"
3015,6684,"6,000%"
3015,2884,"6,000%"
3015,1921,"6,000%"
3015,652,"6,000%"
3015,596,"6,000%"
3015,592,"6,000%"
3017,10100,"6,000%"
3018,9469,"6,000%"
3018,4032,"6,000%"
3018,3705,"6,000%"
3018,3389,"6,000%"
3018,2950,"6,000%"
3018,2933,"6,000%"
3018,2918,"6,000%"
3018,2855,"6,000%"
3022,4463,"6,000%"
3022,4350,"6,000%"
3022,4273,"6,000%"
3022,3259,"6,000%"
3022,3082,"6,000%"
3023,10127,"6,000%"
3023,10120,"6,000%"
3023,10103,"6,000%"
3023,10099,"6,000%"
3023,10098,"6,000%"
3023,10074,"6,000%"
3023,9759,"6,000%"
3023,9714,"6,000%"
3023,9698,"6,000%"
3023,9693,"6,000%"
3023,9558,"6,000%"
3023,9202,"6,000%"
3023,8998,"6,000%"
3023,8258,"6,000%"
3023,7889,"6,000%"
3023,7819,"6,000%"
3023,7773,"6,000%"
3023,7002,"6,000%"
3023,4553,"6,000%"
3023,4366,"6,000%"
3023,4357,"6,000%"
3023,4303,"6,000%"
3023,4273,"6,000%"
3023,4164,"6,000%"
3023,4101,"6,000%"
3023,4096,"6,000%"
3023,3967,"6,000%"
3023,3924,"6,000%"
3023,3555,"6,000%"
3023,3289,"6,000%"
3023,3238,"6,000%"
3023,3166,"6,000%"
3023,3159,"6,000%"
3023,3141,"6,000%"
3023,3129,"6,000%"
3023,3103,"6,000%"
3023,2949,"6,000%"
3023,2909,"6,000%"
3023,2904,"6,000%"
3023,2864,"6,000%"
3023,2743,"6,000%"
3023,2709,"6,000%"
3023,2703,"6,000%"
3023,2590,"6,000%"
3023,2586,"6,000%"
3023,2557,"6,000%"
3023,2534,"6,000%"
3023,2421,"6,000%"
3023,1149,"6,000%"
3023,1129,"6,000%"
3023,1126,"6,000%"
3023,744,"6,000%"
3023,669,"6,000%"
3023,401,"6,000%"
3023,386,"6,000%"
3023,303,"6,000%"
3023,124,"6,000%"
3023,8,"6,000%"
3026,4954,"6,000%"
3026,4304,"6,000%"
3026,3973,"6,000%"
3026,3602,"6,000%"
3026,2672,"6,000%"
3026,107,"6,000%"
3029,9098,"6,000%"
3029,8936,"6,000%"
3029,7938,"6,000%"
3029,7507,"6,000%"
3029,6688,"6,000%"
3029,4584,"6,000%"
3029,3969,"6,000%"
3029,3877,"6,000%"
3029,3862,"6,000%"
3029,3570,"6,000%"
3029,2885,"6,000%"
3029,395,"6,000%"
3031,4367,"6,000%"
3031,4215,"6,000%"
3031,4188,"6,000%"
3031,3380,"6,000%"
3031,2913,"6,000%"
3032,4273,"6,000%"
3033,3570,"6,000%"
3033,67,"6,000%"
3034,9470,"6,000%"
3034,9023,"6,000%"
3034,8052,"6,000%"
3034,7706,"6,000%"
3034,4583,"6,000%"
3034,4434,"6,000%"
3034,4295,"6,000%"
3034,3930,"6,000%"
3034,3922,"6,000%"
3034,3895,"6,000%"
3034,3685,"6,000%"
3034,3331,"6,000%"
3034,3068,"6,000%"
3034,2330,"6,000%"
3034,479,"6,000%"
3034,413,"6,000%"
3035,3281,"6,000%"
3036,4774,"6,000%"
3037,8998,"6,000%"
3037,8011,"6,000%"
3037,7959,"6,000%"
3037,6778,"6,000%"
3037,4750,"6,000%"
3037,4576,"6,000%"
3037,4301,"6,000%"
3037,4164,"6,000%"
3037,3974,"6,000%"
3037,3771,"6,000%"
3037,3570,"6,000%"
3037,2919,"6,000%"
3037,2869,"6,000%"
3037,1921,"6,000%"
3037,509,"6,000%"
3039,10080,"6,000%"
3039,10080,"6,000%"
3039,10061,"6,000%"
3039,9914,"6,000%"
3039,5606,"6,000%"
3039,5090,"6,000%"
3039,4498,"6,000%"
3039,4021,"6,000%"
3039,4019,"6,000%"
3039,3721,"6,000%"
3039,3700,"6,000%"
3039,3570,"6,000%"
3039,2777,"6,000%"
3039,2708,"6,000%"
3039,756,"6,000%"
3042,8967,"6,000%"
3042,8937,"6,000%"
3042,8467,"6,000%"
3042,4268,"6,000%"
3042,4123,"6,000%"
3042,4021,"6,000%"
3042,2314,"6,000%"
3042,525,"6,000%"
3043,10116,"6,000%"
3043,9670,"6,000%"
3043,8953,"6,000%"
3043,8937,"6,000%"
3043,8936,"6,000%"
3043,8935,"6,000%"
3043,8011,"6,000%"
3043,7935,"6,000%"
3043,7717,"6,000%"
3043,4750,"6,000%"
3043,4326,"6,000%"
3043,4268,"6,000%"
3043,4257,"6,000%"
3043,4194,"6,000%"
3043,4124,"6,000%"
3043,4049,"6,000%"
3043,4021,"6,000%"
3043,3969,"6,000%"
3043,3930,"6,000%"
3043,3922,"6,000%"
3043,3858,"6,000%"
3043,3792,"6,000%"
3043,3714,"6,000%"
3043,3610,"6,000%"
3043,2869,"6,000%"
3043,2852,"6,000%"
3043,2847,"6,000%"
3043,2753,"6,000%"
3043,2314,"6,000%"
3043,2174,"6,000%"
3043,2013,"6,000%"
3043,1921,"6,000%"
3043,531,"6,000%"
3043,387,"6,000%"
3043,384,"6,000%"
3045,2756,"6,000%"
3057,4194,"6,000%"
3059,6715,"6,000%"
3059,4866,"6,000%"
3059,4373,"6,000%"
3059,4349,"6,000%"
3059,4189,"6,000%"
3059,3999,"6,000%"
3059,3387,"6,000%"
3059,3380,"6,000%"
3059,2895,"6,000%"
3059,2858,"6,000%"
3059,2756,"6,000%"
3059,439,"6,000%"
3062,9804,"6,000%"
3062,8983,"6,000%"
3062,2869,"6,000%"
3063,9719,"6,000%"
3063,9680,"6,000%"
3063,9671,"6,000%"
3063,3545,"6,000%"
3063,3344,"6,000%"
3063,3311,"6,000%"
3063,3298,"6,000%"
3063,3298,"6,000%"
3063,2483,"6,000%"
3063,2000,"6,000%"
3063,1491,"6,000%"
3063,825,"6,000%"
3063,530,"6,000%"
3065,7596,"6,000%"
3065,6011,"6,000%"
3066,9320,"6,000%"
3066,9223,"6,000%"
3066,9205,"6,000%"
3066,8998,"6,000%"
3066,5522,"6,000%"
3066,4570,"6,000%"
3066,4123,"6,000%"
3066,4084,"6,000%"
3066,4019,"6,000%"
3066,3996,"6,000%"
3066,3966,"6,000%"
3066,3684,"6,000%"
3066,2939,"6,000%"
3066,2922,"6,000%"
3066,2314,"6,000%"
3066,1921,"6,000%"
3066,509,"6,000%"
3066,182,"6,000%"
3067,7820,"6,000%"
3067,4350,"6,000%"
3067,3895,"6,000%"
3067,3736,"6,000%"
3067,3713,"6,000%"
3067,3690,"6,000%"
3067,2371,"6,000%"
3067,1105,"6,000%"
3069,4576,"6,000%"
3069,4301,"6,000%"
3069,4124,"6,000%"
3069,1921,"6,000%"
3070,6797,"6,000%"
3072,6715,"6,000%"
3072,4866,"6,000%"
3072,4373,"6,000%"
3072,3999,"6,000%"
3074,4379,"6,000%"
3074,4373,"6,000%"
3074,4038,"6,000%"
3074,4002,"6,000%"
3074,3970,"6,000%"
3074,3590,"6,000%"
3074,3247,"6,000%"
3074,2858,"6,000%"
3074,2802,"6,000%"
3074,2786,"6,000%"
3074,2756,"6,000%"
3074,2393,"6,000%"
3074,2379,"6,000%"
3074,2335,"6,000%"
3080,10080,"6,000%"
3080,10080,"6,000%"
3080,9229,"6,000%"
3080,7948,"6,000%"
3080,4803,"6,000%"
3080,4585,"6,000%"
3080,4576,"6,000%"
3080,4454,"6,000%"
3080,4415,"6,000%"
3080,4194,"6,000%"
3080,4188,"6,000%"
3080,4084,"6,000%"
3080,3925,"6,000%"
3080,3924,"6,000%"
3080,3894,"6,000%"
3080,3827,"6,000%"
3080,3771,"6,000%"
3080,3771,"6,000%"
3080,3671,"6,000%"
3080,3631,"6,000%"
3080,3090,"6,000%"
3080,2906,"6,000%"
3080,2869,"6,000%"
3080,2788,"6,000%"
3080,2723,"6,000%"
3080,2377,"6,000%"
3080,2372,"6,000%"
3080,1921,"6,000%"
3080,419,"6,000%"
3080,322,"6,000%"
3081,8827,"6,000%"
3081,8821,"6,000%"
3081,5591,"6,000%"
3081,5250,"6,000%"
3081,4124,"6,000%"
3081,3584,"6,000%"
3081,3134,"6,000%"
3081,3062,"6,000%"
3081,2921,"6,000%"
3081,1347,"6,000%"
3081,444,"6,000%"
3082,9199,"6,000%"
3082,8258,"6,000%"
3082,2709,"6,000%"
3084,9914,"6,000%"
3084,4440,"6,000%"
3084,4371,"6,000%"
3084,4268,"6,000%"
3084,4144,"6,000%"
3084,4123,"6,000%"
3084,3810,"6,000%"
3084,3570,"6,000%"
3085,6222,"6,000%"
3086,4080,"6,000%"
3086,3318,"6,000%"
3086,485,"6,000%"
3087,3736,"6,000%"
3088,8334,"6,000%"
3088,6715,"6,000%"
3088,4866,"6,000%"
3088,4373,"6,000%"
3088,3999,"6,000%"
3088,3387,"6,000%"
3088,3380,"6,000%"
3088,2858,"6,000%"
3089,9994,"6,000%"
3089,7452,"6,000%"
3089,5173,"6,000%"
3089,4349,"6,000%"
3089,3999,"6,000%"
3089,3526,"6,000%"
3089,440,"6,000%"
3092,4406,"6,000%"
3092,3141,"6,000%"
3092,2718,"6,000%"
3092,1776,"6,000%"
3093,4301,"6,000%"
3093,3925,"6,000%"
3093,3555,"6,000%"
3093,3221,"6,000%"
3093,2421,"6,000%"
3095,10080,"6,000%"
3095,10080,"6,000%"
3095,7147,"6,000%"
3095,6297,"6,000%"
3095,4632,"6,000%"
3095,3602,"6,000%"
3098,7810,"6,000%"
3098,7798,"6,000%"
3098,7763,"6,000%"
3098,7742,"6,000%"
3098,7625,"6,000%"
3098,4662,"6,000%"
3098,4443,"6,000%"
3098,4252,"6,000%"
3098,4047,"6,000%"
3098,3955,"6,000%"
3098,3934,"6,000%"
3098,3830,"6,000%"
3098,3760,"6,000%"
3098,3664,"6,000%"
3098,3528,"6,000%"
3098,3493,"6,000%"
3098,3492,"6,000%"
3098,2992,"6,000%"
3099,4194,"6,000%"
3099,3823,"6,000%"
3099,2756,"6,000%"
3099,994,"6,000%"
3099,400,"6,000%"
3100,7759,"6,000%"
3100,7708,"6,000%"
3100,4141,"6,000%"
3100,4002,"6,000%"
3100,3380,"6,000%"
3100,3276,"6,000%"
3100,3045,"6,000%"
3100,2756,"6,000%"
3100,240,"6,000%"
3101,7413,"6,000%"
3101,5184,"6,000%"
3101,4452,"6,000%"
3101,4346,"6,000%"
3101,4169,"6,000%"
3101,3989,"6,000%"
3101,3804,"6,000%"
3103,10059,"6,000%"
3103,4463,"6,000%"
3103,4350,"6,000%"
3103,3529,"6,000%"
3103,3399,"6,000%"
3103,3326,"6,000%"
3103,3134,"6,000%"
3103,2967,"6,000%"
3104,4273,"6,000%"
3104,3257,"6,000%"
3105,9944,"6,000%"
3105,8546,"6,000%"
3105,7946,"6,000%"
3105,3627,"6,000%"
3105,3263,"6,000%"
3106,7941,"6,000%"
3106,7828,"6,000%"
3106,7615,"6,000%"
3106,3757,"6,000%"
3106,3052,"6,000%"
3106,2619,"6,000%"
3106,2319,"6,000%"
3106,45,"6,000%"
3108,3804,"6,000%"
3108,3719,"6,000%"
3108,3685,"6,000%"
3111,10080,"6,000%"
3112,4188,"6,000%"
3112,3602,"6,000%"
3112,2959,"6,000%"
3116,9295,"6,000%"
3117,4488,"6,000%"
3117,4373,"6,000%"
3117,3902,"6,000%"
3119,3944,"6,000%"
3119,3771,"6,000%"
3120,4513,"6,000%"
3120,4452,"6,000%"
3120,4237,"6,000%"
3120,3804,"6,000%"
3120,3756,"6,000%"
3120,3743,"6,000%"
3120,3713,"6,000%"
3120,3685,"6,000%"
3120,3605,"6,000%"
3123,8510,"6,000%"
3123,4488,"6,000%"
3123,4488,"6,000%"
3123,4373,"6,000%"
3123,3999,"6,000%"
3123,3637,"6,000%"
3123,2858,"6,000%"
3123,2853,"6,000%"
3123,2325,"6,000%"
3123,459,"6,000%"
3123,227,"6,000%"
3123,1,"6,000%"
3128,3466,"6,000%"
3128,3008,"6,000%"
3129,5614,"6,000%"
3129,4440,"6,000%"
3129,4019,"6,000%"
3129,3930,"6,000%"
3129,3922,"6,000%"
3129,3684,"6,000%"
3129,3570,"6,000%"
3129,2330,"6,000%"
3129,2314,"6,000%"
3129,509,"6,000%"
3131,3060,"6,000%"
3132,4576,"6,000%"
3132,4570,"6,000%"
3132,3925,"6,000%"
3132,2788,"6,000%"
3138,4183,"6,000%"
3138,3793,"6,000%"
3138,3713,"6,000%"
3138,3605,"6,000%"
3140,8065,"6,000%"
3140,7959,"6,000%"
3140,4124,"6,000%"
3140,4123,"6,000%"
3140,3347,"6,000%"
3140,3238,"6,000%"
3140,2919,"6,000%"
3140,1643,"6,000%"
3140,362,"6,000%"
3140,17,"6,000%"
3141,9804,"6,000%"
3141,9779,"6,000%"
3141,9320,"6,000%"
3141,9199,"6,000%"
3141,7992,"6,000%"
3141,3336,"6,000%"
3141,3243,"6,000%"
3141,3203,"6,000%"
3141,2709,"6,000%"
3141,642,"6,000%"
3142,9776,"6,000%"
3142,9192,"6,000%"
3142,9108,"6,000%"
3142,3925,"6,000%"
3142,3397,"6,000%"
3142,2938,"6,000%"
3142,2709,"6,000%"
3145,4014,"6,000%"
3146,9192,"6,000%"
3146,5624,"6,000%"
3146,3023,"6,000%"
3148,8548,"6,000%"
3148,8548,"6,000%"
3148,8546,"6,000%"
3148,5083,"6,000%"
3148,3889,"6,000%"
3148,3467,"6,000%"
3155,7951,"6,000%"
3155,4641,"6,000%"
3155,4593,"6,000%"
3155,4459,"6,000%"
3155,4188,"6,000%"
3155,4080,"6,000%"
3156,9658,"6,000%"
3156,9548,"6,000%"
3156,9050,"6,000%"
3156,8952,"6,000%"
3156,8927,"6,000%"
3156,8923,"6,000%"
3156,8869,"6,000%"
3156,7727,"6,000%"
3156,6859,"6,000%"
3156,6778,"6,000%"
3156,5335,"6,000%"
3156,4946,"6,000%"
3156,4750,"6,000%"
3156,4580,"6,000%"
3156,4381,"6,000%"
3156,4340,"6,000%"
3156,4268,"6,000%"
3156,4234,"6,000%"
3156,4062,"6,000%"
3156,4049,"6,000%"
3156,4049,"6,000%"
3156,3969,"6,000%"
3156,3961,"6,000%"
3156,3922,"6,000%"
3156,3817,"6,000%"
3156,3792,"6,000%"
3156,3792,"6,000%"
3156,3748,"6,000%"
3156,3615,"6,000%"
3156,3610,"6,000%"
3156,3607,"6,000%"
3156,3570,"6,000%"
3156,3509,"6,000%"
3156,3076,"6,000%"
3156,423,"6,000%"
3156,423,"6,000%"
3156,275,"6,000%"
3159,10104,"6,000%"
3159,10103,"6,000%"
3159,10074,"6,000%"
3159,9730,"6,000%"
3159,9710,"6,000%"
3159,9326,"6,000%"
3159,9202,"6,000%"
3159,8630,"6,000%"
3159,8050,"6,000%"
3159,4551,"6,000%"
3159,4357,"6,000%"
3159,3205,"6,000%"
3159,3158,"6,000%"
3159,3134,"6,000%"
3159,3107,"6,000%"
3159,3023,"6,000%"
3159,2901,"6,000%"
3159,2898,"6,000%"
3159,2848,"6,000%"
3159,2831,"6,000%"
3159,2826,"6,000%"
3159,2669,"6,000%"
3159,2598,"6,000%"
3159,682,"6,000%"
3159,493,"6,000%"
3159,436,"6,000%"
3159,330,"6,000%"
3161,5281,"6,000%"
3161,4576,"6,000%"
3161,4488,"6,000%"
3161,4373,"6,000%"
3161,4350,"6,000%"
3161,3950,"6,000%"
3161,3578,"6,000%"
3161,3317,"6,000%"
3161,3300,"6,000%"
3161,3276,"6,000%"
3161,3134,"6,000%"
3161,3073,"6,000%"
3161,2858,"6,000%"
3161,2851,"6,000%"
3161,2826,"6,000%"
3161,2756,"6,000%"
3161,2709,"6,000%"
3161,132,"6,000%"
3162,10080,"6,000%"
3162,9469,"6,000%"
3162,9274,"6,000%"
3162,8618,"6,000%"
3162,5259,"6,000%"
3162,4392,"6,000%"
3162,4386,"6,000%"
3162,3980,"6,000%"
3162,3979,"6,000%"
3162,3967,"6,000%"
3162,3578,"6,000%"
3162,2778,"6,000%"
3166,9690,"6,000%"
3166,9202,"6,000%"
3166,7833,"6,000%"
3166,7002,"6,000%"
3166,4752,"6,000%"
3166,4584,"6,000%"
3166,3918,"6,000%"
3166,3289,"6,000%"
3166,3134,"6,000%"
3166,3134,"6,000%"
3166,3023,"6,000%"
3166,2967,"6,000%"
3166,2864,"6,000%"
3166,2795,"6,000%"
3166,2709,"6,000%"
3166,2563,"6,000%"
3166,1126,"6,000%"
3166,395,"6,000%"
3171,405,"6,000%"
3172,10108,"6,000%"
3172,7959,"6,000%"
3172,4570,"6,000%"
3172,3657,"6,000%"
3172,3653,"6,000%"
3175,10124,"6,000%"
3175,9805,"6,000%"
3175,9009,"6,000%"
3175,8973,"6,000%"
3175,8647,"6,000%"
3175,8493,"6,000%"
3175,8468,"6,000%"
3175,7974,"6,000%"
3175,6569,"6,000%"
3175,4301,"6,000%"
3175,4212,"6,000%"
3175,4194,"6,000%"
3175,3550,"6,000%"
3175,2161,"6,000%"
3175,2133,"6,000%"
3175,390,"6,000%"
3179,3337,"6,000%"
3180,9937,"6,000%"
3180,8869,"6,000%"
3180,8866,"6,000%"
3180,7763,"6,000%"
3180,4574,"6,000%"
3180,4488,"6,000%"
3180,4368,"6,000%"
3180,4339,"6,000%"
3180,4229,"6,000%"
3180,4021,"6,000%"
3180,3631,"6,000%"
3180,3385,"6,000%"
3180,2996,"6,000%"
3180,2628,"6,000%"
3180,2150,"6,000%"
3180,1980,"6,000%"
3180,1164,"6,000%"
3180,519,"6,000%"
3186,7947,"6,000%"
3186,1341,"6,000%"
3191,2661,"6,000%"
3192,4495,"6,000%"
3194,8935,"6,000%"
3194,3944,"6,000%"
3195,8553,"6,000%"
3195,2579,"6,000%"
3197,4488,"6,000%"
3197,4082,"6,000%"
3198,9981,"6,000%"
3198,9284,"6,000%"
3198,8049,"6,000%"
3198,8049,"6,000%"
3198,7675,"6,000%"
3198,4488,"6,000%"
3198,4002,"6,000%"
3198,3979,"6,000%"
3198,3732,"6,000%"
3198,2904,"6,000%"
3200,10080,"6,000%"
3200,5112,"6,000%"
3200,4891,"6,000%"
3200,4890,"6,000%"
3203,10117,"6,000%"
3203,9805,"6,000%"
3203,9804,"6,000%"
3203,9707,"6,000%"
3203,9683,"6,000%"
3203,9669,"6,000%"
3203,7787,"6,000%"
3203,7658,"6,000%"
3203,5624,"6,000%"
3203,4327,"6,000%"
3203,4095,"6,000%"
3203,3550,"6,000%"
3203,3344,"6,000%"
3203,3177,"6,000%"
3203,3141,"6,000%"
3203,3023,"6,000%"
3203,2989,"6,000%"
3203,2692,"6,000%"
3203,2174,"6,000%"
3203,1786,"6,000%"
3203,444,"6,000%"
3206,4750,"6,000%"
3206,4322,"6,000%"
3206,3974,"6,000%"
3206,2413,"6,000%"
3206,115,"6,000%"
3206,18,"6,000%"
3209,9878,"6,000%"
3209,9795,"6,000%"
3209,9776,"6,000%"
3209,3541,"6,000%"
3209,1387,"6,000%"
3212,10080,"6,000%"
3214,4020,"6,000%"
3214,3889,"6,000%"
3214,3602,"6,000%"
3214,470,"6,000%"
3218,9777,"6,000%"
3218,4139,"6,000%"
3218,3144,"6,000%"
3218,2952,"6,000%"
3218,2796,"6,000%"
3221,9987,"6,000%"
3221,9776,"6,000%"
3221,9734,"6,000%"
3221,9726,"6,000%"
3221,9698,"6,000%"
3221,9674,"6,000%"
3221,9081,"6,000%"
3221,8031,"6,000%"
3221,7959,"6,000%"
3221,7886,"6,000%"
3221,4366,"6,000%"
3221,4339,"6,000%"
3221,4301,"6,000%"
3221,4124,"6,000%"
3221,4084,"6,000%"
3221,4084,"6,000%"
3221,3344,"6,000%"
3221,3134,"6,000%"
3221,3022,"6,000%"
3221,2849,"6,000%"
3221,2709,"6,000%"
3221,2667,"6,000%"
3221,2174,"6,000%"
3221,2174,"6,000%"
3221,1083,"6,000%"
3221,53,"6,000%"
3224,10112,"6,000%"
3224,9108,"6,000%"
3224,8935,"6,000%"
3224,6587,"6,000%"
3224,5355,"6,000%"
3224,4968,"6,000%"
3224,4570,"6,000%"
3224,4567,"6,000%"
3224,4566,"6,000%"
3224,4502,"6,000%"
3224,4463,"6,000%"
3224,4402,"6,000%"
3224,4164,"6,000%"
3224,4020,"6,000%"
3224,3902,"6,000%"
3224,3889,"6,000%"
3224,3877,"6,000%"
3224,3771,"6,000%"
3224,3631,"6,000%"
3224,3610,"6,000%"
3224,3474,"6,000%"
3224,3462,"6,000%"
3224,3380,"6,000%"
3224,3371,"6,000%"
3224,3361,"6,000%"
3224,3313,"6,000%"
3224,3309,"6,000%"
3224,3300,"6,000%"
3224,3158,"6,000%"
3224,3126,"6,000%"
3224,3025,"6,000%"
3224,2869,"6,000%"
3224,451,"6,000%"
3225,3768,"6,000%"
3225,2911,"6,000%"
3226,9192,"6,000%"
3226,8011,"6,000%"
3226,7959,"6,000%"
3226,4124,"6,000%"
3226,3134,"6,000%"
3226,51,"6,000%"
3227,9816,"6,000%"
3227,9693,"6,000%"
3227,7948,"6,000%"
3227,6373,"6,000%"
3231,10080,"6,000%"
3231,9938,"6,000%"
3231,9937,"6,000%"
3231,9293,"6,000%"
3231,5329,"6,000%"
3231,4972,"6,000%"
3231,4787,"6,000%"
3231,4475,"6,000%"
3231,4445,"6,000%"
3231,4431,"6,000%"
3231,4130,"6,000%"
3231,3659,"6,000%"
3231,3607,"6,000%"
3231,3607,"6,000%"
3231,3572,"6,000%"
3237,8548,"6,000%"
3237,8545,"6,000%"
3237,4304,"6,000%"
3240,4188,"6,000%"
3240,3602,"6,000%"
3240,2800,"6,000%"
3241,10078,"6,000%"
3241,10071,"6,000%"
3241,9906,"6,000%"
3241,4354,"6,000%"
3241,3640,"6,000%"
3242,8581,"6,000%"
3242,5001,"6,000%"
3242,4577,"6,000%"
3242,3567,"6,000%"
3243,9686,"6,000%"
3243,8998,"6,000%"
3243,8935,"6,000%"
3243,4570,"6,000%"
3243,4327,"6,000%"
3243,3944,"6,000%"
3243,3862,"6,000%"
3243,3221,"6,000%"
3243,3166,"6,000%"
3243,3133,"6,000%"
3243,3023,"6,000%"
3243,2869,"6,000%"
3245,10027,"6,000%"
3245,9284,"6,000%"
3245,7368,"6,000%"
3245,7253,"6,000%"
3245,6578,"6,000%"
3245,6330,"6,000%"
3245,5059,"6,000%"
3245,4816,"6,000%"
3245,4488,"6,000%"
3245,4025,"6,000%"
3245,3726,"6,000%"
3245,2793,"6,000%"
3246,6453,"6,000%"
3246,4845,"6,000%"
3246,4466,"6,000%"
3246,4021,"6,000%"
3246,3862,"6,000%"
3246,3570,"6,000%"
3246,525,"6,000%"
3246,479,"6,000%"
3251,8973,"6,000%"
3251,7959,"6,000%"
3251,7893,"6,000%"
3251,4350,"6,000%"
3251,4124,"6,000%"
3251,3541,"6,000%"
3251,3455,"6,000%"
3251,3393,"6,000%"
3251,3370,"6,000%"
3251,3115,"6,000%"
3251,3034,"6,000%"
3251,3005,"6,000%"
3251,2766,"6,000%"
3252,3391,"6,000%"
3252,3174,"6,000%"
3252,2926,"6,000%"
3252,374,"6,000%"
3256,6715,"6,000%"
3256,4866,"6,000%"
3256,3999,"6,000%"
3256,440,"6,000%"
3259,3068,"6,000%"
3260,5371,"6,000%"
3260,4438,"6,000%"
3260,4124,"6,000%"
3260,4091,"6,000%"
3260,3275,"6,000%"
3260,3154,"6,000%"
3262,7766,"6,000%"
3262,7710,"6,000%"
3262,7710,"6,000%"
3262,4823,"6,000%"
3262,4627,"6,000%"
3262,4349,"6,000%"
3262,4184,"6,000%"
3262,3721,"6,000%"
3262,3596,"6,000%"
3262,3316,"6,000%"
3262,2980,"6,000%"
3262,2327,"6,000%"
3262,2304,"6,000%"
3262,1094,"6,000%"
3262,497,"6,000%"
3262,207,"6,000%"
3262,176,"6,000%"
3263,7637,"6,000%"
3263,6948,"6,000%"
3263,5991,"6,000%"
3263,4304,"6,000%"
3269,10116,"6,000%"
3269,9669,"6,000%"
3269,5624,"6,000%"
3269,4762,"6,000%"
3269,4406,"6,000%"
3269,3944,"6,000%"
3269,3344,"6,000%"
3269,3170,"6,000%"
3269,3141,"6,000%"
3269,3023,"6,000%"
3269,2724,"6,000%"
3270,4488,"6,000%"
3270,4373,"6,000%"
3270,3999,"6,000%"
3270,3578,"6,000%"
3270,2858,"6,000%"
3270,2756,"6,000%"
3271,2839,"6,000%"
3271,377,"6,000%"
3272,10080,"6,000%"
3272,7947,"6,000%"
3272,5133,"6,000%"
3278,10123,"6,000%"
3278,10112,"6,000%"
3278,9995,"6,000%"
3278,9136,"6,000%"
3278,9108,"6,000%"
3278,7656,"6,000%"
3278,4585,"6,000%"
3278,4584,"6,000%"
3278,4386,"6,000%"
3278,4364,"6,000%"
3278,4055,"6,000%"
3278,4011,"6,000%"
3278,3969,"6,000%"
3278,3918,"6,000%"
3278,3827,"6,000%"
3278,3776,"6,000%"
3278,3748,"6,000%"
3278,3671,"6,000%"
3278,3560,"6,000%"
3278,3335,"6,000%"
3278,3189,"6,000%"
3278,2013,"6,000%"
3278,523,"6,000%"
3278,503,"6,000%"
3278,395,"6,000%"
3278,27,"6,000%"
3279,7431,"6,000%"
3279,6636,"6,000%"
3279,4488,"6,000%"
3279,4379,"6,000%"
3279,4038,"6,000%"
3279,4002,"6,000%"
3279,3979,"6,000%"
3279,3970,"6,000%"
3279,3857,"6,000%"
3279,3764,"6,000%"
3279,3732,"6,000%"
3279,3613,"6,000%"
3279,3276,"6,000%"
3279,2756,"6,000%"
3279,2362,"6,000%"
3283,7780,"6,000%"
3283,3588,"6,000%"
3283,2938,"6,000%"
3284,9570,"6,000%"
3284,7849,"6,000%"
3284,3141,"6,000%"
3284,2174,"6,000%"
3284,573,"6,000%"
3287,7959,"6,000%"
3287,4446,"6,000%"
3287,2971,"6,000%"
3287,2869,"6,000%"
3287,2174,"6,000%"
3287,1921,"6,000%"
3287,532,"6,000%"
3287,525,"6,000%"
3288,4377,"6,000%"
3288,4294,"6,000%"
3288,4190,"6,000%"
3288,4184,"6,000%"
3288,4059,"6,000%"
3288,3999,"6,000%"
3288,3995,"6,000%"
3288,3973,"6,000%"
3288,3929,"6,000%"
3288,3871,"6,000%"
3288,3757,"6,000%"
3288,3734,"6,000%"
3288,3669,"6,000%"
3288,3625,"6,000%"
3288,3106,"6,000%"
3288,3059,"6,000%"
3289,4246,"6,000%"
3289,3974,"6,000%"
3289,2590,"6,000%"
3290,9700,"6,000%"
3290,8999,"6,000%"
3290,8998,"6,000%"
3290,8756,"6,000%"
3290,7959,"6,000%"
3290,7950,"6,000%"
3290,4301,"6,000%"
3290,4268,"6,000%"
3290,4257,"6,000%"
3290,3925,"6,000%"
3290,3922,"6,000%"
3290,3172,"6,000%"
3290,3102,"6,000%"
3290,3041,"6,000%"
3290,2967,"6,000%"
3290,2869,"6,000%"
3290,2756,"6,000%"
3290,2709,"6,000%"
3290,2174,"6,000%"
3290,644,"6,000%"
3290,487,"6,000%"
3291,4488,"6,000%"
3291,4488,"6,000%"
3291,4189,"6,000%"
3292,6461,"6,000%"
3292,4583,"6,000%"
3292,4438,"6,000%"
3292,4363,"6,000%"
3292,4301,"6,000%"
3292,4273,"6,000%"
3292,4032,"6,000%"
3292,3705,"6,000%"
3292,3611,"6,000%"
3292,3134,"6,000%"
3292,2919,"6,000%"
3292,2843,"6,000%"
3292,2837,"6,000%"
3292,2837,"6,000%"
3292,2709,"6,000%"
3292,2396,"6,000%"
3292,519,"6,000%"
3292,445,"6,000%"
3294,10115,"6,000%"
3294,10113,"6,000%"
3294,9803,"6,000%"
3294,9726,"6,000%"
3294,9702,"6,000%"
3294,9669,"6,000%"
3294,9566,"6,000%"
3294,9043,"6,000%"
3294,8935,"6,000%"
3294,8032,"6,000%"
3294,4694,"6,000%"
3294,3166,"6,000%"
3294,3132,"6,000%"
3294,3119,"6,000%"
3294,3093,"6,000%"
3294,3037,"6,000%"
3294,3023,"6,000%"
3294,2759,"6,000%"
3294,2743,"6,000%"
3294,2692,"6,000%"
3294,1921,"6,000%"
3294,1776,"6,000%"
3294,284,"6,000%"
3296,9566,"6,000%"
3296,9470,"6,000%"
3296,9305,"6,000%"
3296,7679,"6,000%"
3296,4463,"6,000%"
3296,3705,"6,000%"
3296,3611,"6,000%"
3296,3264,"6,000%"
3296,3134,"6,000%"
3296,3073,"6,000%"
3296,3032,"6,000%"
3296,2390,"6,000%"
3296,519,"6,000%"
3296,273,"6,000%"
3297,5561,"6,000%"
3297,4434,"6,000%"
3297,3858,"6,000%"
3297,3858,"6,000%"
3297,2314,"6,000%"
3297,20,"6,000%"
3302,8518,"6,000%"
3302,3468,"6,000%"
3302,2436,"6,000%"
3302,1829,"6,000%"
3305,6590,"6,000%"
3305,5475,"6,000%"
3305,5245,"6,000%"
3305,4326,"6,000%"
3305,4080,"6,000%"
3305,4049,"6,000%"
3305,4049,"6,000%"
3305,3973,"6,000%"
3305,3823,"6,000%"
3305,3627,"6,000%"
3305,3610,"6,000%"
3305,3470,"6,000%"
3305,3470,"6,000%"
3305,3301,"6,000%"
3306,735,"6,000%"
3307,4493,"6,000%"
3307,4264,"6,000%"
3307,3168,"6,000%"
3309,4463,"6,000%"
3309,2894,"6,000%"
3309,2837,"6,000%"
3309,2837,"6,000%"
3309,445,"6,000%"
3310,10098,"6,000%"
3310,9784,"6,000%"
3310,9289,"6,000%"
3310,7819,"6,000%"
3310,7773,"6,000%"
3310,7002,"6,000%"
3310,5886,"6,000%"
3310,4746,"6,000%"
3310,4488,"6,000%"
3310,4303,"6,000%"
1789,2228,"5,994%"
1236,1283,"5,985%"
1693,2274,"5,976%"
1344,5847,"5,967%"
2165,2181,"5,967%"
8604,4444,"5,958%"
9575,7259,"5,958%"
9870,7454,"5,958%"
1592,1921,"5,949%"
3241,9976,"5,949%"
796,9395,"5,940%"
4331,6997,"5,940%"
9096,5097,"5,940%"
9147,4585,"5,940%"
1964,3969,"5,931%"
1176,5618,"5,913%"
1968,2256,"5,913%"
2064,1980,"5,913%"
1261,6904,"5,886%"
2104,6046,"5,886%"
2185,1921,"5,886%"
1972,1879,"5,877%"
4756,5454,"5,868%"
2024,2156,"5,859%"
919,9293,"5,850%"
2266,2294,"5,850%"
2765,3561,"5,850%"
3027,4237,"5,850%"
3034,4921,"5,850%"
3034,2353,"5,850%"
3579,3942,"5,850%"
3608,3605,"5,850%"
4029,9964,"5,850%"
8085,5589,"5,850%"
8641,3727,"5,850%"
8843,3829,"5,850%"
8971,942,"5,850%"
9728,9868,"5,850%"
1952,5628,"5,841%"
8294,9329,"5,832%"
2161,2133,"5,823%"
2202,5799,"5,823%"
9815,3550,"5,814%"
665,9291,"5,805%"
1834,1947,"5,805%"
9647,5621,"5,805%"
1254,1784,"5,787%"
1589,5798,"5,778%"
1986,6897,"5,778%"
875,9140,"5,760%"
925,996,"5,760%"
8208,4570,"5,760%"
9614,3897,"5,760%"
4119,7779,"5,751%"
8983,9570,"5,751%"
2968,4076,"5,742%"
9968,10045,"5,742%"
1671,2085,"5,733%"
1631,4585,"5,724%"
3925,3578,"5,724%"
8469,8501,"5,724%"
1631,4089,"5,715%"
1912,7072,"5,715%"
1563,2023,"5,706%"
2019,2239,"5,706%"
2261,7125,"5,706%"
9805,7780,"5,697%"
9586,9592,"5,688%"
1294,5019,"5,679%"
1467,1331,"5,679%"
9634,7888,"5,679%"
820,8334,"5,670%"
940,7354,"5,670%"
1918,1264,"5,670%"
2043,6138,"5,670%"
2513,9108,"5,670%"
3474,10080,"5,670%"
3673,380,"5,670%"
4323,9747,"5,670%"
4490,6646,"5,670%"
8843,3877,"5,670%"
9437,9434,"5,670%"
9794,9833,"5,670%"
832,9369,"5,661%"
8798,9475,"5,652%"
8357,8539,"5,643%"
2276,1190,"5,634%"
9749,6338,"5,634%"
1444,1574,"5,625%"
1452,6731,"5,625%"
1811,2068,"5,625%"
2009,1628,"5,625%"
2122,3262,"5,625%"
9209,9165,"5,607%"
1936,2014,"5,598%"
4395,3525,"5,598%"
1686,6480,"5,589%"
2092,2296,"5,589%"
875,4570,"5,580%"
2568,5015,"5,580%"
2752,10002,"5,580%"
2993,4103,"5,580%"
2993,4103,"5,580%"
2993,2993,"5,580%"
2993,1782,"5,580%"
3476,4837,"5,580%"
3966,7583,"5,580%"
3966,398,"5,580%"
4035,4567,"5,580%"
4077,3479,"5,580%"
4119,6568,"5,580%"
4119,6246,"5,580%"
4119,4974,"5,580%"
4364,10112,"5,580%"
8795,6376,"5,580%"
9137,9108,"5,580%"
9150,3918,"5,580%"
10053,536,"5,580%"
1381,7028,"5,571%"
1928,2229,"5,571%"
1697,5516,"5,562%"
9045,8998,"5,562%"
2701,7248,"5,553%"
3607,4488,"5,553%"
1729,5797,"5,544%"
9584,9585,"5,544%"
8490,7348,"5,535%"
9838,4301,"5,535%"
1457,1849,"5,526%"
8466,8268,"5,499%"
3482,477,"5,490%"
3496,10080,"5,490%"
4677,4373,"5,490%"
4680,5115,"5,490%"
8643,9566,"5,490%"
9158,3918,"5,490%"
2088,2023,"5,481%"
2105,24,"5,481%"
9840,9668,"5,463%"
3488,6246,"5,454%"
8438,9506,"5,454%"
1290,2166,"5,445%"
1460,1852,"5,445%"
1872,7150,"5,445%"
2782,9192,"5,445%"
1217,2131,"5,427%"
1377,7151,"5,427%"
1581,6368,"5,427%"
2185,408,"5,427%"
1620,2274,"5,409%"
8093,9502,"5,409%"
2001,5802,"5,400%"
2043,2181,"5,400%"
2448,178,"5,400%"
2562,4880,"5,400%"
2590,2837,"5,400%"
2681,7664,"5,400%"
2697,3656,"5,400%"
2846,5906,"5,400%"
2853,440,"5,400%"
2859,3877,"5,400%"
2943,4456,"5,400%"
3001,10080,"5,400%"
3003,4002,"5,400%"
3047,2924,"5,400%"
3069,3647,"5,400%"
3077,7197,"5,400%"
3166,3925,"5,400%"
3197,6267,"5,400%"
3323,9108,"5,400%"
3323,523,"5,400%"
3323,395,"5,400%"
3478,3918,"5,400%"
3505,10080,"5,400%"
3722,2023,"5,400%"
3736,3399,"5,400%"
3748,3827,"5,400%"
3896,4386,"5,400%"
3923,3801,"5,400%"
4019,10080,"5,400%"
4029,5100,"5,400%"
4144,10080,"5,400%"
4149,3669,"5,400%"
4165,10080,"5,400%"
4182,4169,"5,400%"
4319,10112,"5,400%"
4319,4585,"5,400%"
4319,4584,"5,400%"
4372,5224,"5,400%"
4393,4386,"5,400%"
4466,3570,"5,400%"
4466,479,"5,400%"
4483,7319,"5,400%"
4758,10080,"5,400%"
9125,9140,"5,400%"
9860,6086,"5,400%"
1311,6970,"5,391%"
1288,2115,"5,382%"
1745,4431,"5,382%"
2701,3719,"5,382%"
1471,1513,"5,373%"
1819,2294,"5,364%"
2184,5352,"5,364%"
4211,4436,"5,355%"
662,9810,"5,346%"
7721,7905,"5,346%"
9892,9571,"5,337%"
9968,1113,"5,319%"
1311,1989,"5,310%"
2428,5083,"5,310%"
3914,8748,"5,310%"
9473,9566,"5,310%"
1876,1430,"5,301%"
8759,8755,"5,301%"
9838,9674,"5,301%"
2978,4188,"5,292%"
4624,7442,"5,292%"
1553,1749,"5,283%"
2021,5855,"5,283%"
2647,4219,"5,265%"
798,8649,"5,256%"
1375,2030,"5,238%"
921,8729,"5,229%"
1745,5450,"5,229%"
8241,9285,"5,229%"
2493,7702,"5,220%"
3752,4513,"5,220%"
4331,5589,"5,220%"
9125,9111,"5,220%"
1922,1922,"5,211%"
8671,9285,"5,202%"
9276,6374,"5,193%"
3111,10080,"5,184%"
1745,5294,"5,175%"
3362,6996,"5,175%"
2048,2048,"5,166%"
9817,9761,"5,166%"
2250,1989,"5,157%"
1480,2068,"5,148%"
1653,1315,"5,148%"
4405,3754,"5,148%"
8971,8975,"5,148%"
1287,2115,"5,139%"
8711,8697,"5,139%"
40,3712,"5,130%"
919,9308,"5,130%"
4756,6704,"5,130%"
4756,3782,"5,130%"
4771,5123,"5,130%"
8386,9425,"5,130%"
8462,2967,"5,130%"
8492,8260,"5,130%"
9817,5359,"5,130%"
2184,2153,"5,121%"
1388,2151,"5,112%"
2043,6131,"5,112%"
4514,6794,"5,112%"
9545,9354,"5,112%"
1796,2195,"5,103%"
1697,7052,"5,094%"
1978,2297,"5,094%"
1878,1980,"5,076%"
2647,4169,"5,076%"
8094,5966,"5,076%"
1283,1921,"5,067%"
1792,1857,"5,067%"
1964,5851,"5,067%"
1553,1414,"5,058%"
1187,5856,"5,049%"
1744,7892,"5,049%"
3399,8618,"5,049%"
1758,1758,"5,040%"
1937,5352,"5,040%"
1884,1889,"5,022%"
1909,4813,"5,022%"
1179,9289,"5,013%"
2206,1308,"5,013%"
2954,4329,"5,000%"
2954,3114,"5,000%"
12,2725,"5,000%"
31,4268,"5,000%"
31,3570,"5,000%"
31,2342,"5,000%"
35,6574,"5,000%"
35,4840,"5,000%"
36,5155,"5,000%"
36,2594,"5,000%"
37,9305,"5,000%"
37,75,"5,000%"
37,33,"5,000%"
38,5893,"5,000%"
38,4938,"5,000%"
38,4160,"5,000%"
38,4049,"5,000%"
38,4045,"5,000%"
38,3627,"5,000%"
38,2711,"5,000%"
41,4116,"5,000%"
42,10112,"5,000%"
42,9949,"5,000%"
42,4418,"5,000%"
42,4376,"5,000%"
42,3733,"5,000%"
42,2854,"5,000%"
44,3810,"5,000%"
48,5495,"5,000%"
48,4220,"5,000%"
48,3989,"5,000%"
49,4452,"5,000%"
49,4169,"5,000%"
49,4109,"5,000%"
50,4509,"5,000%"
51,10080,"5,000%"
51,9963,"5,000%"
51,8756,"5,000%"
51,8011,"5,000%"
51,7959,"5,000%"
51,6355,"5,000%"
51,4654,"5,000%"
51,4440,"5,000%"
51,4268,"5,000%"
51,4194,"5,000%"
51,4123,"5,000%"
51,4021,"5,000%"
51,3792,"5,000%"
51,3570,"5,000%"
51,3555,"5,000%"
51,3147,"5,000%"
51,3023,"5,000%"
51,2869,"5,000%"
51,2766,"5,000%"
51,2727,"5,000%"
51,479,"5,000%"
54,5203,"5,000%"
54,4169,"5,000%"
54,3818,"5,000%"
55,4178,"5,000%"
55,3778,"5,000%"
55,168,"5,000%"
56,7937,"5,000%"
56,7912,"5,000%"
56,7623,"5,000%"
56,4329,"5,000%"
56,3922,"5,000%"
56,3792,"5,000%"
56,3713,"5,000%"
56,3481,"5,000%"
56,179,"5,000%"
57,7000,"5,000%"
57,3374,"5,000%"
58,4841,"5,000%"
58,3545,"5,000%"
58,3396,"5,000%"
58,3194,"5,000%"
58,3177,"5,000%"
58,3082,"5,000%"
58,2782,"5,000%"
58,1921,"5,000%"
58,683,"5,000%"
60,6893,"5,000%"
60,6487,"5,000%"
60,2322,"5,000%"
61,5493,"5,000%"
64,4629,"5,000%"
64,4114,"5,000%"
64,3547,"5,000%"
65,4373,"5,000%"
65,3878,"5,000%"
65,3578,"5,000%"
65,415,"5,000%"
66,6052,"5,000%"
66,4872,"5,000%"
66,4164,"5,000%"
66,3944,"5,000%"
66,3696,"5,000%"
68,4452,"5,000%"
68,4401,"5,000%"
68,4219,"5,000%"
68,3872,"5,000%"
68,3796,"5,000%"
68,3713,"5,000%"
68,3685,"5,000%"
70,3651,"5,000%"
73,9682,"5,000%"
73,8973,"5,000%"
73,4750,"5,000%"
73,4084,"5,000%"
73,3950,"5,000%"
73,3161,"5,000%"
73,3133,"5,000%"
73,2929,"5,000%"
73,2804,"5,000%"
73,2727,"5,000%"
74,9920,"5,000%"
84,380,"5,000%"
85,2377,"5,000%"
85,525,"5,000%"
94,6677,"5,000%"
94,4896,"5,000%"
94,3862,"5,000%"
95,3969,"5,000%"
96,9917,"5,000%"
96,5216,"5,000%"
96,4558,"5,000%"
96,3817,"5,000%"
96,3570,"5,000%"
96,2377,"5,000%"
96,2314,"5,000%"
97,3902,"5,000%"
99,3949,"5,000%"
99,106,"5,000%"
100,10080,"5,000%"
100,10080,"5,000%"
100,2331,"5,000%"
121,3281,"5,000%"
506,3326,"5,000%"
506,2174,"5,000%"
527,7947,"5,000%"
527,7939,"5,000%"
527,5048,"5,000%"
527,4585,"5,000%"
527,4363,"5,000%"
527,2725,"5,000%"
527,519,"5,000%"
527,509,"5,000%"
527,500,"5,000%"
527,479,"5,000%"
527,447,"5,000%"
528,2725,"5,000%"
539,9305,"5,000%"
542,5591,"5,000%"
651,706,"5,000%"
761,8191,"5,000%"
767,5324,"5,000%"
772,8096,"5,000%"
774,8105,"5,000%"
775,8111,"5,000%"
776,8097,"5,000%"
778,7300,"5,000%"
781,6774,"5,000%"
783,9469,"5,000%"
783,9310,"5,000%"
783,9229,"5,000%"
783,9111,"5,000%"
783,8935,"5,000%"
783,4570,"5,000%"
783,4301,"5,000%"
783,4301,"5,000%"
783,3134,"5,000%"
788,9505,"5,000%"
788,9001,"5,000%"
788,5062,"5,000%"
789,3944,"5,000%"
791,9470,"5,000%"
791,9306,"5,000%"
791,9000,"5,000%"
791,8973,"5,000%"
791,8644,"5,000%"
791,8639,"5,000%"
791,8630,"5,000%"
791,8393,"5,000%"
791,8147,"5,000%"
791,7774,"5,000%"
791,4574,"5,000%"
791,2614,"5,000%"
792,9505,"5,000%"
792,9470,"5,000%"
792,9229,"5,000%"
792,9225,"5,000%"
792,8973,"5,000%"
792,8646,"5,000%"
801,9305,"5,000%"
825,9786,"5,000%"
825,9434,"5,000%"
825,9296,"5,000%"
825,9289,"5,000%"
825,9136,"5,000%"
825,9108,"5,000%"
825,9102,"5,000%"
825,9099,"5,000%"
825,9098,"5,000%"
825,9096,"5,000%"
825,9091,"5,000%"
825,9085,"5,000%"
825,9081,"5,000%"
825,9050,"5,000%"
825,9046,"5,000%"
825,8998,"5,000%"
825,8985,"5,000%"
825,8983,"5,000%"
825,8978,"5,000%"
825,8942,"5,000%"
825,8936,"5,000%"
825,8935,"5,000%"
825,8924,"5,000%"
825,8892,"5,000%"
825,8843,"5,000%"
825,8539,"5,000%"
825,8506,"5,000%"
825,4574,"5,000%"
825,4570,"5,000%"
825,4386,"5,000%"
828,9398,"5,000%"
828,9390,"5,000%"
833,8163,"5,000%"
845,875,"5,000%"
846,9441,"5,000%"
846,8530,"5,000%"
850,8998,"5,000%"
851,5978,"5,000%"
851,3456,"5,000%"
852,2709,"5,000%"
853,9512,"5,000%"
853,9470,"5,000%"
853,8418,"5,000%"
853,3727,"5,000%"
853,3134,"5,000%"
855,9460,"5,000%"
855,8183,"5,000%"
862,8973,"5,000%"
863,8370,"5,000%"
864,9371,"5,000%"
865,9274,"5,000%"
867,8539,"5,000%"
873,9287,"5,000%"
873,9230,"5,000%"
873,9229,"5,000%"
873,9212,"5,000%"
873,8962,"5,000%"
873,8937,"5,000%"
873,8936,"5,000%"
873,8511,"5,000%"
873,4301,"5,000%"
873,967,"5,000%"
874,9287,"5,000%"
880,9274,"5,000%"
880,7254,"5,000%"
880,533,"5,000%"
882,8260,"5,000%"
887,8261,"5,000%"
888,8581,"5,000%"
888,4668,"5,000%"
889,8587,"5,000%"
891,6324,"5,000%"
891,4020,"5,000%"
891,2661,"5,000%"
891,379,"5,000%"
893,9287,"5,000%"
896,9274,"5,000%"
896,9081,"5,000%"
897,9265,"5,000%"
897,9111,"5,000%"
897,9098,"5,000%"
897,8936,"5,000%"
897,8922,"5,000%"
897,3918,"5,000%"
898,9310,"5,000%"
898,9307,"5,000%"
898,4570,"5,000%"
898,813,"5,000%"
901,9460,"5,000%"
901,8530,"5,000%"
905,9461,"5,000%"
905,9459,"5,000%"
905,9457,"5,000%"
905,9456,"5,000%"
905,9245,"5,000%"
905,8615,"5,000%"
905,8530,"5,000%"
906,416,"5,000%"
908,9505,"5,000%"
908,9391,"5,000%"
908,9389,"5,000%"
908,9363,"5,000%"
908,9258,"5,000%"
908,8891,"5,000%"
908,8625,"5,000%"
908,8614,"5,000%"
908,2614,"5,000%"
912,839,"5,000%"
920,9285,"5,000%"
924,7181,"5,000%"
924,1021,"5,000%"
931,9141,"5,000%"
931,9111,"5,000%"
931,9110,"5,000%"
931,9108,"5,000%"
931,9099,"5,000%"
931,9098,"5,000%"
931,4386,"5,000%"
931,4386,"5,000%"
938,9303,"5,000%"
943,8096,"5,000%"
943,7961,"5,000%"
943,2133,"5,000%"
943,1921,"5,000%"
945,8499,"5,000%"
949,545,"5,000%"
950,9081,"5,000%"
950,9075,"5,000%"
950,9012,"5,000%"
950,8999,"5,000%"
950,6838,"5,000%"
952,1068,"5,000%"
953,7278,"5,000%"
958,9407,"5,000%"
959,8892,"5,000%"
960,6571,"5,000%"
963,8320,"5,000%"
963,6312,"5,000%"
964,8295,"5,000%"
964,351,"5,000%"
965,9566,"5,000%"
969,8999,"5,000%"
969,5150,"5,000%"
972,9470,"5,000%"
972,9342,"5,000%"
972,9341,"5,000%"
972,9082,"5,000%"
972,8904,"5,000%"
972,3727,"5,000%"
972,1015,"5,000%"
972,944,"5,000%"
973,9693,"5,000%"
973,9690,"5,000%"
973,9229,"5,000%"
973,9081,"5,000%"
973,9016,"5,000%"
973,8959,"5,000%"
973,8647,"5,000%"
973,8003,"5,000%"
973,3550,"5,000%"
973,3166,"5,000%"
973,2909,"5,000%"
973,2174,"5,000%"
973,2133,"5,000%"
973,1921,"5,000%"
973,1690,"5,000%"
973,1604,"5,000%"
973,705,"5,000%"
973,460,"5,000%"
974,9469,"5,000%"
974,9111,"5,000%"
974,8998,"5,000%"
974,8975,"5,000%"
974,8973,"5,000%"
974,8755,"5,000%"
974,7286,"5,000%"
974,4574,"5,000%"
974,4570,"5,000%"
974,4350,"5,000%"
974,4194,"5,000%"
974,4124,"5,000%"
974,3969,"5,000%"
974,3657,"5,000%"
974,3362,"5,000%"
975,9470,"5,000%"
975,1065,"5,000%"
977,742,"5,000%"
979,9305,"5,000%"
979,8998,"5,000%"
981,9192,"5,000%"
982,9470,"5,000%"
982,5971,"5,000%"
985,5592,"5,000%"
986,8984,"5,000%"
986,4574,"5,000%"
986,4301,"5,000%"
987,9229,"5,000%"
987,9050,"5,000%"
987,9007,"5,000%"
987,4574,"5,000%"
987,4570,"5,000%"
987,3918,"5,000%"
988,8258,"5,000%"
989,9341,"5,000%"
989,9200,"5,000%"
989,9200,"5,000%"
992,7043,"5,000%"
992,5574,"5,000%"
992,5382,"5,000%"
993,8998,"5,000%"
998,9140,"5,000%"
998,9109,"5,000%"
1016,9146,"5,000%"
1016,9127,"5,000%"
1016,9061,"5,000%"
1016,9059,"5,000%"
1016,9058,"5,000%"
1016,9057,"5,000%"
1016,8999,"5,000%"
1016,8994,"5,000%"
1016,4301,"5,000%"
1019,6259,"5,000%"
1020,9820,"5,000%"
1020,8563,"5,000%"
1021,9308,"5,000%"
1022,4610,"5,000%"
1023,5528,"5,000%"
1024,9405,"5,000%"
1025,8833,"5,000%"
1032,8662,"5,000%"
1034,9180,"5,000%"
1034,8866,"5,000%"
1034,8307,"5,000%"
1034,1006,"5,000%"
1047,9566,"5,000%"
1047,9470,"5,000%"
1053,9262,"5,000%"
1055,9025,"5,000%"
1055,8523,"5,000%"
1055,4574,"5,000%"
1055,4301,"5,000%"
1057,9566,"5,000%"
1058,9505,"5,000%"
1058,9470,"5,000%"
1058,8639,"5,000%"
1261,1599,"5,000%"
1435,5829,"5,000%"
1513,4023,"5,000%"
1641,1495,"5,000%"
1676,6258,"5,000%"
1676,2981,"5,000%"
1676,2153,"5,000%"
1676,1976,"5,000%"
1834,1193,"5,000%"
1879,1990,"5,000%"
1891,2136,"5,000%"
1891,2067,"5,000%"
1912,6827,"5,000%"
1944,6813,"5,000%"
1944,5104,"5,000%"
1944,1874,"5,000%"
1990,1893,"5,000%"
2023,4997,"5,000%"
2050,2088,"5,000%"
2132,6856,"5,000%"
2198,1833,"5,000%"
2297,1978,"5,000%"
2416,7793,"5,000%"
2416,6646,"5,000%"
2416,6600,"5,000%"
2416,6345,"5,000%"
2416,4463,"5,000%"
2416,4164,"5,000%"
2416,4080,"5,000%"
2416,2836,"5,000%"
2416,449,"5,000%"
2417,4171,"5,000%"
2417,4045,"5,000%"
2417,3999,"5,000%"
2417,3468,"5,000%"
2417,3276,"5,000%"
2417,2607,"5,000%"
2421,9776,"5,000%"
2421,9714,"5,000%"
2421,9698,"5,000%"
2421,9693,"5,000%"
2421,9274,"5,000%"
2421,8998,"5,000%"
2421,8974,"5,000%"
2421,7773,"5,000%"
2421,4576,"5,000%"
2421,4570,"5,000%"
2421,4301,"5,000%"
2421,3950,"5,000%"
2421,3555,"5,000%"
2421,3555,"5,000%"
2421,3541,"5,000%"
2421,3289,"5,000%"
2421,3093,"5,000%"
2421,3023,"5,000%"
2421,2864,"5,000%"
2421,2743,"5,000%"
2421,2709,"5,000%"
2421,1921,"5,000%"
2422,8544,"5,000%"
2422,6842,"5,000%"
2422,6468,"5,000%"
2422,3470,"5,000%"
2422,189,"5,000%"
2423,2970,"5,000%"
2423,2707,"5,000%"
2426,8573,"5,000%"
2426,4188,"5,000%"
2426,3627,"5,000%"
2426,3486,"5,000%"
2426,2573,"5,000%"
2427,3086,"5,000%"
2427,2653,"5,000%"
2429,4224,"5,000%"
2429,3143,"5,000%"
2429,2913,"5,000%"
2430,4190,"5,000%"
2435,7860,"5,000%"
2435,7488,"5,000%"
2435,5143,"5,000%"
2437,2847,"5,000%"
2439,7867,"5,000%"
2440,4548,"5,000%"
2440,4097,"5,000%"
2440,3877,"5,000%"
2440,3827,"5,000%"
2440,3733,"5,000%"
2440,3189,"5,000%"
2444,4348,"5,000%"
2445,7895,"5,000%"
2446,6486,"5,000%"
2446,2900,"5,000%"
2446,2869,"5,000%"
2448,4488,"5,000%"
2448,4373,"5,000%"
2448,3578,"5,000%"
2451,6717,"5,000%"
2451,4924,"5,000%"
2452,4464,"5,000%"
2452,4373,"5,000%"
2452,2786,"5,000%"
2452,2756,"5,000%"
2452,2658,"5,000%"
2453,3276,"5,000%"
2453,2383,"5,000%"
2454,3771,"5,000%"
2455,9981,"5,000%"
2455,9981,"5,000%"
2455,7421,"5,000%"
2455,6462,"5,000%"
2455,4999,"5,000%"
2455,3732,"5,000%"
2455,2756,"5,000%"
2458,4515,"5,000%"
2458,3950,"5,000%"
2458,3152,"5,000%"
2458,2703,"5,000%"
2459,5245,"5,000%"
2459,3038,"5,000%"
2460,2596,"5,000%"
2461,7467,"5,000%"
2461,7269,"5,000%"
2461,3969,"5,000%"
2461,3514,"5,000%"
2462,7809,"5,000%"
2462,7756,"5,000%"
2462,7607,"5,000%"
2462,4539,"5,000%"
2462,4031,"5,000%"
2462,3922,"5,000%"
2462,3684,"5,000%"
2462,2407,"5,000%"
2462,2314,"5,000%"
2462,1084,"5,000%"
2462,477,"5,000%"
2463,6824,"5,000%"
2464,6756,"5,000%"
2464,6593,"5,000%"
2464,5812,"5,000%"
2464,4731,"5,000%"
2464,4082,"5,000%"
2464,380,"5,000%"
2465,3484,"5,000%"
2465,3035,"5,000%"
2466,7987,"5,000%"
2466,4454,"5,000%"
2466,4164,"5,000%"
2466,4164,"5,000%"
2466,3923,"5,000%"
2466,3771,"5,000%"
2466,3134,"5,000%"
2466,422,"5,000%"
2468,6886,"5,000%"
2468,1111,"5,000%"
2474,8040,"5,000%"
2475,6194,"5,000%"
2475,5385,"5,000%"
2475,5063,"5,000%"
2475,4816,"5,000%"
2475,4025,"5,000%"
2475,3902,"5,000%"
2475,2799,"5,000%"
2476,4609,"5,000%"
2477,3392,"5,000%"
2478,8935,"5,000%"
2478,5593,"5,000%"
2478,4750,"5,000%"
2478,2991,"5,000%"
2478,2656,"5,000%"
2479,6361,"5,000%"
2488,4346,"5,000%"
2490,2399,"5,000%"
2490,521,"5,000%"
2491,4608,"5,000%"
2491,4337,"5,000%"
2493,7859,"5,000%"
2496,4711,"5,000%"
2496,4460,"5,000%"
2496,4111,"5,000%"
2496,3880,"5,000%"
2496,3712,"5,000%"
2496,3380,"5,000%"
2496,45,"5,000%"
2500,2308,"5,000%"
2501,5724,"5,000%"
2502,4644,"5,000%"
2502,3832,"5,000%"
2502,3772,"5,000%"
2502,3524,"5,000%"
2506,9076,"5,000%"
2506,8983,"5,000%"
2506,4406,"5,000%"
2507,4583,"5,000%"
2508,3202,"5,000%"
2509,9025,"5,000%"
2509,8430,"5,000%"
2509,4301,"5,000%"
2509,3596,"5,000%"
2509,3596,"5,000%"
2509,3344,"5,000%"
2509,2174,"5,000%"
2509,1921,"5,000%"
2509,673,"5,000%"
2509,401,"5,000%"
2509,246,"5,000%"
2511,9674,"5,000%"
2511,2934,"5,000%"
2512,4123,"5,000%"
2513,4386,"5,000%"
2513,3503,"5,000%"
2515,5929,"5,000%"
2515,4418,"5,000%"
2515,4386,"5,000%"
2515,4349,"5,000%"
2515,4291,"5,000%"
2515,4286,"5,000%"
2515,4184,"5,000%"
2515,4141,"5,000%"
2515,3995,"5,000%"
2515,3958,"5,000%"
2515,3886,"5,000%"
2515,3862,"5,000%"
2515,3827,"5,000%"
2515,3737,"5,000%"
2515,3590,"5,000%"
2515,3557,"5,000%"
2515,3106,"5,000%"
2515,2923,"5,000%"
2518,7590,"5,000%"
2518,7586,"5,000%"
2518,6946,"5,000%"
2518,5995,"5,000%"
2518,5993,"5,000%"
2521,10101,"5,000%"
2521,10080,"5,000%"
2522,9983,"5,000%"
2522,9951,"5,000%"
2522,9936,"5,000%"
2522,4513,"5,000%"
2522,4295,"5,000%"
2522,4237,"5,000%"
2522,3801,"5,000%"
2522,3772,"5,000%"
2522,3685,"5,000%"
2522,3525,"5,000%"
2524,10112,"5,000%"
2524,10048,"5,000%"
2524,5875,"5,000%"
2524,4190,"5,000%"
2524,4025,"5,000%"
2524,3999,"5,000%"
2524,461,"5,000%"
2527,4577,"5,000%"
2528,4463,"5,000%"
2528,4373,"5,000%"
2530,6715,"5,000%"
2530,4866,"5,000%"
2530,4231,"5,000%"
2530,3999,"5,000%"
2530,3627,"5,000%"
2530,3468,"5,000%"
2530,2858,"5,000%"
2530,2604,"5,000%"
2530,440,"5,000%"
2532,9085,"5,000%"
2532,6977,"5,000%"
2532,6437,"5,000%"
2532,2085,"5,000%"
2532,2000,"5,000%"
2532,643,"5,000%"
2532,638,"5,000%"
2541,4577,"5,000%"
2542,3504,"5,000%"
2542,3317,"5,000%"
2543,9289,"5,000%"
2543,9104,"5,000%"
2543,4611,"5,000%"
2543,4197,"5,000%"
2543,3940,"5,000%"
2543,3631,"5,000%"
2543,3615,"5,000%"
2543,3485,"5,000%"
2543,1980,"5,000%"
2543,523,"5,000%"
2543,523,"5,000%"
2543,517,"5,000%"
2543,276,"5,000%"
2544,3579,"5,000%"
2544,2544,"5,000%"
2547,6988,"5,000%"
2549,9916,"5,000%"
2549,4350,"5,000%"
2549,3454,"5,000%"
2549,3326,"5,000%"
2549,2898,"5,000%"
2549,2396,"5,000%"
2549,519,"5,000%"
2550,2796,"5,000%"
2551,7233,"5,000%"
2551,5479,"5,000%"
2551,4419,"5,000%"
2551,4357,"5,000%"
2551,4021,"5,000%"
2551,3696,"5,000%"
2551,3159,"5,000%"
2551,2936,"5,000%"
2551,2906,"5,000%"
2551,1921,"5,000%"
2551,448,"5,000%"
2551,422,"5,000%"
2552,4123,"5,000%"
2552,3300,"5,000%"
2554,7220,"5,000%"
2554,6390,"5,000%"
2554,6298,"5,000%"
2554,3862,"5,000%"
2554,3831,"5,000%"
2555,4025,"5,000%"
2555,3902,"5,000%"
2555,3276,"5,000%"
2555,2393,"5,000%"
2555,2379,"5,000%"
2555,2363,"5,000%"
2559,9372,"5,000%"
2559,4998,"5,000%"
2559,4562,"5,000%"
2559,3621,"5,000%"
2559,2888,"5,000%"
2559,493,"5,000%"
2559,119,"5,000%"
2560,10114,"5,000%"
2560,10109,"5,000%"
2560,9505,"5,000%"
2560,4576,"5,000%"
2560,4350,"5,000%"
2560,4038,"5,000%"
2560,3925,"5,000%"
2560,3924,"5,000%"
2560,3727,"5,000%"
2560,3023,"5,000%"
2560,2756,"5,000%"
2560,479,"5,000%"
2564,4125,"5,000%"
2564,3852,"5,000%"
2566,10112,"5,000%"
2566,10107,"5,000%"
2566,9980,"5,000%"
2566,9833,"5,000%"
2566,5870,"5,000%"
2566,4190,"5,000%"
2566,3925,"5,000%"
2566,3774,"5,000%"
2566,3774,"5,000%"
2566,3570,"5,000%"
2568,2766,"5,000%"
2568,2766,"5,000%"
2573,4231,"5,000%"
2573,3380,"5,000%"
2573,3281,"5,000%"
2573,2924,"5,000%"
2577,8559,"5,000%"
2577,7947,"5,000%"
2577,7396,"5,000%"
2577,2748,"5,000%"
2581,4346,"5,000%"
2581,4169,"5,000%"
2581,3685,"5,000%"
2586,8998,"5,000%"
2586,8936,"5,000%"
2586,4164,"5,000%"
2586,3995,"5,000%"
2586,3949,"5,000%"
2586,3924,"5,000%"
2586,3185,"5,000%"
2586,3134,"5,000%"
2587,5540,"5,000%"
2588,7083,"5,000%"
2588,4488,"5,000%"
2588,4373,"5,000%"
2588,3578,"5,000%"
2588,3380,"5,000%"
2589,7266,"5,000%"
2589,6998,"5,000%"
2589,5671,"5,000%"
2589,5389,"5,000%"
2590,9470,"5,000%"
2590,4416,"5,000%"
2590,4268,"5,000%"
2590,4123,"5,000%"
2590,4021,"5,000%"
2590,3570,"5,000%"
2590,3266,"5,000%"
2592,6786,"5,000%"
2592,2970,"5,000%"
2592,2970,"5,000%"
2593,3574,"5,000%"
2599,10131,"5,000%"
2599,3062,"5,000%"
2599,681,"5,000%"
2601,10008,"5,000%"
2602,8544,"5,000%"
2602,4581,"5,000%"
2602,4188,"5,000%"
2602,4188,"5,000%"
2602,4188,"5,000%"
2602,4188,"5,000%"
2602,3378,"5,000%"
2602,3031,"5,000%"
2602,2913,"5,000%"
2602,614,"5,000%"
2603,6205,"5,000%"
2604,4488,"5,000%"
2604,2756,"5,000%"
2604,2658,"5,000%"
2605,7520,"5,000%"
2605,5943,"5,000%"
2605,5773,"5,000%"
2609,10000,"5,000%"
2609,8973,"5,000%"
2609,7959,"5,000%"
2609,5549,"5,000%"
2609,4570,"5,000%"
2609,4124,"5,000%"
2609,4123,"5,000%"
2609,4021,"5,000%"
2609,3657,"5,000%"
2610,5986,"5,000%"
2610,4488,"5,000%"
2610,2906,"5,000%"
2610,2756,"5,000%"
2611,10128,"5,000%"
2611,7840,"5,000%"
2611,7132,"5,000%"
2611,4788,"5,000%"
2611,4461,"5,000%"
2611,3253,"5,000%"
2611,397,"5,000%"
2615,7381,"5,000%"
2615,5014,"5,000%"
2615,4188,"5,000%"
2615,4181,"5,000%"
2615,3526,"5,000%"
2616,5543,"5,000%"
2616,4268,"5,000%"
2616,4123,"5,000%"
2616,3930,"5,000%"
2616,3259,"5,000%"
2616,3034,"5,000%"
2616,2404,"5,000%"
2616,2353,"5,000%"
2616,466,"5,000%"
2617,4577,"5,000%"
2617,4045,"5,000%"
2617,3876,"5,000%"
2617,3627,"5,000%"
2617,3468,"5,000%"
2617,2608,"5,000%"
2618,6715,"5,000%"
2618,6643,"5,000%"
2618,5020,"5,000%"
2618,4931,"5,000%"
2618,4866,"5,000%"
2618,4866,"5,000%"
2618,4488,"5,000%"
2618,4407,"5,000%"
2618,3999,"5,000%"
2618,3387,"5,000%"
2618,2756,"5,000%"
2620,7959,"5,000%"
2620,6953,"5,000%"
2620,5397,"5,000%"
2621,4488,"5,000%"
2621,3745,"5,000%"
2621,3596,"5,000%"
2621,3578,"5,000%"
2621,3387,"5,000%"
2621,2967,"5,000%"
2621,2858,"5,000%"
2621,2786,"5,000%"
2621,2709,"5,000%"
2622,6457,"5,000%"
2622,5223,"5,000%"
2622,3179,"5,000%"
2623,3604,"5,000%"
2625,7357,"5,000%"
2625,4301,"5,000%"
2625,2858,"5,000%"
2628,3827,"5,000%"
2628,2815,"5,000%"
2628,2708,"5,000%"
2629,5024,"5,000%"
2629,4238,"5,000%"
610,3263,"4,977%"
2420,413,"4,977%"
8754,3425,"4,977%"
9635,631,"4,968%"
9749,7428,"4,968%"
64,3818,"4,950%"
1045,8233,"4,950%"
2684,4123,"4,950%"
2684,3817,"4,950%"
4186,4729,"4,950%"
4186,3778,"4,950%"
4390,5488,"4,950%"
8661,8480,"4,950%"
9273,8442,"4,950%"
1209,7463,"4,932%"
1534,1437,"4,932%"
1821,7400,"4,932%"
2184,7231,"4,932%"
1343,1806,"4,923%"
1777,1988,"4,914%"
8989,829,"4,914%"
2202,7231,"4,905%"
8741,4386,"4,905%"
1317,2112,"4,896%"
1504,1922,"4,896%"
1757,1909,"4,896%"
3563,5096,"4,896%"
1697,6699,"4,887%"
2202,5291,"4,887%"
1457,6145,"4,869%"
2010,1897,"4,860%"
4067,9050,"4,860%"
4067,4585,"4,860%"
4067,4097,"4,860%"
4067,3829,"4,860%"
4067,3827,"4,860%"
4067,3733,"4,860%"
4067,3631,"4,860%"
4067,395,"4,860%"
8463,9205,"4,860%"
9573,9760,"4,851%"
680,4815,"4,842%"
9764,609,"4,842%"
9769,7065,"4,842%"
1640,5072,"4,833%"
1676,1421,"4,833%"
3640,1130,"4,833%"
1301,8008,"4,824%"
1872,6030,"4,824%"
1628,1628,"4,815%"
8738,8720,"4,815%"
1032,1033,"4,806%"
9652,9657,"4,806%"
1526,1561,"4,797%"
4338,9308,"4,797%"
8113,9422,"4,797%"
9084,707,"4,797%"
1991,5849,"4,788%"
2006,1908,"4,788%"
9594,9870,"4,788%"
1045,8694,"4,770%"
2217,3877,"4,770%"
4225,5579,"4,770%"
4225,3643,"4,770%"
8386,8419,"4,770%"
8843,10112,"4,770%"
9137,9123,"4,770%"
1458,6144,"4,761%"
1635,523,"4,761%"
9968,3471,"4,752%"
1740,5747,"4,743%"
7769,7589,"4,743%"
1287,1998,"4,734%"
1888,1775,"4,734%"
9101,6839,"4,716%"
35,7395,"4,707%"
9968,10097,"4,707%"
2185,6713,"4,698%"
1697,5919,"4,689%"
64,4237,"4,680%"
112,3471,"4,680%"
355,6712,"4,680%"
868,9098,"4,680%"
1705,8464,"4,680%"
2435,7691,"4,680%"
2464,375,"4,680%"
4147,7306,"4,680%"
4390,3605,"4,680%"
7929,9493,"4,662%"
1995,1657,"4,653%"
2082,2181,"4,644%"
9587,9889,"4,644%"
1381,8922,"4,635%"
1741,7863,"4,626%"
3757,4184,"4,626%"
2234,1942,"4,608%"
3640,3024,"4,608%"
1970,5031,"4,599%"
9197,8936,"4,599%"
9642,7630,"4,599%"
60,7370,"4,590%"
64,4513,"4,590%"
2680,5539,"4,590%"
3033,10080,"4,590%"
4771,4771,"4,590%"
8291,9308,"4,590%"
8799,8632,"4,590%"
9027,9230,"4,590%"
790,9392,"4,581%"
1619,2184,"4,581%"
2733,2892,"4,581%"
9846,9730,"4,581%"
1467,1273,"4,572%"
2112,7116,"4,572%"
2192,2154,"4,572%"
903,9475,"4,563%"
2015,1776,"4,563%"
3488,5101,"4,563%"
1381,2006,"4,554%"
7649,380,"4,554%"
9541,8716,"4,554%"
1461,2068,"4,545%"
1537,2125,"4,545%"
1398,1326,"4,536%"
8124,8087,"4,536%"
1624,2173,"4,518%"
1967,5633,"4,518%"
1967,2130,"4,518%"
8409,7176,"4,518%"
8846,8465,"4,518%"
37,3862,"4,500%"
64,3804,"4,500%"
778,4301,"4,500%"
2437,10080,"4,500%"
2466,8011,"4,500%"
2466,5342,"4,500%"
2502,4789,"4,500%"
2531,5937,"4,500%"
2598,10080,"4,500%"
2615,10080,"4,500%"
2633,4463,"4,500%"
2666,4459,"4,500%"
2750,2644,"4,500%"
2751,3486,"4,500%"
2758,5083,"4,500%"
2817,5255,"4,500%"
2817,4074,"4,500%"
2817,3712,"4,500%"
2817,3380,"4,500%"
2846,6630,"4,500%"
2846,5177,"4,500%"
2846,5176,"4,500%"
2880,3733,"4,500%"
3001,10080,"4,500%"
3003,3276,"4,500%"
3035,8545,"4,500%"
3069,3655,"4,500%"
3171,2994,"4,500%"
3270,10080,"4,500%"
3284,9724,"4,500%"
3284,4301,"4,500%"
3284,137,"4,500%"
3290,9816,"4,500%"
3290,8011,"4,500%"
3368,3575,"4,500%"
3403,2869,"4,500%"
3506,9108,"4,500%"
3506,4386,"4,500%"
3506,1908,"4,500%"
3506,1766,"4,500%"
3506,523,"4,500%"
3506,395,"4,500%"
3531,5111,"4,500%"
3692,4584,"4,500%"
3692,534,"4,500%"
3722,276,"4,500%"
3748,10112,"4,500%"
3748,3877,"4,500%"
3748,3829,"4,500%"
3748,534,"4,500%"
3809,5490,"4,500%"
3897,4002,"4,500%"
4196,3772,"4,500%"
4331,5990,"4,500%"
4390,4237,"4,500%"
4393,10112,"4,500%"
4485,4157,"4,500%"
4658,4300,"4,500%"
4714,8545,"4,500%"
8771,4853,"4,500%"
8843,395,"4,500%"
9027,9230,"4,500%"
9129,3631,"4,500%"
9622,6793,"4,500%"
9982,5090,"4,500%"
9029,7002,"4,500%"
9030,4373,"4,500%"
9031,9722,"4,500%"
9031,9099,"4,500%"
9031,3982,"4,500%"
9031,2336,"4,500%"
9031,1980,"4,500%"
9032,3436,"4,500%"
9032,1006,"4,500%"
9034,9765,"4,500%"
9034,9212,"4,500%"
9034,9076,"4,500%"
9034,8999,"4,500%"
9034,8998,"4,500%"
9034,8749,"4,500%"
9034,7787,"4,500%"
9034,4570,"4,500%"
9034,4327,"4,500%"
9034,3944,"4,500%"
9034,3381,"4,500%"
9034,3344,"4,500%"
9034,3093,"4,500%"
9036,9050,"4,500%"
9036,4570,"4,500%"
9036,1776,"4,500%"
9036,578,"4,500%"
9038,9615,"4,500%"
9039,2447,"4,500%"
9039,1006,"4,500%"
9041,8646,"4,500%"
9043,9274,"4,500%"
9043,9005,"4,500%"
9045,2174,"4,500%"
9046,10112,"4,500%"
9046,9141,"4,500%"
9046,9138,"4,500%"
9046,9111,"4,500%"
9046,9098,"4,500%"
9046,8915,"4,500%"
9046,8913,"4,500%"
9046,8780,"4,500%"
9046,8778,"4,500%"
9046,8768,"4,500%"
9046,4386,"4,500%"
9046,4386,"4,500%"
9046,3877,"4,500%"
9046,3829,"4,500%"
9049,9050,"4,500%"
9050,10112,"4,500%"
9050,3776,"4,500%"
9050,1766,"4,500%"
9051,9341,"4,500%"
9051,8258,"4,500%"
9051,1006,"4,500%"
9052,3238,"4,500%"
9056,9855,"4,500%"
9057,7817,"4,500%"
9062,3436,"4,500%"
9066,8336,"4,500%"
9067,9341,"4,500%"
9067,9192,"4,500%"
9067,5971,"4,500%"
9071,9674,"4,500%"
9071,9322,"4,500%"
9071,8818,"4,500%"
9071,3335,"4,500%"
9071,2984,"4,500%"
9071,2709,"4,500%"
9072,3436,"4,500%"
9075,3436,"4,500%"
9079,3545,"4,500%"
9081,9229,"4,500%"
9081,7816,"4,500%"
9081,4463,"4,500%"
9081,4273,"4,500%"
9081,3326,"4,500%"
9084,9773,"4,500%"
9084,9341,"4,500%"
9084,8483,"4,500%"
9084,3436,"4,500%"
9084,2709,"4,500%"
9084,742,"4,500%"
9085,9779,"4,500%"
9085,9772,"4,500%"
9085,8483,"4,500%"
9085,7712,"4,500%"
9085,4639,"4,500%"
9085,2709,"4,500%"
9085,465,"4,500%"
9086,10123,"4,500%"
9086,10112,"4,500%"
9086,9141,"4,500%"
9086,9140,"4,500%"
9086,9131,"4,500%"
9086,9129,"4,500%"
9086,9111,"4,500%"
9086,9110,"4,500%"
9086,9109,"4,500%"
9086,9108,"4,500%"
9086,9104,"4,500%"
9086,9099,"4,500%"
9086,9098,"4,500%"
9086,9050,"4,500%"
9086,8943,"4,500%"
9086,8902,"4,500%"
9086,8876,"4,500%"
9086,8871,"4,500%"
9086,8870,"4,500%"
9086,8869,"4,500%"
9086,8866,"4,500%"
9086,8843,"4,500%"
9086,8776,"4,500%"
9086,8774,"4,500%"
9086,8130,"4,500%"
9086,7986,"4,500%"
9086,7979,"4,500%"
9086,7860,"4,500%"
9086,4585,"4,500%"
9086,4584,"4,500%"
9086,4447,"4,500%"
9086,4386,"4,500%"
9086,3918,"4,500%"
9086,3827,"4,500%"
9086,3776,"4,500%"
9086,1921,"4,500%"
9086,1908,"4,500%"
9086,1145,"4,500%"
9086,534,"4,500%"
9086,523,"4,500%"
9086,504,"4,500%"
9086,419,"4,500%"
9086,414,"4,500%"
9086,395,"4,500%"
9086,320,"4,500%"
9094,3436,"4,500%"
9096,5772,"4,500%"
9096,4275,"4,500%"
9096,1134,"4,500%"
9098,9492,"4,500%"
9098,9460,"4,500%"
9098,9293,"4,500%"
9098,4542,"4,500%"
9098,3639,"4,500%"
9098,3570,"4,500%"
9098,2202,"4,500%"
9098,2153,"4,500%"
9098,560,"4,500%"
9099,7746,"4,500%"
9099,3570,"4,500%"
9100,10014,"4,500%"
9100,4535,"4,500%"
9100,1163,"4,500%"
9101,5815,"4,500%"
9101,5602,"4,500%"
9101,5091,"4,500%"
9101,3261,"4,500%"
9102,6172,"4,500%"
9103,9422,"4,500%"
9103,9417,"4,500%"
9103,9414,"4,500%"
9103,9413,"4,500%"
9103,9412,"4,500%"
9105,9415,"4,500%"
9105,9308,"4,500%"
9105,7746,"4,500%"
9105,5331,"4,500%"
9109,7677,"4,500%"
9109,3985,"4,500%"
9109,2351,"4,500%"
9109,1123,"4,500%"
9109,1116,"4,500%"
9109,1074,"4,500%"
9109,1073,"4,500%"
9109,751,"4,500%"
9109,496,"4,500%"
9110,9664,"4,500%"
9110,1143,"4,500%"
9110,438,"4,500%"
9111,9610,"4,500%"
9111,7791,"4,500%"
9111,3776,"4,500%"
9111,2815,"4,500%"
9111,1116,"4,500%"
9111,1074,"4,500%"
9111,105,"4,500%"
9112,9140,"4,500%"
9112,9111,"4,500%"
9112,9109,"4,500%"
9112,9108,"4,500%"
9112,4386,"4,500%"
9112,4386,"4,500%"
9112,3918,"4,500%"
9113,8924,"4,500%"
9113,7838,"4,500%"
9113,929,"4,500%"
9115,10123,"4,500%"
9115,9158,"4,500%"
9115,9145,"4,500%"
9115,9141,"4,500%"
9115,9140,"4,500%"
9115,9136,"4,500%"
9115,9111,"4,500%"
9115,9099,"4,500%"
9115,8924,"4,500%"
9115,4386,"4,500%"
9115,3877,"4,500%"
9115,3827,"4,500%"
9115,3722,"4,500%"
9115,395,"4,500%"
9118,9143,"4,500%"
9118,9141,"4,500%"
9118,9140,"4,500%"
9118,9111,"4,500%"
9118,9109,"4,500%"
9118,9099,"4,500%"
9118,4386,"4,500%"
9118,3921,"4,500%"
9118,3877,"4,500%"
9121,9143,"4,500%"
9121,9140,"4,500%"
9121,9138,"4,500%"
9121,9136,"4,500%"
9121,9111,"4,500%"
9121,9110,"4,500%"
9121,9099,"4,500%"
9121,9098,"4,500%"
9121,8999,"4,500%"
9121,8998,"4,500%"
9121,8937,"4,500%"
9121,8936,"4,500%"
9121,8892,"4,500%"
9121,8876,"4,500%"
9121,8869,"4,500%"
9121,8866,"4,500%"
9121,8843,"4,500%"
9121,4386,"4,500%"
9121,3918,"4,500%"
9121,3631,"4,500%"
9122,10085,"4,500%"
9122,8483,"4,500%"
9123,9161,"4,500%"
9123,9116,"4,500%"
9123,9111,"4,500%"
9123,9110,"4,500%"
9123,9109,"4,500%"
9123,8310,"4,500%"
9123,4386,"4,500%"
9123,3969,"4,500%"
9123,3918,"4,500%"
9124,9279,"4,500%"
9124,9146,"4,500%"
9124,9145,"4,500%"
9124,9141,"4,500%"
9124,9138,"4,500%"
9124,9126,"4,500%"
9124,9122,"4,500%"
9124,9110,"4,500%"
9124,9109,"4,500%"
9124,9108,"4,500%"
9124,9057,"4,500%"
9124,9054,"4,500%"
9124,8998,"4,500%"
9124,8923,"4,500%"
9124,8912,"4,500%"
9124,8876,"4,500%"
9124,8866,"4,500%"
9124,8792,"4,500%"
9124,8705,"4,500%"
9124,8647,"4,500%"
9124,8646,"4,500%"
9124,8332,"4,500%"
9124,8200,"4,500%"
9124,8096,"4,500%"
9124,4386,"4,500%"
9124,4386,"4,500%"
9124,3918,"4,500%"
9125,9140,"4,500%"
9125,9110,"4,500%"
9125,8843,"4,500%"
9125,4386,"4,500%"
9127,9141,"4,500%"
9127,9140,"4,500%"
9127,9138,"4,500%"
9127,9131,"4,500%"
9127,9116,"4,500%"
9127,9111,"4,500%"
9127,9110,"4,500%"
9127,9109,"4,500%"
9127,8876,"4,500%"
9127,4386,"4,500%"
9127,3918,"4,500%"
9130,9141,"4,500%"
9130,9100,"4,500%"
9130,7968,"4,500%"
9130,7696,"4,500%"
9130,7691,"4,500%"
9130,3918,"4,500%"
9130,3896,"4,500%"
9130,3586,"4,500%"
9130,2714,"4,500%"
9130,1764,"4,500%"
9130,398,"4,500%"
9130,395,"4,500%"
9131,10123,"4,500%"
9131,10112,"4,500%"
9131,4584,"4,500%"
9131,3918,"4,500%"
9131,3877,"4,500%"
9131,3827,"4,500%"
9131,534,"4,500%"
9131,395,"4,500%"
9131,292,"4,500%"
9132,9281,"4,500%"
9132,9111,"4,500%"
9132,9110,"4,500%"
9132,9050,"4,500%"
9132,8999,"4,500%"
9132,8998,"4,500%"
9132,8936,"4,500%"
9132,8911,"4,500%"
9132,8843,"4,500%"
9132,8685,"4,500%"
9132,8684,"4,500%"
9132,8681,"4,500%"
9132,8310,"4,500%"
9132,4610,"4,500%"
9132,4574,"4,500%"
9132,4386,"4,500%"
9132,4386,"4,500%"
9132,3918,"4,500%"
9134,9148,"4,500%"
9134,9141,"4,500%"
9134,9138,"4,500%"
9134,9126,"4,500%"
9134,9116,"4,500%"
9134,9111,"4,500%"
9134,9109,"4,500%"
9134,9108,"4,500%"
9134,8782,"4,500%"
9134,4386,"4,500%"
9134,3918,"4,500%"
9134,3827,"4,500%"
9134,998,"4,500%"
9135,9141,"4,500%"
9135,9140,"4,500%"
9135,9138,"4,500%"
9135,9116,"4,500%"
9135,9110,"4,500%"
9135,9109,"4,500%"
9135,4386,"4,500%"
9136,10112,"4,500%"
9136,9487,"4,500%"
9136,9486,"4,500%"
9136,9485,"4,500%"
9136,9484,"4,500%"
9136,9483,"4,500%"
9136,9355,"4,500%"
9136,9334,"4,500%"
9136,9323,"4,500%"
9136,9289,"4,500%"
9136,9178,"4,500%"
9136,9143,"4,500%"
9136,9141,"4,500%"
9136,9138,"4,500%"
9136,9110,"4,500%"
9136,9099,"4,500%"
9136,9098,"4,500%"
9136,9078,"4,500%"
9136,8892,"4,500%"
9136,8876,"4,500%"
9136,8870,"4,500%"
9136,8781,"4,500%"
9136,8778,"4,500%"
9136,8776,"4,500%"
9136,8775,"4,500%"
9136,8612,"4,500%"
9136,8251,"4,500%"
9136,7872,"4,500%"
9136,7860,"4,500%"
9136,7691,"4,500%"
9136,7688,"4,500%"
9136,4386,"4,500%"
9136,4386,"4,500%"
9136,3827,"4,500%"
9136,3449,"4,500%"
9136,3422,"4,500%"
9136,1921,"4,500%"
9136,1908,"4,500%"
9137,9161,"4,500%"
9137,9141,"4,500%"
9137,9140,"4,500%"
9137,9136,"4,500%"
9137,9131,"4,500%"
9137,9116,"4,500%"
9137,9111,"4,500%"
9137,9109,"4,500%"
9137,8924,"4,500%"
9137,8792,"4,500%"
9137,4386,"4,500%"
9137,3918,"4,500%"
9139,9161,"4,500%"
9139,9151,"4,500%"
9139,9143,"4,500%"
9139,9140,"4,500%"
9139,9138,"4,500%"
9139,9123,"4,500%"
9139,9111,"4,500%"
9139,9110,"4,500%"
9139,9109,"4,500%"
9139,9108,"4,500%"
9139,9098,"4,500%"
9139,8876,"4,500%"
9139,8866,"4,500%"
9139,8843,"4,500%"
9139,8792,"4,500%"
9139,3969,"4,500%"
9139,3918,"4,500%"
9141,4386,"4,500%"
9141,4197,"4,500%"
9141,3570,"4,500%"
9141,436,"4,500%"
9142,9192,"4,500%"
9142,9152,"4,500%"
9142,9143,"4,500%"
9142,9140,"4,500%"
9142,9138,"4,500%"
9142,9111,"4,500%"
9142,9109,"4,500%"
9142,9108,"4,500%"
9142,9099,"4,500%"
9142,9098,"4,500%"
9142,8876,"4,500%"
9142,8843,"4,500%"
9142,4386,"4,500%"
9142,3631,"4,500%"
9142,1766,"4,500%"
9145,9140,"4,500%"
9145,9099,"4,500%"
9145,3918,"4,500%"
9147,9111,"4,500%"
9147,9110,"4,500%"
9147,9109,"4,500%"
9147,9098,"4,500%"
9147,8888,"4,500%"
9147,8876,"4,500%"
9147,8866,"4,500%"
9147,7838,"4,500%"
9148,10091,"4,500%"
9148,10085,"4,500%"
9148,7838,"4,500%"
9149,7823,"4,500%"
9151,10124,"4,500%"
9151,9851,"4,500%"
9151,3918,"4,500%"
9151,2709,"4,500%"
9151,1073,"4,500%"
9153,8870,"4,500%"
9155,9140,"4,500%"
9155,9131,"4,500%"
9155,9116,"4,500%"
9157,9141,"4,500%"
9157,9140,"4,500%"
9157,9138,"4,500%"
9157,9131,"4,500%"
9157,9116,"4,500%"
9157,9111,"4,500%"
9157,9110,"4,500%"
9157,9109,"4,500%"
9157,8876,"4,500%"
9157,4386,"4,500%"
9157,3918,"4,500%"
9158,3918,"4,500%"
9158,293,"4,500%"
9161,9143,"4,500%"
9161,9140,"4,500%"
9161,9099,"4,500%"
9161,4584,"4,500%"
9161,3918,"4,500%"
9164,8693,"4,500%"
9164,4858,"4,500%"
9164,3570,"4,500%"
9173,8256,"4,500%"
9183,9482,"4,500%"
9183,9224,"4,500%"
9183,9212,"4,500%"
9183,9111,"4,500%"
9183,9098,"4,500%"
9183,9085,"4,500%"
9183,9081,"4,500%"
9183,9076,"4,500%"
9183,8970,"4,500%"
9183,8965,"4,500%"
9183,8962,"4,500%"
9183,8952,"4,500%"
9183,8756,"4,500%"
9183,8695,"4,500%"
9183,8156,"4,500%"
9183,8097,"4,500%"
9183,8096,"4,500%"
9187,9050,"4,500%"
9187,8999,"4,500%"
9188,9469,"4,500%"
9190,9470,"4,500%"
9190,8174,"4,500%"
9190,6512,"4,500%"
9190,1042,"4,500%"
9199,9223,"4,500%"
9199,9081,"4,500%"
9199,9031,"4,500%"
9199,9000,"4,500%"
9199,8973,"4,500%"
9199,8935,"4,500%"
9199,8756,"4,500%"
9199,4574,"4,500%"
9199,4570,"4,500%"
9199,4301,"4,500%"
9200,9470,"4,500%"
9200,9233,"4,500%"
9200,9232,"4,500%"
9200,9227,"4,500%"
9200,9070,"4,500%"
9200,9063,"4,500%"
9200,9033,"4,500%"
9200,9025,"4,500%"
9200,9005,"4,500%"
9200,9001,"4,500%"
9200,8993,"4,500%"
9200,8973,"4,500%"
9200,8959,"4,500%"
9200,8952,"4,500%"
9200,8937,"4,500%"
9200,8936,"4,500%"
9200,8912,"4,500%"
9200,8896,"4,500%"
9200,4574,"4,500%"
9204,5689,"4,500%"
9213,8501,"4,500%"
9213,7947,"4,500%"
9213,6513,"4,500%"
9213,2653,"4,500%"
9214,1921,"4,500%"
9216,8999,"4,500%"
9216,7490,"4,500%"
9216,2133,"4,500%"
9218,8935,"4,500%"
9218,4574,"4,500%"
9219,291,"4,500%"
9220,9388,"4,500%"
9224,3023,"4,500%"
9226,7837,"4,500%"
9229,8999,"4,500%"
9229,8984,"4,500%"
9229,8975,"4,500%"
9229,8912,"4,500%"
9229,4584,"4,500%"
9229,3996,"4,500%"
9229,3944,"4,500%"
9229,1921,"4,500%"
9233,9152,"4,500%"
9233,9141,"4,500%"
9233,9140,"4,500%"
9233,9138,"4,500%"
9233,9136,"4,500%"
9233,9131,"4,500%"
9233,9126,"4,500%"
9233,9114,"4,500%"
9233,9111,"4,500%"
9233,9110,"4,500%"
9233,9109,"4,500%"
9233,4386,"4,500%"
9233,3918,"4,500%"
9238,7954,"4,500%"
9242,7303,"4,500%"
9242,4488,"4,500%"
9242,4373,"4,500%"
9242,3878,"4,500%"
9242,3578,"4,500%"
9242,2756,"4,500%"
9243,9308,"4,500%"
9244,9274,"4,500%"
9244,4301,"4,500%"
9245,3069,"4,500%"
9246,8334,"4,500%"
9256,9054,"4,500%"
9260,9274,"4,500%"
9262,8693,"4,500%"
9272,9191,"4,500%"
9272,8298,"4,500%"
9272,7538,"4,500%"
9272,4488,"4,500%"
9272,4373,"4,500%"
9272,4002,"4,500%"
9272,3999,"4,500%"
9272,2858,"4,500%"
9272,2756,"4,500%"
9273,9054,"4,500%"
9273,8693,"4,500%"
9274,9984,"4,500%"
9274,9517,"4,500%"
9274,7304,"4,500%"
9274,6321,"4,500%"
9274,4488,"4,500%"
9274,4373,"4,500%"
9274,3999,"4,500%"
9274,3771,"4,500%"
9274,3578,"4,500%"
9274,3300,"4,500%"
9274,3276,"4,500%"
9274,2858,"4,500%"
9274,2778,"4,500%"
9274,2756,"4,500%"
9274,178,"4,500%"
9276,307,"4,500%"
9283,8984,"4,500%"
9284,8319,"4,500%"
9284,751,"4,500%"
9284,745,"4,500%"
9287,9054,"4,500%"
9287,873,"4,500%"
9288,356,"4,500%"
9289,9151,"4,500%"
9289,9136,"4,500%"
9289,9110,"4,500%"
9289,9050,"4,500%"
9289,8924,"4,500%"
9289,8843,"4,500%"
9289,8310,"4,500%"
9289,4386,"4,500%"
9295,4406,"4,500%"
9295,3545,"4,500%"
9295,3298,"4,500%"
9306,9545,"4,500%"
9306,9493,"4,500%"
9306,9481,"4,500%"
9306,9480,"4,500%"
9306,9470,"4,500%"
9306,9441,"4,500%"
9306,9416,"4,500%"
9306,9381,"4,500%"
9306,9380,"4,500%"
9306,9379,"4,500%"
9306,9378,"4,500%"
9306,9377,"4,500%"
9306,9375,"4,500%"
9306,9374,"4,500%"
9306,9373,"4,500%"
9306,9372,"4,500%"
9306,9371,"4,500%"
9306,9293,"4,500%"
9306,9291,"4,500%"
9306,9221,"4,500%"
9306,8249,"4,500%"
9306,8130,"4,500%"
9306,6519,"4,500%"
9306,4428,"4,500%"
9306,4386,"4,500%"
9306,546,"4,500%"
9308,7916,"4,500%"
9308,3517,"4,500%"
9308,2575,"4,500%"
9308,1117,"4,500%"
9318,9452,"4,500%"
9318,9322,"4,500%"
9330,7300,"4,500%"
9336,8296,"4,500%"
9345,9274,"4,500%"
9345,8999,"4,500%"
9345,8935,"4,500%"
9345,4301,"4,500%"
9347,9054,"4,500%"
9347,8339,"4,500%"
9347,3729,"4,500%"
9349,954,"4,500%"
9357,8999,"4,500%"
9357,8208,"4,500%"
9357,3944,"4,500%"
9385,9100,"4,500%"
9385,3570,"4,500%"
9393,9566,"4,500%"
9393,9440,"4,500%"
9393,9370,"4,500%"
9393,8340,"4,500%"
9393,8286,"4,500%"
9393,7659,"4,500%"
9393,7657,"4,500%"
9393,7648,"4,500%"
9417,560,"4,500%"
9452,9567,"4,500%"
9452,9289,"4,500%"
9452,8998,"4,500%"
9467,8298,"4,500%"
9467,7538,"4,500%"
9495,9498,"4,500%"
9504,9527,"4,500%"
9511,5725,"4,500%"
9517,9274,"4,500%"
9517,8259,"4,500%"
9517,7794,"4,500%"
9517,6726,"4,500%"
9517,3578,"4,500%"
9517,3134,"4,500%"
9517,2933,"4,500%"
9517,2756,"4,500%"
9517,2658,"4,500%"
9517,639,"4,500%"
9519,8973,"4,500%"
9519,5971,"4,500%"
9532,9470,"4,500%"
9536,6410,"4,500%"
9558,9229,"4,500%"
9558,8998,"4,500%"
9558,4574,"4,500%"
9558,4570,"4,500%"
9558,4301,"4,500%"
9564,1013,"4,500%"
9570,9232,"4,500%"
9570,9229,"4,500%"
9570,9225,"4,500%"
9570,9131,"4,500%"
9570,9087,"4,500%"
9570,9071,"4,500%"
9570,9036,"4,500%"
9570,9016,"4,500%"
9570,9002,"4,500%"
9570,8997,"4,500%"
9570,8976,"4,500%"
9570,8910,"4,500%"
9570,8905,"4,500%"
9570,8866,"4,500%"
9570,4574,"4,500%"
9570,4570,"4,500%"
9674,9274,"4,500%"
9674,4301,"4,500%"
9838,9675,"4,500%"
9838,2919,"4,500%"
9903,8062,"4,500%"
9903,4356,"4,500%"
9903,3562,"4,500%"
9903,3303,"4,500%"
9911,6254,"4,500%"
9911,2054,"4,500%"
9912,4418,"4,500%"
9912,4021,"4,500%"
9915,4373,"4,500%"
9915,3578,"4,500%"
9915,2858,"4,500%"
9915,2756,"4,500%"
9918,4108,"4,500%"
9919,10042,"4,500%"
9919,10037,"4,500%"
9919,10035,"4,500%"
9919,10027,"4,500%"
9919,10017,"4,500%"
9919,10015,"4,500%"
9919,10013,"4,500%"
9919,10010,"4,500%"
9919,10009,"4,500%"
9919,10001,"4,500%"
9919,9999,"4,500%"
9919,9989,"4,500%"
9919,9978,"4,500%"
9919,9973,"4,500%"
9919,9972,"4,500%"
9919,9970,"4,500%"
9919,9969,"4,500%"
9919,9958,"4,500%"
9919,9956,"4,500%"
9919,9952,"4,500%"
9919,9951,"4,500%"
9919,9948,"4,500%"
9919,9939,"4,500%"
9919,9922,"4,500%"
9919,9921,"4,500%"
9919,9921,"4,500%"
9919,9907,"4,500%"
9919,9905,"4,500%"
9919,9900,"4,500%"
9919,9762,"4,500%"
9919,7923,"4,500%"
9919,7921,"4,500%"
9919,7919,"4,500%"
9919,7821,"4,500%"
9919,6737,"4,500%"
9919,6585,"4,500%"
9919,4789,"4,500%"
9919,4745,"4,500%"
9919,4645,"4,500%"
9919,4642,"4,500%"
9919,4619,"4,500%"
9919,4617,"4,500%"
9919,4515,"4,500%"
9919,4511,"4,500%"
9919,4509,"4,500%"
9919,4508,"4,500%"
9919,4507,"4,500%"
9919,4505,"4,500%"
9919,4504,"4,500%"
9919,4503,"4,500%"
9919,4502,"4,500%"
9919,4501,"4,500%"
9919,4500,"4,500%"
9919,4496,"4,500%"
9919,4495,"4,500%"
9919,4484,"4,500%"
9919,4480,"4,500%"
9919,4474,"4,500%"
9919,4473,"4,500%"
9919,4459,"4,500%"
9919,4453,"4,500%"
9919,4452,"4,500%"
9919,4447,"4,500%"
9919,4432,"4,500%"
9919,4424,"4,500%"
9919,4416,"4,500%"
9919,4408,"4,500%"
9919,4407,"4,500%"
9919,4394,"4,500%"
9919,4388,"4,500%"
9919,4384,"4,500%"
9919,4378,"4,500%"
9919,4365,"4,500%"
9919,4364,"4,500%"
9919,4350,"4,500%"
9919,4340,"4,500%"
9919,4332,"4,500%"
9919,4314,"4,500%"
9919,4310,"4,500%"
9919,4305,"4,500%"
9919,4303,"4,500%"
9919,4298,"4,500%"
9919,4297,"4,500%"
9919,4290,"4,500%"
9919,4288,"4,500%"
9919,4279,"4,500%"
9919,4274,"4,500%"
9919,4273,"4,500%"
9919,4268,"4,500%"
9919,4265,"4,500%"
9919,4261,"4,500%"
9919,4260,"4,500%"
9919,4259,"4,500%"
9919,4242,"4,500%"
9919,4235,"4,500%"
9919,4232,"4,500%"
9919,4223,"4,500%"
9919,4219,"4,500%"
9919,4217,"4,500%"
9919,4214,"4,500%"
9919,4209,"4,500%"
9919,4195,"4,500%"
9919,4169,"4,500%"
9919,4158,"4,500%"
9919,4146,"4,500%"
9919,4125,"4,500%"
9919,4123,"4,500%"
9919,4107,"4,500%"
9919,4104,"4,500%"
9919,4101,"4,500%"
9919,4098,"4,500%"
9919,4092,"4,500%"
9919,4074,"4,500%"
9919,4053,"4,500%"
9919,4049,"4,500%"
9919,4048,"4,500%"
9919,4046,"4,500%"
9919,4045,"4,500%"
9919,4036,"4,500%"
9919,4035,"4,500%"
9919,4026,"4,500%"
9919,4018,"4,500%"
9919,4009,"4,500%"
9919,4006,"4,500%"
9919,4003,"4,500%"
9919,3993,"4,500%"
9919,3989,"4,500%"
9919,3986,"4,500%"
9919,3983,"4,500%"
9919,3982,"4,500%"
9919,3971,"4,500%"
9919,3967,"4,500%"
9919,3966,"4,500%"
9919,3962,"4,500%"
9919,3950,"4,500%"
9919,3930,"4,500%"
9919,3926,"4,500%"
9919,3922,"4,500%"
9919,3914,"4,500%"
9919,3913,"4,500%"
9919,3906,"4,500%"
9919,3905,"4,500%"
9919,3904,"4,500%"
9919,3901,"4,500%"
9919,3897,"4,500%"
9919,3895,"4,500%"
9919,3886,"4,500%"
9919,3877,"4,500%"
9919,3868,"4,500%"
9919,3863,"4,500%"
9919,3847,"4,500%"
9919,3837,"4,500%"
9919,3832,"4,500%"
9919,3831,"4,500%"
9919,3828,"4,500%"
9919,3825,"4,500%"
9919,3825,"4,500%"
9919,3819,"4,500%"
9919,3808,"4,500%"
9919,3807,"4,500%"
9919,3801,"4,500%"
9919,3796,"4,500%"
9919,3795,"4,500%"
9919,3794,"4,500%"
9919,3772,"4,500%"
9919,3767,"4,500%"
9919,3766,"4,500%"
9919,3753,"4,500%"
9919,3751,"4,500%"
9919,3750,"4,500%"
9919,3744,"4,500%"
9919,3741,"4,500%"
9919,3734,"4,500%"
9919,3731,"4,500%"
9919,3725,"4,500%"
9919,3709,"4,500%"
9919,3703,"4,500%"
9919,3701,"4,500%"
9919,3695,"4,500%"
9919,3693,"4,500%"
9919,3691,"4,500%"
9919,3686,"4,500%"
9919,3683,"4,500%"
9919,3678,"4,500%"
9919,3674,"4,500%"
9919,3672,"4,500%"
9919,3671,"4,500%"
9919,3669,"4,500%"
9919,3667,"4,500%"
9919,3665,"4,500%"
9919,3651,"4,500%"
9919,3646,"4,500%"
9919,3625,"4,500%"
9919,3617,"4,500%"
9919,3614,"4,500%"
9919,3610,"4,500%"
9919,3597,"4,500%"
9919,3590,"4,500%"
9919,3584,"4,500%"
9919,3581,"4,500%"
9919,3575,"4,500%"
9919,3573,"4,500%"
9919,3558,"4,500%"
9919,3555,"4,500%"
9919,3543,"4,500%"
9919,3540,"4,500%"
9919,3533,"4,500%"
9919,3530,"4,500%"
9919,3525,"4,500%"
9919,3524,"4,500%"
9919,3510,"4,500%"
9919,3507,"4,500%"
9919,3504,"4,500%"
9919,3497,"4,500%"
9919,3494,"4,500%"
9919,3481,"4,500%"
9919,3480,"4,500%"
9919,3473,"4,500%"
9919,3468,"4,500%"
9919,3459,"4,500%"
9919,3447,"4,500%"
9919,3444,"4,500%"
9919,3339,"4,500%"
9919,3331,"4,500%"
9919,3321,"4,500%"
9919,3262,"4,500%"
9919,3241,"4,500%"
9919,3220,"4,500%"
9919,3216,"4,500%"
9919,3215,"4,500%"
9919,3210,"4,500%"
9919,3192,"4,500%"
9919,3183,"4,500%"
9919,3130,"4,500%"
9919,3116,"4,500%"
9919,3101,"4,500%"
9919,3100,"4,500%"
9919,3098,"4,500%"
9919,3079,"4,500%"
9919,3079,"4,500%"
9919,3077,"4,500%"
9919,3062,"4,500%"
9919,3055,"4,500%"
9919,3025,"4,500%"
9919,2991,"4,500%"
9919,2979,"4,500%"
9919,2968,"4,500%"
9919,2938,"4,500%"
9919,2928,"4,500%"
9919,2908,"4,500%"
9919,2905,"4,500%"
9919,2895,"4,500%"
9919,2873,"4,500%"
9919,2868,"4,500%"
9919,2857,"4,500%"
9919,2825,"4,500%"
9919,2774,"4,500%"
9919,2757,"4,500%"
9919,2725,"4,500%"
9919,2651,"4,500%"
9919,2053,"4,500%"
9919,1121,"4,500%"
9919,1110,"4,500%"
9919,1107,"4,500%"
9919,432,"4,500%"
9919,430,"4,500%"
9919,429,"4,500%"
9919,405,"4,500%"
9919,364,"4,500%"
9919,347,"4,500%"
9919,343,"4,500%"
9919,341,"4,500%"
9919,336,"4,500%"
9919,316,"4,500%"
9919,309,"4,500%"
9919,301,"4,500%"
9919,261,"4,500%"
9919,253,"4,500%"
9919,234,"4,500%"
9919,233,"4,500%"
9919,232,"4,500%"
9919,171,"4,500%"
9919,72,"4,500%"
9919,62,"4,500%"
9927,9928,"4,500%"
9927,2799,"4,500%"
9946,4378,"4,500%"
9950,3967,"4,500%"
9950,3408,"4,500%"
9950,3408,"4,500%"
9950,3408,"4,500%"
9950,3206,"4,500%"
9950,3134,"4,500%"
9953,405,"4,500%"
9954,9942,"4,500%"
9954,2364,"4,500%"
9955,10033,"4,500%"
9955,7876,"4,500%"
9968,10072,"4,500%"
9968,9960,"4,500%"
9968,111,"4,500%"
9974,10059,"4,500%"
9974,10005,"4,500%"
9974,9926,"4,500%"
9974,9916,"4,500%"
9974,4585,"4,500%"
9974,4356,"4,500%"
9974,3600,"4,500%"
9974,2396,"4,500%"
9974,736,"4,500%"
9974,516,"4,500%"
9974,494,"4,500%"
9974,479,"4,500%"
9974,473,"4,500%"
9974,109,"4,500%"
9974,108,"4,500%"
9991,2343,"4,500%"
9995,3505,"4,500%"
9997,10000,"4,500%"
9997,4021,"4,500%"
10000,10080,"4,500%"
10000,9443,"4,500%"
10000,8936,"4,500%"
10000,4144,"4,500%"
10000,4021,"4,500%"
10000,3943,"4,500%"
10000,3738,"4,500%"
10000,3570,"4,500%"
10000,3259,"4,500%"
10000,1075,"4,500%"
10000,750,"4,500%"
10000,10,"4,500%"
10003,10123,"4,500%"
10003,10112,"4,500%"
10003,9949,"4,500%"
10003,9138,"4,500%"
10003,9108,"4,500%"
10003,7584,"4,500%"
10003,4585,"4,500%"
1825,2248,"4,491%"
9254,9284,"4,491%"
9284,9291,"4,491%"
1230,1750,"4,464%"
1383,6747,"4,464%"
1392,6033,"4,455%"
2145,1316,"4,455%"
2078,2229,"4,437%"
2233,2132,"4,437%"
9638,9657,"4,437%"
9744,6850,"4,437%"
1468,7077,"4,428%"
2900,7660,"4,428%"
9650,6724,"4,428%"
704,5519,"4,419%"
1467,2135,"4,419%"
1529,5338,"4,410%"
1921,2709,"4,410%"
2166,4202,"4,410%"
2686,10080,"4,410%"
3420,5946,"4,410%"
3482,7230,"4,410%"
3774,2837,"4,410%"
7722,5664,"4,410%"
663,7158,"4,401%"
4756,3796,"4,401%"
9474,9365,"4,401%"
1628,1989,"4,392%"
2141,3262,"4,392%"
7784,3647,"4,392%"
1872,7113,"4,383%"
2018,1786,"4,383%"
9706,9867,"4,383%"
1293,1655,"4,365%"
9536,9408,"4,365%"
9908,9628,"4,356%"
1410,2118,"4,347%"
2092,2259,"4,347%"
1697,3318,"4,338%"
1761,2231,"4,338%"
544,4574,"4,329%"
112,2365,"4,320%"
1403,2174,"4,320%"
4029,3900,"4,320%"
4163,3903,"4,320%"
4364,3829,"4,320%"
8527,8612,"4,320%"
8835,8817,"4,320%"
8863,7974,"4,320%"
9131,9109,"4,320%"
7650,6719,"4,311%"
2602,3217,"4,302%"
1593,7256,"4,293%"
2010,2115,"4,293%"
2077,3877,"4,293%"
9633,9609,"4,293%"
1389,5601,"4,284%"
1731,1460,"4,284%"
9968,9942,"4,284%"
610,7573,"4,275%"
1618,1819,"4,275%"
2122,1916,"4,275%"
9101,6197,"4,275%"
1381,5849,"4,266%"
1651,2160,"4,266%"
4514,4577,"4,257%"
9771,2938,"4,257%"
1217,1983,"4,248%"
827,7931,"4,239%"
1740,2285,"4,239%"
1940,7071,"4,239%"
1211,1763,"4,230%"
3608,8082,"4,230%"
3774,3389,"4,230%"
4029,3864,"4,230%"
8769,5109,"4,230%"
9050,3829,"4,230%"
9495,4610,"4,230%"
1907,2093,"4,221%"
1746,9386,"4,212%"
3023,9816,"4,194%"
4395,3589,"4,194%"
569,1931,"4,185%"
1610,1780,"4,176%"
1666,1935,"4,176%"
9927,9928,"4,176%"
1332,4963,"4,169%"
1779,1430,"4,169%"
1199,5655,"4,167%"
1931,5645,"4,167%"
9523,9305,"4,149%"
1676,1766,"4,147%"
2042,1944,"4,147%"
8145,8756,"4,147%"
835,6514,"4,140%"
1256,1244,"4,140%"
1343,6822,"4,140%"
1745,4133,"4,140%"
1802,2053,"4,140%"
2217,7551,"4,140%"
2239,6800,"4,140%"
3480,3600,"4,140%"
4100,6094,"4,140%"
4100,501,"4,140%"
4390,4690,"4,140%"
4520,7872,"4,140%"
8377,4570,"4,140%"
8496,6375,"4,140%"
1261,1980,"4,136%"
1309,6308,"4,136%"
1631,8717,"4,136%"
7906,7955,"4,136%"
1740,1843,"4,125%"
2239,5410,"4,125%"
993,8998,"4,122%"
2088,2101,"4,122%"
4285,3782,"4,122%"
4328,6866,"4,122%"
2094,2148,"4,114%"
2525,4401,"4,114%"
544,8151,"4,113%"
1768,6538,"4,113%"
1407,6730,"4,103%"
2010,2114,"4,095%"
4176,4373,"4,095%"
4176,3712,"4,095%"
2202,5163,"4,092%"
3685,1099,"4,092%"
1463,1840,"4,086%"
2184,6384,"4,086%"
2263,5065,"4,086%"
2525,6562,"4,086%"
1352,1725,"4,081%"
60,7546,"4,077%"
60,4835,"4,077%"
1553,1712,"4,070%"
1979,7264,"4,070%"
2234,5807,"4,070%"
2239,1764,"4,070%"
2680,422,"4,070%"
2709,4463,"4,070%"
3608,4329,"4,070%"
8141,5971,"4,070%"
8506,8681,"4,070%"
8552,8544,"4,070%"
9710,675,"4,068%"
1222,7004,"4,059%"
2250,1935,"4,059%"
9053,964,"4,059%"
9292,8070,"4,059%"
110,3169,"4,059%"
1448,7087,"4,059%"
9231,7196,"4,059%"
40,4231,"4,050%"
835,2756,"4,050%"
1869,5807,"4,050%"
2568,2766,"4,050%"
2728,7439,"4,050%"
8527,8366,"4,050%"
8643,9457,"4,050%"
9439,8442,"4,050%"
2234,2111,"4,048%"
9749,5158,"4,048%"
60,7081,"4,041%"
1803,4973,"4,041%"
1261,2168,"4,037%"
2214,6538,"4,037%"
8205,1014,"4,037%"
1220,1766,"4,032%"
1223,2278,"4,032%"
1648,1372,"4,032%"
8842,7685,"4,032%"
2602,4581,"4,026%"
1496,5061,"4,023%"
1684,1799,"4,015%"
9043,9683,"4,015%"
2263,5213,"4,014%"
8405,8834,"4,014%"
663,6165,"4,004%"
1321,7557,"4,004%"
1339,1577,"4,004%"
1584,1535,"4,004%"
1802,7159,"4,004%"
1852,2294,"3,996%"
1287,6138,"3,993%"
9661,7566,"3,993%"
8252,9440,"3,987%"
1689,1449,"3,982%"
1801,2167,"3,982%"
644,5910,"3,978%"
9536,9364,"3,978%"
1185,1698,"3,971%"
1213,4202,"3,971%"
1526,1439,"3,971%"
2000,2133,"3,969%"
1497,4202,"3,960%"
1744,7995,"3,960%"
1818,526,"3,960%"
1917,1460,"3,960%"
2435,7639,"3,960%"
2525,5243,"3,960%"
3608,3608,"3,960%"
4364,5539,"3,960%"
4364,276,"3,960%"
8291,8291,"3,960%"
9050,3877,"3,960%"
112,1121,"3,960%"
687,9851,"3,960%"
1929,1319,"3,960%"
1937,276,"3,960%"
2006,1908,"3,960%"
2080,1877,"3,960%"
2435,4568,"3,960%"
2586,2967,"3,960%"
3394,7207,"3,960%"
4023,1513,"3,960%"
4699,10080,"3,960%"
8450,8220,"3,960%"
9437,4513,"3,960%"
1744,6231,"3,951%"
3364,5139,"3,951%"
1598,1775,"3,949%"
3523,7981,"3,949%"
3944,3555,"3,949%"
9832,9715,"3,949%"
1551,1463,"3,942%"
1567,5837,"3,942%"
1892,1374,"3,942%"
2968,3905,"3,938%"
3511,7432,"3,938%"
1412,2231,"3,933%"
2015,1325,"3,933%"
9602,623,"3,933%"
8659,8606,"3,916%"
9578,6495,"3,916%"
1456,2274,"3,915%"
1986,6896,"3,915%"
9349,8904,"3,915%"
1667,7459,"3,906%"
947,8105,"3,905%"
1744,5997,"3,905%"
1469,5366,"3,897%"
9026,8998,"3,897%"
2010,1997,"3,883%"
9584,9870,"3,883%"
1224,5419,"3,879%"
1651,1843,"3,872%"
1996,1996,"3,872%"
4440,3570,"3,872%"
9622,7908,"3,872%"
9968,4338,"3,872%"
112,3612,"3,870%"
945,5153,"3,870%"
1497,1921,"3,870%"
2493,6961,"3,870%"
2522,6691,"3,870%"
2522,5761,"3,870%"
2522,5651,"3,870%"
1871,1993,"3,861%"
2144,1648,"3,861%"
3362,4350,"3,861%"
1327,7561,"3,861%"
1912,6951,"3,861%"
8993,8210,"3,861%"
1921,4350,"3,850%"
2288,2228,"3,850%"
3608,4513,"3,850%"
3716,7857,"3,850%"
3736,6470,"3,850%"
4151,4123,"3,850%"
8422,7822,"3,850%"
8799,6519,"3,850%"
9573,7788,"3,850%"
940,9097,"3,843%"
1576,6703,"3,843%"
3260,4363,"3,843%"
4432,7213,"3,843%"
8601,6557,"3,843%"
1912,5050,"3,839%"
8725,9119,"3,834%"
1500,1498,"3,828%"
2038,8505,"3,828%"
1929,1929,"3,825%"
9661,5140,"3,817%"
1202,1752,"3,816%"
8604,6783,"3,816%"
9325,8467,"3,816%"
663,1815,"3,807%"
4514,5613,"3,806%"
1590,2140,"3,798%"
2025,5327,"3,798%"
8738,8869,"3,798%"
1261,6351,"3,795%"
1432,6452,"3,795%"
1490,1789,"3,795%"
8028,6949,"3,795%"
2586,3637,"3,789%"
9348,549,"3,784%"
9661,5826,"3,784%"
9832,9715,"3,784%"
641,9674,"3,780%"
1486,1760,"3,780%"
1900,1222,"3,780%"
2549,4463,"3,780%"
2680,5793,"3,780%"
4364,4386,"3,780%"
4390,3713,"3,780%"
9771,9026,"3,780%"
1233,7122,"3,773%"
9840,807,"3,773%"
1964,7314,"3,771%"
2200,2267,"3,771%"
1821,1821,"3,762%"
1836,2028,"3,762%"
2007,7430,"3,762%"
2018,1919,"3,762%"
1682,1298,"3,753%"
1796,2195,"3,753%"
9815,3550,"3,751%"
1332,600,"3,744%"
1743,7860,"3,744%"
3241,4445,"3,744%"
7649,5159,"3,744%"
879,8827,"3,740%"
2709,4350,"3,740%"
3482,7409,"3,740%"
4390,7093,"3,740%"
8590,8574,"3,740%"
8865,9874,"3,740%"
8754,8754,"3,735%"
1684,5337,"3,729%"
2260,2063,"3,729%"
1647,1801,"3,726%"
1964,7001,"3,726%"
2202,2053,"3,726%"
9647,5546,"3,726%"
1576,6121,"3,718%"
1604,9081,"3,718%"
1887,1881,"3,718%"
2263,7476,"3,708%"
2927,4304,"3,708%"
2018,5394,"3,707%"
2098,7468,"3,707%"
1261,1169,"3,696%"
112,4965,"3,690%"
2142,2050,"3,690%"
3608,4579,"3,690%"
4364,7860,"3,690%"
4390,2005,"3,690%"
3011,4304,"3,685%"
9607,7527,"3,685%"
602,579,"3,681%"
1039,7280,"3,674%"
1927,1944,"3,674%"
2737,3712,"3,674%"
2132,1976,"3,672%"
10016,5775,"3,672%"
1868,8679,"3,663%"
8419,9475,"3,663%"
9074,595,"3,663%"
9325,6097,"3,663%"
1803,6966,"3,663%"
4756,4334,"3,663%"
1651,1316,"3,654%"
2035,9113,"3,654%"
9647,5621,"3,654%"
2041,1945,"3,652%"
2041,1879,"3,652%"
2709,3317,"3,645%"
1512,1921,"3,641%"
1547,1686,"3,641%"
1740,1843,"3,641%"
1924,5309,"3,641%"
98,10080,"3,636%"
835,6880,"3,630%"
963,5423,"3,630%"
1907,6236,"3,630%"
8386,9289,"3,630%"
1533,1208,"3,627%"
1641,2117,"3,627%"
1684,1824,"3,627%"
7779,4237,"3,627%"
1399,5121,"3,619%"
1457,1151,"3,619%"
2002,1412,"3,619%"
1810,2206,"3,618%"
9831,2892,"3,618%"
710,9825,"3,609%"
1664,2196,"3,609%"
1676,2279,"3,609%"
1822,1902,"3,609%"
8687,6391,"3,609%"
1663,6541,"3,608%"
1019,8544,"3,600%"
1301,2174,"3,600%"
1351,7958,"3,600%"
1469,6908,"3,600%"
1598,1829,"3,600%"
1744,6000,"3,600%"
1957,2087,"3,600%"
2460,208,"3,600%"
2531,3862,"3,600%"
2560,10080,"3,600%"
2751,7947,"3,600%"
2846,5779,"3,600%"
2973,3967,"3,600%"
3117,10080,"3,600%"
3129,4123,"3,600%"
3246,10080,"3,600%"
3323,10112,"3,600%"
3323,4386,"3,600%"
3323,3918,"3,600%"
3478,4585,"3,600%"
3478,395,"3,600%"
3505,4167,"3,600%"
3627,3380,"3,600%"
3689,4237,"3,600%"
3716,7733,"3,600%"
3748,1908,"3,600%"
4029,5595,"3,600%"
4033,4968,"3,600%"
4033,3896,"3,600%"
4125,1989,"3,600%"
4163,10080,"3,600%"
4393,5143,"3,600%"
4466,4418,"3,600%"
4466,4371,"3,600%"
4466,4268,"3,600%"
4466,4123,"3,600%"
4466,4021,"3,600%"
4466,3858,"3,600%"
4466,3810,"3,600%"
4466,2314,"3,600%"
4623,6933,"3,600%"
4658,3877,"3,600%"
8881,7501,"3,600%"
9423,9003,"3,600%"
9622,9692,"3,600%"
1692,376,"3,597%"
2277,2321,"3,591%"
4756,4237,"3,586%"
4756,4168,"3,586%"
1652,2709,"3,582%"
1717,1908,"3,582%"
1336,9003,"3,575%"
9769,5575,"3,575%"
9968,4354,"3,575%"
2123,5232,"3,573%"
3023,9674,"3,573%"
3817,4469,"3,573%"
1200,1609,"3,564%"
2602,2707,"3,564%"
1667,5293,"3,564%"
3757,3995,"3,555%"
1355,10106,"3,553%"
3925,4303,"3,553%"
1744,7594,"3,546%"
1974,6452,"3,546%"
7751,5094,"3,546%"
9907,6662,"3,546%"
1972,2106,"3,542%"
2105,5797,"3,542%"
2198,2156,"3,542%"
4211,2858,"3,542%"
1323,6029,"3,537%"
1299,4985,"3,531%"
1618,2387,"3,531%"
7779,7774,"3,531%"
2682,1908,"3,528%"
2682,1766,"3,528%"
8798,903,"3,528%"
2217,1980,"3,520%"
2728,4430,"3,520%"
3482,7858,"3,520%"
3774,2837,"3,520%"
9050,3827,"3,520%"
2234,6452,"3,519%"
3431,8715,"3,519%"
2001,5404,"3,510%"
2435,7979,"3,510%"
8452,4570,"3,510%"
1576,7244,"3,509%"
3310,3962,"3,500%"
3310,3950,"3,500%"
3310,3925,"3,500%"
3310,3578,"3,500%"
3310,3134,"3,500%"
3310,2864,"3,500%"
3310,2858,"3,500%"
3310,2709,"3,500%"
3310,1921,"3,500%"
3310,744,"3,500%"
3310,386,"3,500%"
3311,9816,"3,500%"
3311,9734,"3,500%"
3311,9682,"3,500%"
3311,7959,"3,500%"
3311,4576,"3,500%"
3311,4570,"3,500%"
3311,4301,"3,500%"
3311,4124,"3,500%"
3311,4124,"3,500%"
3311,4123,"3,500%"
3311,4084,"3,500%"
3311,3922,"3,500%"
3311,3862,"3,500%"
3311,3684,"3,500%"
3311,3161,"3,500%"
3311,3134,"3,500%"
3311,2967,"3,500%"
3311,2919,"3,500%"
3311,2869,"3,500%"
3311,2766,"3,500%"
3311,2174,"3,500%"
3313,10111,"3,500%"
3313,10103,"3,500%"
3313,10098,"3,500%"
3313,10074,"3,500%"
3313,9730,"3,500%"
3313,9326,"3,500%"
3313,9202,"3,500%"
3313,8630,"3,500%"
3313,8258,"3,500%"
3313,7815,"3,500%"
3313,7811,"3,500%"
3313,4755,"3,500%"
3313,4553,"3,500%"
3313,4551,"3,500%"
3313,4533,"3,500%"
3313,3950,"3,500%"
3313,3546,"3,500%"
3313,3317,"3,500%"
3313,3158,"3,500%"
3313,3019,"3,500%"
3313,2901,"3,500%"
3313,2869,"3,500%"
3313,2851,"3,500%"
3313,2826,"3,500%"
3313,2660,"3,500%"
3313,1149,"3,500%"
3313,749,"3,500%"
3313,513,"3,500%"
3313,436,"3,500%"
3313,386,"3,500%"
3313,359,"3,500%"
3313,330,"3,500%"
3313,303,"3,500%"
3313,124,"3,500%"
3314,9814,"3,500%"
3314,9734,"3,500%"
3314,9690,"3,500%"
3314,9677,"3,500%"
3314,9199,"3,500%"
3314,8935,"3,500%"
3314,7959,"3,500%"
3314,7585,"3,500%"
3314,4576,"3,500%"
3314,4568,"3,500%"
3314,4124,"3,500%"
3314,4084,"3,500%"
3314,3925,"3,500%"
3314,3134,"3,500%"
3314,2788,"3,500%"
3314,2756,"3,500%"
3314,2709,"3,500%"
3314,2174,"3,500%"
3315,4268,"3,500%"
3322,4438,"3,500%"
3322,4350,"3,500%"
3322,1921,"3,500%"
3323,10080,"3,500%"
3323,8792,"3,500%"
3323,4055,"3,500%"
3323,3776,"3,500%"
3323,3478,"3,500%"
3323,1133,"3,500%"
3325,10032,"3,500%"
3325,9931,"3,500%"
3325,9470,"3,500%"
3325,9308,"3,500%"
3325,9030,"3,500%"
3325,8999,"3,500%"
3325,8998,"3,500%"
3325,8935,"3,500%"
3325,4630,"3,500%"
3325,4570,"3,500%"
3325,4463,"3,500%"
3325,4416,"3,500%"
3325,4301,"3,500%"
3325,3727,"3,500%"
3325,3578,"3,500%"
3325,3516,"3,500%"
3325,3134,"3,500%"
3325,3073,"3,500%"
3325,2967,"3,500%"
3325,2933,"3,500%"
3325,2906,"3,500%"
3325,2894,"3,500%"
3325,2869,"3,500%"
3325,2843,"3,500%"
3325,2837,"3,500%"
3325,2766,"3,500%"
3325,2709,"3,500%"
3325,2382,"3,500%"
3325,2174,"3,500%"
3325,2145,"3,500%"
3325,1921,"3,500%"
3325,1864,"3,500%"
3325,1154,"3,500%"
3327,10023,"3,500%"
3327,4710,"3,500%"
3327,4386,"3,500%"
3327,4273,"3,500%"
3327,3705,"3,500%"
3327,3326,"3,500%"
3327,3134,"3,500%"
3327,3016,"3,500%"
3327,2967,"3,500%"
3327,2918,"3,500%"
3327,2709,"3,500%"
3330,3098,"3,500%"
3330,3098,"3,500%"
3336,9860,"3,500%"
3336,9673,"3,500%"
3336,9080,"3,500%"
3336,9079,"3,500%"
3336,9076,"3,500%"
3336,8998,"3,500%"
3336,8983,"3,500%"
3336,8935,"3,500%"
3336,8746,"3,500%"
3336,8008,"3,500%"
3336,7850,"3,500%"
3336,4576,"3,500%"
3336,4570,"3,500%"
3336,4301,"3,500%"
3336,4301,"3,500%"
3336,4084,"3,500%"
3336,3023,"3,500%"
3336,2884,"3,500%"
3336,2174,"3,500%"
3336,2024,"3,500%"
3336,1971,"3,500%"
3338,9965,"3,500%"
3338,126,"3,500%"
3339,10007,"3,500%"
3339,9980,"3,500%"
3339,9945,"3,500%"
3339,9926,"3,500%"
3339,4737,"3,500%"
3339,4513,"3,500%"
3339,4484,"3,500%"
3339,4463,"3,500%"
3339,4350,"3,500%"
3339,4346,"3,500%"
3339,4333,"3,500%"
3339,4210,"3,500%"
3339,4169,"3,500%"
3339,4104,"3,500%"
3339,4072,"3,500%"
3339,4021,"3,500%"
3339,3888,"3,500%"
3339,3862,"3,500%"
3339,3827,"3,500%"
3339,3793,"3,500%"
3339,3740,"3,500%"
3339,3713,"3,500%"
3339,3685,"3,500%"
3339,3471,"3,500%"
3339,3463,"3,500%"
3339,2843,"3,500%"
3339,421,"3,500%"
3339,202,"3,500%"
3339,201,"3,500%"
3340,9674,"3,500%"
3340,3974,"3,500%"
3340,3967,"3,500%"
3340,3667,"3,500%"
3340,3206,"3,500%"
3340,2938,"3,500%"
3340,2919,"3,500%"
3340,2869,"3,500%"
3341,3578,"3,500%"
3341,2756,"3,500%"
3341,2393,"3,500%"
3341,513,"3,500%"
3342,4576,"3,500%"
3342,1081,"3,500%"
3343,10121,"3,500%"
3343,9111,"3,500%"
3343,7692,"3,500%"
3343,6623,"3,500%"
3343,6270,"3,500%"
3343,5746,"3,500%"
3343,4585,"3,500%"
3343,3671,"3,500%"
3343,3631,"3,500%"
3343,414,"3,500%"
3344,9816,"3,500%"
3344,9779,"3,500%"
3344,9059,"3,500%"
3344,8258,"3,500%"
3344,8029,"3,500%"
3344,7889,"3,500%"
3344,7849,"3,500%"
3344,4603,"3,500%"
3344,4324,"3,500%"
3344,4124,"3,500%"
3344,4084,"3,500%"
3344,3827,"3,500%"
3344,3555,"3,500%"
3344,3204,"3,500%"
3344,2884,"3,500%"
3344,2849,"3,500%"
3344,2779,"3,500%"
3344,645,"3,500%"
3348,5659,"3,500%"
3348,4313,"3,500%"
3348,3038,"3,500%"
3349,4301,"3,500%"
3349,3325,"3,500%"
3349,3134,"3,500%"
3349,2174,"3,500%"
3349,1921,"3,500%"
3351,10080,"3,500%"
3351,9108,"3,500%"
3351,8629,"3,500%"
3351,4585,"3,500%"
3351,4488,"3,500%"
3351,4295,"3,500%"
3351,4190,"3,500%"
3351,4011,"3,500%"
3351,3834,"3,500%"
3351,3829,"3,500%"
3351,3827,"3,500%"
3351,3677,"3,500%"
3351,3671,"3,500%"
3353,3999,"3,500%"
3353,3387,"3,500%"
3354,5582,"3,500%"
3354,4440,"3,500%"
3354,3698,"3,500%"
3354,2981,"3,500%"
3354,2377,"3,500%"
3355,7787,"3,500%"
3355,5624,"3,500%"
3355,4406,"3,500%"
3355,3298,"3,500%"
3355,1921,"3,500%"
3355,335,"3,500%"
3356,4020,"3,500%"
3356,3712,"3,500%"
3356,3467,"3,500%"
3357,9709,"3,500%"
3362,10108,"3,500%"
3362,9709,"3,500%"
3362,9566,"3,500%"
3362,8984,"3,500%"
3362,8973,"3,500%"
3362,8821,"3,500%"
3362,7959,"3,500%"
3362,6085,"3,500%"
3362,4768,"3,500%"
3362,4750,"3,500%"
3362,4570,"3,500%"
3362,4463,"3,500%"
3362,4416,"3,500%"
3362,4363,"3,500%"
3362,4124,"3,500%"
3362,4062,"3,500%"
3362,4039,"3,500%"
3362,4021,"3,500%"
3362,4021,"3,500%"
3362,3944,"3,500%"
3362,3925,"3,500%"
3362,3771,"3,500%"
3362,3729,"3,500%"
3362,3705,"3,500%"
3362,3657,"3,500%"
3362,3653,"3,500%"
3362,3647,"3,500%"
3362,3611,"3,500%"
3362,3584,"3,500%"
3362,3562,"3,500%"
3362,3516,"3,500%"
3362,3454,"3,500%"
3362,3219,"3,500%"
3362,3134,"3,500%"
3362,3081,"3,500%"
3362,3062,"3,500%"
3362,3018,"3,500%"
3362,2939,"3,500%"
3362,2939,"3,500%"
3362,2921,"3,500%"
3362,2919,"3,500%"
3362,2869,"3,500%"
3362,2843,"3,500%"
3362,2837,"3,500%"
3362,2804,"3,500%"
3362,2396,"3,500%"
3362,2390,"3,500%"
3362,2314,"3,500%"
3362,519,"3,500%"
3362,460,"3,500%"
3362,444,"3,500%"
3362,401,"3,500%"
3362,317,"3,500%"
3362,122,"3,500%"
3363,4043,"3,500%"
3367,2930,"3,500%"
3368,10124,"3,500%"
3368,6208,"3,500%"
3368,6096,"3,500%"
3368,5243,"3,500%"
3368,4237,"3,500%"
3368,4168,"3,500%"
3368,3978,"3,500%"
3369,3944,"3,500%"
3369,2725,"3,500%"
3371,4488,"3,500%"
3371,4463,"3,500%"
3371,4350,"3,500%"
3371,4123,"3,500%"
3371,3950,"3,500%"
3371,3862,"3,500%"
3371,3721,"3,500%"
3371,3164,"3,500%"
3371,2843,"3,500%"
3371,2756,"3,500%"
3371,2536,"3,500%"
3371,317,"3,500%"
3372,4402,"3,500%"
3372,3842,"3,500%"
3372,3196,"3,500%"
3373,8548,"3,500%"
3373,7223,"3,500%"
3373,4045,"3,500%"
3373,3973,"3,500%"
3373,3889,"3,500%"
3373,3627,"3,500%"
3373,3468,"3,500%"
3373,3468,"3,500%"
3373,3124,"3,500%"
3374,10064,"3,500%"
3374,9346,"3,500%"
3374,4550,"3,500%"
3374,3570,"3,500%"
3374,3358,"3,500%"
3374,3068,"3,500%"
3374,3049,"3,500%"
3374,2894,"3,500%"
3376,8548,"3,500%"
3376,4488,"3,500%"
3376,3999,"3,500%"
3376,3712,"3,500%"
3376,3380,"3,500%"
3376,2858,"3,500%"
3380,4430,"3,500%"
3380,3185,"3,500%"
3381,10086,"3,500%"
3381,7819,"3,500%"
3381,7815,"3,500%"
3381,7773,"3,500%"
3381,3925,"3,500%"
3381,2709,"3,500%"
3381,124,"3,500%"
3386,3970,"3,500%"
3388,4463,"3,500%"
3394,10041,"3,500%"
3394,10023,"3,500%"
3394,7207,"3,500%"
3394,7179,"3,500%"
3394,4416,"3,500%"
3394,4273,"3,500%"
3394,4273,"3,500%"
3394,3705,"3,500%"
3394,3638,"3,500%"
3394,3515,"3,500%"
3394,3389,"3,500%"
3394,3388,"3,500%"
3394,3322,"3,500%"
3394,3322,"3,500%"
3394,2950,"3,500%"
3394,2919,"3,500%"
3394,833,"3,500%"
3395,9914,"3,500%"
3395,9548,"3,500%"
3395,4750,"3,500%"
3395,4440,"3,500%"
3395,3922,"3,500%"
3395,3862,"3,500%"
3395,3810,"3,500%"
3395,3671,"3,500%"
3395,3631,"3,500%"
3395,3570,"3,500%"
3395,2403,"3,500%"
3395,2377,"3,500%"
3395,741,"3,500%"
3395,525,"3,500%"
3396,10116,"3,500%"
3396,10115,"3,500%"
3396,9861,"3,500%"
3396,9809,"3,500%"
3396,9726,"3,500%"
3396,9726,"3,500%"
3396,9722,"3,500%"
3396,9085,"3,500%"
3396,8935,"3,500%"
3396,7936,"3,500%"
3396,7804,"3,500%"
3396,5520,"3,500%"
3396,4958,"3,500%"
3396,4541,"3,500%"
3396,4327,"3,500%"
3396,3944,"3,500%"
3396,3925,"3,500%"
3396,3545,"3,500%"
3396,3381,"3,500%"
3396,3344,"3,500%"
3396,3340,"3,500%"
3396,3311,"3,500%"
3396,3226,"3,500%"
3396,3177,"3,500%"
3396,3142,"3,500%"
3396,3134,"3,500%"
3396,3102,"3,500%"
3396,3082,"3,500%"
3396,3037,"3,500%"
3396,3023,"3,500%"
3396,2869,"3,500%"
3396,2749,"3,500%"
3396,2724,"3,500%"
3396,1921,"3,500%"
3396,1167,"3,500%"
3396,463,"3,500%"
3396,398,"3,500%"
3396,393,"3,500%"
3397,9963,"3,500%"
3397,9342,"3,500%"
3397,9199,"3,500%"
3397,8973,"3,500%"
3397,8011,"3,500%"
3397,7725,"3,500%"
3397,4603,"3,500%"
3397,4301,"3,500%"
3397,4268,"3,500%"
3397,3896,"3,500%"
3397,3858,"3,500%"
3397,3462,"3,500%"
3397,3129,"3,500%"
3397,3127,"3,500%"
3397,2919,"3,500%"
3397,2919,"3,500%"
3397,2869,"3,500%"
3397,1921,"3,500%"
3399,9726,"3,500%"
3399,9566,"3,500%"
3399,8226,"3,500%"
3399,7683,"3,500%"
3399,4747,"3,500%"
3399,4720,"3,500%"
3399,4691,"3,500%"
3399,4686,"3,500%"
3399,4602,"3,500%"
3399,4233,"3,500%"
3399,4079,"3,500%"
3399,4022,"3,500%"
3399,4014,"3,500%"
3399,3990,"3,500%"
3399,3856,"3,500%"
3399,3799,"3,500%"
3399,3779,"3,500%"
3399,3491,"3,500%"
3399,3333,"3,500%"
3399,3330,"3,500%"
3399,3248,"3,500%"
3399,3199,"3,500%"
3399,3122,"3,500%"
3399,3107,"3,500%"
3399,3000,"3,500%"
3399,2967,"3,500%"
3399,2940,"3,500%"
3399,2911,"3,500%"
3399,2866,"3,500%"
3399,2844,"3,500%"
3399,2824,"3,500%"
3399,2694,"3,500%"
3399,2693,"3,500%"
3399,2691,"3,500%"
3399,2658,"3,500%"
3399,2546,"3,500%"
3399,2486,"3,500%"
3400,4373,"3,500%"
3400,4273,"3,500%"
3400,3633,"3,500%"
3400,3380,"3,500%"
3400,3326,"3,500%"
3400,2332,"3,500%"
3401,4634,"3,500%"
3401,3264,"3,500%"
3401,2701,"3,500%"
3401,2433,"3,500%"
3401,2389,"3,500%"
3403,3937,"3,500%"
3403,3519,"3,500%"
3404,4269,"3,500%"
3409,8140,"3,500%"
3418,9009,"3,500%"
3427,8973,"3,500%"
3428,9152,"3,500%"
3428,9141,"3,500%"
3428,9136,"3,500%"
3428,9110,"3,500%"
3428,9109,"3,500%"
3428,9050,"3,500%"
3428,8924,"3,500%"
3428,8849,"3,500%"
3428,8844,"3,500%"
3428,8826,"3,500%"
3428,8821,"3,500%"
3428,4574,"3,500%"
3428,4386,"3,500%"
3428,3918,"3,500%"
3428,1908,"3,500%"
3431,8782,"3,500%"
3431,8690,"3,500%"
3431,8310,"3,500%"
3463,8061,"3,500%"
3463,7927,"3,500%"
3463,7622,"3,500%"
3463,7619,"3,500%"
3463,7617,"3,500%"
3463,4750,"3,500%"
3463,4493,"3,500%"
3463,4264,"3,500%"
3463,4021,"3,500%"
3463,3877,"3,500%"
3463,3827,"3,500%"
3463,3810,"3,500%"
3463,3776,"3,500%"
3463,3589,"3,500%"
3463,3576,"3,500%"
3463,3570,"3,500%"
3463,2793,"3,500%"
3463,1921,"3,500%"
3463,357,"3,500%"
3467,2916,"3,500%"
3467,1789,"3,500%"
3467,737,"3,500%"
3468,4657,"3,500%"
3468,3755,"3,500%"
3468,2924,"3,500%"
3469,7498,"3,500%"
3469,6266,"3,500%"
3469,6157,"3,500%"
3469,3921,"3,500%"
3469,3627,"3,500%"
3469,2558,"3,500%"
3473,10070,"3,500%"
3473,7609,"3,500%"
3473,4523,"3,500%"
3473,4108,"3,500%"
3473,1921,"3,500%"
3474,9734,"3,500%"
3474,8555,"3,500%"
3474,8545,"3,500%"
3474,8545,"3,500%"
3474,8464,"3,500%"
3474,7953,"3,500%"
3474,7915,"3,500%"
3474,7834,"3,500%"
3474,7628,"3,500%"
3474,7446,"3,500%"
3474,7371,"3,500%"
3474,7343,"3,500%"
3474,7337,"3,500%"
3474,7228,"3,500%"
3474,7092,"3,500%"
3474,7091,"3,500%"
3474,7064,"3,500%"
3474,6755,"3,500%"
3474,6664,"3,500%"
3474,6474,"3,500%"
3474,6207,"3,500%"
3474,5964,"3,500%"
3474,5810,"3,500%"
3474,5542,"3,500%"
3474,5517,"3,500%"
3474,5358,"3,500%"
3474,5112,"3,500%"
3474,5084,"3,500%"
3474,4968,"3,500%"
3474,4967,"3,500%"
3474,4966,"3,500%"
3474,4897,"3,500%"
3474,4787,"3,500%"
3474,4769,"3,500%"
3474,4750,"3,500%"
3474,4560,"3,500%"
3474,4544,"3,500%"
3474,4544,"3,500%"
3474,4512,"3,500%"
3474,4388,"3,500%"
3474,4373,"3,500%"
3474,4363,"3,500%"
3474,4357,"3,500%"
3474,4192,"3,500%"
3474,4124,"3,500%"
3474,4124,"3,500%"
3474,4101,"3,500%"
3474,4021,"3,500%"
3474,3938,"3,500%"
3474,3921,"3,500%"
3474,3905,"3,500%"
3474,3893,"3,500%"
3474,3889,"3,500%"
3474,3877,"3,500%"
3474,3832,"3,500%"
3474,3827,"3,500%"
3474,3793,"3,500%"
3474,3771,"3,500%"
3474,3725,"3,500%"
3474,3725,"3,500%"
3474,3724,"3,500%"
3474,3721,"3,500%"
3474,3679,"3,500%"
3474,3605,"3,500%"
3474,3602,"3,500%"
3474,3578,"3,500%"
3474,3562,"3,500%"
3474,3519,"3,500%"
3474,3134,"3,500%"
3474,2999,"3,500%"
3474,2983,"3,500%"
3474,2394,"3,500%"
3474,2391,"3,500%"
3474,2386,"3,500%"
3474,2382,"3,500%"
3474,2378,"3,500%"
3474,2332,"3,500%"
3474,2328,"3,500%"
3474,518,"3,500%"
3474,493,"3,500%"
3474,431,"3,500%"
3474,422,"3,500%"
3474,410,"3,500%"
3474,383,"3,500%"
3474,373,"3,500%"
3474,312,"3,500%"
3474,276,"3,500%"
3474,243,"3,500%"
3474,223,"3,500%"
3474,195,"3,500%"
3474,195,"3,500%"
3474,192,"3,500%"
3474,188,"3,500%"
3474,181,"3,500%"
3474,159,"3,500%"
3474,138,"3,500%"
3476,4489,"3,500%"
3480,5171,"3,500%"
3480,4502,"3,500%"
3480,4464,"3,500%"
3480,4386,"3,500%"
3480,4237,"3,500%"
3480,4190,"3,500%"
3480,3916,"3,500%"
3480,3878,"3,500%"
3480,3877,"3,500%"
3480,3836,"3,500%"
3480,3763,"3,500%"
3480,3572,"3,500%"
3480,3567,"3,500%"
3480,3358,"3,500%"
3480,3106,"3,500%"
3480,3059,"3,500%"
3480,2995,"3,500%"
3480,2962,"3,500%"
3480,2802,"3,500%"
3480,2658,"3,500%"
3482,10130,"3,500%"
3482,10107,"3,500%"
3482,7756,"3,500%"
3482,7186,"3,500%"
3482,6995,"3,500%"
3482,4871,"3,500%"
3482,3881,"3,500%"
3482,2400,"3,500%"
3482,2397,"3,500%"
3482,2084,"3,500%"
3482,1084,"3,500%"
3483,7914,"3,500%"
3483,7612,"3,500%"
3483,4315,"3,500%"
3483,3903,"3,500%"
3483,237,"3,500%"
3483,221,"3,500%"
3486,4080,"3,500%"
3486,3973,"3,500%"
3486,3054,"3,500%"
3486,325,"3,500%"
3486,299,"3,500%"
3486,189,"3,500%"
3490,6269,"3,500%"
3490,5818,"3,500%"
3490,4463,"3,500%"
3496,3406,"3,500%"
3496,206,"3,500%"
3498,4123,"3,500%"
3499,4264,"3,500%"
3499,3776,"3,500%"
3499,3278,"3,500%"
3504,3329,"3,500%"
3504,2441,"3,500%"
3505,9110,"3,500%"
3505,3985,"3,500%"
3505,3189,"3,500%"
3511,4513,"3,500%"
3511,3690,"3,500%"
3512,7341,"3,500%"
3512,7236,"3,500%"
3512,7084,"3,500%"
3512,6553,"3,500%"
3512,6482,"3,500%"
3512,6313,"3,500%"
3512,3898,"3,500%"
3515,3275,"3,500%"
3515,3154,"3,500%"
3515,2396,"3,500%"
3515,1127,"3,500%"
3515,209,"3,500%"
3518,5886,"3,500%"
3518,4082,"3,500%"
3518,3621,"3,500%"
3518,3399,"3,500%"
3518,3299,"3,500%"
3518,3153,"3,500%"
3518,2933,"3,500%"
3518,2918,"3,500%"
3518,2906,"3,500%"
3518,2843,"3,500%"
3518,2315,"3,500%"
3519,4144,"3,500%"
3519,3897,"3,500%"
3519,3504,"3,500%"
3521,8286,"3,500%"
3521,2350,"3,500%"
3521,2316,"3,500%"
3524,7413,"3,500%"
3524,4626,"3,500%"
3524,4161,"3,500%"
3524,166,"3,500%"
3524,141,"3,500%"
3524,128,"3,500%"
3524,123,"3,500%"
3527,4466,"3,500%"
3527,3925,"3,500%"
3527,3541,"3,500%"
3527,2308,"3,500%"
3527,742,"3,500%"
3529,4702,"3,500%"
3529,4251,"3,500%"
3529,3535,"3,500%"
3529,2888,"3,500%"
3534,3532,"3,500%"
3534,3475,"3,500%"
3534,2762,"3,500%"
3539,4496,"3,500%"
3539,4178,"3,500%"
3539,2761,"3,500%"
3542,9337,"3,500%"
3542,7413,"3,500%"
3542,6096,"3,500%"
3542,5765,"3,500%"
3542,380,"3,500%"
3546,9857,"3,500%"
3546,9730,"3,500%"
3546,8973,"3,500%"
3546,4828,"3,500%"
3546,3727,"3,500%"
3546,3134,"3,500%"
3546,2804,"3,500%"
3548,4480,"3,500%"
3548,4084,"3,500%"
3548,1921,"3,500%"
3548,494,"3,500%"
3548,241,"3,500%"
3548,228,"3,500%"
3548,205,"3,500%"
3548,197,"3,500%"
3549,6648,"3,500%"
3549,5801,"3,500%"
3549,5467,"3,500%"
3549,4513,"3,500%"
3549,4237,"3,500%"
3549,4178,"3,500%"
3549,3905,"3,500%"
3549,3776,"3,500%"
3549,3576,"3,500%"
3550,9708,"3,500%"
3550,9701,"3,500%"
3550,9693,"3,500%"
3550,8999,"3,500%"
3550,8984,"3,500%"
3550,7961,"3,500%"
3550,3925,"3,500%"
3550,3265,"3,500%"
3550,3046,"3,500%"
3550,2745,"3,500%"
3550,2709,"3,500%"
3550,2133,"3,500%"
3550,712,"3,500%"
3558,385,"3,500%"
3560,10123,"3,500%"
3560,9110,"3,500%"
3560,9108,"3,500%"
3560,7864,"3,500%"
3560,4585,"3,500%"
3560,4584,"3,500%"
3560,4097,"3,500%"
3560,3921,"3,500%"
3560,3918,"3,500%"
3560,3827,"3,500%"
3560,3733,"3,500%"
3560,3189,"3,500%"
3560,1867,"3,500%"
3560,276,"3,500%"
3565,4488,"3,500%"
3565,3175,"3,500%"
3565,2906,"3,500%"
3565,2756,"3,500%"
3569,2377,"3,500%"
3570,10130,"3,500%"
3570,10107,"3,500%"
3570,10054,"3,500%"
3570,10050,"3,500%"
3570,9934,"3,500%"
3570,9898,"3,500%"
3570,9752,"3,500%"
3570,9441,"3,500%"
3570,9433,"3,500%"
3570,8593,"3,500%"
3570,8260,"3,500%"
3570,8022,"3,500%"
3570,7963,"3,500%"
3570,7913,"3,500%"
3570,7858,"3,500%"
3570,7848,"3,500%"
3570,7841,"3,500%"
3570,7809,"3,500%"
3570,7756,"3,500%"
3570,7748,"3,500%"
3570,7706,"3,500%"
3570,7678,"3,500%"
3570,4769,"3,500%"
3570,4678,"3,500%"
3570,4539,"3,500%"
3570,4521,"3,500%"
3570,4031,"3,500%"
3570,4015,"3,500%"
3570,3881,"3,500%"
3570,3848,"3,500%"
3570,3836,"3,500%"
3570,3721,"3,500%"
3570,3687,"3,500%"
3570,3659,"3,500%"
3570,3566,"3,500%"
3570,3500,"3,500%"
3570,3482,"3,500%"
3570,3406,"3,500%"
3570,3374,"3,500%"
3570,3034,"3,500%"
3570,2976,"3,500%"
3570,2353,"3,500%"
3570,2312,"3,500%"
3570,1862,"3,500%"
3570,1118,"3,500%"
3570,1084,"3,500%"
3570,758,"3,500%"
3570,756,"3,500%"
3570,477,"3,500%"
3570,413,"3,500%"
3570,344,"3,500%"
3570,326,"3,500%"
3570,206,"3,500%"
3570,173,"3,500%"
3570,102,"3,500%"
3570,13,"3,500%"
3579,1122,"3,500%"
3579,39,"3,500%"
3581,4109,"3,500%"
3583,10103,"3,500%"
3583,9914,"3,500%"
3583,7850,"3,500%"
3583,4750,"3,500%"
3583,4416,"3,500%"
3583,4350,"3,500%"
3583,3862,"3,500%"
3583,3034,"3,500%"
3583,2998,"3,500%"
3583,2843,"3,500%"
3583,2380,"3,500%"
3586,4488,"3,500%"
3586,4025,"3,500%"
3586,3902,"3,500%"
3586,3862,"3,500%"
3586,3276,"3,500%"
3587,4373,"3,500%"
3587,3999,"3,500%"
3587,3871,"3,500%"
3587,2304,"3,500%"
3587,440,"3,500%"
3588,6579,"3,500%"
3588,3374,"3,500%"
3588,3331,"3,500%"
3588,3034,"3,500%"
3588,3022,"3,500%"
3588,2929,"3,500%"
3588,2489,"3,500%"
3592,9293,"3,500%"
3592,8501,"3,500%"
3592,3948,"3,500%"
3592,503,"3,500%"
3592,388,"3,500%"
3599,8229,"3,500%"
3599,6785,"3,500%"
3599,5348,"3,500%"
3599,4633,"3,500%"
3599,4578,"3,500%"
3599,4351,"3,500%"
3599,4332,"3,500%"
3599,4268,"3,500%"
3599,4184,"3,500%"
3599,4123,"3,500%"
3599,3995,"3,500%"
3599,3834,"3,500%"
3599,3688,"3,500%"
3599,3570,"3,500%"
3599,3270,"3,500%"
3599,3123,"3,500%"
3599,2334,"3,500%"
3599,2323,"3,500%"
3599,518,"3,500%"
3599,459,"3,500%"
3599,456,"3,500%"
3599,449,"3,500%"
3599,373,"3,500%"
3599,274,"3,500%"
3599,269,"3,500%"
3601,4578,"3,500%"
3601,4407,"3,500%"
3601,4184,"3,500%"
3601,3995,"3,500%"
3601,3987,"3,500%"
3601,3980,"3,500%"
3601,3973,"3,500%"
3601,3933,"3,500%"
3601,3929,"3,500%"
3601,3871,"3,500%"
3601,3661,"3,500%"
3601,3625,"3,500%"
3601,3610,"3,500%"
3601,3106,"3,500%"
3601,2394,"3,500%"
3601,269,"3,500%"
3601,229,"3,500%"
3602,7887,"3,500%"
3602,7624,"3,500%"
3602,3567,"3,500%"
3602,3271,"3,500%"
3602,3105,"3,500%"
3602,3095,"3,500%"
3602,3040,"3,500%"
3602,2876,"3,500%"
3602,2698,"3,500%"
3602,2675,"3,500%"
3602,2503,"3,500%"
3602,2414,"3,500%"
3602,496,"3,500%"
3606,10083,"3,500%"
3606,4773,"3,500%"
3606,4736,"3,500%"
3606,4730,"3,500%"
3606,4674,"3,500%"
3606,4571,"3,500%"
3606,4468,"3,500%"
3606,4393,"3,500%"
3606,4253,"3,500%"
3606,4198,"3,500%"
3606,4083,"3,500%"
3606,3600,"3,500%"
3606,3482,"3,500%"
3606,3274,"3,500%"
3606,197,"3,500%"
3606,81,"3,500%"
3607,4498,"3,500%"
3607,4375,"3,500%"
3607,3675,"3,500%"
3607,3632,"3,500%"
3607,3494,"3,500%"
3608,4237,"3,500%"
3608,3776,"3,500%"
3608,3605,"3,500%"
3608,2368,"3,500%"
3608,4,"3,500%"
3615,10123,"3,500%"
3615,10112,"3,500%"
3615,10091,"3,500%"
3615,9511,"3,500%"
3615,9268,"3,500%"
3615,9108,"3,500%"
3615,7692,"3,500%"
3615,7691,"3,500%"
3615,4585,"3,500%"
3615,4386,"3,500%"
3615,4097,"3,500%"
3615,3918,"3,500%"
3615,3877,"3,500%"
3615,3817,"3,500%"
3615,3733,"3,500%"
3615,3631,"3,500%"
3615,1908,"3,500%"
3615,1766,"3,500%"
3615,523,"3,500%"
3615,414,"3,500%"
3615,399,"3,500%"
3615,395,"3,500%"
3615,180,"3,500%"
3616,4342,"3,500%"
3616,3772,"3,500%"
3616,3511,"3,500%"
3617,267,"3,500%"
3625,9994,"3,500%"
3625,7677,"3,500%"
3625,4373,"3,500%"
3625,3999,"3,500%"
3625,2858,"3,500%"
3625,262,"3,500%"
3627,4657,"3,500%"
3627,4207,"3,500%"
3627,3276,"3,500%"
3627,2994,"3,500%"
3627,2947,"3,500%"
3627,2508,"3,500%"
3628,10084,"3,500%"
3628,9435,"3,500%"
3628,7842,"3,500%"
3628,7736,"3,500%"
3628,4513,"3,500%"
3628,4437,"3,500%"
3628,4431,"3,500%"
3628,459,"3,500%"
3628,411,"3,500%"
3628,380,"3,500%"
3628,269,"3,500%"
3628,211,"3,500%"
3629,4360,"3,500%"
3629,3389,"3,500%"
3629,2919,"3,500%"
3629,15,"3,500%"
3634,5684,"3,500%"
3638,4583,"3,500%"
3640,9308,"3,500%"
3640,9305,"3,500%"
3640,8328,"3,500%"
3640,4962,"3,500%"
3640,4356,"3,500%"
3640,464,"3,500%"
3640,308,"3,500%"
3640,221,"3,500%"
3643,9961,"3,500%"
3643,9956,"3,500%"
3643,9293,"3,500%"
3643,6737,"3,500%"
3643,4495,"3,500%"
3643,4483,"3,500%"
3643,4342,"3,500%"
3643,4225,"3,500%"
3643,3913,"3,500%"
3643,3780,"3,500%"
3643,3683,"3,500%"
3643,3651,"3,500%"
3643,3605,"3,500%"
3644,4280,"3,500%"
3644,3919,"3,500%"
3644,2941,"3,500%"
3644,2807,"3,500%"
3644,2310,"3,500%"
3648,6715,"3,500%"
3648,4751,"3,500%"
3648,4373,"3,500%"
3648,4298,"3,500%"
3648,3999,"3,500%"
3648,2858,"3,500%"
3648,2756,"3,500%"
3648,2673,"3,500%"
3648,440,"3,500%"
3657,10125,"3,500%"
3657,7627,"3,500%"
3657,4663,"3,500%"
3657,4463,"3,500%"
3657,3705,"3,500%"
3657,3516,"3,500%"
3657,3087,"3,500%"
3657,2843,"3,500%"
3657,2396,"3,500%"
3657,2307,"3,500%"
3657,2068,"3,500%"
3657,1148,"3,500%"
3657,317,"3,500%"
3658,4190,"3,500%"
3658,3648,"3,500%"
3658,3030,"3,500%"
3658,2337,"3,500%"
3658,1985,"3,500%"
3661,4586,"3,500%"
3661,4373,"3,500%"
3661,4231,"3,500%"
3661,3999,"3,500%"
3661,3712,"3,500%"
3661,3387,"3,500%"
3661,3380,"3,500%"
3661,2858,"3,500%"
3661,2756,"3,500%"
3661,2393,"3,500%"
3661,1140,"3,500%"
3661,279,"3,500%"
3665,4509,"3,500%"
3666,7358,"3,500%"
3666,92,"3,500%"
3667,8973,"3,500%"
3667,4164,"3,500%"
3667,3925,"3,500%"
3667,3924,"3,500%"
3667,3922,"3,500%"
3667,3771,"3,500%"
3667,3381,"3,500%"
3667,3204,"3,500%"
3667,2788,"3,500%"
3667,2742,"3,500%"
3669,4373,"3,500%"
3669,3999,"3,500%"
3669,3712,"3,500%"
3669,3380,"3,500%"
3669,3182,"3,500%"
3669,2858,"3,500%"
3671,9695,"3,500%"
3671,9108,"3,500%"
3671,8866,"3,500%"
3671,7965,"3,500%"
3671,7843,"3,500%"
3671,4750,"3,500%"
3671,4585,"3,500%"
3671,4574,"3,500%"
3671,4435,"3,500%"
3671,4376,"3,500%"
3671,4097,"3,500%"
3671,3985,"3,500%"
3671,3940,"3,500%"
3671,3827,"3,500%"
3671,3776,"3,500%"
3671,3543,"3,500%"
3671,2582,"3,500%"
3671,2309,"3,500%"
3671,1908,"3,500%"
3671,272,"3,500%"
3673,9747,"3,500%"
3673,7603,"3,500%"
3673,7493,"3,500%"
3673,5208,"3,500%"
3673,4802,"3,500%"
3679,4649,"3,500%"
3680,4237,"3,500%"
3680,3837,"3,500%"
3680,3681,"3,500%"
3684,9914,"3,500%"
3684,9898,"3,500%"
3684,7913,"3,500%"
3684,7756,"3,500%"
3684,7748,"3,500%"
3684,7706,"3,500%"
3684,4313,"3,500%"
3684,3930,"3,500%"
3684,3810,"3,500%"
3684,3570,"3,500%"
3684,3034,"3,500%"
3684,2301,"3,500%"
3684,499,"3,500%"
3684,220,"3,500%"
3685,8051,"3,500%"
3685,4776,"3,500%"
3685,4735,"3,500%"
3685,4490,"3,500%"
3685,4334,"3,500%"
3685,4329,"3,500%"
3685,4219,"3,500%"
3685,4109,"3,500%"
3685,3776,"3,500%"
3685,3547,"3,500%"
3685,3520,"3,500%"
3685,2972,"3,500%"
3685,2671,"3,500%"
3685,2392,"3,500%"
3685,2370,"3,500%"
3685,1099,"3,500%"
3685,230,"3,500%"
3685,149,"3,500%"
3685,139,"3,500%"
3685,128,"3,500%"
3685,22,"3,500%"
3686,9994,"3,500%"
3686,5426,"3,500%"
3686,5380,"3,500%"
3686,4373,"3,500%"
3686,4231,"3,500%"
3686,4060,"3,500%"
3686,4038,"3,500%"
3686,4002,"3,500%"
3686,3979,"3,500%"
3686,3732,"3,500%"
3686,3712,"3,500%"
3686,3554,"3,500%"
3686,3486,"3,500%"
3686,3380,"3,500%"
3686,3352,"3,500%"
3686,3276,"3,500%"
3686,3190,"3,500%"
3686,3083,"3,500%"
3686,2802,"3,500%"
3686,2393,"3,500%"
3686,1115,"3,500%"
3686,515,"3,500%"
3686,494,"3,500%"
3688,7677,"3,500%"
3688,4187,"3,500%"
3688,3999,"3,500%"
3688,2858,"3,500%"
3688,2853,"3,500%"
3688,1885,"3,500%"
3688,1168,"3,500%"
3689,5105,"3,500%"
3692,10112,"3,500%"
3692,4585,"3,500%"
3692,4386,"3,500%"
3692,3918,"3,500%"
3692,3776,"3,500%"
3692,3631,"3,500%"
3692,414,"3,500%"
3692,395,"3,500%"
3694,7304,"3,500%"
3694,4999,"3,500%"
3694,4488,"3,500%"
3694,4373,"3,500%"
3694,4321,"3,500%"
3694,4038,"3,500%"
3694,4002,"3,500%"
3694,3999,"3,500%"
3694,3970,"3,500%"
3694,3276,"3,500%"
3694,2858,"3,500%"
3694,2802,"3,500%"
3694,2756,"3,500%"
3697,3680,"3,500%"
3704,10100,"3,500%"
3706,9321,"3,500%"
3706,9111,"3,500%"
3706,9108,"3,500%"
3706,8967,"3,500%"
3706,7935,"3,500%"
3706,7583,"3,500%"
3706,4750,"3,500%"
3706,4308,"3,500%"
3706,4268,"3,500%"
3706,4257,"3,500%"
3706,4194,"3,500%"
3706,4021,"3,500%"
3706,3922,"3,500%"
3706,3877,"3,500%"
3706,3829,"3,500%"
3706,3827,"3,500%"
3706,3792,"3,500%"
3706,3610,"3,500%"
3706,3506,"3,500%"
3706,3470,"3,500%"
3706,1921,"3,500%"
3706,523,"3,500%"
3709,4463,"3,500%"
3709,3705,"3,500%"
3709,2843,"3,500%"
3714,4197,"3,500%"
3714,4021,"3,500%"
3714,3570,"3,500%"
3714,3129,"3,500%"
3714,2590,"3,500%"
3714,395,"3,500%"
3715,4490,"3,500%"
3715,4401,"3,500%"
3715,4285,"3,500%"
3715,4219,"3,500%"
3715,3906,"3,500%"
3715,3685,"3,500%"
3716,5824,"3,500%"
3722,10112,"3,500%"
3722,9109,"3,500%"
3722,4585,"3,500%"
3722,4584,"3,500%"
3722,4559,"3,500%"
3722,4386,"3,500%"
3722,4368,"3,500%"
3722,4167,"3,500%"
3722,4097,"3,500%"
3722,3877,"3,500%"
3722,3733,"3,500%"
3722,3677,"3,500%"
3722,3671,"3,500%"
3722,3631,"3,500%"
3722,3485,"3,500%"
3722,517,"3,500%"
3728,10080,"3,500%"
3728,4440,"3,500%"
3728,4313,"3,500%"
3728,4295,"3,500%"
3728,4154,"3,500%"
3728,2377,"3,500%"
3734,8334,"3,500%"
3734,4869,"3,500%"
3734,4506,"3,500%"
3734,4373,"3,500%"
3734,4349,"3,500%"
3734,4044,"3,500%"
3734,3737,"3,500%"
3734,3380,"3,500%"
3734,3262,"3,500%"
3734,2897,"3,500%"
3739,4080,"3,500%"
3739,4017,"3,500%"
3744,3944,"3,500%"
3744,2756,"3,500%"
3744,422,"3,500%"
3746,9695,"3,500%"
3746,8045,"3,500%"
3746,8021,"3,500%"
3746,7643,"3,500%"
3746,4576,"3,500%"
3746,4363,"3,500%"
3746,4301,"3,500%"
3746,3611,"3,500%"
3746,3153,"3,500%"
3746,3134,"3,500%"
3746,2756,"3,500%"
3746,2174,"3,500%"
3748,524,"3,500%"
3751,7319,"3,500%"
3752,4237,"3,500%"
3752,4178,"3,500%"
3752,3905,"3,500%"
3752,3605,"3,500%"
3752,3524,"3,500%"
3752,242,"3,500%"
3754,10110,"3,500%"
3754,10110,"3,500%"
3754,9633,"3,500%"
3754,8678,"3,500%"
3754,8039,"3,500%"
3754,7927,"3,500%"
3754,7925,"3,500%"
3754,4687,"3,500%"
3754,4487,"3,500%"
3754,4433,"3,500%"
3754,4405,"3,500%"
3754,3690,"3,500%"
3754,3461,"3,500%"
3754,2548,"3,500%"
3754,2376,"3,500%"
3754,2174,"3,500%"
3754,723,"3,500%"
3754,480,"3,500%"
3754,78,"3,500%"
3756,4496,"3,500%"
3756,4285,"3,500%"
3756,4219,"3,500%"
3756,4147,"3,500%"
3756,3685,"3,500%"
3757,4517,"3,500%"
3757,4373,"3,500%"
3757,4337,"3,500%"
3757,4226,"3,500%"
3757,4044,"3,500%"
3757,3999,"3,500%"
3757,3637,"3,500%"
3757,3384,"3,500%"
3757,3295,"3,500%"
3757,3044,"3,500%"
3757,2853,"3,500%"
3759,7881,"3,500%"
3759,7757,"3,500%"
3759,7598,"3,500%"
3759,5992,"3,500%"
3759,4977,"3,500%"
3759,4516,"3,500%"
3759,2993,"3,500%"
3762,7839,"3,500%"
3762,7779,"3,500%"
3762,4392,"3,500%"
3762,4329,"3,500%"
3762,4237,"3,500%"
3762,4178,"3,500%"
3762,4092,"3,500%"
3762,3905,"3,500%"
3762,3814,"3,500%"
3762,3605,"3,500%"
3762,3525,"3,500%"
3762,2392,"3,500%"
3762,2370,"3,500%"
3762,380,"3,500%"
3762,167,"3,500%"
3762,159,"3,500%"
3765,9433,"3,500%"
3765,7996,"3,500%"
3765,3576,"3,500%"
3765,375,"3,500%"
3765,270,"3,500%"
3769,2741,"3,500%"
3770,3730,"3,500%"
3773,2879,"3,500%"
3774,4512,"3,500%"
3774,2950,"3,500%"
3775,5085,"3,500%"
3775,3724,"3,500%"
3777,5012,"3,500%"
3777,4045,"3,500%"
3777,3627,"3,500%"
3777,3468,"3,500%"
3785,4625,"3,500%"
3786,7613,"3,500%"
3786,7414,"3,500%"
3786,6332,"3,500%"
3786,2392,"3,500%"
3789,8306,"3,500%"
3789,8019,"3,500%"
3789,7675,"3,500%"
3789,4488,"3,500%"
3789,4321,"3,500%"
3789,3979,"3,500%"
3789,3380,"3,500%"
3789,3352,"3,500%"
3789,3352,"3,500%"
3789,2906,"3,500%"
3789,2756,"3,500%"
3789,1811,"3,500%"
3789,515,"3,500%"
3789,402,"3,500%"
3789,327,"3,500%"
3796,3989,"3,500%"
3796,3804,"3,500%"
3796,3782,"3,500%"
3796,3547,"3,500%"
3798,4529,"3,500%"
3798,4030,"3,500%"
3798,3572,"3,500%"
3798,3220,"3,500%"
3802,4423,"3,500%"
3802,4402,"3,500%"
3803,4373,"3,500%"
3803,3797,"3,500%"
3803,489,"3,500%"
3804,4763,"3,500%"
3804,4513,"3,500%"
3804,4474,"3,500%"
3804,4425,"3,500%"
3804,4346,"3,500%"
3804,3791,"3,500%"
3804,3744,"3,500%"
3804,3605,"3,500%"
3804,2840,"3,500%"
3804,2581,"3,500%"
3804,480,"3,500%"
3806,9932,"3,500%"
3806,4679,"3,500%"
3806,4660,"3,500%"
3806,2838,"3,500%"
3806,2677,"3,500%"
3807,4261,"3,500%"
3807,4247,"3,500%"
3809,4496,"3,500%"
3809,3809,"3,500%"
3809,3752,"3,500%"
3809,3660,"3,500%"
3812,9346,"3,500%"
3812,4750,"3,500%"
3812,4576,"3,500%"
3812,4301,"3,500%"
3812,4268,"3,500%"
3812,4194,"3,500%"
3812,3918,"3,500%"
3812,3862,"3,500%"
3812,3771,"3,500%"
3812,3570,"3,500%"
3812,3134,"3,500%"
3812,3023,"3,500%"
3812,2967,"3,500%"
3812,2709,"3,500%"
3812,1921,"3,500%"
3812,395,"3,500%"
3813,9914,"3,500%"
3813,7947,"3,500%"
3813,4750,"3,500%"
3813,4313,"3,500%"
3813,4268,"3,500%"
3813,4194,"3,500%"
3813,4144,"3,500%"
3813,4123,"3,500%"
3813,4080,"3,500%"
3813,4021,"3,500%"
3813,4019,"3,500%"
3813,3922,"3,500%"
3813,3862,"3,500%"
3813,3858,"3,500%"
3813,3684,"3,500%"
3813,3570,"3,500%"
3813,3504,"3,500%"
3813,3258,"3,500%"
3813,3222,"3,500%"
3813,2377,"3,500%"
3813,2314,"3,500%"
3813,2156,"3,500%"
3813,750,"3,500%"
3813,525,"3,500%"
3813,509,"3,500%"
3813,499,"3,500%"
3813,103,"3,500%"
3814,4392,"3,500%"
3816,7869,"3,500%"
3820,3656,"3,500%"
3820,3484,"3,500%"
3821,3250,"3,500%"
3821,2888,"3,500%"
3824,9779,"3,500%"
3824,7959,"3,500%"
3824,7873,"3,500%"
3824,4570,"3,500%"
3824,4357,"3,500%"
3824,4124,"3,500%"
3824,4124,"3,500%"
3824,3944,"3,500%"
3824,3925,"3,500%"
3824,3771,"3,500%"
3824,3541,"3,500%"
3824,2869,"3,500%"
3824,2727,"3,500%"
3824,2174,"3,500%"
3824,1921,"3,500%"
3824,1908,"3,500%"
3824,520,"3,500%"
3828,4488,"3,500%"
3828,4373,"3,500%"
3828,2786,"3,500%"
3828,2756,"3,500%"
3834,9551,"3,500%"
3834,9364,"3,500%"
3834,8334,"3,500%"
3834,6715,"3,500%"
3834,5875,"3,500%"
3834,4869,"3,500%"
3834,4436,"3,500%"
3834,4373,"3,500%"
3834,4349,"3,500%"
3834,4334,"3,500%"
3834,4044,"3,500%"
3834,3999,"3,500%"
3834,3905,"3,500%"
3834,3712,"3,500%"
3834,3536,"3,500%"
3834,3262,"3,500%"
3834,3094,"3,500%"
3834,2858,"3,500%"
3834,2798,"3,500%"
3834,2393,"3,500%"
3834,2361,"3,500%"
3834,2093,"3,500%"
3834,494,"3,500%"
3838,3621,"3,500%"
3838,500,"3,500%"
3841,3594,"3,500%"
3841,2412,"3,500%"
3843,4488,"3,500%"
3843,4463,"3,500%"
3843,4373,"3,500%"
3843,4350,"3,500%"
3843,4273,"3,500%"
3843,4038,"3,500%"
3843,3745,"3,500%"
3843,2858,"3,500%"
3843,2315,"3,500%"
3846,4349,"3,500%"
3847,7813,"3,500%"
3847,4566,"3,500%"
3847,4302,"3,500%"
3847,4237,"3,500%"
3847,4178,"3,500%"
3847,3868,"3,500%"
3847,3589,"3,500%"
3847,3481,"3,500%"
3847,1134,"3,500%"
3850,3362,"3,500%"
3850,3172,"3,500%"
3851,4085,"3,500%"
3851,3750,"3,500%"
3853,9108,"3,500%"
3853,4475,"3,500%"
3853,4080,"3,500%"
3853,3922,"3,500%"
3853,3621,"3,500%"
3853,3570,"3,500%"
3853,3567,"3,500%"
3853,3380,"3,500%"
3853,3106,"3,500%"
3853,449,"3,500%"
3853,277,"3,500%"
3855,4431,"3,500%"
3855,3854,"3,500%"
3855,3607,"3,500%"
160,7673,"3,498%"
1235,1358,"3,492%"
9308,9173,"3,492%"
1631,8869,"3,483%"
2051,1552,"3,483%"
1513,7479,"3,476%"
2281,2137,"3,476%"
2781,2796,"3,476%"
1227,6387,"3,474%"
1261,2053,"3,474%"
2089,2019,"3,474%"
3529,4021,"3,474%"
1217,2150,"3,465%"
1864,2160,"3,465%"
4784,8935,"3,465%"
9246,9257,"3,465%"
9609,5585,"3,465%"
1872,6412,"3,456%"
2202,2154,"3,456%"
9599,6096,"3,456%"
1299,5002,"3,454%"
1514,1722,"3,454%"
1697,9822,"3,454%"
9617,9624,"3,454%"
1478,1544,"3,447%"
1828,2268,"3,447%"
2454,4108,"3,443%"
9892,9572,"3,443%"
1287,6126,"3,438%"
1653,2967,"3,438%"
1762,1759,"3,438%"
1775,8587,"3,438%"
9794,9868,"3,438%"
1338,2126,"3,432%"
2245,1984,"3,432%"
8834,8405,"3,432%"
9805,9674,"3,432%"
1183,1221,"3,429%"
2257,5031,"3,429%"
1373,6452,"3,421%"
8259,8904,"3,421%"
8997,8646,"3,421%"
9769,5583,"3,421%"
2737,4045,"3,411%"
1273,1331,"3,410%"
1469,5352,"3,410%"
3608,3776,"3,410%"
1854,2179,"3,399%"
4010,9287,"3,399%"
9831,697,"3,399%"
1663,7047,"3,388%"
9848,9689,"3,388%"
1518,1274,"3,377%"
1902,6236,"3,377%"
2044,1925,"3,377%"
1258,1673,"3,366%"
1351,7961,"3,366%"
1875,8477,"3,366%"
8693,567,"3,366%"
9032,9032,"3,366%"
777,9472,"3,355%"
2213,1996,"3,355%"
7650,5997,"3,355%"
3353,4111,"3,344%"
2138,5497,"3,333%"
3272,4577,"3,333%"
9584,9594,"3,333%"
1563,1766,"3,322%"
3155,2748,"3,322%"
3157,1352,"3,322%"
2267,1758,"3,311%"
37,1788,"3,300%"
2430,2994,"3,300%"
2445,7990,"3,300%"
2502,9983,"3,300%"
2502,6742,"3,300%"
2502,4902,"3,300%"
2502,4290,"3,300%"
2580,10080,"3,300%"
2615,3719,"3,300%"
2615,3688,"3,300%"
2684,10080,"3,300%"
2758,4459,"3,300%"
2758,4049,"3,300%"
2846,9881,"3,300%"
2846,5346,"3,300%"
2846,4986,"3,300%"
2880,8866,"3,300%"
2880,4167,"3,300%"
2978,3574,"3,300%"
2978,3467,"3,300%"
3066,10080,"3,300%"
3139,10080,"3,300%"
3252,3582,"3,300%"
3323,276,"3,300%"
3506,9111,"3,300%"
3506,4611,"3,300%"
3608,3524,"3,300%"
3748,7674,"3,300%"
3892,4935,"3,300%"
3994,453,"3,300%"
4019,10080,"3,300%"
4151,5102,"3,300%"
4151,3858,"3,300%"
4151,3699,"3,300%"
4151,3570,"3,300%"
4151,2756,"3,300%"
4176,2895,"3,300%"
4280,10080,"3,300%"
4455,2937,"3,300%"
4604,2967,"3,300%"
8527,8636,"3,300%"
8538,7506,"3,300%"
8755,1102,"3,300%"
10053,573,"3,300%"
713,9081,"3,289%"
9245,6754,"3,289%"
1881,7541,"3,278%"
1977,2179,"3,278%"
1876,1766,"3,267%"
2258,5552,"3,267%"
3511,3782,"3,267%"
9633,9600,"3,267%"
9870,9894,"3,267%"
1261,6906,"3,256%"
633,6629,"3,245%"
2018,1923,"3,245%"
2067,6900,"3,245%"
8904,2179,"3,245%"
9968,4104,"3,245%"
953,4570,"3,234%"
4127,4488,"3,234%"
1169,7487,"3,223%"
9716,9616,"3,223%"
1930,1773,"3,212%"
2010,1169,"3,212%"
2234,2093,"3,212%"
8536,5328,"3,212%"
8203,9284,"3,201%"
9019,9771,"3,201%"
112,6655,"3,190%"
8291,8358,"3,190%"
8527,4570,"3,190%"
9089,9050,"3,190%"
1203,7035,"3,179%"
1457,5501,"3,179%"
1261,5503,"3,168%"
1744,6509,"3,168%"
1915,1826,"3,168%"
3112,6206,"3,168%"
1018,6498,"3,157%"
3271,4567,"3,157%"
9661,5586,"3,157%"
1233,7123,"3,146%"
1576,5680,"3,146%"
8928,1886,"3,146%"
9183,9290,"3,146%"
9907,7248,"3,146%"
1224,1224,"3,135%"
1963,1961,"3,135%"
4432,4317,"3,135%"
9870,6449,"3,135%"
1990,1879,"3,124%"
2267,1758,"3,124%"
9870,7812,"3,124%"
1734,7392,"3,113%"
1815,7264,"3,113%"
2184,3776,"3,113%"
3241,9993,"3,113%"
3718,6746,"3,113%"
1344,2118,"3,102%"
9666,9661,"3,102%"
2198,2024,"3,091%"
2258,1256,"3,091%"
8710,270,"3,091%"
1703,1169,"3,080%"
1921,4273,"3,080%"
1921,401,"3,080%"
2141,2264,"3,080%"
3482,4015,"3,080%"
3673,5427,"3,080%"
8463,8368,"3,080%"
8580,8550,"3,080%"
9050,1908,"3,080%"
9573,5998,"3,080%"
1261,2250,"3,069%"
1899,6669,"3,069%"
2027,2027,"3,069%"
3011,2876,"3,069%"
1980,5848,"3,058%"
9870,4237,"3,058%"
702,9653,"3,047%"
1744,7593,"3,047%"
1802,6749,"3,047%"
1396,1363,"3,036%"
1927,2042,"3,036%"
2059,6965,"3,036%"
3529,3381,"3,036%"
9870,5537,"3,036%"
1731,5035,"3,025%"
1901,6014,"3,025%"
3469,10080,"3,025%"
1469,7359,"3,014%"
2231,1412,"3,014%"
9749,5427,"3,014%"
1388,1527,"3,003%"
1724,6621,"3,003%"
3112,10080,"3,003%"
9548,8486,"3,003%"
9462,8298,"2,992%"
1744,7899,"2,981%"
1901,7560,"2,981%"
1911,2181,"2,981%"
2015,7025,"2,981%"
2045,6555,"2,981%"
633,611,"2,970%"
954,9392,"2,970%"
2001,2262,"2,970%"
3480,9957,"2,970%"
3488,5086,"2,970%"
8578,8581,"2,970%"
9216,7974,"2,970%"
9742,9624,"2,970%"
9982,140,"2,970%"
1227,1873,"2,959%"
1532,6814,"2,959%"
1796,5654,"2,959%"
9907,5839,"2,959%"
1384,5242,"2,948%"
2586,3827,"2,948%"
8315,8315,"2,948%"
1193,1834,"2,937%"
1404,6871,"2,937%"
1641,6237,"2,937%"
1743,9108,"2,937%"
2024,1782,"2,937%"
1864,2126,"2,926%"
2419,4981,"2,926%"
3399,3571,"2,926%"
7779,4219,"2,926%"
1460,1832,"2,915%"
2014,2187,"2,915%"
7779,4513,"2,915%"
8997,9225,"2,915%"
9661,7571,"2,915%"
1203,2028,"2,904%"
1335,7080,"2,904%"
4728,5920,"2,904%"
9968,9947,"2,904%"
1709,2271,"2,893%"
1237,7030,"2,882%"
2709,3950,"2,882%"
8846,7275,"2,882%"
10079,9967,"2,882%"
1223,4989,"2,871%"
1469,6440,"2,871%"
1874,1944,"2,871%"
781,9242,"2,860%"
1262,2088,"2,860%"
1806,1343,"2,860%"
3375,10080,"2,860%"
4364,3631,"2,860%"
8275,8265,"2,860%"
9125,8646,"2,860%"
1729,7008,"2,849%"
1964,2062,"2,849%"
4100,4865,"2,849%"
9647,10129,"2,849%"
9661,7402,"2,849%"
1576,47,"2,838%"
2015,2068,"2,838%"
9136,395,"2,838%"
9647,7574,"2,838%"
1598,5878,"2,827%"
2084,4856,"2,827%"
9141,7902,"2,827%"
9170,6768,"2,827%"
1235,1413,"2,805%"
1698,1402,"2,805%"
2080,2167,"2,805%"
2202,2230,"2,805%"
3754,4405,"2,805%"
984,2218,"2,794%"
1849,2053,"2,794%"
1964,7466,"2,794%"
2198,1782,"2,794%"
8669,1069,"2,794%"
713,8913,"2,783%"
1393,1486,"2,783%"
1472,7079,"2,783%"
1865,5079,"2,783%"
2989,7966,"2,783%"
1225,2079,"2,772%"
1434,5391,"2,772%"
1974,5983,"2,772%"
9867,5172,"2,772%"
1243,2066,"2,761%"
3364,7138,"2,761%"
3364,6507,"2,761%"
810,4847,"2,750%"
2736,5556,"2,750%"
3482,206,"2,750%"
3736,6912,"2,750%"
8205,8300,"2,750%"
9050,9138,"2,750%"
9982,10082,"2,750%"
9982,4237,"2,750%"
9982,3525,"2,750%"
9982,113,"2,750%"
1218,5977,"2,739%"
1317,1274,"2,739%"
1469,6139,"2,739%"
2119,2119,"2,739%"
2283,1766,"2,739%"
9536,9184,"2,739%"
713,6968,"2,728%"
2165,2181,"2,728%"
1664,2145,"2,717%"
9629,680,"2,717%"
9830,700,"2,717%"
9009,961,"2,706%"
1879,1945,"2,695%"
1928,2078,"2,695%"
1881,1764,"2,684%"
4756,7435,"2,684%"
4756,7197,"2,684%"
4756,6249,"2,684%"
4756,5495,"2,684%"
4756,4219,"2,684%"
4756,4052,"2,684%"
4756,3756,"2,684%"
1241,8935,"2,673%"
1349,7237,"2,673%"
1517,5509,"2,673%"
1612,1543,"2,673%"
1958,2199,"2,673%"
2197,1764,"2,673%"
1261,1987,"2,662%"
1855,1909,"2,662%"
2180,2293,"2,662%"
3112,8544,"2,662%"
8874,1510,"2,662%"
9136,4611,"2,662%"
9590,8501,"2,662%"
1407,5605,"2,651%"
1663,7325,"2,651%"
2063,2063,"2,651%"
2214,1768,"2,651%"
9746,9752,"2,651%"
904,9221,"2,640%"
1223,3877,"2,640%"
1360,1630,"2,640%"
1384,2132,"2,640%"
1571,523,"2,640%"
1962,7465,"2,640%"
4390,3776,"2,640%"
8317,9308,"2,640%"
9125,10112,"2,640%"
9870,4392,"2,640%"
9982,6693,"2,640%"
9982,5090,"2,640%"
10043,8260,"2,640%"
1307,1823,"2,629%"
1936,2229,"2,629%"
1979,6826,"2,629%"
1261,7339,"2,618%"
1452,6889,"2,618%"
2072,6099,"2,618%"
2120,5292,"2,618%"
4514,2467,"2,618%"
9214,5361,"2,618%"
9749,1778,"2,618%"
1428,6815,"2,607%"
1349,6490,"2,596%"
1399,2163,"2,596%"
1554,5771,"2,596%"
1965,2186,"2,596%"
1965,2186,"2,596%"
8935,721,"2,596%"
9795,709,"2,596%"
1183,7526,"2,585%"
1253,6680,"2,585%"
1745,9938,"2,585%"
8171,8171,"2,585%"
1177,2070,"2,574%"
1684,1953,"2,563%"
1490,2288,"2,552%"
1861,2230,"2,552%"
2239,1817,"2,552%"
9233,8542,"2,552%"
1946,1817,"2,541%"
9721,9668,"2,541%"
1014,8205,"2,530%"
1834,6610,"2,530%"
2250,6970,"2,530%"
3394,2837,"2,530%"
3887,3829,"2,530%"
3887,3827,"2,530%"
3887,1908,"2,530%"
3887,276,"2,530%"
8078,5453,"2,530%"
8426,9475,"2,530%"
8799,9081,"2,530%"
9439,8441,"2,530%"
1276,1557,"2,519%"
1342,1447,"2,519%"
7705,7971,"2,519%"
1740,5103,"2,508%"
9968,9993,"2,508%"
1012,5564,"2,497%"
1223,1766,"2,486%"
1283,6065,"2,486%"
1327,1777,"2,486%"
2112,2157,"2,486%"
2125,1537,"2,486%"
4527,4525,"2,486%"
8204,5007,"2,475%"
9083,8936,"2,475%"
1196,4202,"2,464%"
1292,2068,"2,464%"
2061,5288,"2,464%"
8467,9325,"2,464%"
9743,9743,"2,464%"
1261,5816,"2,453%"
1284,1338,"2,453%"
1469,6307,"2,453%"
2737,3627,"2,453%"
3155,8581,"2,453%"
1216,1860,"2,442%"
1373,6158,"2,442%"
1445,7524,"2,442%"
2141,2122,"2,442%"
9624,9643,"2,442%"
9647,9669,"2,442%"
871,7347,"2,431%"
1253,1881,"2,431%"
8116,8679,"2,431%"
873,9320,"2,420%"
1806,6092,"2,420%"
2019,1817,"2,420%"
2680,5539,"2,420%"
3781,7249,"2,420%"
8899,4386,"2,420%"
8954,9089,"2,420%"
9296,4574,"2,420%"
9573,5147,"2,420%"
9854,9073,"2,420%"
2025,1240,"2,409%"
689,663,"2,398%"
1362,1797,"2,398%"
1608,1893,"2,398%"
2490,6784,"2,398%"
4432,4483,"2,398%"
8438,9469,"2,398%"
8089,764,"2,387%"
9136,3877,"2,387%"
9878,7755,"2,387%"
1338,1338,"2,376%"
2259,1844,"2,376%"
713,8501,"2,365%"
1344,7847,"2,365%"
1651,1788,"2,365%"
1508,1542,"2,354%"
2019,1946,"2,354%"
2184,2053,"2,354%"
8136,8133,"2,354%"
1262,6916,"2,343%"
2709,3578,"2,343%"
8028,7265,"2,343%"
1970,6134,"2,332%"
1261,2172,"2,321%"
2010,6820,"2,321%"
2010,5739,"2,321%"
9647,6620,"2,321%"
9892,9574,"2,321%"
9907,4181,"2,321%"
1278,1278,"2,310%"
1651,5747,"2,310%"
2285,1942,"2,310%"
4364,3466,"2,310%"
9050,9140,"2,310%"
9331,2160,"2,310%"
9778,9778,"2,310%"
2269,4844,"2,299%"
8093,8755,"2,299%"
9136,4585,"2,299%"
9749,6338,"2,299%"
1283,1782,"2,288%"
1761,5199,"2,288%"
2272,1775,"2,288%"
8504,9874,"2,288%"
9283,7278,"2,288%"
1684,6535,"2,277%"
1740,7577,"2,277%"
3529,4750,"2,277%"
9671,3170,"2,277%"
1268,1900,"2,266%"
2172,1766,"2,266%"
9284,8203,"2,266%"
9583,9576,"2,266%"
9662,9111,"2,266%"
777,8438,"2,255%"
1878,7344,"2,255%"
2040,2055,"2,255%"
2142,2195,"2,255%"
9351,4570,"2,255%"
1839,7194,"2,244%"
8114,8747,"2,244%"
9715,9832,"2,244%"
143,142,"2,233%"
1292,1928,"2,233%"
1391,7550,"2,233%"
1631,9100,"2,233%"
1742,6903,"2,233%"
2007,7160,"2,233%"
2662,2799,"2,233%"
1613,3203,"2,222%"
2202,6639,"2,222%"
9651,9646,"2,222%"
610,1191,"2,211%"
1345,2182,"2,211%"
1740,2160,"2,211%"
2112,1317,"2,211%"
2968,3530,"2,211%"
9811,9807,"2,211%"
37,7098,"2,200%"
37,4188,"2,200%"
40,3737,"2,200%"
48,3804,"2,200%"
58,10116,"2,200%"
58,4268,"2,200%"
58,3792,"2,200%"
58,3170,"2,200%"
58,3037,"2,200%"
58,3023,"2,200%"
58,2724,"2,200%"
1270,5816,"2,200%"
1332,2133,"2,200%"
1332,1776,"2,200%"
1577,2174,"2,200%"
1724,594,"2,200%"
1745,3862,"2,200%"
1921,9566,"2,200%"
1921,4463,"2,200%"
1921,3950,"2,200%"
1983,1782,"2,200%"
2208,1876,"2,200%"
2531,2408,"2,200%"
2758,6651,"2,200%"
2758,6533,"2,200%"
2846,5763,"2,200%"
2846,5596,"2,200%"
2880,4584,"2,200%"
2968,4081,"2,200%"
2985,4357,"2,200%"
3021,10080,"2,200%"
3031,2924,"2,200%"
3035,3567,"2,200%"
3307,5110,"2,200%"
3368,3525,"2,200%"
3506,4585,"2,200%"
3748,4585,"2,200%"
3748,4386,"2,200%"
3887,4325,"2,200%"
3887,4208,"2,200%"
3887,3572,"2,200%"
3968,10080,"2,200%"
3994,4513,"2,200%"
4364,3733,"2,200%"
4364,395,"2,200%"
4393,395,"2,200%"
4758,10080,"2,200%"
4758,10080,"2,200%"
8333,4960,"2,200%"
8810,7281,"2,200%"
9129,8717,"2,200%"
9622,6930,"2,200%"
9622,6190,"2,200%"
9622,5809,"2,200%"
9622,5781,"2,200%"
9622,412,"2,200%"
9840,5376,"2,200%"
9840,807,"2,200%"
9982,10049,"2,200%"
10113,2788,"2,200%"
3855,3607,"2,200%"
3858,4021,"2,200%"
3858,3570,"2,200%"
3860,4231,"2,200%"
3860,3999,"2,200%"
3860,3927,"2,200%"
3860,3380,"2,200%"
3860,3276,"2,200%"
3860,2895,"2,200%"
3861,7316,"2,200%"
3861,7221,"2,200%"
3861,6247,"2,200%"
3861,6096,"2,200%"
3861,4237,"2,200%"
3861,4237,"2,200%"
3861,3818,"2,200%"
3861,3795,"2,200%"
3863,4513,"2,200%"
3863,3751,"2,200%"
3863,2840,"2,200%"
3867,10000,"2,200%"
3867,9940,"2,200%"
3867,7320,"2,200%"
3867,5386,"2,200%"
3867,4558,"2,200%"
3867,4488,"2,200%"
3867,4440,"2,200%"
3867,4123,"2,200%"
3867,4025,"2,200%"
3867,4025,"2,200%"
3867,4021,"2,200%"
3867,3893,"2,200%"
3867,3570,"2,200%"
3867,2923,"2,200%"
3867,2858,"2,200%"
3867,479,"2,200%"
3867,182,"2,200%"
3867,157,"2,200%"
3870,7811,"2,200%"
3871,4754,"2,200%"
3871,4373,"2,200%"
3871,3999,"2,200%"
3871,3737,"2,200%"
3871,2858,"2,200%"
3871,2619,"2,200%"
3871,2304,"2,200%"
3871,298,"2,200%"
3872,4178,"2,200%"
3872,3713,"2,200%"
3873,10022,"2,200%"
3873,4022,"2,200%"
3873,3810,"2,200%"
3873,3637,"2,200%"
3873,3562,"2,200%"
3873,3404,"2,200%"
3873,3255,"2,200%"
3873,2967,"2,200%"
3873,2928,"2,200%"
3873,2905,"2,200%"
3873,2869,"2,200%"
3873,2399,"2,200%"
3873,2399,"2,200%"
3873,502,"2,200%"
3873,197,"2,200%"
3873,195,"2,200%"
3875,4513,"2,200%"
3875,4219,"2,200%"
3875,3890,"2,200%"
3876,8999,"2,200%"
3876,3550,"2,200%"
3887,4509,"2,200%"
3887,4440,"2,200%"
3887,4305,"2,200%"
3887,4257,"2,200%"
3887,4025,"2,200%"
3887,3906,"2,200%"
3887,3862,"2,200%"
3887,3656,"2,200%"
3887,3344,"2,200%"
3887,3159,"2,200%"
3887,3134,"2,200%"
3887,2869,"2,200%"
3890,3875,"2,200%"
3890,3630,"2,200%"
3891,10080,"2,200%"
3896,10123,"2,200%"
3896,10112,"2,200%"
3896,9690,"2,200%"
3896,9268,"2,200%"
3896,9140,"2,200%"
3896,9138,"2,200%"
3896,8935,"2,200%"
3896,8027,"2,200%"
3896,7674,"2,200%"
3896,7639,"2,200%"
3896,4373,"2,200%"
3896,4124,"2,200%"
3896,4009,"2,200%"
3896,3925,"2,200%"
3896,3921,"2,200%"
3896,3827,"2,200%"
3896,3776,"2,200%"
3896,3578,"2,200%"
3896,3335,"2,200%"
3896,2867,"2,200%"
3896,2825,"2,200%"
3896,2756,"2,200%"
3896,2709,"2,200%"
3896,1908,"2,200%"
3896,1867,"2,200%"
3896,1766,"2,200%"
3896,534,"2,200%"
3896,419,"2,200%"
3896,276,"2,200%"
3897,4038,"2,200%"
3897,3970,"2,200%"
3897,3737,"2,200%"
3897,3276,"2,200%"
3897,3213,"2,200%"
3897,2858,"2,200%"
3897,337,"2,200%"
3897,255,"2,200%"
3898,4374,"2,200%"
3898,4189,"2,200%"
3898,4160,"2,200%"
3898,3717,"2,200%"
3898,3091,"2,200%"
3898,2688,"2,200%"
3898,86,"2,200%"
3899,3899,"2,200%"
3899,3895,"2,200%"
3904,4513,"2,200%"
3904,4491,"2,200%"
3904,3685,"2,200%"
3904,3501,"2,200%"
3906,6646,"2,200%"
3906,4422,"2,200%"
3906,4263,"2,200%"
3906,3863,"2,200%"
3912,7626,"2,200%"
3913,4237,"2,200%"
3914,4354,"2,200%"
3914,3241,"2,200%"
3917,4237,"2,200%"
3917,4237,"2,200%"
3917,4178,"2,200%"
3917,3605,"2,200%"
3917,3605,"2,200%"
3922,9914,"2,200%"
3922,9192,"2,200%"
3922,8017,"2,200%"
3922,7985,"2,200%"
3922,7774,"2,200%"
3922,4748,"2,200%"
3922,4687,"2,200%"
3922,4638,"2,200%"
3922,4584,"2,200%"
3922,4333,"2,200%"
3922,4178,"2,200%"
3922,3844,"2,200%"
3922,3810,"2,200%"
3922,3809,"2,200%"
3922,3377,"2,200%"
3922,3264,"2,200%"
3922,3064,"2,200%"
3922,2987,"2,200%"
3922,2636,"2,200%"
3922,2497,"2,200%"
3922,2336,"2,200%"
3922,2133,"2,200%"
3922,2028,"2,200%"
3922,1928,"2,200%"
3922,1144,"2,200%"
3922,1134,"2,200%"
3922,742,"2,200%"
3922,738,"2,200%"
3922,291,"2,200%"
3922,266,"2,200%"
3923,4513,"2,200%"
3923,4511,"2,200%"
3923,3772,"2,200%"
3923,3589,"2,200%"
3923,168,"2,200%"
3925,4488,"2,200%"
3925,4373,"2,200%"
3925,3611,"2,200%"
3925,3173,"2,200%"
3925,2858,"2,200%"
3925,2756,"2,200%"
3925,2658,"2,200%"
3930,10057,"2,200%"
3930,4021,"2,200%"
3930,3570,"2,200%"
3930,3374,"2,200%"
3930,3286,"2,200%"
3930,509,"2,200%"
3933,7941,"2,200%"
3933,4506,"2,200%"
3933,3871,"2,200%"
3933,2858,"2,200%"
3933,2619,"2,200%"
3933,1814,"2,200%"
3933,45,"2,200%"
3936,10028,"2,200%"
3936,8998,"2,200%"
3936,8935,"2,200%"
3936,8646,"2,200%"
3936,4716,"2,200%"
3936,4529,"2,200%"
3936,4463,"2,200%"
3936,4245,"2,200%"
3936,4057,"2,200%"
3936,3862,"2,200%"
3936,3771,"2,200%"
3936,3280,"2,200%"
3936,2997,"2,200%"
3936,2725,"2,200%"
3937,4488,"2,200%"
3937,2709,"2,200%"
3939,9914,"2,200%"
3939,8339,"2,200%"
3939,4440,"2,200%"
3939,4418,"2,200%"
3939,4371,"2,200%"
3939,4144,"2,200%"
3939,4123,"2,200%"
3939,4021,"2,200%"
3939,3862,"2,200%"
3939,3858,"2,200%"
3939,3810,"2,200%"
3939,2342,"2,200%"
3939,538,"2,200%"
3939,525,"2,200%"
3939,467,"2,200%"
3939,395,"2,200%"
3939,384,"2,200%"
3939,384,"2,200%"
3939,201,"2,200%"
3944,10104,"2,200%"
3944,10103,"2,200%"
3944,10098,"2,200%"
3944,10096,"2,200%"
3944,10081,"2,200%"
3944,10074,"2,200%"
3944,10029,"2,200%"
3944,9860,"2,200%"
3944,9852,"2,200%"
3944,9776,"2,200%"
3944,9759,"2,200%"
3944,9757,"2,200%"
3944,9756,"2,200%"
3944,9752,"2,200%"
3944,9730,"2,200%"
3944,9710,"2,200%"
3944,9695,"2,200%"
3944,9669,"2,200%"
3944,9326,"2,200%"
3944,9229,"2,200%"
3944,9202,"2,200%"
3944,9070,"2,200%"
3944,8998,"2,200%"
3944,8648,"2,200%"
3944,8630,"2,200%"
3944,8059,"2,200%"
3944,8056,"2,200%"
3944,8054,"2,200%"
3944,8050,"2,200%"
3944,8038,"2,200%"
3944,8018,"2,200%"
3944,7921,"2,200%"
3944,7915,"2,200%"
3944,7889,"2,200%"
3944,7871,"2,200%"
3944,7835,"2,200%"
3944,7825,"2,200%"
3944,7815,"2,200%"
3944,7811,"2,200%"
3944,7808,"2,200%"
3944,7773,"2,200%"
3944,7737,"2,200%"
3944,7735,"2,200%"
3944,7729,"2,200%"
3944,7726,"2,200%"
3944,7724,"2,200%"
3944,7723,"2,200%"
3944,7690,"2,200%"
3944,7662,"2,200%"
3944,7621,"2,200%"
3944,7608,"2,200%"
3944,7606,"2,200%"
3944,7605,"2,200%"
3944,5472,"2,200%"
3944,4786,"2,200%"
3944,4784,"2,200%"
3944,4783,"2,200%"
3944,4775,"2,200%"
3944,4765,"2,200%"
3944,4707,"2,200%"
3944,4675,"2,200%"
3944,4673,"2,200%"
3944,4637,"2,200%"
3944,4583,"2,200%"
3944,4576,"2,200%"
3944,4574,"2,200%"
3944,4553,"2,200%"
3944,4540,"2,200%"
3944,4533,"2,200%"
3944,4515,"2,200%"
3944,4512,"2,200%"
3944,4480,"2,200%"
3944,4415,"2,200%"
3944,4413,"2,200%"
3944,4402,"2,200%"
3944,4218,"2,200%"
3944,4216,"2,200%"
3944,4177,"2,200%"
3944,4139,"2,200%"
3944,4113,"2,200%"
3944,4097,"2,200%"
3944,4085,"2,200%"
3944,4064,"2,200%"
3944,4032,"2,200%"
3944,3977,"2,200%"
3944,3950,"2,200%"
3944,3950,"2,200%"
3944,3910,"2,200%"
3944,3886,"2,200%"
3944,3783,"2,200%"
3944,3776,"2,200%"
3944,3749,"2,200%"
3944,3745,"2,200%"
3944,3677,"2,200%"
3944,3676,"2,200%"
3944,3606,"2,200%"
3944,3519,"2,200%"
3944,3513,"2,200%"
3944,3468,"2,200%"
3944,3460,"2,200%"
3944,3405,"2,200%"
3944,3366,"2,200%"
3944,3317,"2,200%"
3944,3310,"2,200%"
3944,3282,"2,200%"
3944,3254,"2,200%"
3944,3249,"2,200%"
3944,3238,"2,200%"
3944,3234,"2,200%"
3944,3221,"2,200%"
3944,3211,"2,200%"
3944,3205,"2,200%"
3944,3202,"2,200%"
3944,3198,"2,200%"
3944,3158,"2,200%"
3944,3151,"2,200%"
3944,3129,"2,200%"
3944,3103,"2,200%"
3944,3080,"2,200%"
3944,3053,"2,200%"
3944,3037,"2,200%"
3944,2940,"2,200%"
3944,2919,"2,200%"
3944,2904,"2,200%"
3944,2898,"2,200%"
3944,2878,"2,200%"
3944,2877,"2,200%"
3944,2851,"2,200%"
3944,2831,"2,200%"
3944,2788,"2,200%"
3944,2772,"2,200%"
3944,2744,"2,200%"
3944,2709,"2,200%"
3944,2614,"2,200%"
3944,2546,"2,200%"
3944,2529,"2,200%"
3944,2523,"2,200%"
3944,2410,"2,200%"
3944,2405,"2,200%"
3944,2399,"2,200%"
3944,2393,"2,200%"
3944,2349,"2,200%"
3944,2307,"2,200%"
3944,2306,"2,200%"
3944,1282,"2,200%"
3944,1159,"2,200%"
3944,1153,"2,200%"
3944,1149,"2,200%"
3944,1135,"2,200%"
3944,1129,"2,200%"
3944,1106,"2,200%"
3944,746,"2,200%"
3944,744,"2,200%"
3944,682,"2,200%"
3944,654,"2,200%"
3944,499,"2,200%"
3944,452,"2,200%"
3944,442,"2,200%"
3944,424,"2,200%"
3944,422,"2,200%"
3944,413,"2,200%"
3944,398,"2,200%"
3944,386,"2,200%"
3944,359,"2,200%"
3944,346,"2,200%"
3944,345,"2,200%"
3944,342,"2,200%"
3944,333,"2,200%"
3944,330,"2,200%"
3944,319,"2,200%"
3944,306,"2,200%"
3944,305,"2,200%"
3944,303,"2,200%"
3944,298,"2,200%"
3944,286,"2,200%"
3944,280,"2,200%"
3944,264,"2,200%"
3944,247,"2,200%"
3944,212,"2,200%"
3944,211,"2,200%"
3944,204,"2,200%"
3944,198,"2,200%"
3944,197,"2,200%"
3944,193,"2,200%"
3944,186,"2,200%"
3944,161,"2,200%"
3944,159,"2,200%"
3944,146,"2,200%"
3944,120,"2,200%"
3944,51,"2,200%"
3944,47,"2,200%"
3944,19,"2,200%"
3945,5622,"2,200%"
3945,5449,"2,200%"
3945,4503,"2,200%"
3945,4107,"2,200%"
3945,3525,"2,200%"
3948,7617,"2,200%"
3948,4578,"2,200%"
3948,4250,"2,200%"
3948,3789,"2,200%"
3948,3059,"2,200%"
3948,3028,"2,200%"
3948,2394,"2,200%"
3948,2326,"2,200%"
3948,518,"2,200%"
3950,9689,"2,200%"
3950,4721,"2,200%"
3950,4301,"2,200%"
3950,3205,"2,200%"
3950,3158,"2,200%"
3950,3134,"2,200%"
3950,3025,"2,200%"
3950,2851,"2,200%"
3950,2826,"2,200%"
3950,2756,"2,200%"
3950,2660,"2,200%"
3951,8021,"2,200%"
3951,5037,"2,200%"
3951,4016,"2,200%"
3951,3508,"2,200%"
3951,2902,"2,200%"
3951,2893,"2,200%"
3951,2327,"2,200%"
3951,906,"2,200%"
3953,9143,"2,200%"
3953,5886,"2,200%"
3953,3310,"2,200%"
3954,9902,"2,200%"
3954,227,"2,200%"
3957,9734,"2,200%"
3957,9693,"2,200%"
3957,9690,"2,200%"
3957,9274,"2,200%"
3957,7959,"2,200%"
3957,5228,"2,200%"
3957,4576,"2,200%"
3957,4084,"2,200%"
3957,2788,"2,200%"
3957,2174,"2,200%"
3960,9570,"2,200%"
3960,8011,"2,200%"
3960,4164,"2,200%"
3960,3974,"2,200%"
3960,3944,"2,200%"
3960,3925,"2,200%"
3960,3657,"2,200%"
3960,3141,"2,200%"
3960,1921,"2,200%"
3960,1776,"2,200%"
3965,4518,"2,200%"
3965,4476,"2,200%"
3965,4348,"2,200%"
3965,4138,"2,200%"
3965,3895,"2,200%"
3965,3862,"2,200%"
3965,3610,"2,200%"
3965,2384,"2,200%"
3965,2358,"2,200%"
3965,509,"2,200%"
3966,4193,"2,200%"
3966,3827,"2,200%"
3966,3817,"2,200%"
3966,3570,"2,200%"
3966,2970,"2,200%"
3966,2792,"2,200%"
3966,525,"2,200%"
3966,282,"2,200%"
3967,4688,"2,200%"
3967,3944,"2,200%"
3967,3925,"2,200%"
3967,3870,"2,200%"
3967,3862,"2,200%"
3967,3518,"2,200%"
3967,3401,"2,200%"
3967,3396,"2,200%"
3967,3267,"2,200%"
3967,3259,"2,200%"
3967,3159,"2,200%"
3967,2919,"2,200%"
3967,2869,"2,200%"
3967,2788,"2,200%"
3967,2788,"2,200%"
3967,2413,"2,200%"
3967,512,"2,200%"
3967,504,"2,200%"
3967,465,"2,200%"
3971,10066,"2,200%"
3971,10006,"2,200%"
3971,9975,"2,200%"
3971,9955,"2,200%"
3971,9909,"2,200%"
3971,7622,"2,200%"
3971,4609,"2,200%"
3971,4566,"2,200%"
3971,4513,"2,200%"
3971,4333,"2,200%"
3971,3685,"2,200%"
3971,3642,"2,200%"
3971,3605,"2,200%"
3971,3602,"2,200%"
3971,3570,"2,200%"
3971,2796,"2,200%"
3971,2395,"2,200%"
3971,526,"2,200%"
3971,404,"2,200%"
3971,381,"2,200%"
3971,127,"2,200%"
3974,10074,"2,200%"
3974,9759,"2,200%"
3974,9752,"2,200%"
3974,9730,"2,200%"
3974,8973,"2,200%"
3974,8630,"2,200%"
3974,8258,"2,200%"
3974,8175,"2,200%"
3974,8058,"2,200%"
3974,8047,"2,200%"
3974,7818,"2,200%"
3974,7815,"2,200%"
3974,7811,"2,200%"
3974,7783,"2,200%"
3974,7627,"2,200%"
3974,4663,"2,200%"
3974,4614,"2,200%"
3974,4574,"2,200%"
3974,4544,"2,200%"
3974,4463,"2,200%"
3974,4423,"2,200%"
3974,4363,"2,200%"
3974,4350,"2,200%"
3974,4173,"2,200%"
3974,4115,"2,200%"
3974,3950,"2,200%"
3974,3944,"2,200%"
3974,3205,"2,200%"
3974,3107,"2,200%"
3974,3032,"2,200%"
3974,3009,"2,200%"
3974,2918,"2,200%"
3974,2808,"2,200%"
3974,2598,"2,200%"
3974,1149,"2,200%"
3974,1148,"2,200%"
3974,682,"2,200%"
3974,519,"2,200%"
3974,401,"2,200%"
3975,9397,"2,200%"
3976,6333,"2,200%"
3980,7941,"2,200%"
3980,4586,"2,200%"
3980,3999,"2,200%"
3980,3737,"2,200%"
3980,2858,"2,200%"
3980,1885,"2,200%"
3980,298,"2,200%"
3980,45,"2,200%"
3982,7623,"2,200%"
3982,4566,"2,200%"
3982,4545,"2,200%"
3982,4072,"2,200%"
3982,2406,"2,200%"
3982,1980,"2,200%"
3982,1134,"2,200%"
3984,7852,"2,200%"
3984,4124,"2,200%"
3984,4124,"2,200%"
3984,4084,"2,200%"
3984,3967,"2,200%"
3984,3944,"2,200%"
3984,3925,"2,200%"
3984,3667,"2,200%"
3984,3555,"2,200%"
3984,3541,"2,200%"
3984,3258,"2,200%"
3984,3023,"2,200%"
3984,2938,"2,200%"
3984,2869,"2,200%"
3984,2709,"2,200%"
3984,398,"2,200%"
3987,8055,"2,200%"
3987,3941,"2,200%"
3987,3737,"2,200%"
3987,3377,"2,200%"
3987,3051,"2,200%"
3987,426,"2,200%"
3997,9981,"2,200%"
3997,9981,"2,200%"
3997,9542,"2,200%"
3997,9359,"2,200%"
3997,8306,"2,200%"
3997,8306,"2,200%"
3997,7460,"2,200%"
3997,7327,"2,200%"
3997,6694,"2,200%"
3997,6462,"2,200%"
3997,6394,"2,200%"
3997,6193,"2,200%"
3997,5744,"2,200%"
3997,5447,"2,200%"
3997,3979,"2,200%"
3997,2181,"2,200%"
3997,2093,"2,200%"
3997,752,"2,200%"
3997,217,"2,200%"
4001,4451,"2,200%"
4004,10112,"2,200%"
4004,4584,"2,200%"
4004,4440,"2,200%"
4004,4137,"2,200%"
4004,4086,"2,200%"
4004,3918,"2,200%"
4004,3877,"2,200%"
4004,3829,"2,200%"
4004,3631,"2,200%"
4004,3599,"2,200%"
4004,3499,"2,200%"
4004,3463,"2,200%"
4004,2389,"2,200%"
4004,523,"2,200%"
4004,395,"2,200%"
4004,270,"2,200%"
4004,235,"2,200%"
4004,45,"2,200%"
4007,4959,"2,200%"
4007,3380,"2,200%"
4008,10112,"2,200%"
4008,9111,"2,200%"
4008,9108,"2,200%"
4008,6990,"2,200%"
4008,4584,"2,200%"
4008,4386,"2,200%"
4008,3918,"2,200%"
4008,3877,"2,200%"
4008,523,"2,200%"
4008,395,"2,200%"
4009,4063,"2,200%"
4009,3819,"2,200%"
4010,4925,"2,200%"
4011,10123,"2,200%"
4011,10112,"2,200%"
4011,10094,"2,200%"
4011,9108,"2,200%"
4011,4585,"2,200%"
4011,4386,"2,200%"
4011,4230,"2,200%"
4011,3829,"2,200%"
4011,3450,"2,200%"
4011,3449,"2,200%"
4011,1908,"2,200%"
4011,534,"2,200%"
4011,419,"2,200%"
4014,3383,"2,200%"
4014,3145,"2,200%"
4016,5261,"2,200%"
4016,4463,"2,200%"
4016,4416,"2,200%"
4016,4373,"2,200%"
4016,4350,"2,200%"
4016,4301,"2,200%"
4016,3636,"2,200%"
4016,3596,"2,200%"
4016,3578,"2,200%"
4016,3571,"2,200%"
4016,3508,"2,200%"
4016,3276,"2,200%"
4016,3153,"2,200%"
4016,3134,"2,200%"
4016,3083,"2,200%"
4016,3000,"2,200%"
4016,2967,"2,200%"
4016,2858,"2,200%"
4016,2843,"2,200%"
4016,2837,"2,200%"
4016,2837,"2,200%"
4016,2756,"2,200%"
4016,2746,"2,200%"
4016,2709,"2,200%"
4016,2561,"2,200%"
4016,2535,"2,200%"
4016,2339,"2,200%"
4016,445,"2,200%"
4016,183,"2,200%"
4016,155,"2,200%"
4019,3238,"2,200%"
4019,2314,"2,200%"
4020,10051,"2,200%"
4020,8581,"2,200%"
4020,8547,"2,200%"
4020,7887,"2,200%"
4020,4795,"2,200%"
4020,4577,"2,200%"
4020,4304,"2,200%"
4020,3356,"2,200%"
4020,3281,"2,200%"
4020,3176,"2,200%"
4020,3148,"2,200%"
4020,2698,"2,200%"
4020,2595,"2,200%"
4020,2574,"2,200%"
4020,2538,"2,200%"
4020,2442,"2,200%"
4020,257,"2,200%"
4020,200,"2,200%"
4021,10087,"2,200%"
4021,4673,"2,200%"
4021,3911,"2,200%"
4021,3259,"2,200%"
4021,2805,"2,200%"
4021,9,"2,200%"
4029,6337,"2,200%"
4029,3595,"2,200%"
4040,5568,"2,200%"
4041,4025,"2,200%"
4042,10123,"2,200%"
4042,10112,"2,200%"
4042,9661,"2,200%"
4042,9138,"2,200%"
4042,9111,"2,200%"
4042,9108,"2,200%"
4042,7860,"2,200%"
4042,4301,"2,200%"
4042,4184,"2,200%"
4042,4020,"2,200%"
4042,3973,"2,200%"
4042,3918,"2,200%"
4042,3877,"2,200%"
4042,3829,"2,200%"
4042,3827,"2,200%"
4042,3748,"2,200%"
4042,3506,"2,200%"
4042,3385,"2,200%"
4042,3335,"2,200%"
4042,2279,"2,200%"
4042,1867,"2,200%"
4042,626,"2,200%"
4042,534,"2,200%"
4042,523,"2,200%"
4042,504,"2,200%"
4042,433,"2,200%"
4042,414,"2,200%"
4042,395,"2,200%"
4044,7978,"2,200%"
4044,3045,"2,200%"
4045,4231,"2,200%"
4048,4971,"2,200%"
4048,4513,"2,200%"
4048,4178,"2,200%"
4048,3713,"2,200%"
4048,3589,"2,200%"
4048,3525,"2,200%"
4048,3453,"2,200%"
4051,4569,"2,200%"
4051,4480,"2,200%"
4051,3995,"2,200%"
4051,3862,"2,200%"
4051,3335,"2,200%"
4054,4333,"2,200%"
4054,4183,"2,200%"
4054,4178,"2,200%"
4054,3922,"2,200%"
4054,3767,"2,200%"
4054,3605,"2,200%"
4054,3526,"2,200%"
4054,2377,"2,200%"
4054,1161,"2,200%"
4054,479,"2,200%"
4055,10123,"2,200%"
4055,9140,"2,200%"
4055,9138,"2,200%"
4055,9111,"2,200%"
4055,9109,"2,200%"
4055,9108,"2,200%"
4055,4386,"2,200%"
4055,3918,"2,200%"
4055,3776,"2,200%"
4055,2377,"2,200%"
4055,1908,"2,200%"
4055,1766,"2,200%"
4055,534,"2,200%"
4055,419,"2,200%"
4055,199,"2,200%"
4058,7615,"2,200%"
4058,3999,"2,200%"
4058,3712,"2,200%"
4058,3380,"2,200%"
4058,2858,"2,200%"
4058,2756,"2,200%"
4059,4373,"2,200%"
4059,3999,"2,200%"
4059,3380,"2,200%"
4059,2858,"2,200%"
4059,2756,"2,200%"
4059,2393,"2,200%"
4059,1885,"2,200%"
4064,10080,"2,200%"
4064,10080,"2,200%"
4064,10080,"2,200%"
4065,8567,"2,200%"
4065,3181,"2,200%"
4065,2583,"2,200%"
4065,2569,"2,200%"
4066,4795,"2,200%"
4066,4206,"2,200%"
4066,45,"2,200%"
4067,10123,"2,200%"
4067,419,"2,200%"
4067,414,"2,200%"
4068,5532,"2,200%"
4068,4958,"2,200%"
4068,4454,"2,200%"
4068,4327,"2,200%"
4068,4139,"2,200%"
4068,4080,"2,200%"
4068,3973,"2,200%"
4068,3610,"2,200%"
4068,3602,"2,200%"
4068,3567,"2,200%"
4068,3486,"2,200%"
4068,3023,"2,200%"
4068,2748,"2,200%"
4068,1139,"2,200%"
4068,313,"2,200%"
4069,9923,"2,200%"
4069,9914,"2,200%"
4069,9441,"2,200%"
4069,4601,"2,200%"
4069,4578,"2,200%"
4069,4565,"2,200%"
4069,4440,"2,200%"
4069,4295,"2,200%"
4069,4268,"2,200%"
4069,4257,"2,200%"
4069,4144,"2,200%"
4069,4123,"2,200%"
4069,4021,"2,200%"
4069,3922,"2,200%"
4069,3862,"2,200%"
4069,3684,"2,200%"
4069,3470,"2,200%"
4069,2314,"2,200%"
4069,492,"2,200%"
4069,484,"2,200%"
4069,170,"2,200%"
4070,10080,"2,200%"
4071,7952,"2,200%"
4071,6192,"2,200%"
4071,4951,"2,200%"
4071,4298,"2,200%"
4071,3489,"2,200%"
4071,3451,"2,200%"
4071,2540,"2,200%"
4071,1076,"2,200%"
4071,745,"2,200%"
4071,339,"2,200%"
4071,334,"2,200%"
4071,310,"2,200%"
4073,7713,"2,200%"
4073,3979,"2,200%"
4073,3607,"2,200%"
4075,9995,"2,200%"
4075,4584,"2,200%"
4075,3918,"2,200%"
4075,3733,"2,200%"
4075,3677,"2,200%"
4075,3631,"2,200%"
4075,3560,"2,200%"
4075,3189,"2,200%"
4075,523,"2,200%"
4075,395,"2,200%"
4077,7404,"2,200%"
4080,8559,"2,200%"
4080,7887,"2,200%"
4080,7624,"2,200%"
4080,4581,"2,200%"
4080,4488,"2,200%"
4080,4045,"2,200%"
4080,3889,"2,200%"
4080,3627,"2,200%"
4080,3602,"2,200%"
4080,3550,"2,200%"
4080,3486,"2,200%"
4080,3468,"2,200%"
4080,3468,"2,200%"
4080,3457,"2,200%"
4080,2480,"2,200%"
4080,2442,"2,200%"
4080,2133,"2,200%"
4080,352,"2,200%"
4080,349,"2,200%"
4080,203,"2,200%"
4080,122,"2,200%"
4080,3,"2,200%"
4081,6217,"2,200%"
4081,4329,"2,200%"
4081,4074,"2,200%"
4081,3743,"2,200%"
4083,3946,"2,200%"
4083,3835,"2,200%"
4083,3609,"2,200%"
4083,2819,"2,200%"
4084,10092,"2,200%"
4084,9734,"2,200%"
4084,8058,"2,200%"
4084,8031,"2,200%"
4084,8004,"2,200%"
4084,7815,"2,200%"
4084,7806,"2,200%"
4084,7734,"2,200%"
4084,4639,"2,200%"
4084,4634,"2,200%"
4084,4528,"2,200%"
4084,4438,"2,200%"
4084,4350,"2,200%"
4084,3754,"2,200%"
4084,3401,"2,200%"
4084,3264,"2,200%"
4084,3175,"2,200%"
4084,3154,"2,200%"
4084,3129,"2,200%"
4084,3034,"2,200%"
4084,2850,"2,200%"
4084,2843,"2,200%"
4084,2779,"2,200%"
4084,2520,"2,200%"
4084,2433,"2,200%"
4084,2396,"2,200%"
4084,465,"2,200%"
4084,330,"2,200%"
4084,303,"2,200%"
4084,265,"2,200%"
4084,252,"2,200%"
4084,251,"2,200%"
4088,9110,"2,200%"
4088,4237,"2,200%"
4088,4167,"2,200%"
4088,3827,"2,200%"
4088,3189,"2,200%"
4088,414,"2,200%"
4088,271,"2,200%"
4092,4093,"2,200%"
4092,3685,"2,200%"
4092,3605,"2,200%"
4092,1157,"2,200%"
4095,2867,"2,200%"
4096,9711,"2,200%"
4096,9085,"2,200%"
4096,9007,"2,200%"
4096,8998,"2,200%"
4096,8935,"2,200%"
4096,7980,"2,200%"
4096,7877,"2,200%"
4096,2766,"2,200%"
4096,2382,"2,200%"
4097,10080,"2,200%"
4097,3631,"2,200%"
4098,4288,"2,200%"
4098,454,"2,200%"
4098,101,"2,200%"
4100,4373,"2,200%"
4100,3578,"2,200%"
4100,2858,"2,200%"
4100,2756,"2,200%"
4102,6646,"2,200%"
4102,4723,"2,200%"
4102,4579,"2,200%"
4102,4392,"2,200%"
4102,4178,"2,200%"
4102,3905,"2,200%"
4102,3685,"2,200%"
4102,3525,"2,200%"
4102,285,"2,200%"
4103,4497,"2,200%"
4104,9968,"2,200%"
4104,3241,"2,200%"
4104,2374,"2,200%"
4104,2341,"2,200%"
4104,25,"2,200%"
4105,4237,"2,200%"
4105,4237,"2,200%"
4107,5566,"2,200%"
4107,4408,"2,200%"
4107,4237,"2,200%"
4107,4237,"2,200%"
4107,3906,"2,200%"
4107,92,"2,200%"
4109,4495,"2,200%"
4109,4263,"2,200%"
4110,4513,"2,200%"
4110,3680,"2,200%"
4116,7368,"2,200%"
4116,4041,"2,200%"
4117,5559,"2,200%"
4117,4819,"2,200%"
4117,4488,"2,200%"
4117,3745,"2,200%"
4117,2700,"2,200%"
4119,7413,"2,200%"
4119,7143,"2,200%"
4119,6446,"2,200%"
4119,3477,"2,200%"
4119,2375,"2,200%"
4119,2343,"2,200%"
4119,168,"2,200%"
4120,8935,"2,200%"
4120,8618,"2,200%"
4120,8422,"2,200%"
4120,2901,"2,200%"
4120,2826,"2,200%"
4121,9434,"2,200%"
4121,7680,"2,200%"
4121,6823,"2,200%"
4121,6459,"2,200%"
4121,2248,"2,200%"
4122,2116,"2,200%"
4123,4123,"2,200%"
4123,51,"2,200%"
4125,4282,"2,200%"
4127,10080,"2,200%"
4127,6311,"2,200%"
4127,4127,"2,200%"
4128,10108,"2,200%"
4128,8973,"2,200%"
4128,8936,"2,200%"
4128,7959,"2,200%"
4128,7877,"2,200%"
4128,4570,"2,200%"
4128,3974,"2,200%"
4128,2919,"2,200%"
4128,2869,"2,200%"
4129,7261,"2,200%"
4131,10065,"2,200%"
4131,4589,"2,200%"
4131,3680,"2,200%"
1744,7699,"2,189%"
1898,6382,"2,189%"
3364,5330,"2,189%"
8537,8468,"2,189%"
1684,5029,"2,178%"
2067,398,"2,178%"
2202,7875,"2,178%"
2213,6722,"2,178%"
2738,2768,"2,178%"
9136,9108,"2,178%"
9647,7134,"2,178%"
1908,1766,"2,167%"
3364,3653,"2,167%"
9136,9140,"2,167%"
2120,1860,"2,156%"
9968,9992,"2,156%"
1796,3713,"2,145%"
1850,2261,"2,145%"
1992,1980,"2,145%"
8708,1909,"2,145%"
9351,4570,"2,145%"
9862,599,"2,145%"
2180,6729,"2,134%"
2220,9087,"2,134%"
9164,9441,"2,134%"
9584,9637,"2,134%"
9749,9433,"2,134%"
1457,2026,"2,123%"
2072,6098,"2,123%"
9284,8250,"2,123%"
9870,7414,"2,112%"
4749,4749,"2,101%"
1381,6341,"2,090%"
1410,2126,"2,090%"
1460,7552,"2,090%"
1765,2290,"2,090%"
2092,1844,"2,090%"
2179,1854,"2,090%"
2680,7692,"2,090%"
2680,7692,"2,090%"
3375,10080,"2,090%"
7784,3653,"2,090%"
8291,7141,"2,090%"
8843,4386,"2,090%"
9050,9141,"2,090%"
9050,4386,"2,090%"
993,5373,"2,079%"
1873,5044,"2,079%"
2055,1940,"2,079%"
2120,7076,"2,079%"
2205,5448,"2,079%"
8110,8098,"2,079%"
9317,8784,"2,079%"
9778,5580,"2,079%"
1640,2126,"2,068%"
1667,1864,"2,068%"
8777,8157,"2,068%"
8939,9339,"2,068%"
9907,6582,"2,068%"
978,6460,"2,057%"
1998,7366,"2,057%"
3026,2571,"2,057%"
9136,9111,"2,057%"
9249,6670,"2,057%"
9546,836,"2,057%"
1876,1779,"2,046%"
2146,1880,"2,046%"
713,8965,"2,035%"
713,6792,"2,035%"
1705,2140,"2,035%"
2178,1252,"2,035%"
9289,1086,"2,035%"
9968,9990,"2,035%"
1270,2093,"2,024%"
1732,1753,"2,024%"
1816,7529,"2,024%"
2181,1911,"2,024%"
2266,1852,"2,024%"
9647,5362,"2,024%"
713,8984,"2,013%"
910,9293,"2,013%"
1481,2068,"2,013%"
2514,6188,"2,013%"
9685,9775,"2,013%"
1343,1764,"2,002%"
1460,1460,"2,002%"
1667,3377,"2,002%"
1789,1490,"2,002%"
1977,1854,"2,002%"
9840,640,"2,002%"
1270,1902,"1,991%"
2010,6077,"1,991%"
2169,2163,"1,991%"
2261,2143,"1,991%"
1825,5069,"1,980%"
2752,2356,"1,980%"
3912,10080,"1,980%"
4390,4690,"1,980%"
8423,8260,"1,980%"
9050,10123,"1,980%"
9860,9699,"1,980%"
1474,1836,"1,969%"
1615,5696,"1,969%"
1651,7630,"1,969%"
1677,1931,"1,969%"
2204,2050,"1,969%"
2284,1218,"1,969%"
9594,9707,"1,969%"
1669,9554,"1,958%"
1921,3578,"1,958%"
1928,2137,"1,958%"
1875,3605,"1,947%"
2007,6364,"1,947%"
4386,8843,"1,947%"
1601,6466,"1,936%"
1876,1876,"1,936%"
3344,9192,"1,936%"
8872,8872,"1,936%"
1170,2137,"1,925%"
1678,1721,"1,925%"
1922,1922,"1,925%"
1965,1885,"1,925%"
1981,1194,"1,925%"
2191,5430,"1,925%"
2234,2093,"1,925%"
2261,5134,"1,925%"
8670,6605,"1,925%"
8702,9312,"1,925%"
9318,8718,"1,925%"
9420,9360,"1,925%"
2061,2247,"1,914%"
3011,2748,"1,914%"
8686,8757,"1,914%"
8751,8716,"1,914%"
9907,7378,"1,914%"
1311,1935,"1,903%"
1364,1218,"1,903%"
1521,6819,"1,903%"
1604,7959,"1,903%"
1825,1862,"1,903%"
7705,7203,"1,903%"
9661,9661,"1,903%"
1202,1202,"1,892%"
1360,1630,"1,892%"
1653,2933,"1,892%"
1964,7542,"1,892%"
2192,2184,"1,892%"
2993,2993,"1,892%"
1383,2314,"1,881%"
1703,8464,"1,881%"
4211,3387,"1,881%"
7771,7975,"1,881%"
9870,9603,"1,881%"
1822,6236,"1,870%"
2428,4188,"1,870%"
2680,5635,"1,870%"
2709,3727,"1,870%"
8086,6890,"1,870%"
8520,9308,"1,870%"
8849,3877,"1,870%"
9050,9108,"1,870%"
9129,8866,"1,870%"
10056,9285,"1,870%"
553,720,"1,859%"
2078,1811,"1,859%"
2243,1528,"1,859%"
2300,5854,"1,859%"
4232,2316,"1,859%"
9113,2035,"1,859%"
1249,1211,"1,848%"
1566,1495,"1,848%"
1725,1352,"1,848%"
1874,2042,"1,848%"
1993,2232,"1,848%"
2220,6816,"1,848%"
2265,523,"1,848%"
1647,2258,"1,837%"
1902,6236,"1,837%"
1423,2058,"1,826%"
1867,3449,"1,826%"
8492,8501,"1,826%"
9609,624,"1,826%"
9661,7057,"1,826%"
1311,5604,"1,815%"
1549,1776,"1,815%"
1891,2053,"1,815%"
2011,1896,"1,815%"
2004,6241,"1,804%"
1323,6028,"1,793%"
1366,7394,"1,793%"
1876,4989,"1,793%"
2113,2280,"1,793%"
4756,4452,"1,793%"
1340,6202,"1,782%"
1377,2003,"1,782%"
1745,380,"1,782%"
1837,1244,"1,782%"
9907,3811,"1,782%"
1684,2000,"1,771%"
1928,1811,"1,771%"
4514,4514,"1,771%"
1452,7120,"1,760%"
1628,10129,"1,760%"
1879,1972,"1,760%"
2680,7733,"1,760%"
3736,5433,"1,760%"
4170,4178,"1,760%"
4260,7320,"1,760%"
4260,6592,"1,760%"
4260,6330,"1,760%"
4260,5386,"1,760%"
4260,4822,"1,760%"
4260,4488,"1,760%"
4260,4025,"1,760%"
4260,4025,"1,760%"
4260,3893,"1,760%"
9131,523,"1,760%"
569,152,"1,749%"
1383,2131,"1,749%"
1988,6184,"1,749%"
2124,6244,"1,749%"
3260,3516,"1,749%"
3511,4168,"1,749%"
984,6250,"1,738%"
1246,6860,"1,738%"
1745,5377,"1,738%"
2056,8016,"1,738%"
2154,6681,"1,738%"
8973,8158,"1,738%"
1841,6433,"1,727%"
1880,2121,"1,727%"
1913,1192,"1,727%"
1930,1987,"1,727%"
4524,7458,"1,727%"
1269,6048,"1,716%"
1439,1282,"1,716%"
1703,1779,"1,716%"
1768,441,"1,716%"
1976,7510,"1,716%"
2287,2013,"1,716%"
9518,1054,"1,716%"
9622,9331,"1,716%"
9629,747,"1,716%"
1954,6857,"1,705%"
2010,1788,"1,705%"
2173,1866,"1,705%"
9986,3947,"1,705%"
1363,1363,"1,694%"
1446,2015,"1,694%"
1779,5888,"1,694%"
2228,2288,"1,694%"
8360,7276,"1,694%"
1836,1836,"1,683%"
2166,4202,"1,683%"
2214,6536,"1,683%"
2231,1788,"1,683%"
1183,7114,"1,672%"
1208,1533,"1,672%"
1441,7019,"1,672%"
1460,7154,"1,672%"
9603,9824,"1,672%"
772,7216,"1,661%"
1652,5874,"1,661%"
1703,1764,"1,661%"
2015,1811,"1,661%"
2108,6452,"1,661%"
2199,1944,"1,661%"
9361,8756,"1,661%"
9891,8914,"1,661%"
9968,147,"1,661%"
1616,1634,"1,650%"
2179,5383,"1,650%"
3364,5776,"1,650%"
3375,10080,"1,650%"
3736,3000,"1,650%"
4151,3573,"1,650%"
4364,8027,"1,650%"
4390,5930,"1,650%"
4390,4186,"1,650%"
8583,6150,"1,650%"
9129,3877,"1,650%"
9891,6274,"1,650%"
10053,4876,"1,650%"
1381,5113,"1,639%"
1912,5808,"1,639%"
7779,7722,"1,639%"
9336,6809,"1,639%"
581,674,"1,628%"
1764,7528,"1,628%"
1901,2010,"1,628%"
8798,9475,"1,628%"
9259,9257,"1,628%"
9880,9727,"1,628%"
1377,1587,"1,617%"
1908,4989,"1,617%"
1682,5690,"1,606%"
2261,5041,"1,606%"
3364,6960,"1,606%"
9072,4570,"1,606%"
1169,5938,"1,595%"
1191,1665,"1,595%"
1788,1412,"1,595%"
4514,6613,"1,595%"
9072,599,"1,595%"
9306,9258,"1,595%"
1283,1776,"1,584%"
2024,1921,"1,584%"
2146,2121,"1,584%"
3858,10080,"1,584%"
9319,8936,"1,584%"
1258,2261,"1,573%"
1332,5207,"1,573%"
1745,5240,"1,573%"
2007,7156,"1,573%"
589,4913,"1,562%"
870,6982,"1,562%"
1366,7390,"1,562%"
8028,6331,"1,562%"
9031,1009,"1,562%"
664,9624,"1,551%"
1591,6017,"1,551%"
1745,5947,"1,551%"
1882,6447,"1,551%"
2233,5242,"1,551%"
9288,8339,"1,551%"
9719,9718,"1,551%"
907,9470,"1,540%"
979,4570,"1,540%"
1679,2148,"1,540%"
1740,6931,"1,540%"
2050,1930,"1,540%"
2198,2024,"1,540%"
2680,5099,"1,540%"
2709,9566,"1,540%"
4390,4392,"1,540%"
9408,803,"1,540%"
872,5567,"1,529%"
1219,5538,"1,529%"
1457,6145,"1,529%"
1647,5913,"1,529%"
1904,1234,"1,529%"
1964,5339,"1,529%"
2070,1764,"1,529%"
9502,8093,"1,529%"
9662,9661,"1,529%"
9743,5519,"1,529%"
1765,6117,"1,518%"
1801,5979,"1,518%"
8965,8335,"1,518%"
8997,4574,"1,518%"
9136,3918,"1,518%"
9891,6334,"1,518%"
2026,2231,"1,507%"
8067,7100,"1,507%"
4131,3612,"1,500%"
4131,2701,"1,500%"
4132,4453,"1,500%"
4132,4168,"1,500%"
4132,4109,"1,500%"
4132,3906,"1,500%"
4132,3711,"1,500%"
4136,4301,"1,500%"
4141,7304,"1,500%"
4141,4373,"1,500%"
4141,4025,"1,500%"
4141,3999,"1,500%"
4141,3902,"1,500%"
4141,3380,"1,500%"
4141,3300,"1,500%"
4141,3173,"1,500%"
4141,2923,"1,500%"
4141,2858,"1,500%"
4141,2786,"1,500%"
4141,2756,"1,500%"
4141,2393,"1,500%"
4141,494,"1,500%"
4144,9138,"1,500%"
4144,9111,"1,500%"
4144,9108,"1,500%"
4144,4488,"1,500%"
4144,4462,"1,500%"
4144,4386,"1,500%"
4144,4021,"1,500%"
4144,3918,"1,500%"
4144,3862,"1,500%"
4144,3827,"1,500%"
4144,3622,"1,500%"
4144,3570,"1,500%"
4144,3097,"1,500%"
4144,2377,"1,500%"
4144,395,"1,500%"
4145,7330,"1,500%"
4145,7222,"1,500%"
4145,4483,"1,500%"
4145,4169,"1,500%"
4145,3666,"1,500%"
4145,92,"1,500%"
4147,10004,"1,500%"
4147,4513,"1,500%"
4147,3729,"1,500%"
4147,480,"1,500%"
4149,4085,"1,500%"
4150,8600,"1,500%"
4150,6299,"1,500%"
4150,5444,"1,500%"
4150,4896,"1,500%"
4150,4610,"1,500%"
4150,4609,"1,500%"
4150,4212,"1,500%"
4150,3692,"1,500%"
4150,3564,"1,500%"
4150,3277,"1,500%"
4150,441,"1,500%"
4151,4475,"1,500%"
4155,3905,"1,500%"
4156,4693,"1,500%"
4156,4153,"1,500%"
4156,3605,"1,500%"
4157,4156,"1,500%"
4157,4109,"1,500%"
4157,3767,"1,500%"
4157,3605,"1,500%"
4168,7107,"1,500%"
4168,7059,"1,500%"
4168,4818,"1,500%"
4168,4172,"1,500%"
4169,4491,"1,500%"
4169,4452,"1,500%"
4169,4263,"1,500%"
4169,3906,"1,500%"
4169,3804,"1,500%"
4169,2840,"1,500%"
4169,2581,"1,500%"
4174,4488,"1,500%"
4174,3639,"1,500%"
4174,3098,"1,500%"
4174,3098,"1,500%"
4174,2897,"1,500%"
4174,2334,"1,500%"
4174,475,"1,500%"
4176,4337,"1,500%"
4176,4231,"1,500%"
4176,4190,"1,500%"
4176,3999,"1,500%"
4176,3737,"1,500%"
4176,3276,"1,500%"
4176,2895,"1,500%"
4176,2858,"1,500%"
4176,440,"1,500%"
4184,10093,"1,500%"
4184,7917,"1,500%"
4184,7614,"1,500%"
4184,4866,"1,500%"
4184,4695,"1,500%"
4184,4611,"1,500%"
4184,3999,"1,500%"
4184,3745,"1,500%"
4184,3737,"1,500%"
4184,3737,"1,500%"
4184,2409,"1,500%"
4184,2323,"1,500%"
4184,2319,"1,500%"
4184,1128,"1,500%"
4184,427,"1,500%"
4184,382,"1,500%"
4184,227,"1,500%"
4186,3905,"1,500%"
4186,3778,"1,500%"
4186,3666,"1,500%"
4186,3524,"1,500%"
4187,9994,"1,500%"
4187,6715,"1,500%"
4187,4373,"1,500%"
4187,4189,"1,500%"
4187,3999,"1,500%"
4187,3737,"1,500%"
4187,3712,"1,500%"
4187,2947,"1,500%"
4187,2858,"1,500%"
4187,440,"1,500%"
4188,8555,"1,500%"
4188,7887,"1,500%"
4188,7624,"1,500%"
4188,7615,"1,500%"
4188,4581,"1,500%"
4188,4519,"1,500%"
4188,4180,"1,500%"
4188,3777,"1,500%"
4188,3281,"1,500%"
4188,3155,"1,500%"
4188,3143,"1,500%"
4188,3105,"1,500%"
4188,2876,"1,500%"
4188,2842,"1,500%"
4188,2839,"1,500%"
4188,2699,"1,500%"
4188,2613,"1,500%"
4188,1100,"1,500%"
4188,354,"1,500%"
4188,350,"1,500%"
4188,278,"1,500%"
4188,257,"1,500%"
4190,10089,"1,500%"
4190,8005,"1,500%"
4190,7924,"1,500%"
4190,7766,"1,500%"
4190,7764,"1,500%"
4190,7675,"1,500%"
4190,7615,"1,500%"
4190,4795,"1,500%"
4190,4733,"1,500%"
4190,4277,"1,500%"
4190,4244,"1,500%"
4190,3737,"1,500%"
4190,3669,"1,500%"
4190,3352,"1,500%"
4190,2994,"1,500%"
4190,2987,"1,500%"
4190,2947,"1,500%"
4190,2619,"1,500%"
4190,2430,"1,500%"
4190,2319,"1,500%"
4190,1150,"1,500%"
4190,1077,"1,500%"
4190,1070,"1,500%"
4190,426,"1,500%"
4190,366,"1,500%"
4190,360,"1,500%"
4190,298,"1,500%"
4190,269,"1,500%"
4190,203,"1,500%"
4190,135,"1,500%"
4196,4107,"1,500%"
4199,10084,"1,500%"
4199,3713,"1,500%"
4199,3605,"1,500%"
4200,3258,"1,500%"
4200,2938,"1,500%"
4201,4488,"1,500%"
4201,3300,"1,500%"
4201,2858,"1,500%"
4201,2756,"1,500%"
4205,8011,"1,500%"
4205,4124,"1,500%"
4205,3944,"1,500%"
4205,3134,"1,500%"
4205,2869,"1,500%"
4207,8312,"1,500%"
4207,5434,"1,500%"
4207,3992,"1,500%"
4207,3627,"1,500%"
4207,3555,"1,500%"
4211,4373,"1,500%"
4211,3737,"1,500%"
4211,3712,"1,500%"
4211,3380,"1,500%"
4211,2895,"1,500%"
4211,2756,"1,500%"
4214,7222,"1,500%"
4214,6246,"1,500%"
4214,5217,"1,500%"
4214,3978,"1,500%"
4214,3796,"1,500%"
4214,3756,"1,500%"
4214,3710,"1,500%"
4214,3547,"1,500%"
4214,3120,"1,500%"
4215,4045,"1,500%"
4215,3999,"1,500%"
4215,3712,"1,500%"
4215,3627,"1,500%"
4215,3468,"1,500%"
4215,3380,"1,500%"
4223,4452,"1,500%"
4225,4479,"1,500%"
4225,3805,"1,500%"
4225,3713,"1,500%"
4227,4164,"1,500%"
4227,3950,"1,500%"
4227,3944,"1,500%"
4227,3925,"1,500%"
4227,3771,"1,500%"
4227,3771,"1,500%"
4227,3555,"1,500%"
4227,3541,"1,500%"
4227,2901,"1,500%"
4227,2826,"1,500%"
4227,163,"1,500%"
4233,4347,"1,500%"
4233,4143,"1,500%"
4233,3978,"1,500%"
4233,3735,"1,500%"
4233,3621,"1,500%"
4233,3572,"1,500%"
4233,3562,"1,500%"
4233,3399,"1,500%"
4236,4392,"1,500%"
4236,3832,"1,500%"
4236,3605,"1,500%"
4237,2841,"1,500%"
4239,3525,"1,500%"
4240,4078,"1,500%"
4240,3651,"1,500%"
4241,9994,"1,500%"
4241,7675,"1,500%"
4241,4586,"1,500%"
4241,4373,"1,500%"
4241,3712,"1,500%"
4241,3380,"1,500%"
4241,2987,"1,500%"
4241,1093,"1,500%"
4246,10103,"1,500%"
4246,9202,"1,500%"
4246,9070,"1,500%"
4246,8973,"1,500%"
4246,8630,"1,500%"
4246,4782,"1,500%"
4246,4574,"1,500%"
4246,4570,"1,500%"
4246,4536,"1,500%"
4246,4454,"1,500%"
4246,4413,"1,500%"
4246,4164,"1,500%"
4246,4124,"1,500%"
4246,4124,"1,500%"
4246,3944,"1,500%"
4246,3925,"1,500%"
4246,3840,"1,500%"
4246,3771,"1,500%"
4246,3328,"1,500%"
4246,3319,"1,500%"
4246,3313,"1,500%"
4246,3159,"1,500%"
4246,3158,"1,500%"
4246,3134,"1,500%"
4246,2967,"1,500%"
4246,2898,"1,500%"
4246,2869,"1,500%"
4246,2811,"1,500%"
4246,2756,"1,500%"
4246,2421,"1,500%"
4246,422,"1,500%"
4246,315,"1,500%"
4246,302,"1,500%"
4246,146,"1,500%"
4247,3719,"1,500%"
4248,9983,"1,500%"
4248,4690,"1,500%"
4248,4513,"1,500%"
4248,4392,"1,500%"
4248,4178,"1,500%"
4248,4092,"1,500%"
4248,3453,"1,500%"
4248,159,"1,500%"
4249,4237,"1,500%"
4249,2318,"1,500%"
4250,10132,"1,500%"
4250,7642,"1,500%"
4250,7618,"1,500%"
4250,4002,"1,500%"
4250,3897,"1,500%"
4250,2904,"1,500%"
4250,2802,"1,500%"
4250,2354,"1,500%"
4250,518,"1,500%"
4250,402,"1,500%"
4250,217,"1,500%"
4250,184,"1,500%"
4254,10041,"1,500%"
4254,4032,"1,500%"
4254,3611,"1,500%"
4254,3022,"1,500%"
4254,2641,"1,500%"
4256,4899,"1,500%"
4256,635,"1,500%"
4267,8935,"1,500%"
4267,4406,"1,500%"
4267,3545,"1,500%"
4267,3226,"1,500%"
4267,1921,"1,500%"
4268,4715,"1,500%"
4268,3738,"1,500%"
4268,3570,"1,500%"
4268,2314,"1,500%"
4270,3642,"1,500%"
4272,4270,"1,500%"
4272,3791,"1,500%"
4276,9435,"1,500%"
4276,7413,"1,500%"
4276,5319,"1,500%"
4280,2425,"1,500%"
4281,7197,"1,500%"
4281,4237,"1,500%"
4281,4168,"1,500%"
4281,3685,"1,500%"
4283,9285,"1,500%"
4283,4956,"1,500%"
4283,4334,"1,500%"
4283,3710,"1,500%"
4284,9285,"1,500%"
4284,4401,"1,500%"
4284,4237,"1,500%"
4285,4289,"1,500%"
4285,3767,"1,500%"
4285,3756,"1,500%"
4289,4412,"1,500%"
4289,4108,"1,500%"
4289,3808,"1,500%"
4289,3547,"1,500%"
4294,4823,"1,500%"
4294,3013,"1,500%"
4294,2931,"1,500%"
4298,8053,"1,500%"
4298,7747,"1,500%"
4298,4591,"1,500%"
4298,28,"1,500%"
4303,9819,"1,500%"
4303,3224,"1,500%"
4303,3022,"1,500%"
4303,2851,"1,500%"
4303,2826,"1,500%"
4308,4750,"1,500%"
4309,9940,"1,500%"
4309,6643,"1,500%"
4309,4931,"1,500%"
4309,4373,"1,500%"
4309,4340,"1,500%"
4309,4025,"1,500%"
4309,3902,"1,500%"
4309,494,"1,500%"
4309,214,"1,500%"
4312,3801,"1,500%"
4313,4371,"1,500%"
4316,9818,"1,500%"
4316,9734,"1,500%"
4316,9687,"1,500%"
4316,9682,"1,500%"
4316,9005,"1,500%"
4316,8032,"1,500%"
4316,8011,"1,500%"
4316,7961,"1,500%"
4316,4596,"1,500%"
4316,4463,"1,500%"
4316,3653,"1,500%"
4316,1409,"1,500%"
4316,1152,"1,500%"
4316,700,"1,500%"
4316,447,"1,500%"
4316,137,"1,500%"
4316,137,"1,500%"
4319,4097,"1,500%"
4319,3829,"1,500%"
4319,3733,"1,500%"
4319,414,"1,500%"
4322,4181,"1,500%"
4323,6397,"1,500%"
4323,5239,"1,500%"
4323,5239,"1,500%"
4323,2248,"1,500%"
4323,380,"1,500%"
4331,7801,"1,500%"
4331,5825,"1,500%"
4331,5769,"1,500%"
4331,5673,"1,500%"
4331,5174,"1,500%"
4331,5151,"1,500%"
4331,5136,"1,500%"
4331,4905,"1,500%"
4331,361,"1,500%"
4332,226,"1,500%"
4336,9141,"1,500%"
4336,9111,"1,500%"
4336,9108,"1,500%"
4336,4584,"1,500%"
4336,4386,"1,500%"
4336,3776,"1,500%"
4336,3335,"1,500%"
4336,395,"1,500%"
4338,9968,"1,500%"
4338,4566,"1,500%"
4338,4378,"1,500%"
4338,3877,"1,500%"
4338,3827,"1,500%"
4338,3408,"1,500%"
4338,3408,"1,500%"
4339,10112,"1,500%"
4339,6360,"1,500%"
4339,4501,"1,500%"
4339,4434,"1,500%"
4339,4379,"1,500%"
4339,4373,"1,500%"
4339,4025,"1,500%"
4339,4002,"1,500%"
4339,3987,"1,500%"
4339,3902,"1,500%"
4339,3871,"1,500%"
4339,3836,"1,500%"
4339,3688,"1,500%"
4339,3648,"1,500%"
4339,3276,"1,500%"
4339,3247,"1,500%"
4339,2858,"1,500%"
4339,2756,"1,500%"
4339,516,"1,500%"
4339,269,"1,500%"
4340,4488,"1,500%"
4340,4464,"1,500%"
4340,4373,"1,500%"
4340,3578,"1,500%"
4340,3173,"1,500%"
4340,2858,"1,500%"
4340,2756,"1,500%"
4340,2658,"1,500%"
4343,4509,"1,500%"
4343,4344,"1,500%"
4343,3838,"1,500%"
4345,9584,"1,500%"
4345,5537,"1,500%"
4345,4763,"1,500%"
4345,2343,"1,500%"
4355,10049,"1,500%"
4358,9914,"1,500%"
4358,4268,"1,500%"
4358,4123,"1,500%"
4358,4021,"1,500%"
4358,3895,"1,500%"
4358,3810,"1,500%"
4361,3605,"1,500%"
4362,4531,"1,500%"
4362,4021,"1,500%"
4362,3570,"1,500%"
4364,9140,"1,500%"
4364,9138,"1,500%"
4364,9109,"1,500%"
4364,8876,"1,500%"
4364,7967,"1,500%"
4364,7733,"1,500%"
4364,7692,"1,500%"
4364,7691,"1,500%"
4364,7639,"1,500%"
4364,5662,"1,500%"
4364,5169,"1,500%"
4364,4997,"1,500%"
4364,4886,"1,500%"
4364,4585,"1,500%"
4364,3921,"1,500%"
4364,3918,"1,500%"
4364,3827,"1,500%"
4364,3677,"1,500%"
4364,3485,"1,500%"
4364,3449,"1,500%"
4364,3189,"1,500%"
4364,2401,"1,500%"
4364,1908,"1,500%"
4364,534,"1,500%"
4364,523,"1,500%"
4364,399,"1,500%"
4364,271,"1,500%"
4364,248,"1,500%"
4364,239,"1,500%"
4366,9722,"1,500%"
4366,3545,"1,500%"
4366,3298,"1,500%"
4366,2709,"1,500%"
4366,1167,"1,500%"
4370,9743,"1,500%"
4370,9434,"1,500%"
4370,411,"1,500%"
4371,9914,"1,500%"
4371,4268,"1,500%"
4371,3810,"1,500%"
4371,525,"1,500%"
4371,479,"1,500%"
4372,4380,"1,500%"
4376,2802,"1,500%"
4377,8334,"1,500%"
4377,6715,"1,500%"
4377,5020,"1,500%"
4377,4869,"1,500%"
4377,4866,"1,500%"
4377,4373,"1,500%"
4377,3999,"1,500%"
4377,3737,"1,500%"
4377,3380,"1,500%"
4377,2858,"1,500%"
4380,4543,"1,500%"
4380,3605,"1,500%"
4382,4474,"1,500%"
4382,3875,"1,500%"
4383,10080,"1,500%"
4383,6646,"1,500%"
4383,6395,"1,500%"
4383,5537,"1,500%"
4383,4513,"1,500%"
4383,4452,"1,500%"
4383,4063,"1,500%"
4383,3956,"1,500%"
4383,3956,"1,500%"
4383,3407,"1,500%"
4383,2343,"1,500%"
4386,9141,"1,500%"
4386,9138,"1,500%"
4386,8613,"1,500%"
4386,3827,"1,500%"
4389,4452,"1,500%"
4389,4329,"1,500%"
4389,4178,"1,500%"
4389,3685,"1,500%"
4389,2005,"1,500%"
4393,4585,"1,500%"
4393,3877,"1,500%"
4393,3776,"1,500%"
4393,1908,"1,500%"
4393,534,"1,500%"
4393,523,"1,500%"
4393,419,"1,500%"
4398,4168,"1,500%"
4398,3693,"1,500%"
4399,6096,"1,500%"
4400,4025,"1,500%"
4400,3902,"1,500%"
4404,9584,"1,500%"
4404,6026,"1,500%"
4404,5269,"1,500%"
4404,4291,"1,500%"
4404,4212,"1,500%"
4404,3607,"1,500%"
4404,3441,"1,500%"
4404,1228,"1,500%"
4404,441,"1,500%"
4406,4316,"1,500%"
4407,7828,"1,500%"
4407,7677,"1,500%"
4407,7617,"1,500%"
4407,6715,"1,500%"
4407,4373,"1,500%"
4407,4189,"1,500%"
4407,3999,"1,500%"
4407,2858,"1,500%"
4407,2618,"1,500%"
4407,2618,"1,500%"
4407,440,"1,500%"
4407,258,"1,500%"
4407,229,"1,500%"
4408,4382,"1,500%"
4408,77,"1,500%"
4409,4442,"1,500%"
4409,4039,"1,500%"
4409,3860,"1,500%"
4409,3682,"1,500%"
4409,3572,"1,500%"
4409,3562,"1,500%"
4409,2773,"1,500%"
4409,1109,"1,500%"
4409,743,"1,500%"
4409,434,"1,500%"
4410,3324,"1,500%"
4413,7042,"1,500%"
4413,3935,"1,500%"
4413,2928,"1,500%"
4413,2815,"1,500%"
4413,2340,"1,500%"
4413,1146,"1,500%"
4413,758,"1,500%"
4414,8876,"1,500%"
4414,3677,"1,500%"
4414,3631,"1,500%"
4414,3485,"1,500%"
4414,1137,"1,500%"
4418,9192,"1,500%"
4418,7840,"1,500%"
4418,4655,"1,500%"
4418,4538,"1,500%"
4418,4434,"1,500%"
4418,3809,"1,500%"
4418,3721,"1,500%"
4418,2734,"1,500%"
4418,2605,"1,500%"
4418,1123,"1,500%"
4418,722,"1,500%"
4418,344,"1,500%"
4419,4038,"1,500%"
4419,3622,"1,500%"
4419,2988,"1,500%"
4419,2756,"1,500%"
4424,4488,"1,500%"
4424,4373,"1,500%"
4424,3380,"1,500%"
4424,2756,"1,500%"
4424,739,"1,500%"
4424,222,"1,500%"
4428,7918,"1,500%"
4428,7752,"1,500%"
4428,7748,"1,500%"
4428,3963,"1,500%"
4428,3933,"1,500%"
4428,1146,"1,500%"
4428,422,"1,500%"
4428,231,"1,500%"
4430,4135,"1,500%"
4430,3188,"1,500%"
4432,9285,"1,500%"
4432,3685,"1,500%"
4435,4179,"1,500%"
4437,3879,"1,500%"
4437,3187,"1,500%"
4440,3810,"1,500%"
4440,3698,"1,500%"
4440,2340,"1,500%"
4447,10112,"1,500%"
4447,9111,"1,500%"
4447,9108,"1,500%"
4447,4584,"1,500%"
4447,4386,"1,500%"
4447,3918,"1,500%"
4447,3877,"1,500%"
4447,1908,"1,500%"
4447,1766,"1,500%"
4447,534,"1,500%"
4447,395,"1,500%"
4450,6917,"1,500%"
4450,4706,"1,500%"
4450,63,"1,500%"
4451,4116,"1,500%"
4454,10127,"1,500%"
4454,10126,"1,500%"
4454,10111,"1,500%"
4454,10103,"1,500%"
4454,10088,"1,500%"
4454,10044,"1,500%"
4454,9733,"1,500%"
4454,9725,"1,500%"
4454,9202,"1,500%"
4454,8630,"1,500%"
4454,8047,"1,500%"
4454,7889,"1,500%"
4454,7815,"1,500%"
4454,7811,"1,500%"
4454,7611,"1,500%"
4454,4782,"1,500%"
4454,4669,"1,500%"
4454,4551,"1,500%"
4454,4533,"1,500%"
4454,3925,"1,500%"
4454,3924,"1,500%"
4454,3771,"1,500%"
4454,3699,"1,500%"
4454,3304,"1,500%"
4454,3251,"1,500%"
4454,3205,"1,500%"
4454,3166,"1,500%"
4454,3158,"1,500%"
4454,3009,"1,500%"
4454,2967,"1,500%"
4454,2901,"1,500%"
4454,2851,"1,500%"
4454,2848,"1,500%"
4454,2826,"1,500%"
4454,2703,"1,500%"
4454,2670,"1,500%"
4454,2660,"1,500%"
4454,2598,"1,500%"
4454,2410,"1,500%"
4454,2324,"1,500%"
4454,2305,"1,500%"
4454,1149,"1,500%"
4454,682,"1,500%"
4454,462,"1,500%"
4454,436,"1,500%"
4454,386,"1,500%"
4454,146,"1,500%"
4455,3603,"1,500%"
4455,446,"1,500%"
4455,185,"1,500%"
4455,177,"1,500%"
4455,174,"1,500%"
4457,3522,"1,500%"
4459,4488,"1,500%"
4459,4304,"1,500%"
4459,3889,"1,500%"
4459,3712,"1,500%"
4459,3627,"1,500%"
4459,3486,"1,500%"
4459,1789,"1,500%"
4459,122,"1,500%"
4466,9914,"1,500%"
4466,9914,"1,500%"
4466,4418,"1,500%"
4466,182,"1,500%"
4467,9110,"1,500%"
4467,6858,"1,500%"
4467,5539,"1,500%"
4467,5169,"1,500%"
4467,4584,"1,500%"
4467,4088,"1,500%"
4467,3829,"1,500%"
4467,3671,"1,500%"
4467,3189,"1,500%"
4467,1908,"1,500%"
4467,414,"1,500%"
4467,395,"1,500%"
4467,276,"1,500%"
4467,271,"1,500%"
4474,4382,"1,500%"
4477,10049,"1,500%"
4477,9985,"1,500%"
4477,9936,"1,500%"
4477,7799,"1,500%"
4477,4513,"1,500%"
4477,4333,"1,500%"
4477,4285,"1,500%"
4477,4237,"1,500%"
4477,4196,"1,500%"
4477,4156,"1,500%"
4477,3989,"1,500%"
4477,3825,"1,500%"
4477,3819,"1,500%"
4477,3818,"1,500%"
4477,3793,"1,500%"
4477,3767,"1,500%"
4477,3685,"1,500%"
4480,9977,"1,500%"
4480,7994,"1,500%"
4480,7615,"1,500%"
4480,5875,"1,500%"
4480,4488,"1,500%"
4480,4025,"1,500%"
4480,3907,"1,500%"
4480,3902,"1,500%"
4480,3902,"1,500%"
4480,3578,"1,500%"
4480,3276,"1,500%"
4480,3232,"1,500%"
4480,2850,"1,500%"
4480,2545,"1,500%"
4480,1150,"1,500%"
4480,392,"1,500%"
4480,392,"1,500%"
4480,369,"1,500%"
4480,263,"1,500%"
4480,245,"1,500%"
4481,4482,"1,500%"
4481,4481,"1,500%"
4483,92,"1,500%"
4485,4474,"1,500%"
4485,3905,"1,500%"
4486,3837,"1,500%"
4486,2701,"1,500%"
4487,4025,"1,500%"
4490,4491,"1,500%"
4490,4490,"1,500%"
4490,3999,"1,500%"
4490,3729,"1,500%"
4495,4496,"1,500%"
4495,4485,"1,500%"
4496,9959,"1,500%"
4496,9293,"1,500%"
4496,4495,"1,500%"
4496,4329,"1,500%"
4496,3652,"1,500%"
4496,3643,"1,500%"
4496,3525,"1,500%"
4503,3767,"1,500%"
4503,3713,"1,500%"
4503,3685,"1,500%"
4503,3605,"1,500%"
4510,9968,"1,500%"
4510,4383,"1,500%"
4511,4285,"1,500%"
4511,4219,"1,500%"
4513,10119,"1,500%"
4513,10110,"1,500%"
4513,10091,"1,500%"
4513,9985,"1,500%"
4513,7920,"1,500%"
4513,7878,"1,500%"
4513,7799,"1,500%"
4513,7774,"1,500%"
4513,4785,"1,500%"
4513,4763,"1,500%"
4513,4717,"1,500%"
4513,4615,"1,500%"
4513,4532,"1,500%"
4513,4490,"1,500%"
4513,4474,"1,500%"
4513,4433,"1,500%"
4513,4408,"1,500%"
4513,4346,"1,500%"
4513,4334,"1,500%"
4513,4169,"1,500%"
4513,3818,"1,500%"
4513,3804,"1,500%"
4513,3744,"1,500%"
4513,3685,"1,500%"
4513,3630,"1,500%"
4513,3520,"1,500%"
4513,3511,"1,500%"
4513,3130,"1,500%"
4513,2972,"1,500%"
4513,2376,"1,500%"
4513,2338,"1,500%"
4513,2303,"1,500%"
4513,372,"1,500%"
4513,304,"1,500%"
4513,165,"1,500%"
4513,151,"1,500%"
4513,145,"1,500%"
4513,14,"1,500%"
4514,3163,"1,500%"
4514,2626,"1,500%"
4514,2567,"1,500%"
4514,88,"1,500%"
4514,32,"1,500%"
4514,6,"1,500%"
4520,9110,"1,500%"
4520,7979,"1,500%"
4520,7864,"1,500%"
4520,7860,"1,500%"
4520,7733,"1,500%"
4520,1011,"1,500%"
4520,276,"1,500%"
4529,2725,"1,500%"
4574,10090,"1,500%"
4574,8858,"1,500%"
4574,4178,"1,500%"
4574,3944,"1,500%"
4574,3925,"1,500%"
4574,3771,"1,500%"
4581,9336,"1,500%"
4581,4080,"1,500%"
4581,2735,"1,500%"
4587,6101,"1,500%"
4587,5892,"1,500%"
4587,3671,"1,500%"
4587,3631,"1,500%"
4591,4502,"1,500%"
4591,4373,"1,500%"
4591,3902,"1,500%"
4591,3578,"1,500%"
4591,2858,"1,500%"
4595,10080,"1,500%"
4595,7532,"1,500%"
4595,6701,"1,500%"
4595,5617,"1,500%"
4595,5489,"1,500%"
4595,4291,"1,500%"
4598,7996,"1,500%"
4598,7602,"1,500%"
4598,7601,"1,500%"
4598,7482,"1,500%"
4598,7018,"1,500%"
4598,6994,"1,500%"
4598,6950,"1,500%"
4598,6928,"1,500%"
4598,6924,"1,500%"
4598,6924,"1,500%"
4598,6728,"1,500%"
4598,6505,"1,500%"
4598,6215,"1,500%"
4598,6214,"1,500%"
4598,6003,"1,500%"
4598,6002,"1,500%"
4598,5778,"1,500%"
4598,5360,"1,500%"
4598,5315,"1,500%"
4598,5212,"1,500%"
4598,5167,"1,500%"
4599,3676,"1,500%"
4605,6219,"1,500%"
4605,5916,"1,500%"
4605,4301,"1,500%"
4605,3944,"1,500%"
4605,3724,"1,500%"
4605,3134,"1,500%"
4606,4346,"1,500%"
4606,3685,"1,500%"
4606,3502,"1,500%"
4606,3502,"1,500%"
4621,4576,"1,500%"
4623,7352,"1,500%"
4623,6947,"1,500%"
4623,6945,"1,500%"
4623,6944,"1,500%"
4623,6251,"1,500%"
4623,5126,"1,500%"
4624,5641,"1,500%"
4624,3892,"1,500%"
4631,4698,"1,500%"
4631,4698,"1,500%"
4635,4301,"1,500%"
4644,3978,"1,500%"
4647,5525,"1,500%"
4647,3244,"1,500%"
4647,2756,"1,500%"
4647,488,"1,500%"
4650,3819,"1,500%"
4650,3819,"1,500%"
4651,6401,"1,500%"
4651,5757,"1,500%"
4653,3276,"1,500%"
4656,3453,"1,500%"
4658,5507,"1,500%"
4658,4557,"1,500%"
4658,3862,"1,500%"
4659,10080,"1,500%"
4659,6736,"1,500%"
4659,6435,"1,500%"
4659,6426,"1,500%"
4659,5780,"1,500%"
4666,9678,"1,500%"
4666,7083,"1,500%"
4666,5244,"1,500%"
4666,4488,"1,500%"
4666,3173,"1,500%"
4667,4884,"1,500%"
4676,6646,"1,500%"
4676,4168,"1,500%"
4676,3525,"1,500%"
4680,9807,"1,500%"
4680,9305,"1,500%"
4680,7129,"1,500%"
4680,7048,"1,500%"
4680,5994,"1,500%"
4680,5054,"1,500%"
4680,4762,"1,500%"
4680,2993,"1,500%"
4680,2871,"1,500%"
4680,1908,"1,500%"
4680,169,"1,500%"
4682,10080,"1,500%"
4682,10077,"1,500%"
4682,3767,"1,500%"
4682,3481,"1,500%"
4683,4425,"1,500%"
4683,3905,"1,500%"
4683,3808,"1,500%"
4683,3782,"1,500%"
4683,3719,"1,500%"
4683,3685,"1,500%"
4683,3683,"1,500%"
4685,3756,"1,500%"
4686,5364,"1,500%"
4703,7947,"1,500%"
4703,5349,"1,500%"
4703,4928,"1,500%"
4703,4188,"1,500%"
4703,4139,"1,500%"
4703,4071,"1,500%"
4703,3567,"1,500%"
4703,2913,"1,500%"
4703,2860,"1,500%"
4703,2642,"1,500%"
4703,2415,"1,500%"
4704,6230,"1,500%"
4704,4488,"1,500%"
4704,4460,"1,500%"
4704,4373,"1,500%"
4704,3880,"1,500%"
4704,3745,"1,500%"
4704,3578,"1,500%"
4704,3380,"1,500%"
4704,2756,"1,500%"
4705,4416,"1,500%"
4705,4350,"1,500%"
4705,3742,"1,500%"
4705,3705,"1,500%"
4705,3309,"1,500%"
4705,2894,"1,500%"
4713,7945,"1,500%"
4713,6643,"1,500%"
4713,5051,"1,500%"
4713,4931,"1,500%"
4713,4930,"1,500%"
4713,3999,"1,500%"
4713,2858,"1,500%"
4713,2756,"1,500%"
4714,3739,"1,500%"
4724,3408,"1,500%"
4726,7680,"1,500%"
4726,7413,"1,500%"
4726,5353,"1,500%"
4726,4082,"1,500%"
4726,3477,"1,500%"
4726,1920,"1,500%"
4732,10080,"1,500%"
4732,7434,"1,500%"
4738,8587,"1,500%"
4738,7947,"1,500%"
4738,6777,"1,500%"
4738,3889,"1,500%"
4738,3889,"1,500%"
4739,5021,"1,500%"
4739,4343,"1,500%"
4739,3481,"1,500%"
4740,5581,"1,500%"
4740,4420,"1,500%"
4740,2708,"1,500%"
4740,2686,"1,500%"
4751,3380,"1,500%"
4755,10080,"1,500%"
4755,10080,"1,500%"
4755,10080,"1,500%"
4755,7069,"1,500%"
4755,4141,"1,500%"
4759,7129,"1,500%"
4759,2948,"1,500%"
4761,4750,"1,500%"
4762,3320,"1,500%"
4763,4345,"1,500%"
4763,3605,"1,500%"
4764,4792,"1,500%"
4766,10029,"1,500%"
4766,9981,"1,500%"
4766,6322,"1,500%"
4766,4999,"1,500%"
4766,4801,"1,500%"
4766,4488,"1,500%"
4766,4379,"1,500%"
4766,4321,"1,500%"
4766,4038,"1,500%"
4766,4002,"1,500%"
4766,3999,"1,500%"
4766,3979,"1,500%"
4766,3970,"1,500%"
4766,3732,"1,500%"
4766,3276,"1,500%"
4766,3276,"1,500%"
4766,3247,"1,500%"
4766,2802,"1,500%"
4767,4488,"1,500%"
4767,4221,"1,500%"
4767,4115,"1,500%"
4767,3094,"1,500%"
4770,4869,"1,500%"
4772,3655,"1,500%"
4772,3653,"1,500%"
4772,3647,"1,500%"
4777,10080,"1,500%"
4777,7307,"1,500%"
4777,3562,"1,500%"
4778,5537,"1,500%"
4779,4885,"1,500%"
4781,4339,"1,500%"
4781,4311,"1,500%"
4784,5229,"1,500%"
4784,4570,"1,500%"
4784,3944,"1,500%"
4784,3925,"1,500%"
4784,3572,"1,500%"
4784,3555,"1,500%"
4784,3541,"1,500%"
4784,3205,"1,500%"
4784,2918,"1,500%"
4784,2348,"1,500%"
4790,4734,"1,500%"
4790,4350,"1,500%"
4790,2396,"1,500%"
7930,9547,"1,500%"
7930,4823,"1,500%"
7930,4578,"1,500%"
7930,4566,"1,500%"
7930,4513,"1,500%"
7930,4410,"1,500%"
7930,4184,"1,500%"
7930,3980,"1,500%"
7930,3973,"1,500%"
7930,3745,"1,500%"
7930,3669,"1,500%"
7930,3470,"1,500%"
7930,972,"1,500%"
7930,269,"1,500%"
7933,9313,"1,500%"
7933,8973,"1,500%"
8064,9470,"1,500%"
8064,7024,"1,500%"
8064,5892,"1,500%"
8064,4062,"1,500%"
8064,3408,"1,500%"
8064,519,"1,500%"
8078,9308,"1,500%"
8082,9501,"1,500%"
8082,9480,"1,500%"
8082,2392,"1,500%"
8083,9309,"1,500%"
8083,9098,"1,500%"
8083,8084,"1,500%"
8083,7380,"1,500%"
8083,6446,"1,500%"
8083,4295,"1,500%"
8083,3685,"1,500%"
8083,3453,"1,500%"
8083,3442,"1,500%"
8083,2402,"1,500%"
8083,2154,"1,500%"
8083,2154,"1,500%"
8083,283,"1,500%"
8084,1078,"1,500%"
8085,6272,"1,500%"
8090,5971,"1,500%"
8092,5842,"1,500%"
8092,5109,"1,500%"
8101,9403,"1,500%"
8111,9400,"1,500%"
8123,7516,"1,500%"
8123,6565,"1,500%"
8127,9480,"1,500%"
8141,9482,"1,500%"
8142,9392,"1,500%"
8142,9100,"1,500%"
8142,8936,"1,500%"
8142,8935,"1,500%"
8142,8152,"1,500%"
8142,8129,"1,500%"
8142,8105,"1,500%"
8142,8097,"1,500%"
8142,4574,"1,500%"
8147,9566,"1,500%"
8147,9470,"1,500%"
8149,7407,"1,500%"
8152,6849,"1,500%"
8152,6848,"1,500%"
8152,5607,"1,500%"
8152,1156,"1,500%"
8160,9469,"1,500%"
8161,8935,"1,500%"
8164,4488,"1,500%"
8164,4373,"1,500%"
8164,3999,"1,500%"
8164,2756,"1,500%"
8170,9293,"1,500%"
8180,8998,"1,500%"
8180,8998,"1,500%"
8180,8371,"1,500%"
8180,7521,"1,500%"
8181,8544,"1,500%"
8181,8519,"1,500%"
8182,9009,"1,500%"
8182,8999,"1,500%"
8186,4866,"1,500%"
8186,4488,"1,500%"
8186,4373,"1,500%"
8186,3380,"1,500%"
8186,2858,"1,500%"
8186,2756,"1,500%"
8196,4488,"1,500%"
8196,4373,"1,500%"
8196,3999,"1,500%"
8196,3380,"1,500%"
8196,2858,"1,500%"
8196,2756,"1,500%"
8198,4488,"1,500%"
8198,4373,"1,500%"
8198,3380,"1,500%"
8198,2858,"1,500%"
8198,2756,"1,500%"
8208,9307,"1,500%"
8208,9274,"1,500%"
8208,8999,"1,500%"
8208,8973,"1,500%"
8208,8935,"1,500%"
8208,8636,"1,500%"
8208,8414,"1,500%"
8208,8214,"1,500%"
8208,8209,"1,500%"
8208,4574,"1,500%"
8208,4570,"1,500%"
8208,4301,"1,500%"
8209,8648,"1,500%"
8211,9383,"1,500%"
8212,9566,"1,500%"
8222,8096,"1,500%"
8226,9689,"1,500%"
8226,9371,"1,500%"
8227,4488,"1,500%"
8227,2756,"1,500%"
8227,1202,"1,500%"
8228,4488,"1,500%"
8228,4373,"1,500%"
8228,3999,"1,500%"
8228,2756,"1,500%"
8230,9173,"1,500%"
8230,8662,"1,500%"
8239,7110,"1,500%"
8241,9308,"1,500%"
8242,8671,"1,500%"
8250,8256,"1,500%"
8251,9674,"1,500%"
8251,9295,"1,500%"
8251,9274,"1,500%"
8251,9272,"1,500%"
8251,9258,"1,500%"
8251,9230,"1,500%"
8251,9229,"1,500%"
8251,9225,"1,500%"
8251,9224,"1,500%"
8251,9223,"1,500%"
8251,9221,"1,500%"
8251,9215,"1,500%"
8251,9212,"1,500%"
8251,9163,"1,500%"
8251,9154,"1,500%"
8251,9146,"1,500%"
8251,9136,"1,500%"
8251,9133,"1,500%"
8251,9131,"1,500%"
8251,9130,"1,500%"
8251,9126,"1,500%"
8251,9122,"1,500%"
8251,9098,"1,500%"
8251,9095,"1,500%"
8251,9089,"1,500%"
8251,9085,"1,500%"
8251,9081,"1,500%"
8251,9080,"1,500%"
8251,9079,"1,500%"
8251,9078,"1,500%"
8251,9076,"1,500%"
8251,9071,"1,500%"
8251,9067,"1,500%"
8251,9066,"1,500%"
8251,9065,"1,500%"
8251,9057,"1,500%"
8251,9051,"1,500%"
8251,9050,"1,500%"
8251,9047,"1,500%"
8251,9046,"1,500%"
8251,9045,"1,500%"
8251,9042,"1,500%"
8251,9040,"1,500%"
8251,9036,"1,500%"
8251,9035,"1,500%"
8251,9032,"1,500%"
8251,9031,"1,500%"
8251,9020,"1,500%"
8251,9018,"1,500%"
8251,9015,"1,500%"
8251,9009,"1,500%"
8251,9007,"1,500%"
8251,9006,"1,500%"
8251,9005,"1,500%"
8251,9004,"1,500%"
8251,9003,"1,500%"
8251,9002,"1,500%"
8251,9001,"1,500%"
8251,9000,"1,500%"
8251,8999,"1,500%"
8251,8984,"1,500%"
8251,8983,"1,500%"
8251,8981,"1,500%"
8251,8978,"1,500%"
8251,8977,"1,500%"
8251,8975,"1,500%"
8251,8973,"1,500%"
8251,8970,"1,500%"
8251,8966,"1,500%"
8251,8965,"1,500%"
8251,8959,"1,500%"
8251,8951,"1,500%"
8251,8949,"1,500%"
8251,8943,"1,500%"
8251,8941,"1,500%"
8251,8940,"1,500%"
8251,8936,"1,500%"
8251,8935,"1,500%"
8251,8911,"1,500%"
8251,8892,"1,500%"
8251,8876,"1,500%"
8251,8866,"1,500%"
8251,8861,"1,500%"
8251,8843,"1,500%"
8251,8788,"1,500%"
8251,8783,"1,500%"
8251,8781,"1,500%"
8251,8780,"1,500%"
8251,8768,"1,500%"
8251,8759,"1,500%"
8251,8757,"1,500%"
8251,8756,"1,500%"
8251,8748,"1,500%"
8251,8745,"1,500%"
8251,8705,"1,500%"
8251,8695,"1,500%"
8251,8690,"1,500%"
8251,8685,"1,500%"
8251,8666,"1,500%"
8251,8664,"1,500%"
8251,8567,"1,500%"
8251,8467,"1,500%"
8251,8294,"1,500%"
8251,4574,"1,500%"
8251,4570,"1,500%"
8251,4447,"1,500%"
8251,991,"1,500%"
8251,976,"1,500%"
8255,9030,"1,500%"
8255,4640,"1,500%"
8260,270,"1,500%"
8267,6510,"1,500%"
8267,1885,"1,500%"
8270,8241,"1,500%"
8271,9284,"1,500%"
8272,8266,"1,500%"
8274,9308,"1,500%"
8275,4488,"1,500%"
8275,4373,"1,500%"
8275,3380,"1,500%"
8275,2756,"1,500%"
8280,4488,"1,500%"
8280,2858,"1,500%"
8280,2756,"1,500%"
8280,2393,"1,500%"
8283,9550,"1,500%"
8283,9293,"1,500%"
8283,9258,"1,500%"
8283,9257,"1,500%"
8283,9173,"1,500%"
8286,5255,"1,500%"
8286,4488,"1,500%"
8286,2393,"1,500%"
8286,2379,"1,500%"
8288,1095,"1,500%"
8292,7570,"1,500%"
8292,4908,"1,500%"
8310,9416,"1,500%"
8310,9415,"1,500%"
8310,4386,"1,500%"
8328,8151,"1,500%"
8330,8999,"1,500%"
8337,9470,"1,500%"
8337,9081,"1,500%"
8337,8971,"1,500%"
8337,8413,"1,500%"
8337,3974,"1,500%"
8337,2869,"1,500%"
8337,1049,"1,500%"
8348,9494,"1,500%"
8348,9296,"1,500%"
8348,9230,"1,500%"
8348,9175,"1,500%"
8348,9141,"1,500%"
8348,9108,"1,500%"
8348,9100,"1,500%"
8348,9099,"1,500%"
8348,9098,"1,500%"
8348,9096,"1,500%"
8348,9003,"1,500%"
8348,8999,"1,500%"
8348,8998,"1,500%"
8348,8985,"1,500%"
8348,8973,"1,500%"
8348,8936,"1,500%"
8348,8935,"1,500%"
8348,8930,"1,500%"
8348,8924,"1,500%"
8348,8923,"1,500%"
8348,8922,"1,500%"
8348,8888,"1,500%"
8348,8879,"1,500%"
8348,8876,"1,500%"
8348,8867,"1,500%"
8348,8843,"1,500%"
8348,8765,"1,500%"
8348,8762,"1,500%"
8348,8757,"1,500%"
8348,8756,"1,500%"
8348,8755,"1,500%"
8348,8753,"1,500%"
8348,8744,"1,500%"
8348,8740,"1,500%"
8348,8734,"1,500%"
8348,8733,"1,500%"
8348,8732,"1,500%"
8348,8729,"1,500%"
8348,8717,"1,500%"
8348,8716,"1,500%"
8348,8706,"1,500%"
8348,8692,"1,500%"
8348,8685,"1,500%"
8348,8680,"1,500%"
8348,8678,"1,500%"
8348,8539,"1,500%"
8348,8507,"1,500%"
8348,8497,"1,500%"
8348,8493,"1,500%"
8348,8476,"1,500%"
8348,8468,"1,500%"
8348,8465,"1,500%"
8348,8445,"1,500%"
8348,8441,"1,500%"
8348,8341,"1,500%"
8348,8340,"1,500%"
8348,8339,"1,500%"
8348,8307,"1,500%"
8348,4574,"1,500%"
8348,4301,"1,500%"
8348,3918,"1,500%"
8349,9669,"1,500%"
8349,4406,"1,500%"
8349,3344,"1,500%"
8349,3023,"1,500%"
8349,1921,"1,500%"
8365,9566,"1,500%"
8365,9470,"1,500%"
8365,3727,"1,500%"
8368,9566,"1,500%"
8368,9470,"1,500%"
8371,7814,"1,500%"
8372,9470,"1,500%"
8374,9477,"1,500%"
8378,9274,"1,500%"
8378,8983,"1,500%"
8379,9081,"1,500%"
8379,8999,"1,500%"
8379,8973,"1,500%"
8379,3727,"1,500%"
8379,3049,"1,500%"
8381,8648,"1,500%"
8381,8221,"1,500%"
8381,806,"1,500%"
8382,9245,"1,500%"
8382,3727,"1,500%"
8384,8220,"1,500%"
8384,5907,"1,500%"
8384,1921,"1,500%"
8384,678,"1,500%"
8390,9475,"1,500%"
8390,9470,"1,500%"
8390,9470,"1,500%"
8390,3727,"1,500%"
8391,6070,"1,500%"
8391,5688,"1,500%"
8394,8226,"1,500%"
8404,9469,"1,500%"
8411,9050,"1,500%"
8411,4301,"1,500%"
8412,9470,"1,500%"
8414,9258,"1,500%"
8415,7273,"1,500%"
8415,6514,"1,500%"
8416,9176,"1,500%"
8417,9392,"1,500%"
8418,9566,"1,500%"
8420,9566,"1,500%"
8421,8935,"1,500%"
8424,9469,"1,500%"
8424,4574,"1,500%"
8429,9505,"1,500%"
8433,9242,"1,500%"
8433,8388,"1,500%"
8433,8368,"1,500%"
8433,8220,"1,500%"
8433,8175,"1,500%"
8433,3727,"1,500%"
8433,2967,"1,500%"
8433,2756,"1,500%"
8433,2709,"1,500%"
8433,2174,"1,500%"
8433,1921,"1,500%"
8434,9546,"1,500%"
8435,8999,"1,500%"
8436,5784,"1,500%"
8440,9942,"1,500%"
8440,9690,"1,500%"
8440,4646,"1,500%"
8440,4570,"1,500%"
8440,4485,"1,500%"
8440,4472,"1,500%"
8440,4386,"1,500%"
8440,4350,"1,500%"
8440,4123,"1,500%"
8440,4011,"1,500%"
8440,3978,"1,500%"
8440,3927,"1,500%"
8440,3925,"1,500%"
8440,3833,"1,500%"
8440,3827,"1,500%"
8440,3783,"1,500%"
8440,3742,"1,500%"
8440,3656,"1,500%"
8440,3605,"1,500%"
8440,3572,"1,500%"
8440,3474,"1,500%"
8440,3344,"1,500%"
8440,2725,"1,500%"
8440,2349,"1,500%"
8440,516,"1,500%"
8440,395,"1,500%"
679,688,"1,496%"
1169,5042,"1,496%"
1370,6650,"1,496%"
1604,8973,"1,496%"
1822,1907,"1,496%"
2259,6371,"1,496%"
8819,3433,"1,496%"
1210,6383,"1,485%"
1247,6043,"1,485%"
1488,2134,"1,485%"
1573,4992,"1,485%"
1631,2003,"1,485%"
1803,6974,"1,485%"
1912,6931,"1,485%"
2143,1258,"1,485%"
4451,3825,"1,485%"
9968,10036,"1,485%"
1201,4855,"1,474%"
1641,6119,"1,474%"
7732,5496,"1,474%"
9664,6195,"1,474%"
930,4830,"1,463%"
1460,1221,"1,463%"
2514,5137,"1,463%"
8992,9524,"1,463%"
1424,2075,"1,452%"
1460,5402,"1,452%"
1788,2231,"1,452%"
1815,1815,"1,452%"
9393,9290,"1,452%"
1806,5421,"1,441%"
1843,4159,"1,441%"
1854,2179,"1,441%"
1911,2165,"1,441%"
1998,1862,"1,441%"
2206,6145,"1,441%"
7932,7934,"1,441%"
9228,3136,"1,441%"
9907,3825,"1,441%"
1224,4806,"1,430%"
1460,6718,"1,430%"
1469,5440,"1,430%"
1909,6057,"1,430%"
2172,4989,"1,430%"
3736,3313,"1,430%"
4364,7682,"1,430%"
4364,3182,"1,430%"
4390,5537,"1,430%"
4390,5202,"1,430%"
8633,9372,"1,430%"
8633,9372,"1,430%"
9129,8867,"1,430%"
9312,8702,"1,430%"
9502,8937,"1,430%"
1201,5407,"1,419%"
1398,5904,"1,419%"
1383,5006,"1,408%"
1601,5013,"1,408%"
1773,1930,"1,408%"
3489,5092,"1,408%"
9448,6554,"1,408%"
9870,6434,"1,408%"
1487,1723,"1,397%"
4234,8014,"1,397%"
9031,7907,"1,397%"
9666,7566,"1,397%"
1301,1654,"1,386%"
2010,6817,"1,386%"
9284,9870,"1,386%"
1469,7373,"1,375%"
1486,1873,"1,375%"
1523,1200,"1,375%"
1744,6930,"1,375%"
1745,9433,"1,375%"
1779,2023,"1,375%"
1980,1992,"1,375%"
1990,1972,"1,375%"
2897,3734,"1,375%"
4211,4869,"1,375%"
8255,9055,"1,375%"
8872,6091,"1,375%"
1761,1316,"1,364%"
1964,1493,"1,364%"
2008,7113,"1,364%"
2219,2232,"1,364%"
9120,9131,"1,364%"
9849,6789,"1,364%"
772,5183,"1,353%"
1477,5918,"1,353%"
9710,655,"1,353%"
1182,4988,"1,342%"
1269,5693,"1,342%"
1281,563,"1,342%"
1415,6290,"1,342%"
1603,1668,"1,342%"
1641,1418,"1,342%"
1731,5832,"1,342%"
2010,1922,"1,342%"
9431,4574,"1,342%"
9968,3868,"1,342%"
1215,1802,"1,331%"
1486,1809,"1,331%"
2199,1874,"1,331%"
4417,190,"1,331%"
879,849,"1,320%"
1224,6431,"1,320%"
1269,6164,"1,320%"
1611,2190,"1,320%"
1660,1930,"1,320%"
2041,2106,"1,320%"
2106,2282,"1,320%"
3736,3404,"1,320%"
9050,9110,"1,320%"
9125,9108,"1,320%"
9531,9376,"1,320%"
9648,555,"1,320%"
1910,5280,"1,309%"
1912,6833,"1,309%"
2276,2285,"1,309%"
8655,1820,"1,309%"
1296,1314,"1,298%"
1482,7474,"1,298%"
1733,4202,"1,298%"
2050,1262,"1,298%"
2271,2099,"1,298%"
8704,6606,"1,298%"
1194,1981,"1,287%"
1380,1786,"1,287%"
1457,6145,"1,287%"
1615,5718,"1,287%"
1767,5398,"1,287%"
1801,4202,"1,287%"
1814,1944,"1,287%"
1957,9896,"1,287%"
2025,6743,"1,287%"
2250,7372,"1,287%"
1211,5716,"1,276%"
1389,5601,"1,276%"
1684,1959,"1,276%"
836,9546,"1,265%"
1169,7033,"1,265%"
1377,1550,"1,265%"
1745,6870,"1,265%"
1917,5301,"1,265%"
8069,9300,"1,265%"
8775,8779,"1,265%"
548,9456,"1,254%"
1882,6542,"1,254%"
2082,2165,"1,254%"
2086,1368,"1,254%"
2190,7103,"1,254%"
4514,76,"1,254%"
8205,5685,"1,254%"
8682,4949,"1,254%"
8755,926,"1,254%"
1460,1169,"1,243%"
1839,7195,"1,243%"
1976,7349,"1,243%"
2117,1921,"1,243%"
2231,1664,"1,243%"
9968,9990,"1,243%"
9968,3471,"1,243%"
1724,6127,"1,232%"
1801,2080,"1,232%"
1882,2009,"1,232%"
9231,7196,"1,232%"
9659,6436,"1,232%"
1357,7564,"1,221%"
1779,1766,"1,221%"
2004,1827,"1,221%"
2154,4202,"1,221%"
8242,9284,"1,221%"
1174,7364,"1,210%"
1188,1293,"1,210%"
1651,1843,"1,210%"
1745,5686,"1,210%"
1999,3021,"1,210%"
2137,1776,"1,210%"
2680,249,"1,210%"
3736,3859,"1,210%"
4364,6295,"1,210%"
8255,9289,"1,210%"
8526,5971,"1,210%"
9050,9109,"1,210%"
9080,9877,"1,210%"
1457,6145,"1,199%"
1649,715,"1,199%"
1744,7137,"1,199%"
2037,1378,"1,199%"
2216,2097,"1,199%"
9662,9661,"1,199%"
1363,1396,"1,188%"
1460,5403,"1,188%"
1468,5697,"1,188%"
1804,1430,"1,188%"
1876,1764,"1,188%"
2055,2040,"1,188%"
9466,7538,"1,188%"
1744,6005,"1,177%"
1910,5280,"1,177%"
1976,5460,"1,177%"
2047,7131,"1,177%"
8373,6973,"1,177%"
9541,8716,"1,177%"
9635,623,"1,177%"
112,125,"1,166%"
1313,1509,"1,166%"
1357,2140,"1,166%"
1375,2246,"1,166%"
1460,1932,"1,166%"
1705,2068,"1,166%"
2221,6209,"1,166%"
9721,6054,"1,166%"
9743,9746,"1,166%"
9870,9752,"1,166%"
1245,6035,"1,155%"
1380,5395,"1,155%"
1581,5026,"1,155%"
2206,2053,"1,155%"
1313,1509,"1,144%"
1469,6154,"1,144%"
2206,2253,"1,144%"
8069,9298,"1,144%"
9299,6589,"1,144%"
9968,9993,"1,144%"
730,5446,"1,133%"
1194,1973,"1,133%"
1285,1681,"1,133%"
1464,2044,"1,133%"
1736,1775,"1,133%"
1960,5321,"1,133%"
2026,5751,"1,133%"
2225,5844,"1,133%"
1486,2290,"1,122%"
2086,1917,"1,122%"
2102,2232,"1,122%"
2278,4948,"1,122%"
9316,6602,"1,122%"
9437,6325,"1,122%"
112,136,"1,111%"
1469,7173,"1,111%"
1640,2068,"1,111%"
1767,1511,"1,111%"
1864,2242,"1,111%"
1926,2031,"1,111%"
2141,1966,"1,111%"
2225,1896,"1,111%"
3544,3607,"1,111%"
7845,7839,"1,111%"
44,10080,"1,100%"
48,6096,"1,100%"
48,3818,"1,100%"
59,3134,"1,100%"
59,59,"1,100%"
96,10123,"1,100%"
1323,6021,"1,100%"
1651,1277,"1,100%"
1673,2262,"1,100%"
1908,2023,"1,100%"
1976,2132,"1,100%"
2018,5395,"1,100%"
2088,1908,"1,100%"
2420,10080,"1,100%"
2568,5612,"1,100%"
2665,5428,"1,100%"
2666,4188,"1,100%"
2709,3653,"1,100%"
2927,4561,"1,100%"
2978,3973,"1,100%"
3021,10080,"1,100%"
3021,6635,"1,100%"
3021,1999,"1,100%"
3031,6532,"1,100%"
3031,3712,"1,100%"
3057,3969,"1,100%"
3376,2924,"1,100%"
3486,3380,"1,100%"
3506,9138,"1,100%"
3506,276,"1,100%"
3736,4901,"1,100%"
3736,4423,"1,100%"
3754,6318,"1,100%"
4091,3793,"1,100%"
4182,6641,"1,100%"
4182,4346,"1,100%"
4364,9108,"1,100%"
4364,4097,"1,100%"
4366,10080,"1,100%"
4393,3918,"1,100%"
4587,4970,"1,100%"
7844,7973,"1,100%"
8834,8798,"1,100%"
9050,9111,"1,100%"
9050,395,"1,100%"
9125,3918,"1,100%"
9131,9140,"1,100%"
9131,9111,"1,100%"
9254,9252,"1,100%"
9328,8468,"1,100%"
9583,9577,"1,100%"
9583,6320,"1,100%"
608,671,"1,089%"
1262,2023,"1,089%"
1343,6821,"1,089%"
1460,2134,"1,089%"
1495,1418,"1,089%"
1782,1983,"1,089%"
1979,9092,"1,089%"
1990,1893,"1,089%"
2001,5500,"1,089%"
2110,1983,"1,089%"
2203,2102,"1,089%"
2269,8606,"1,089%"
4333,4333,"1,089%"
9666,5826,"1,089%"
1940,2040,"1,078%"
2102,1993,"1,078%"
2109,5718,"1,078%"
3511,4071,"1,078%"
9680,9680,"1,078%"
9815,5571,"1,078%"
9919,1072,"1,078%"
1464,7202,"1,067%"
1589,1265,"1,067%"
1802,6830,"1,067%"
1871,2232,"1,067%"
1911,2197,"1,067%"
1951,8468,"1,067%"
9968,4104,"1,067%"
953,8937,"1,056%"
1295,1623,"1,056%"
1905,2235,"1,056%"
1906,1931,"1,056%"
1907,6236,"1,056%"
3023,7992,"1,056%"
4285,6989,"1,056%"
7771,8034,"1,056%"
862,9526,"1,045%"
1404,6106,"1,045%"
1849,2084,"1,045%"
4386,9110,"1,045%"
9314,9098,"1,045%"
9968,1131,"1,045%"
1048,7383,"1,034%"
1195,7448,"1,034%"
1403,5296,"1,034%"
1973,1194,"1,034%"
2207,2207,"1,034%"
4514,6760,"1,034%"
9098,9314,"1,034%"
9743,7984,"1,034%"
9842,8481,"1,034%"
548,6265,"1,023%"
1233,5950,"1,023%"
1734,1755,"1,023%"
2228,5272,"1,023%"
2233,1384,"1,023%"
4109,4288,"1,023%"
1223,1867,"1,012%"
1225,7473,"1,012%"
1445,7022,"1,012%"
1864,1627,"1,012%"
1990,2041,"1,012%"
2036,1204,"1,012%"
2135,1280,"1,012%"
4451,7368,"1,012%"
9652,1147,"1,012%"
1048,9365,"1,001%"
1439,1282,"1,001%"
2014,8716,"1,001%"
2075,2113,"1,001%"
2113,1971,"1,001%"
2172,1908,"1,001%"
1384,2233,"0,990%"
1427,6731,"0,990%"
2036,2059,"0,990%"
2063,2260,"0,990%"
2142,2230,"0,990%"
2150,1763,"0,990%"
2226,2175,"0,990%"
2234,1916,"0,990%"
3112,4020,"0,990%"
3483,3903,"0,990%"
4364,7674,"0,990%"
4574,2161,"0,990%"
8578,8547,"0,990%"
1394,1200,"0,979%"
1469,5681,"0,979%"
1669,3727,"0,979%"
1799,1684,"0,979%"
2096,7121,"0,979%"
2137,2068,"0,979%"
2171,2284,"0,979%"
2265,2154,"0,979%"
9572,4873,"0,979%"
589,129,"0,968%"
1503,2144,"0,968%"
2171,2284,"0,968%"
8825,7505,"0,968%"
1274,1518,"0,957%"
1463,1420,"0,957%"
1540,6102,"0,957%"
1724,6653,"0,957%"
1763,2131,"0,957%"
1779,1876,"0,957%"
1798,7338,"0,957%"
1803,5076,"0,957%"
1908,1766,"0,957%"
1986,3615,"0,957%"
2018,2060,"0,957%"
3757,5118,"0,957%"
4514,7255,"0,957%"
8789,9622,"0,957%"
9136,9109,"0,957%"
9666,7530,"0,957%"
9666,5487,"0,957%"
9891,6336,"0,957%"
1365,8952,"0,946%"
1624,3748,"0,946%"
1737,2065,"0,946%"
1806,6362,"0,946%"
1876,1766,"0,946%"
2074,2095,"0,946%"
3155,4567,"0,946%"
4109,4495,"0,946%"
1622,1876,"0,935%"
1905,1303,"0,935%"
1944,1874,"0,935%"
1990,1608,"0,935%"
2259,6370,"0,935%"
4451,3921,"0,935%"
9109,1073,"0,935%"
9907,9956,"0,935%"
1404,1740,"0,924%"
1562,6218,"0,924%"
1806,5420,"0,924%"
2107,1459,"0,924%"
9332,561,"0,924%"
9572,9845,"0,924%"
662,719,"0,913%"
1270,6236,"0,913%"
1936,1578,"0,913%"
1990,5728,"0,913%"
2091,2230,"0,913%"
2112,4852,"0,913%"
2516,9296,"0,913%"
2687,6651,"0,913%"
9514,766,"0,913%"
9968,10020,"0,913%"
9968,6189,"0,913%"
1740,2286,"0,902%"
1834,6835,"0,902%"
1844,6371,"0,902%"
1847,5413,"0,902%"
1847,5412,"0,902%"
2135,1273,"0,902%"
2283,1779,"0,902%"
9890,9583,"0,902%"
1236,7461,"0,891%"
1265,1589,"0,891%"
1335,1351,"0,891%"
1540,6103,"0,891%"
1817,5313,"0,891%"
1879,1893,"0,891%"
2077,4993,"0,891%"
4333,5652,"0,891%"
4756,7519,"0,891%"
9177,8296,"0,891%"
1211,2150,"0,880%"
1286,1406,"0,880%"
1363,7822,"0,880%"
1488,1779,"0,880%"
1558,7355,"0,880%"
1697,1775,"0,880%"
2035,9113,"0,880%"
2042,1874,"0,880%"
2139,4975,"0,880%"
2680,6504,"0,880%"
2680,332,"0,880%"
2709,4273,"0,880%"
3736,4304,"0,880%"
8184,8581,"0,880%"
8434,179,"0,880%"
9131,9141,"0,880%"
9423,9025,"0,880%"
9528,8425,"0,880%"
9571,6262,"0,880%"
9603,7568,"0,880%"
1287,5701,"0,869%"
1366,7389,"0,869%"
1402,1698,"0,869%"
1404,6738,"0,869%"
1789,2288,"0,869%"
2200,7716,"0,869%"
3718,6745,"0,869%"
9721,9812,"0,869%"
10055,5273,"0,869%"
1887,1816,"0,858%"
1964,2278,"0,858%"
1977,1760,"0,858%"
2141,2146,"0,858%"
2171,1809,"0,858%"
4386,9289,"0,858%"
8385,1423,"0,858%"
9553,8830,"0,858%"
1908,1986,"0,847%"
1956,4948,"0,847%"
2222,1599,"0,847%"
2228,1490,"0,847%"
779,8987,"0,836%"
993,895,"0,836%"
9710,672,"0,836%"
1231,6596,"0,825%"
1385,1476,"0,825%"
1585,4084,"0,825%"
1782,7528,"0,825%"
2045,2045,"0,825%"
2047,2047,"0,825%"
2084,2187,"0,825%"
2257,7017,"0,825%"
2565,7554,"0,825%"
8876,8030,"0,825%"
9283,5803,"0,825%"
9769,4887,"0,825%"
1274,1317,"0,814%"
1307,2020,"0,814%"
1663,6142,"0,814%"
2145,1788,"0,814%"
2215,1843,"0,814%"
3418,8436,"0,814%"
9874,582,"0,814%"
1434,1271,"0,803%"
1673,5695,"0,803%"
1765,6304,"0,803%"
1966,1921,"0,803%"
1977,2179,"0,803%"
2102,1871,"0,803%"
2198,2172,"0,803%"
9847,9785,"0,803%"
10003,4584,"0,800%"
10003,4447,"0,800%"
10003,4386,"0,800%"
10003,4055,"0,800%"
10003,3918,"0,800%"
10003,3877,"0,800%"
10003,3829,"0,800%"
10003,3827,"0,800%"
10003,3733,"0,800%"
10003,3505,"0,800%"
10003,1766,"0,800%"
10003,534,"0,800%"
10003,523,"0,800%"
10003,503,"0,800%"
10003,395,"0,800%"
10003,276,"0,800%"
10012,10032,"0,800%"
10012,9726,"0,800%"
10012,8999,"0,800%"
10012,8998,"0,800%"
10012,8935,"0,800%"
10012,7985,"0,800%"
10012,7961,"0,800%"
10012,7896,"0,800%"
10012,4526,"0,800%"
10012,4301,"0,800%"
10012,4194,"0,800%"
10012,3221,"0,800%"
10012,2782,"0,800%"
10012,1921,"0,800%"
10012,445,"0,800%"
10021,4488,"0,800%"
10021,4373,"0,800%"
10021,2906,"0,800%"
10021,2756,"0,800%"
10034,4488,"0,800%"
10034,4373,"0,800%"
10034,3380,"0,800%"
10034,2756,"0,800%"
10038,10118,"0,800%"
10038,8011,"0,800%"
10038,5371,"0,800%"
10038,4350,"0,800%"
10038,4124,"0,800%"
10038,3974,"0,800%"
10038,2950,"0,800%"
10038,191,"0,800%"
10038,2,"0,800%"
10043,3241,"0,800%"
10046,4304,"0,800%"
10048,3578,"0,800%"
10048,2858,"0,800%"
10048,2756,"0,800%"
10048,2658,"0,800%"
10053,8935,"0,800%"
10053,4301,"0,800%"
10053,3023,"0,800%"
10053,2843,"0,800%"
10056,3663,"0,800%"
10056,2701,"0,800%"
10058,10112,"0,800%"
10058,3918,"0,800%"
10058,3827,"0,800%"
10058,1908,"0,800%"
10073,7185,"0,800%"
10076,2069,"0,800%"
10113,6778,"0,800%"
10113,2174,"0,800%"
10113,1921,"0,800%"
3081,2967,"0,800%"
6667,3522,"0,800%"
6667,4061,"0,800%"
6667,3390,"0,800%"
6667,2355,"0,800%"
6671,3555,"0,800%"
6671,8312,"0,800%"
6671,3924,"0,800%"
6671,3771,"0,800%"
4955,7212,"0,800%"
4955,3713,"0,800%"
4955,5922,"0,800%"
4955,3804,"0,800%"
6296,4488,"0,800%"
6296,8334,"0,800%"
6296,4517,"0,800%"
6787,4237,"0,800%"
6787,3605,"0,800%"
7200,10080,"0,800%"
7411,4020,"0,800%"
5468,8903,"0,800%"
5468,2905,"0,800%"
7411,4080,"0,800%"
5600,5184,"0,800%"
6257,4401,"0,800%"
7411,8555,"0,800%"
7411,4139,"0,800%"
6257,3796,"0,800%"
7438,5363,"0,800%"
5468,9517,"0,800%"
5468,9242,"0,800%"
6392,8998,"0,800%"
6257,4109,"0,800%"
6392,8567,"0,800%"
4918,5090,"0,800%"
5529,3974,"0,800%"
5831,9003,"0,800%"
5053,182,"0,800%"
7486,3468,"0,800%"
4894,7333,"0,800%"
7486,4045,"0,800%"
4894,10080,"0,800%"
4894,10080,"0,800%"
5053,4440,"0,800%"
5053,479,"0,800%"
4894,10080,"0,800%"
5529,7959,"0,800%"
4894,10080,"0,800%"
5053,10080,"0,800%"
5600,10102,"0,800%"
7486,3627,"0,800%"
4894,4804,"0,800%"
6198,4373,"0,800%"
6198,2756,"0,800%"
6090,9116,"0,800%"
7438,5204,"0,800%"
6803,6302,"0,800%"
4918,7334,"0,800%"
7438,4219,"0,800%"
6523,9505,"0,800%"
6198,7303,"0,800%"
6763,3489,"0,800%"
5529,2869,"0,800%"
7002,2756,"0,800%"
6198,4488,"0,800%"
6733,3944,"0,800%"
5905,5523,"0,800%"
7210,10080,"0,800%"
6402,2788,"0,800%"
7002,10080,"0,800%"
6803,3627,"0,800%"
6090,9108,"0,800%"
4900,4139,"0,800%"
5831,3310,"0,800%"
7178,9433,"0,800%"
6733,3771,"0,800%"
6090,8684,"0,800%"
7002,4392,"0,800%"
6803,4045,"0,800%"
6803,3468,"0,800%"
5368,2858,"0,800%"
6090,7733,"0,800%"
6286,1921,"0,800%"
7096,4235,"0,800%"
4918,10080,"0,800%"
6402,7491,"0,800%"
7178,6338,"0,800%"
6546,4273,"0,800%"
7002,10080,"0,800%"
5476,4488,"0,800%"
4958,3555,"0,800%"
6733,3925,"0,800%"
5156,5165,"0,800%"
5831,3381,"0,800%"
7002,10080,"0,800%"
5156,731,"0,800%"
5368,4488,"0,800%"
6675,1119,"0,800%"
6572,7694,"0,800%"
6572,7663,"0,800%"
7020,2994,"0,800%"
5927,8817,"0,800%"
6572,9816,"0,800%"
5431,10018,"0,800%"
6572,9691,"0,800%"
4883,8011,"0,800%"
4883,2919,"0,800%"
5156,3920,"0,800%"
6612,3999,"0,800%"
4958,3541,"0,800%"
7096,3639,"0,800%"
5431,2946,"0,800%"
5944,3766,"0,800%"
5944,3674,"0,800%"
4893,4373,"0,800%"
6310,8545,"0,800%"
4893,4488,"0,800%"
5431,3153,"0,800%"
6612,3380,"0,800%"
6675,3264,"0,800%"
5944,4024,"0,800%"
5927,8945,"0,800%"
6612,4488,"0,800%"
4883,8312,"0,800%"
7020,3193,"0,800%"
4882,4488,"0,800%"
6402,2709,"0,800%"
6078,2858,"0,800%"
4883,3541,"0,800%"
6078,4488,"0,800%"
6832,2709,"0,800%"
5058,2709,"0,800%"
5058,1921,"0,800%"
6689,3862,"0,800%"
5975,4488,"0,800%"
6078,6260,"0,800%"
5318,6640,"0,800%"
5654,2161,"0,800%"
5318,4386,"0,800%"
5754,10080,"0,800%"
4893,3530,"0,800%"
4894,5237,"0,800%"
4900,10080,"0,800%"
4900,6314,"0,800%"
4900,5608,"0,800%"
4900,4459,"0,800%"
4900,4080,"0,800%"
4900,4020,"0,800%"
4900,3889,"0,800%"
4900,3889,"0,800%"
4947,765,"0,800%"
4955,5485,"0,800%"
4955,4305,"0,800%"
4955,4293,"0,800%"
4955,3605,"0,800%"
4955,3547,"0,800%"
4958,9693,"0,800%"
4958,2557,"0,800%"
4958,2485,"0,800%"
4958,1921,"0,800%"
4958,455,"0,800%"
5053,7308,"0,800%"
5058,7959,"0,800%"
5058,5822,"0,800%"
5058,4867,"0,800%"
5058,2869,"0,800%"
5058,2766,"0,800%"
5058,2766,"0,800%"
5058,1276,"0,800%"
5058,532,"0,800%"
5156,6943,"0,800%"
5156,5282,"0,800%"
5156,5168,"0,800%"
5156,732,"0,800%"
5318,4386,"0,800%"
5368,3999,"0,800%"
5368,3380,"0,800%"
5431,4488,"0,800%"
5431,4373,"0,800%"
5431,3045,"0,800%"
5468,9470,"0,800%"
5468,9274,"0,800%"
5468,8368,"0,800%"
5468,3727,"0,800%"
5476,9981,"0,800%"
5476,4373,"0,800%"
5476,4231,"0,800%"
5476,4038,"0,800%"
5476,4002,"0,800%"
5476,3979,"0,800%"
5476,3732,"0,800%"
5476,3712,"0,800%"
5476,3380,"0,800%"
5476,3352,"0,800%"
5476,3276,"0,800%"
5476,2362,"0,800%"
5476,2333,"0,800%"
5520,8011,"0,800%"
5520,3238,"0,800%"
5520,9795,"0,800%"
5520,10075,"0,800%"
5520,10039,"0,800%"
5520,9167,"0,800%"
5520,9085,"0,800%"
5520,8972,"0,800%"
5520,7959,"0,800%"
5520,3347,"0,800%"
5520,2788,"0,800%"
5520,2174,"0,800%"
5520,1921,"0,800%"
5659,8477,"0,800%"
5659,7718,"0,800%"
5659,6683,"0,800%"
5659,4680,"0,800%"
5659,4335,"0,800%"
5659,1985,"0,800%"
5659,1983,"0,800%"
5659,1828,"0,800%"
5831,8935,"0,800%"
5831,4574,"0,800%"
5905,6287,"0,800%"
5905,5609,"0,800%"
5905,5248,"0,800%"
5905,4141,"0,800%"
5905,3925,"0,800%"
5905,3893,"0,800%"
5905,3889,"0,800%"
5905,3842,"0,800%"
5905,3821,"0,800%"
5905,3771,"0,800%"
5905,3313,"0,800%"
5905,3126,"0,800%"
5905,2869,"0,800%"
5905,2811,"0,800%"
5905,2723,"0,800%"
5905,2396,"0,800%"
5905,492,"0,800%"
5905,461,"0,800%"
5955,4509,"0,800%"
5955,4305,"0,800%"
5955,4305,"0,800%"
5955,3483,"0,800%"
5955,256,"0,800%"
5975,9940,"0,800%"
5975,4373,"0,800%"
5975,4025,"0,800%"
5975,3999,"0,800%"
5975,3902,"0,800%"
5975,3745,"0,800%"
5975,2858,"0,800%"
5975,2786,"0,800%"
5975,2756,"0,800%"
5975,23,"0,800%"
6078,4373,"0,800%"
6078,3173,"0,800%"
6078,2786,"0,800%"
6090,7733,"0,800%"
6198,4697,"0,800%"
6198,4016,"0,800%"
6198,3878,"0,800%"
6198,3603,"0,800%"
6198,3578,"0,800%"
6198,3276,"0,800%"
6198,2786,"0,800%"
6198,2393,"0,800%"
6198,1120,"0,800%"
6198,1094,"0,800%"
6286,9310,"0,800%"
6286,5624,"0,800%"
6286,4406,"0,800%"
6286,1776,"0,800%"
6310,4188,"0,800%"
6402,9674,"0,800%"
6402,3967,"0,800%"
6402,3134,"0,800%"
6402,2938,"0,800%"
6402,2788,"0,800%"
6469,2725,"0,800%"
6572,2000,"0,800%"
6605,8670,"0,800%"
6675,4350,"0,800%"
6675,4202,"0,800%"
6675,3925,"0,800%"
6675,3611,"0,800%"
6675,3096,"0,800%"
6733,8973,"0,800%"
6733,8011,"0,800%"
6733,7992,"0,800%"
6733,4576,"0,800%"
6733,4570,"0,800%"
6733,4227,"0,800%"
6733,4164,"0,800%"
6733,3771,"0,800%"
6733,3159,"0,800%"
6733,2869,"0,800%"
6763,3489,"0,800%"
6763,468,"0,800%"
6787,9285,"0,800%"
6787,7413,"0,800%"
6787,4810,"0,800%"
6787,4408,"0,800%"
6787,4288,"0,800%"
6787,4169,"0,800%"
6803,3202,"0,800%"
6832,10098,"0,800%"
6832,9776,"0,800%"
6832,9773,"0,800%"
6832,9192,"0,800%"
6832,8935,"0,800%"
6832,8258,"0,800%"
6832,7819,"0,800%"
6832,7725,"0,800%"
6832,4574,"0,800%"
6832,4301,"0,800%"
6832,3925,"0,800%"
6832,3578,"0,800%"
6832,3541,"0,800%"
6832,3023,"0,800%"
6832,2872,"0,800%"
6832,1921,"0,800%"
6832,1776,"0,800%"
6832,749,"0,800%"
6832,558,"0,800%"
7178,9434,"0,800%"
7178,9433,"0,800%"
7178,6397,"0,800%"
7178,6338,"0,800%"
7178,411,"0,800%"
7210,10041,"0,800%"
7210,9050,"0,800%"
7210,4438,"0,800%"
7210,4350,"0,800%"
7210,4273,"0,800%"
7210,4124,"0,800%"
7210,4032,"0,800%"
7210,3705,"0,800%"
7210,3326,"0,800%"
7210,2869,"0,800%"
7210,2843,"0,800%"
7411,4612,"0,800%"
7411,4020,"0,800%"
7411,3973,"0,800%"
7411,3470,"0,800%"
7411,2748,"0,800%"
7411,2645,"0,800%"
7411,2344,"0,800%"
7438,3685,"0,800%"
7438,3525,"0,800%"
7486,8545,"0,800%"
7486,2352,"0,800%"
1599,2222,"0,792%"
1646,1659,"0,792%"
1782,2993,"0,792%"
1836,1474,"0,792%"
1850,2167,"0,792%"
1894,5252,"0,792%"
1927,7579,"0,792%"
2154,6930,"0,792%"
2261,5616,"0,792%"
8772,9284,"0,792%"
589,4912,"0,781%"
775,5052,"0,781%"
1014,5685,"0,781%"
1472,503,"0,781%"
1806,6828,"0,781%"
2250,1629,"0,781%"
8691,6801,"0,781%"
9805,9679,"0,781%"
1921,9878,"0,770%"
1925,7202,"0,770%"
2161,1472,"0,770%"
2197,2181,"0,770%"
2283,1908,"0,770%"
2577,7947,"0,770%"
2709,3326,"0,770%"
9234,6454,"0,770%"
9571,9574,"0,770%"
1624,5270,"0,759%"
1640,6138,"0,759%"
1796,1932,"0,759%"
1998,5352,"0,759%"
2014,8498,"0,759%"
1169,2229,"0,748%"
2036,6965,"0,748%"
2175,2226,"0,748%"
2206,6131,"0,748%"
3260,5371,"0,748%"
3435,1745,"0,748%"
3544,3922,"0,748%"
4514,6642,"0,748%"
8241,8243,"0,748%"
8471,7499,"0,748%"
9572,9598,"0,748%"
1180,9007,"0,737%"
1357,7565,"0,737%"
1653,1653,"0,737%"
1837,1244,"0,737%"
1962,1552,"0,737%"
2219,1993,"0,737%"
2229,2015,"0,737%"
2231,5199,"0,737%"
2283,5853,"0,737%"
8508,916,"0,737%"
1169,1928,"0,726%"
1850,1764,"0,726%"
2004,2294,"0,726%"
2004,1819,"0,726%"
9594,8678,"0,726%"
9603,9824,"0,726%"
651,579,"0,715%"
1215,5222,"0,715%"
1647,1795,"0,715%"
1990,2106,"0,715%"
2132,2132,"0,715%"
1219,7730,"0,704%"
1225,7883,"0,704%"
1464,5417,"0,704%"
1678,6767,"0,704%"
1811,7972,"0,704%"
1883,6545,"0,704%"
1904,2244,"0,704%"
1941,7475,"0,704%"
2204,1421,"0,704%"
2274,1620,"0,704%"
9874,9871,"0,704%"
1233,7790,"0,693%"
1279,2224,"0,693%"
1524,1479,"0,693%"
1661,2278,"0,693%"
1661,1956,"0,693%"
1782,1983,"0,693%"
1828,1250,"0,693%"
1939,4844,"0,693%"
2078,2229,"0,693%"
2088,2088,"0,693%"
2137,2229,"0,693%"
2171,1760,"0,693%"
2230,5077,"0,693%"
2259,2092,"0,693%"
3218,7785,"0,693%"
3364,5457,"0,693%"
9634,5160,"0,693%"
9634,187,"0,693%"
993,9283,"0,682%"
1262,2088,"0,682%"
1316,1761,"0,682%"
1462,1760,"0,682%"
1779,1163,"0,682%"
1846,5631,"0,682%"
1958,5303,"0,682%"
870,9044,"0,671%"
993,6547,"0,671%"
1204,2059,"0,671%"
2245,1984,"0,671%"
9572,9573,"0,671%"
1274,7375,"0,660%"
2005,2300,"0,660%"
2092,6371,"0,660%"
2154,1621,"0,660%"
2686,5937,"0,660%"
8434,9492,"0,660%"
8747,8349,"0,660%"
9050,4611,"0,660%"
9050,4585,"0,660%"
9131,9138,"0,660%"
9603,7568,"0,660%"
9649,659,"0,660%"
1659,1646,"0,649%"
1902,1822,"0,649%"
2037,6038,"0,649%"
2271,2099,"0,649%"
9571,9845,"0,649%"
9572,5533,"0,649%"
9661,9662,"0,649%"
9721,648,"0,649%"
888,8213,"0,638%"
993,7045,"0,638%"
1247,5384,"0,638%"
1775,1736,"0,638%"
1851,4923,"0,638%"
1944,1927,"0,638%"
1962,7464,"0,638%"
1963,5125,"0,638%"
2143,5038,"0,638%"
2190,5311,"0,638%"
2231,1316,"0,638%"
3011,394,"0,638%"
9430,1041,"0,638%"
9647,9845,"0,638%"
9891,6804,"0,638%"
1218,5283,"0,627%"
1316,6935,"0,627%"
1364,1393,"0,627%"
1423,2241,"0,627%"
1464,1925,"0,627%"
1486,1835,"0,627%"
1744,6004,"0,627%"
1792,6292,"0,627%"
1815,1979,"0,627%"
1951,9305,"0,627%"
2128,4898,"0,627%"
2163,1320,"0,627%"
3011,4139,"0,627%"
3662,8035,"0,627%"
7741,7992,"0,627%"
9039,564,"0,627%"
1014,5334,"0,616%"
1301,3133,"0,616%"
1383,6128,"0,616%"
1816,7529,"0,616%"
1817,2019,"0,616%"
1844,2259,"0,616%"
2197,2165,"0,616%"
2206,6145,"0,616%"
3051,7082,"0,616%"
8443,9261,"0,616%"
9183,8936,"0,616%"
9571,9573,"0,616%"
9833,9229,"0,616%"
9860,6087,"0,616%"
1418,1495,"0,605%"
1678,1438,"0,605%"
1773,1930,"0,605%"
1891,2182,"0,605%"
2198,1862,"0,605%"
4272,2050,"0,605%"
9674,7684,"0,605%"
9842,7294,"0,605%"
1223,6969,"0,594%"
1764,6676,"0,594%"
1806,1576,"0,594%"
1864,2176,"0,594%"
2027,6398,"0,594%"
2199,1958,"0,594%"
2254,2181,"0,594%"
2278,1956,"0,594%"
7740,7969,"0,594%"
7832,7878,"0,594%"
9842,581,"0,594%"
1177,2032,"0,583%"
1664,2231,"0,583%"
1858,1382,"0,583%"
1902,5816,"0,583%"
1996,6300,"0,583%"
2084,1849,"0,583%"
4451,6770,"0,583%"
8070,8068,"0,583%"
8442,1062,"0,583%"
9689,565,"0,583%"
1197,7007,"0,572%"
1218,1760,"0,572%"
1321,6186,"0,572%"
1384,6855,"0,572%"
1421,7555,"0,572%"
1810,1611,"0,572%"
1849,2187,"0,572%"
1869,5732,"0,572%"
2004,7868,"0,572%"
2128,6923,"0,572%"
8269,5788,"0,572%"
9364,9368,"0,572%"
993,5231,"0,561%"
1239,1628,"0,561%"
1338,1935,"0,561%"
1352,1611,"0,561%"
1383,6798,"0,561%"
1676,5254,"0,561%"
1683,2174,"0,561%"
1845,5345,"0,561%"
1881,1816,"0,561%"
1954,5530,"0,561%"
1990,1779,"0,561%"
2207,7910,"0,561%"
2229,6145,"0,561%"
2264,3262,"0,561%"
2271,2285,"0,561%"
857,9387,"0,550%"
1201,2038,"0,550%"
1280,1467,"0,550%"
1432,6452,"0,550%"
1483,1760,"0,550%"
1663,4904,"0,550%"
1831,1226,"0,550%"
1874,7579,"0,550%"
1913,5306,"0,550%"
1983,1940,"0,550%"
2109,1615,"0,550%"
2200,1758,"0,550%"
2214,6539,"0,550%"
3375,10080,"0,550%"
3463,4466,"0,550%"
3624,10080,"0,550%"
3954,3958,"0,550%"
8442,9273,"0,550%"
1349,1908,"0,539%"
1585,1602,"0,539%"
1622,1908,"0,539%"
1673,1258,"0,539%"
1796,1795,"0,539%"
1810,5179,"0,539%"
1894,5827,"0,539%"
1962,7086,"0,539%"
1983,2993,"0,539%"
2005,2070,"0,539%"
2219,1871,"0,539%"
993,5786,"0,528%"
1290,5714,"0,528%"
1361,8384,"0,528%"
1407,6902,"0,528%"
1462,5271,"0,528%"
1744,5127,"0,528%"
1765,5210,"0,528%"
1791,4202,"0,528%"
1811,2229,"0,528%"
1958,1944,"0,528%"
1998,2084,"0,528%"
2075,1966,"0,528%"
2113,1935,"0,528%"
2137,2078,"0,528%"
2200,1928,"0,528%"
1199,6421,"0,517%"
1251,1196,"0,517%"
1372,1320,"0,517%"
1474,1474,"0,517%"
1486,1490,"0,517%"
1640,6137,"0,517%"
1764,1764,"0,517%"
1787,1328,"0,517%"
1876,1779,"0,517%"
1921,715,"0,517%"
1974,5663,"0,517%"
1975,5284,"0,517%"
4451,10080,"0,517%"
8070,9292,"0,517%"
8267,6840,"0,517%"
8425,9528,"0,517%"
9891,6335,"0,517%"
9968,10010,"0,517%"
1514,6490,"0,506%"
1631,5409,"0,506%"
1768,5317,"0,506%"
1806,6430,"0,506%"
1902,6236,"0,506%"
1913,2067,"0,506%"
1945,1879,"0,506%"
2162,2195,"0,506%"
2288,1490,"0,506%"
3026,2738,"0,506%"
8747,1091,"0,506%"
9870,7010,"0,506%"
1196,7040,"0,495%"
1199,6420,"0,495%"
1391,7544,"0,495%"
1663,1996,"0,495%"
1764,7558,"0,495%"
1768,6877,"0,495%"
1806,6034,"0,495%"
1894,2249,"0,495%"
2070,2005,"0,495%"
2145,1664,"0,495%"
2170,2206,"0,495%"
2206,1611,"0,495%"
2268,8692,"0,495%"
2269,4863,"0,495%"
4514,5526,"0,495%"
8433,6489,"0,495%"
9177,8066,"0,495%"
9750,728,"0,495%"
1217,2003,"0,484%"
1673,6598,"0,484%"
1819,1694,"0,484%"
1838,1619,"0,484%"
1863,1782,"0,484%"
1879,2106,"0,484%"
2161,2023,"0,484%"
7650,5138,"0,484%"
9022,716,"0,484%"
9710,8042,"0,484%"
1588,1588,"0,473%"
1796,9897,"0,473%"
1822,6245,"0,473%"
1946,1784,"0,473%"
2000,829,"0,473%"
2208,1779,"0,473%"
1300,7227,"0,462%"
1316,1788,"0,462%"
1618,1852,"0,462%"
1745,5562,"0,462%"
1779,2006,"0,462%"
1906,1285,"0,462%"
2099,6456,"0,462%"
2199,1927,"0,462%"
2284,2171,"0,462%"
8117,771,"0,462%"
1321,7534,"0,451%"
1389,5601,"0,451%"
1447,5073,"0,451%"
1486,1950,"0,451%"
1523,5378,"0,451%"
1616,7445,"0,451%"
1891,2045,"0,451%"
1921,8255,"0,451%"
1969,1263,"0,451%"
2030,5863,"0,451%"
2206,6138,"0,451%"
2229,2078,"0,451%"
2239,5286,"0,451%"
8747,9627,"0,451%"
9408,1064,"0,451%"
9968,3524,"0,451%"
1196,1801,"0,440%"
1343,5733,"0,440%"
1703,2033,"0,440%"
1768,2214,"0,440%"
1806,6531,"0,440%"
1845,1767,"0,440%"
1852,2266,"0,440%"
2035,9113,"0,440%"
2161,1864,"0,440%"
2201,5877,"0,440%"
9131,276,"0,440%"
10053,8756,"0,440%"
10053,8255,"0,440%"
1213,1801,"0,429%"
1488,5865,"0,429%"
1679,2094,"0,429%"
1768,5375,"0,429%"
1844,1227,"0,429%"
1941,1755,"0,429%"
2042,1927,"0,429%"
2146,3262,"0,429%"
2205,5448,"0,429%"
3155,3281,"0,429%"
4386,1073,"0,429%"
8439,8637,"0,429%"
1673,5980,"0,418%"
1676,4202,"0,418%"
1740,1227,"0,418%"
1930,1930,"0,418%"
2077,1635,"0,418%"
2206,7244,"0,418%"
2238,2017,"0,418%"
2297,6526,"0,418%"
4044,806,"0,418%"
4514,4826,"0,418%"
9308,8278,"0,418%"
9968,9936,"0,418%"
1316,2231,"0,407%"
1374,2076,"0,407%"
1391,5256,"0,407%"
1474,6595,"0,407%"
1673,5980,"0,407%"
1900,5678,"0,407%"
1945,5770,"0,407%"
1998,7365,"0,407%"
2172,1779,"0,407%"
2229,2137,"0,407%"
8671,8672,"0,407%"
9571,7670,"0,407%"
112,4104,"0,396%"
1202,5884,"0,396%"
1664,6472,"0,396%"
1806,6654,"0,396%"
1899,7374,"0,396%"
2102,1574,"0,396%"
2122,2264,"0,396%"
2199,2042,"0,396%"
2202,1763,"0,396%"
2229,6451,"0,396%"
2229,2053,"0,396%"
9308,554,"0,396%"
9364,803,"0,396%"
9968,10060,"0,396%"
1012,6060,"0,385%"
1231,6596,"0,385%"
1280,2135,"0,385%"
1432,5646,"0,385%"
1779,6369,"0,385%"
1811,2015,"0,385%"
1843,7152,"0,385%"
1845,5398,"0,385%"
1879,2041,"0,385%"
1902,1907,"0,385%"
1939,8606,"0,385%"
2083,2148,"0,385%"
2083,1718,"0,385%"
2088,7039,"0,385%"
3112,1931,"0,385%"
4451,6549,"0,385%"
4451,4209,"0,385%"
7752,585,"0,385%"
730,7714,"0,374%"
1270,6409,"0,374%"
1316,1664,"0,374%"
1394,7575,"0,374%"
1432,6686,"0,374%"
1459,6203,"0,374%"
1614,842,"0,374%"
1705,2118,"0,374%"
1788,1761,"0,374%"
1811,9656,"0,374%"
1843,2215,"0,374%"
1873,1227,"0,374%"
1930,2057,"0,374%"
1956,7012,"0,374%"
1969,5692,"0,374%"
2092,1227,"0,374%"
2672,4304,"0,374%"
9664,5782,"0,374%"
1200,2053,"0,363%"
1292,1776,"0,363%"
1372,1648,"0,363%"
1402,6920,"0,363%"
1554,6905,"0,363%"
1646,2163,"0,363%"
1763,6182,"0,363%"
1806,6680,"0,363%"
1845,5314,"0,363%"
1848,8671,"0,363%"
1929,7323,"0,363%"
2250,1311,"0,363%"
4451,6255,"0,363%"
9870,9637,"0,363%"
984,7592,"0,352%"
1191,7055,"0,352%"
1201,6147,"0,352%"
1292,2137,"0,352%"
1321,7553,"0,352%"
1540,6102,"0,352%"
1552,1683,"0,352%"
1585,2174,"0,352%"
1794,1546,"0,352%"
1811,1928,"0,352%"
1928,2200,"0,352%"
2179,6674,"0,352%"
2292,5711,"0,352%"
4408,9752,"0,352%"
4451,5492,"0,352%"
1234,2045,"0,341%"
1428,5836,"0,341%"
1486,2284,"0,341%"
1676,2115,"0,341%"
1828,2074,"0,341%"
1858,5712,"0,341%"
1876,4827,"0,341%"
1899,9291,"0,341%"
1899,5081,"0,341%"
1925,2044,"0,341%"
1983,2110,"0,341%"
2050,1773,"0,341%"
2061,2067,"0,341%"
2088,6916,"0,341%"
2181,1911,"0,341%"
2189,8308,"0,341%"
2238,1753,"0,341%"
2266,6381,"0,341%"
9361,8690,"0,341%"
9364,3438,"0,341%"
9365,9474,"0,341%"
9860,9718,"0,341%"
879,881,"0,330%"
1169,2068,"0,330%"
1206,6042,"0,330%"
1300,5182,"0,330%"
1676,1779,"0,330%"
1808,6159,"0,330%"
1836,7485,"0,330%"
1972,1893,"0,330%"
2064,7470,"0,330%"
2229,7623,"0,330%"
2278,5709,"0,330%"
2615,4130,"0,330%"
3375,10080,"0,330%"
3673,7680,"0,330%"
8449,668,"0,330%"
8733,8948,"0,330%"
9364,9184,"0,330%"
9408,9353,"0,330%"
9609,622,"0,330%"
9878,7109,"0,330%"
1229,1229,"0,319%"
1246,7206,"0,319%"
1273,9324,"0,319%"
1486,5722,"0,319%"
1615,5696,"0,319%"
1677,1681,"0,319%"
1763,2150,"0,319%"
1817,2239,"0,319%"
1844,6372,"0,319%"
1875,2004,"0,319%"
2004,6874,"0,319%"
2200,1758,"0,319%"
2201,2085,"0,319%"
2207,2207,"0,319%"
2208,2172,"0,319%"
2225,1842,"0,319%"
3260,2919,"0,319%"
4451,7224,"0,319%"
7769,7970,"0,319%"
9247,7497,"0,319%"
9584,9601,"0,319%"
9584,9584,"0,319%"
1288,7142,"0,308%"
1295,1522,"0,308%"
1514,1672,"0,308%"
1744,6937,"0,308%"
1758,6829,"0,308%"
1817,1946,"0,308%"
1819,2263,"0,308%"
1884,2248,"0,308%"
2004,2200,"0,308%"
2014,5999,"0,308%"
2113,6400,"0,308%"
2154,7802,"0,308%"
2181,2082,"0,308%"
2228,1789,"0,308%"
2239,6187,"0,308%"
2264,2122,"0,308%"
2852,8036,"0,308%"
1236,1228,"0,297%"
1274,5675,"0,297%"
1343,7350,"0,297%"
1742,6903,"0,297%"
1758,2267,"0,297%"
1822,4578,"0,297%"
1854,5752,"0,297%"
1956,6008,"0,297%"
2036,1204,"0,297%"
2199,1874,"0,297%"
2268,1828,"0,297%"
9364,830,"0,297%"
1379,4916,"0,286%"
1447,1342,"0,286%"
1811,2200,"0,286%"
1854,1854,"0,286%"
1880,6979,"0,286%"
2067,1260,"0,286%"
2072,6588,"0,286%"
2125,5636,"0,286%"
2137,7487,"0,286%"
2202,2003,"0,286%"
8472,2219,"0,286%"
8472,1638,"0,286%"
8628,7271,"0,286%"
9283,7196,"0,286%"
9284,8242,"0,286%"
9672,9677,"0,286%"
1217,2993,"0,275%"
1223,523,"0,275%"
1502,2274,"0,275%"
1558,1558,"0,275%"
1618,2294,"0,275%"
1631,7964,"0,275%"
1673,5130,"0,275%"
1801,1986,"0,275%"
1840,5843,"0,275%"
1967,1888,"0,275%"
1976,5908,"0,275%"
2088,1262,"0,275%"
2137,8497,"0,275%"
2169,2168,"0,275%"
2222,1261,"0,275%"
2250,5577,"0,275%"
3051,3593,"0,275%"
7704,7882,"0,275%"
9870,7165,"0,275%"
1173,5298,"0,264%"
1234,1325,"0,264%"
1262,1233,"0,264%"
1270,6242,"0,264%"
1300,5753,"0,264%"
1352,1687,"0,264%"
1423,8385,"0,264%"
1599,6913,"0,264%"
1782,268,"0,264%"
1880,2146,"0,264%"
2000,6211,"0,264%"
2006,2172,"0,264%"
2007,5249,"0,264%"
2092,6370,"0,264%"
2134,2264,"0,264%"
2146,2264,"0,264%"
4513,3630,"0,264%"
8669,1853,"0,264%"
8918,1847,"0,264%"
9572,478,"0,264%"
984,5707,"0,253%"
1258,5980,"0,253%"
1292,1805,"0,253%"
1439,1561,"0,253%"
1591,1297,"0,253%"
1651,5805,"0,253%"
1651,2194,"0,253%"
1651,1333,"0,253%"
1705,6726,"0,253%"
1836,6595,"0,253%"
1908,9663,"0,253%"
2146,2122,"0,253%"
2206,6145,"0,253%"
2245,6867,"0,253%"
2261,7127,"0,253%"
2795,8041,"0,253%"
2871,7983,"0,253%"
8496,9877,"0,253%"
9314,9308,"0,253%"
9892,9884,"0,253%"
1223,9091,"0,242%"
1259,5813,"0,242%"
1280,1662,"0,242%"
1323,1323,"0,242%"
1569,2118,"0,242%"
1676,5287,"0,242%"
1767,5345,"0,242%"
1825,1910,"0,242%"
1852,1819,"0,242%"
1854,6294,"0,242%"
1864,6141,"0,242%"
1908,2006,"0,242%"
1910,2053,"0,242%"
1956,5708,"0,242%"
1996,1996,"0,242%"
1998,2053,"0,242%"
2042,6808,"0,242%"
2084,2299,"0,242%"
2142,2137,"0,242%"
2162,1923,"0,242%"
2179,6788,"0,242%"
2199,5039,"0,242%"
2283,5847,"0,242%"
4451,4203,"0,242%"
9145,294,"0,242%"
9284,9332,"0,242%"
9570,575,"0,242%"
9571,7293,"0,242%"
9584,621,"0,242%"
9869,1227,"0,242%"
1216,2155,"0,231%"
1258,5695,"0,231%"
1274,5458,"0,231%"
1328,5627,"0,231%"
1382,5710,"0,231%"
1383,1921,"0,231%"
1384,7032,"0,231%"
1399,5694,"0,231%"
1424,2148,"0,231%"
1469,1760,"0,231%"
1766,2208,"0,231%"
1798,6918,"0,231%"
1854,1854,"0,231%"
1881,1764,"0,231%"
1910,1825,"0,231%"
1939,6931,"0,231%"
1962,7037,"0,231%"
1988,1777,"0,231%"
2143,5980,"0,231%"
2250,2906,"0,231%"
2254,5806,"0,231%"
2259,1227,"0,231%"
3605,3630,"0,231%"
8601,1781,"0,231%"
8973,8429,"0,231%"
9042,683,"0,231%"
879,6200,"0,220%"
890,8549,"0,220%"
1021,7182,"0,220%"
1343,7351,"0,220%"
1620,1597,"0,220%"
1683,2000,"0,220%"
1788,1316,"0,220%"
1801,5895,"0,220%"
1864,1864,"0,220%"
1936,5401,"0,220%"
1990,1542,"0,220%"
1998,2039,"0,220%"
2059,1204,"0,220%"
2108,6452,"0,220%"
2129,2208,"0,220%"
2197,2181,"0,220%"
7753,8009,"0,220%"
9289,8543,"0,220%"
9571,6963,"0,220%"
9594,9584,"0,220%"
9699,2722,"0,220%"
1287,5082,"0,209%"
1292,2281,"0,209%"
1382,1858,"0,209%"
1647,6708,"0,209%"
1678,6284,"0,209%"
1764,5188,"0,209%"
1777,7556,"0,209%"
1803,6179,"0,209%"
1819,1618,"0,209%"
1874,6567,"0,209%"
1875,4945,"0,209%"
1913,2255,"0,209%"
1998,6451,"0,209%"
2004,6234,"0,209%"
2005,5852,"0,209%"
2035,6727,"0,209%"
2083,1679,"0,209%"
2108,5982,"0,209%"
2175,4860,"0,209%"
2195,1942,"0,209%"
2261,7126,"0,209%"
2514,5911,"0,209%"
3029,8036,"0,209%"
3363,2360,"0,209%"
8373,8637,"0,209%"
8755,8759,"0,209%"
9364,1008,"0,209%"
9584,9603,"0,209%"
9683,566,"0,209%"
9699,685,"0,209%"
9869,9644,"0,209%"
1253,1793,"0,198%"
1301,3991,"0,198%"
1321,7559,"0,198%"
1354,6530,"0,198%"
1379,1582,"0,198%"
1566,1641,"0,198%"
1777,1411,"0,198%"
1788,1664,"0,198%"
1803,5128,"0,198%"
1865,5806,"0,198%"
1936,1682,"0,198%"
2000,5796,"0,198%"
2004,7382,"0,198%"
2042,1944,"0,198%"
2109,5696,"0,198%"
2145,5806,"0,198%"
2179,2179,"0,198%"
2250,6136,"0,198%"
2271,2286,"0,198%"
4467,3961,"0,198%"
8419,8426,"0,198%"
8496,1030,"0,198%"
9015,1506,"0,198%"
9364,8248,"0,198%"
9870,9872,"0,198%"
9874,9861,"0,198%"
1200,1174,"0,187%"
1357,2053,"0,187%"
1663,5727,"0,187%"
1761,5889,"0,187%"
1811,1170,"0,187%"
1817,6187,"0,187%"
1828,7870,"0,187%"
1844,6370,"0,187%"
1854,1977,"0,187%"
1874,5332,"0,187%"
1874,1944,"0,187%"
1902,6240,"0,187%"
1913,5435,"0,187%"
1921,9723,"0,187%"
1921,9192,"0,187%"
1939,4862,"0,187%"
1969,6047,"0,187%"
1983,7528,"0,187%"
2007,5400,"0,187%"
2083,1289,"0,187%"
2108,8475,"0,187%"
2135,1662,"0,187%"
2193,7208,"0,187%"
2250,2993,"0,187%"
3788,4152,"0,187%"
4050,2275,"0,187%"
4749,4995,"0,187%"
8601,10134,"0,187%"
9228,5867,"0,187%"
9284,8024,"0,187%"
9308,1141,"0,187%"
9629,571,"0,187%"
9664,4386,"0,187%"
9805,5146,"0,187%"
9819,4303,"0,187%"
1274,6799,"0,176%"
1279,5735,"0,176%"
1295,1739,"0,176%"
1307,1334,"0,176%"
1311,2906,"0,176%"
1505,1685,"0,176%"
1673,2143,"0,176%"
1705,2126,"0,176%"
1716,1716,"0,176%"
1763,1763,"0,176%"
1779,6359,"0,176%"
1779,5853,"0,176%"
1782,2024,"0,176%"
1801,1550,"0,176%"
1902,6243,"0,176%"
1904,2045,"0,176%"
1921,9829,"0,176%"
1972,1608,"0,176%"
1973,1981,"0,176%"
1980,9665,"0,176%"
2014,6163,"0,176%"
2015,7866,"0,176%"
2063,4979,"0,176%"
2102,9289,"0,176%"
2146,2121,"0,176%"
2206,6145,"0,176%"
2206,5066,"0,176%"
2261,6976,"0,176%"
2264,2146,"0,176%"
8472,1820,"0,176%"
9283,7196,"0,176%"
9283,7049,"0,176%"
9743,6873,"0,176%"
858,4957,"0,165%"
1223,2170,"0,165%"
1230,7201,"0,165%"
1246,932,"0,165%"
1270,6409,"0,165%"
1300,5181,"0,165%"
1316,2196,"0,165%"
1343,6476,"0,165%"
1412,1761,"0,165%"
1424,1718,"0,165%"
1788,2196,"0,165%"
1819,5987,"0,165%"
1819,1574,"0,165%"
1821,6045,"0,165%"
1844,2092,"0,165%"
1879,5770,"0,165%"
1907,5816,"0,165%"
1928,2015,"0,165%"
1939,4842,"0,165%"
1980,5030,"0,165%"
2050,1930,"0,165%"
2078,2015,"0,165%"
2099,2099,"0,165%"
2143,2261,"0,165%"
2206,6145,"0,165%"
2260,4979,"0,165%"
2261,2261,"0,165%"
4080,10080,"0,165%"
7653,7991,"0,165%"
7705,7260,"0,165%"
9098,2131,"0,165%"
1217,2202,"0,154%"
1227,5044,"0,154%"
1236,1522,"0,154%"
1249,5841,"0,154%"
1290,6074,"0,154%"
1311,6136,"0,154%"
1383,1779,"0,154%"
1498,1500,"0,154%"
1526,5347,"0,154%"
1547,1337,"0,154%"
1620,6414,"0,154%"
1683,1552,"0,154%"
1766,2006,"0,154%"
1789,5272,"0,154%"
1802,6680,"0,154%"
1852,1618,"0,154%"
1874,6808,"0,154%"
1913,5304,"0,154%"
1944,1814,"0,154%"
1972,1990,"0,154%"
1990,1508,"0,154%"
2018,1380,"0,154%"
2023,1986,"0,154%"
2034,1304,"0,154%"
2113,5141,"0,154%"
2132,1169,"0,154%"
2161,1864,"0,154%"
2199,6808,"0,154%"
2225,1896,"0,154%"
2250,6129,"0,154%"
2263,2294,"0,154%"
2271,1738,"0,154%"
8819,3427,"0,154%"
9364,3413,"0,154%"
9893,6683,"0,154%"
945,6735,"0,143%"
1196,1213,"0,143%"
1303,2235,"0,143%"
1340,1719,"0,143%"
1343,6428,"0,143%"
1354,6261,"0,143%"
1424,2094,"0,143%"
1464,5418,"0,143%"
1623,1295,"0,143%"
1664,694,"0,143%"
1761,6235,"0,143%"
1768,6537,"0,143%"
1782,5738,"0,143%"
1882,5408,"0,143%"
1921,1104,"0,143%"
1990,1945,"0,143%"
2042,5104,"0,143%"
2046,2188,"0,143%"
2080,1801,"0,143%"
2112,1317,"0,143%"
2122,2146,"0,143%"
2137,1928,"0,143%"
2179,2228,"0,143%"
2208,1779,"0,143%"
2233,7032,"0,143%"
2243,6016,"0,143%"
2250,6137,"0,143%"
2267,1775,"0,143%"
2285,7153,"0,143%"
2687,3143,"0,143%"
4417,5653,"0,143%"
8205,6834,"0,143%"
8205,5333,"0,143%"
8755,7986,"0,143%"
8865,7879,"0,143%"
9308,1031,"0,143%"
9364,9569,"0,143%"
9594,9585,"0,143%"
9642,619,"0,143%"
9674,9691,"0,143%"
9805,9630,"0,143%"
1258,2143,"0,132%"
1260,4919,"0,132%"
1274,7144,"0,132%"
1290,7029,"0,132%"
1311,6129,"0,132%"
1343,6776,"0,132%"
1386,5464,"0,132%"
1468,6481,"0,132%"
1486,1393,"0,132%"
1663,6100,"0,132%"
1678,1417,"0,132%"
1779,5849,"0,132%"
1858,1832,"0,132%"
1876,2172,"0,132%"
1907,1822,"0,132%"
1927,6808,"0,132%"
1979,1815,"0,132%"
2042,1944,"0,132%"
2050,1930,"0,132%"
2137,6765,"0,132%"
2137,5042,"0,132%"
2186,6315,"0,132%"
2225,1896,"0,132%"
2225,1586,"0,132%"
2228,5178,"0,132%"
2250,2068,"0,132%"
8315,6405,"0,132%"
8756,8145,"0,132%"
9283,5230,"0,132%"
9284,8509,"0,132%"
9453,6363,"0,132%"
9594,9824,"0,132%"
9594,3455,"0,132%"
836,9546,"0,121%"
1234,471,"0,121%"
1311,2068,"0,121%"
1382,6022,"0,121%"
1386,1799,"0,121%"
1423,5939,"0,121%"
1435,7415,"0,121%"
1490,5178,"0,121%"
1590,6876,"0,121%"
1673,6181,"0,121%"
1766,2023,"0,121%"
1767,5314,"0,121%"
1779,2208,"0,121%"
1782,1940,"0,121%"
1782,1782,"0,121%"
1811,2137,"0,121%"
1863,1983,"0,121%"
1869,5730,"0,121%"
1901,6015,"0,121%"
1928,1169,"0,121%"
1965,6315,"0,121%"
2006,1717,"0,121%"
2042,6807,"0,121%"
2074,5717,"0,121%"
2075,1489,"0,121%"
2096,5900,"0,121%"
2112,1714,"0,121%"
2112,1714,"0,121%"
2143,5980,"0,121%"
2169,2168,"0,121%"
2171,5175,"0,121%"
2195,2195,"0,121%"
2199,1927,"0,121%"
2219,9289,"0,121%"
2229,1776,"0,121%"
2254,1911,"0,121%"
2276,1227,"0,121%"
3010,620,"0,121%"
7649,5669,"0,121%"
8241,8270,"0,121%"
9289,2295,"0,121%"
9289,1918,"0,121%"
9308,8199,"0,121%"
9571,9660,"0,121%"
9584,5572,"0,121%"
9594,7568,"0,121%"
9674,9805,"0,121%"
9778,684,"0,121%"
9870,9750,"0,121%"
9956,9907,"0,121%"
1014,6834,"0,110%"
1191,7112,"0,110%"
1211,1908,"0,110%"
1223,1493,"0,110%"
1230,1230,"0,110%"
1340,5192,"0,110%"
1341,1695,"0,110%"
1343,297,"0,110%"
1379,4953,"0,110%"
1388,1388,"0,110%"
1391,5909,"0,110%"
1445,7525,"0,110%"
1445,7495,"0,110%"
1445,1445,"0,110%"
1486,1894,"0,110%"
1547,5214,"0,110%"
1664,1788,"0,110%"
1673,2261,"0,110%"
1716,479,"0,110%"
1744,6001,"0,110%"
1796,6326,"0,110%"
1806,1608,"0,110%"
1819,6110,"0,110%"
1825,1825,"0,110%"
1840,6160,"0,110%"
1864,2000,"0,110%"
1874,6807,"0,110%"
1908,2208,"0,110%"
1968,2256,"0,110%"
1988,1988,"0,110%"
2050,1773,"0,110%"
2094,1289,"0,110%"
2124,5415,"0,110%"
2143,1673,"0,110%"
2175,2175,"0,110%"
2199,1944,"0,110%"
2206,6126,"0,110%"
2259,2296,"0,110%"
2577,3567,"0,110%"
2577,2816,"0,110%"
3607,4466,"0,110%"
3673,411,"0,110%"
4749,7982,"0,110%"
4749,4990,"0,110%"
8432,7274,"0,110%"
8434,6980,"0,110%"
8522,3205,"0,110%"
9015,9674,"0,110%"
9283,993,"0,110%"
9308,8166,"0,110%"
9870,7317,"0,110%"
765,4947,"0,099%"
1169,2078,"0,099%"
1311,6137,"0,099%"
1311,1629,"0,099%"
1316,5200,"0,099%"
1412,2002,"0,099%"
1435,7417,"0,099%"
1486,1393,"0,099%"
1576,1856,"0,099%"
1618,6110,"0,099%"
1764,1881,"0,099%"
1766,1908,"0,099%"
1779,5835,"0,099%"
1782,6761,"0,099%"
1864,2138,"0,099%"
1876,1881,"0,099%"
1904,1985,"0,099%"
1921,7926,"0,099%"
1922,5643,"0,099%"
1956,2278,"0,099%"
1986,6895,"0,099%"
2000,1627,"0,099%"
2005,2240,"0,099%"
2015,5741,"0,099%"
2102,2203,"0,099%"
2110,1782,"0,099%"
2154,6938,"0,099%"
2161,2092,"0,099%"
2163,1399,"0,099%"
2195,1795,"0,099%"
2206,6145,"0,099%"
2229,1933,"0,099%"
4386,474,"0,099%"
8297,6540,"0,099%"
8380,8298,"0,099%"
8604,6638,"0,099%"
9288,7807,"0,099%"
9361,8756,"0,099%"
9541,1098,"0,099%"
9584,9612,"0,099%"
9584,9593,"0,099%"
602,9792,"0,088%"
1191,7063,"0,088%"
1262,6915,"0,088%"
1274,5536,"0,088%"
1301,2709,"0,088%"
1311,7472,"0,088%"
1316,1412,"0,088%"
1360,6887,"0,088%"
1366,1366,"0,088%"
1384,6856,"0,088%"
1428,1567,"0,088%"
1447,5723,"0,088%"
1677,1906,"0,088%"
1758,6818,"0,088%"
1773,1987,"0,088%"
1775,1775,"0,088%"
1779,5683,"0,088%"
1819,6111,"0,088%"
1825,1778,"0,088%"
1879,1508,"0,088%"
1930,1930,"0,088%"
1944,6807,"0,088%"
1944,1944,"0,088%"
1962,6180,"0,088%"
1995,7569,"0,088%"
2015,1416,"0,088%"
2042,1874,"0,088%"
2094,1679,"0,088%"
2103,1305,"0,088%"
2110,1782,"0,088%"
2122,1942,"0,088%"
2147,5699,"0,088%"
2156,6114,"0,088%"
2181,2165,"0,088%"
2199,6807,"0,088%"
2215,1843,"0,088%"
2245,7537,"0,088%"
2250,6680,"0,088%"
2292,6123,"0,088%"
3051,7754,"0,088%"
3223,620,"0,088%"
7832,7016,"0,088%"
9283,6327,"0,088%"
9308,9662,"0,088%"
9336,6062,"0,088%"
9672,597,"0,088%"
984,5702,"0,077%"
1014,5599,"0,077%"
1213,2154,"0,077%"
1217,6464,"0,077%"
1280,4046,"0,077%"
1295,1283,"0,077%"
1310,1579,"0,077%"
1311,4944,"0,077%"
1367,7450,"0,077%"
1383,6907,"0,077%"
1435,7416,"0,077%"
1436,1930,"0,077%"
1566,1418,"0,077%"
1598,152,"0,077%"
1608,2282,"0,077%"
1623,5211,"0,077%"
1648,2115,"0,077%"
1664,1316,"0,077%"
1758,2200,"0,077%"
1763,6464,"0,077%"
1791,2057,"0,077%"
1799,6079,"0,077%"
1802,1124,"0,077%"
1864,6647,"0,077%"
1873,5047,"0,077%"
1879,1608,"0,077%"
1884,5068,"0,077%"
1902,6238,"0,077%"
1902,6237,"0,077%"
1910,1778,"0,077%"
1912,7117,"0,077%"
1912,6631,"0,077%"
1931,2290,"0,077%"
1931,1677,"0,077%"
1944,6808,"0,077%"
1956,9091,"0,077%"
1957,2223,"0,077%"
1966,2115,"0,077%"
1983,1870,"0,077%"
2004,1775,"0,077%"
2036,6171,"0,077%"
2084,5238,"0,077%"
2094,5482,"0,077%"
2122,2195,"0,077%"
2137,1811,"0,077%"
2161,1864,"0,077%"
2161,716,"0,077%"
2162,2142,"0,077%"
2165,1911,"0,077%"
2179,1490,"0,077%"
2185,7051,"0,077%"
2195,5656,"0,077%"
2204,5713,"0,077%"
2206,6140,"0,077%"
2216,6570,"0,077%"
2221,7312,"0,077%"
2229,6118,"0,077%"
2236,2064,"0,077%"
2254,2165,"0,077%"
2263,1819,"0,077%"
4386,9664,"0,077%"
7752,7898,"0,077%"
8272,7297,"0,077%"
8272,6363,"0,077%"
8755,3427,"0,077%"
8907,6564,"0,077%"
9289,9890,"0,077%"
9289,9649,"0,077%"
9289,8193,"0,077%"
9594,9611,"0,077%"
9647,559,"0,077%"
9702,650,"0,077%"
9795,9858,"0,077%"
9831,9792,"0,077%"
9862,625,"0,077%"
1198,1783,"0,066%"
1210,5691,"0,066%"
1253,5336,"0,066%"
1262,2208,"0,066%"
1268,7005,"0,066%"
1270,2183,"0,066%"
1402,6169,"0,066%"
1418,6132,"0,066%"
1564,7471,"0,066%"
1599,6752,"0,066%"
1639,529,"0,066%"
1664,2946,"0,066%"
1761,1412,"0,066%"
1764,7062,"0,066%"
1764,5899,"0,066%"
1764,1764,"0,066%"
1779,4807,"0,066%"
1782,2110,"0,066%"
1799,1312,"0,066%"
1801,2240,"0,066%"
1810,9557,"0,066%"
1834,6529,"0,066%"
1847,8918,"0,066%"
1849,6162,"0,066%"
1873,5881,"0,066%"
1873,5046,"0,066%"
1879,1893,"0,066%"
1879,1542,"0,066%"
1891,2182,"0,066%"
1925,5417,"0,066%"
1926,5834,"0,066%"
1927,6807,"0,066%"
1946,2019,"0,066%"
1983,5738,"0,066%"
2004,8497,"0,066%"
2005,2240,"0,066%"
2023,1779,"0,066%"
2096,6898,"0,066%"
2106,1879,"0,066%"
2129,1796,"0,066%"
2137,7025,"0,066%"
2137,1169,"0,066%"
2161,6878,"0,066%"
2161,1870,"0,066%"
2206,6124,"0,066%"
2231,2026,"0,066%"
2238,2237,"0,066%"
2263,2387,"0,066%"
2723,3650,"0,066%"
7732,6584,"0,066%"
9283,5279,"0,066%"
9284,9563,"0,066%"
9308,3439,"0,066%"
9328,9684,"0,066%"
9541,1098,"0,066%"
9547,6207,"0,066%"
9674,7647,"0,066%"
1170,1811,"0,055%"
1227,6081,"0,055%"
1233,1233,"0,055%"
1250,1828,"0,055%"
1280,6566,"0,055%"
1303,1905,"0,055%"
1311,5921,"0,055%"
1382,5712,"0,055%"
1382,5189,"0,055%"
1471,1938,"0,055%"
1490,2099,"0,055%"
1495,1566,"0,055%"
1526,4839,"0,055%"
1569,1320,"0,055%"
1615,5285,"0,055%"
1673,5980,"0,055%"
1673,5980,"0,055%"
1679,1718,"0,055%"
1762,1759,"0,055%"
1779,5887,"0,055%"
1798,1359,"0,055%"
1801,1774,"0,055%"
1806,2131,"0,055%"
1825,6037,"0,055%"
1852,2387,"0,055%"
1874,1927,"0,055%"
1879,5728,"0,055%"
1884,9747,"0,055%"
1884,5915,"0,055%"
1907,1902,"0,055%"
1912,7066,"0,055%"
1936,7124,"0,055%"
1937,7386,"0,055%"
1949,7509,"0,055%"
1966,5751,"0,055%"
1966,2075,"0,055%"
1998,6714,"0,055%"
2015,1694,"0,055%"
2042,6813,"0,055%"
2043,1976,"0,055%"
2045,1985,"0,055%"
2061,2255,"0,055%"
2061,1913,"0,055%"
2102,2159,"0,055%"
2122,2141,"0,055%"
2123,7070,"0,055%"
2165,1911,"0,055%"
2178,1856,"0,055%"
2179,5379,"0,055%"
2179,1302,"0,055%"
2195,1277,"0,055%"
2206,9557,"0,055%"
2219,2159,"0,055%"
2221,7824,"0,055%"
2221,7824,"0,055%"
2225,6492,"0,055%"
2229,7365,"0,055%"
2230,5302,"0,055%"
2231,8271,"0,055%"
2231,5889,"0,055%"
2231,2002,"0,055%"
2254,2082,"0,055%"
2256,1968,"0,055%"
2266,2263,"0,055%"
2687,6651,"0,055%"
7826,1101,"0,055%"
8497,8491,"0,055%"
8671,1848,"0,055%"
8756,292,"0,055%"
9098,8026,"0,055%"
9150,1000,"0,055%"
9283,7044,"0,055%"
9283,5230,"0,055%"
9283,980,"0,055%"
9284,1037,"0,055%"
9308,9551,"0,055%"
9308,8244,"0,055%"
9308,8171,"0,055%"
9331,606,"0,055%"
9531,7803,"0,055%"
9594,6007,"0,055%"
9635,9635,"0,055%"
9954,6196,"0,055%"
1169,5297,"0,044%"
1169,2137,"0,044%"
1173,6812,"0,044%"
1194,6659,"0,044%"
1206,6303,"0,044%"
1251,2166,"0,044%"
1280,1331,"0,044%"
1295,7461,"0,044%"
1321,4950,"0,044%"
1343,6820,"0,044%"
1418,1431,"0,044%"
1553,6624,"0,044%"
1603,5632,"0,044%"
1618,6112,"0,044%"
1623,1739,"0,044%"
1673,5845,"0,044%"
1731,5064,"0,044%"
1731,5064,"0,044%"
1743,4877,"0,044%"
1767,1845,"0,044%"
1779,2172,"0,044%"
1798,6347,"0,044%"
1806,1253,"0,044%"
1808,6047,"0,044%"
1834,4832,"0,044%"
1850,6680,"0,044%"
1858,6023,"0,044%"
1864,7053,"0,044%"
1864,6753,"0,044%"
1864,1440,"0,044%"
1874,1944,"0,044%"
1879,1726,"0,044%"
1900,5531,"0,044%"
1908,1779,"0,044%"
1910,1862,"0,044%"
1911,2082,"0,044%"
1924,5948,"0,044%"
1925,1464,"0,044%"
1978,6550,"0,044%"
1978,5071,"0,044%"
1986,5726,"0,044%"
1988,2180,"0,044%"
1990,1726,"0,044%"
2004,6236,"0,044%"
2004,1907,"0,044%"
2005,5857,"0,044%"
2024,4222,"0,044%"
2037,2037,"0,044%"
2040,1940,"0,044%"
2043,6152,"0,044%"
2055,6425,"0,044%"
2078,1928,"0,044%"
2084,413,"0,044%"
2088,7038,"0,044%"
2099,1754,"0,044%"
2110,1863,"0,044%"
2110,1782,"0,044%"
2112,1518,"0,044%"
2122,2134,"0,044%"
2129,6885,"0,044%"
2137,2200,"0,044%"
2154,5611,"0,044%"
2161,8002,"0,044%"
2178,7148,"0,044%"
2192,5352,"0,044%"
2199,6805,"0,044%"
2206,2118,"0,044%"
2206,1810,"0,044%"
2214,2214,"0,044%"
2219,2203,"0,044%"
2229,2200,"0,044%"
2229,2182,"0,044%"
2229,1199,"0,044%"
2231,2196,"0,044%"
2233,5027,"0,044%"
2250,7472,"0,044%"
2250,5921,"0,044%"
2257,1200,"0,044%"
2272,8587,"0,044%"
4103,4152,"0,044%"
4771,6926,"0,044%"
7649,7489,"0,044%"
7769,7861,"0,044%"
8496,1530,"0,044%"
9283,895,"0,044%"
9289,1102,"0,044%"
9308,9592,"0,044%"
9308,9185,"0,044%"
9308,8281,"0,044%"
9308,1021,"0,044%"
9318,919,"0,044%"
9594,9596,"0,044%"
9706,601,"0,044%"
9710,724,"0,044%"
9870,6264,"0,044%"
1169,5459,"0,033%"
1177,2033,"0,033%"
1196,4202,"0,033%"
1199,5312,"0,033%"
1210,5267,"0,033%"
1262,1766,"0,033%"
1279,5876,"0,033%"
1295,1236,"0,033%"
1339,7513,"0,033%"
1370,7385,"0,033%"
1383,5719,"0,033%"
1389,5601,"0,033%"
1425,7423,"0,033%"
1445,1445,"0,033%"
1450,5882,"0,033%"
1460,7014,"0,033%"
1460,5832,"0,033%"
1460,5034,"0,033%"
1465,1605,"0,033%"
1474,9390,"0,033%"
1514,6316,"0,033%"
1553,6413,"0,033%"
1577,1339,"0,033%"
1599,1261,"0,033%"
1615,2109,"0,033%"
1619,1838,"0,033%"
1664,4936,"0,033%"
1664,1761,"0,033%"
1686,1337,"0,033%"
1698,5860,"0,033%"
1704,2274,"0,033%"
1756,2291,"0,033%"
1763,8006,"0,033%"
1763,2202,"0,033%"
1764,6904,"0,033%"
1764,1816,"0,033%"
1766,1779,"0,033%"
1768,8037,"0,033%"
1779,7345,"0,033%"
1782,1282,"0,033%"
1787,5627,"0,033%"
1798,6919,"0,033%"
1799,1386,"0,033%"
1801,1850,"0,033%"
1819,5598,"0,033%"
1819,2266,"0,033%"
1834,6611,"0,033%"
1844,3654,"0,033%"
1845,1893,"0,033%"
1846,6881,"0,033%"
1865,5820,"0,033%"
1876,1988,"0,033%"
1884,5676,"0,033%"
1884,5626,"0,033%"
1906,1677,"0,033%"
1907,7614,"0,033%"
1908,1908,"0,033%"
1911,1362,"0,033%"
1921,1935,"0,033%"
1921,657,"0,033%"
1925,5416,"0,033%"
1927,1944,"0,033%"
1967,6161,"0,033%"
1968,1968,"0,033%"
1973,1973,"0,033%"
1976,7032,"0,033%"
1979,6826,"0,033%"
1983,2210,"0,033%"
1995,5625,"0,033%"
2000,1864,"0,033%"
2001,8755,"0,033%"
2015,1169,"0,033%"
2024,2210,"0,033%"
2026,2211,"0,033%"
2026,2149,"0,033%"
2044,1464,"0,033%"
2061,5289,"0,033%"
2067,5306,"0,033%"
2070,2071,"0,033%"
2074,4833,"0,033%"
2075,1921,"0,033%"
2094,2083,"0,033%"
2099,5736,"0,033%"
2123,5925,"0,033%"
2134,2122,"0,033%"
2137,1805,"0,033%"
2154,1812,"0,033%"
2192,5311,"0,033%"
2192,2024,"0,033%"
2192,1989,"0,033%"
2216,6024,"0,033%"
2254,2197,"0,033%"
2272,1736,"0,033%"
2297,6551,"0,033%"
2300,2070,"0,033%"
2994,4607,"0,033%"
3051,2690,"0,033%"
3650,4622,"0,033%"
3650,2723,"0,033%"
8254,5970,"0,033%"
8756,1091,"0,033%"
8823,8044,"0,033%"
8965,8046,"0,033%"
9030,6698,"0,033%"
9069,595,"0,033%"
9289,9657,"0,033%"
9289,1165,"0,033%"
9289,1061,"0,033%"
9541,647,"0,033%"
9572,6963,"0,033%"
9594,9591,"0,033%"
9635,7166,"0,033%"
9674,9834,"0,033%"
9805,708,"0,033%"
9870,9584,"0,033%"
984,5705,"0,022%"
1202,5201,"0,022%"
1206,6740,"0,022%"
1217,2289,"0,022%"
1240,5545,"0,022%"
1246,7078,"0,022%"
1253,6427,"0,022%"
1254,6061,"0,022%"
1274,6586,"0,022%"
1284,1338,"0,022%"
1295,1283,"0,022%"
1295,1228,"0,022%"
1323,6021,"0,022%"
1330,584,"0,022%"
1349,5721,"0,022%"
1349,5720,"0,022%"
1408,4943,"0,022%"
1415,6291,"0,022%"
1424,1679,"0,022%"
1424,1289,"0,022%"
1513,1471,"0,022%"
1566,6119,"0,022%"
1623,1283,"0,022%"
1623,1228,"0,022%"
1644,6069,"0,022%"
1653,9522,"0,022%"
1664,5649,"0,022%"
1673,2261,"0,022%"
1677,6385,"0,022%"
1679,5445,"0,022%"
1679,1289,"0,022%"
1724,1603,"0,022%"
1731,5033,"0,022%"
1761,7346,"0,022%"
1763,4202,"0,022%"
1764,6909,"0,022%"
1777,7556,"0,022%"
1777,1955,"0,022%"
1777,1327,"0,022%"
1782,5737,"0,022%"
1782,4926,"0,022%"
1782,1863,"0,022%"
1782,1782,"0,022%"
1782,1782,"0,022%"
1802,6503,"0,022%"
1802,1215,"0,022%"
1806,2053,"0,022%"
1807,1820,"0,022%"
1811,2078,"0,022%"
1811,1776,"0,022%"
1819,6109,"0,022%"
1834,6678,"0,022%"
1858,5189,"0,022%"
1864,4574,"0,022%"
1864,2377,"0,022%"
1865,1856,"0,022%"
1869,6076,"0,022%"
1874,6813,"0,022%"
1874,6805,"0,022%"
1874,1874,"0,022%"
1876,2208,"0,022%"
1884,5677,"0,022%"
1900,1947,"0,022%"
1900,1268,"0,022%"
1902,6234,"0,022%"
1902,5295,"0,022%"
1902,2093,"0,022%"
1904,1234,"0,022%"
1908,1908,"0,022%"
1908,1876,"0,022%"
1913,5087,"0,022%"
1921,2117,"0,022%"
1921,2115,"0,022%"
1921,2075,"0,022%"
1922,5940,"0,022%"
1927,6813,"0,022%"
1927,1944,"0,022%"
1927,1874,"0,022%"
1928,1976,"0,022%"
1928,1928,"0,022%"
1930,2073,"0,022%"
1930,2041,"0,022%"
1931,1906,"0,022%"
1939,2212,"0,022%"
1956,1493,"0,022%"
1957,8339,"0,022%"
1960,5320,"0,022%"
1966,2127,"0,022%"
1972,5729,"0,022%"
1978,5205,"0,022%"
1980,1205,"0,022%"
1983,5737,"0,022%"
1983,1782,"0,022%"
1983,1670,"0,022%"
1990,5424,"0,022%"
1990,1507,"0,022%"
2004,3776,"0,022%"
2007,5405,"0,022%"
2014,2014,"0,022%"
2015,1928,"0,022%"
2015,404,"0,022%"
2024,5737,"0,022%"
2042,1214,"0,022%"
2043,1753,"0,022%"
2055,6852,"0,022%"
2064,2064,"0,022%"
2067,7118,"0,022%"
2067,6899,"0,022%"
2082,7061,"0,022%"
2094,1424,"0,022%"
2106,1542,"0,022%"
2109,6143,"0,022%"
2129,2006,"0,022%"
2132,6854,"0,022%"
2132,6304,"0,022%"
2132,5242,"0,022%"
2134,2264,"0,022%"
2134,1880,"0,022%"
2137,8002,"0,022%"
2137,2209,"0,022%"
2137,2049,"0,022%"
2137,2015,"0,022%"
2143,2262,"0,022%"
2143,2116,"0,022%"
2145,2231,"0,022%"
2150,2131,"0,022%"
2161,2174,"0,022%"
2172,1908,"0,022%"
2175,4861,"0,022%"
2179,1977,"0,022%"
2181,2254,"0,022%"
2181,2197,"0,022%"
2195,6326,"0,022%"
2195,1796,"0,022%"
2199,1944,"0,022%"
2204,1785,"0,022%"
2206,6145,"0,022%"
2229,1928,"0,022%"
2231,2145,"0,022%"
2231,1761,"0,022%"
2250,7911,"0,022%"
2259,6356,"0,022%"
2264,2141,"0,022%"
2264,2134,"0,022%"
2267,2200,"0,022%"
2276,1728,"0,022%"
2284,6511,"0,022%"
2292,2158,"0,022%"
2297,1978,"0,022%"
3885,2005,"0,022%"
4386,9151,"0,022%"
8494,1397,"0,022%"
8935,4784,"0,022%"
8965,699,"0,022%"
9030,6668,"0,022%"
9030,1597,"0,022%"
9296,8043,"0,022%"
9296,636,"0,022%"
9364,1064,"0,022%"
9364,1007,"0,022%"
9594,9883,"0,022%"
9603,9870,"0,022%"
9674,9703,"0,022%"
9870,9584,"0,022%"
9870,5122,"0,022%"
851,9284,"0,011%"
857,4301,"0,011%"
858,6455,"0,011%"
954,954,"0,011%"
1169,5679,"0,011%"
1169,2281,"0,011%"
1169,2229,"0,011%"
1196,5499,"0,011%"
1200,1523,"0,011%"
1202,6721,"0,011%"
1202,6644,"0,011%"
1211,5840,"0,011%"
1217,2024,"0,011%"
1217,1763,"0,011%"
1230,8950,"0,011%"
1234,1904,"0,011%"
1245,5357,"0,011%"
1258,6591,"0,011%"
1258,2116,"0,011%"
1265,7031,"0,011%"
1268,7004,"0,011%"
1269,5411,"0,011%"
1270,1770,"0,011%"
1290,6992,"0,011%"
1293,6875,"0,011%"
1295,1650,"0,011%"
1299,6301,"0,011%"
1311,2250,"0,011%"
1316,6986,"0,011%"
1316,5806,"0,011%"
1323,6020,"0,011%"
1323,2274,"0,011%"
1330,6892,"0,011%"
1332,6705,"0,011%"
1338,6796,"0,011%"
1341,1695,"0,011%"
1343,6972,"0,011%"
1353,4929,"0,011%"
1354,1354,"0,011%"
1363,2141,"0,011%"
1366,5521,"0,011%"
1370,1572,"0,011%"
1378,5615,"0,011%"
1379,1730,"0,011%"
1380,5396,"0,011%"
1384,6304,"0,011%"
1386,6079,"0,011%"
1399,5307,"0,011%"
1400,5903,"0,011%"
1402,5860,"0,011%"
1415,6404,"0,011%"
1415,6289,"0,011%"
1424,6120,"0,011%"
1424,2174,"0,011%"
1445,7021,"0,011%"
1460,5290,"0,011%"
1460,5064,"0,011%"
1462,1395,"0,011%"
1467,1280,"0,011%"
1488,1488,"0,011%"
1490,6040,"0,011%"
1503,6416,"0,011%"
1508,1990,"0,011%"
1508,1879,"0,011%"
1523,1609,"0,011%"
1524,1637,"0,011%"
1556,1707,"0,011%"
1556,1453,"0,011%"
1558,5838,"0,011%"
1560,5305,"0,011%"
1569,2163,"0,011%"
1620,2140,"0,011%"
1664,5984,"0,011%"
1664,5206,"0,011%"
1664,1785,"0,011%"
1671,6543,"0,011%"
1673,2262,"0,011%"
1673,2116,"0,011%"
1677,1285,"0,011%"
1680,9007,"0,011%"
1686,1547,"0,011%"
1693,5308,"0,011%"
1720,6936,"0,011%"
1744,7863,"0,011%"
1761,2196,"0,011%"
1763,7543,"0,011%"
1763,5425,"0,011%"
1763,1217,"0,011%"
1766,5849,"0,011%"
1766,1908,"0,011%"
1766,1876,"0,011%"
1777,7056,"0,011%"
1779,5847,"0,011%"
1779,5067,"0,011%"
1779,2053,"0,011%"
1780,1610,"0,011%"
1782,7041,"0,011%"
1788,2002,"0,011%"
1789,5080,"0,011%"
1792,5414,"0,011%"
1796,555,"0,011%"
1803,6424,"0,011%"
1803,6050,"0,011%"
1803,5981,"0,011%"
1806,7462,"0,011%"
1806,7290,"0,011%"
1808,6067,"0,011%"
1825,2273,"0,011%"
1830,6665,"0,011%"
1834,6609,"0,011%"
1836,6594,"0,011%"
1839,7193,"0,011%"
1845,1767,"0,011%"
1848,7616,"0,011%"
1849,4856,"0,011%"
1849,1849,"0,011%"
1852,1819,"0,011%"
1865,1696,"0,011%"
1869,5731,"0,011%"
1873,6080,"0,011%"
1873,5045,"0,011%"
1873,5043,"0,011%"
1874,5104,"0,011%"
1876,1890,"0,011%"
1879,5424,"0,011%"
1902,6236,"0,011%"
1902,6236,"0,011%"
1902,6236,"0,011%"
1902,1270,"0,011%"
1904,1325,"0,011%"
1907,6234,"0,011%"
1908,1422,"0,011%"
1915,1516,"0,011%"
1921,2113,"0,011%"
1922,5942,"0,011%"
1922,5941,"0,011%"
1922,1953,"0,011%"
1926,5833,"0,011%"
1927,1958,"0,011%"
1927,1944,"0,011%"
1928,2179,"0,011%"
1928,1854,"0,011%"
1930,1660,"0,011%"
1931,6385,"0,011%"
1935,2113,"0,011%"
1939,4843,"0,011%"
1939,1379,"0,011%"
1944,5039,"0,011%"
1944,1958,"0,011%"
1944,1944,"0,011%"
1946,2019,"0,011%"
1949,7292,"0,011%"
1956,7880,"0,011%"
1956,2023,"0,011%"
1958,6807,"0,011%"
1958,6806,"0,011%"
1958,1944,"0,011%"
1958,1874,"0,011%"
1963,1676,"0,011%"
1965,6527,"0,011%"
1976,7155,"0,011%"
1981,1973,"0,011%"
1983,2024,"0,011%"
1983,1769,"0,011%"
1986,2022,"0,011%"
1986,1988,"0,011%"
1995,1559,"0,011%"
1998,2273,"0,011%"
2000,8934,"0,011%"
2000,5794,"0,011%"
2004,6238,"0,011%"
2004,2093,"0,011%"
2004,2041,"0,011%"
2004,1980,"0,011%"
2004,1082,"0,011%"
2005,5854,"0,011%"
2015,1446,"0,011%"
2021,6811,"0,011%"
2024,5738,"0,011%"
2034,6076,"0,011%"
2037,2037,"0,011%"
2040,2055,"0,011%"
2042,6805,"0,011%"
2061,2068,"0,011%"
2067,6130,"0,011%"
2070,2240,"0,011%"
2070,2070,"0,011%"
2075,5883,"0,011%"
2082,1911,"0,011%"
2084,2014,"0,011%"
2094,1289,"0,011%"
2099,6116,"0,011%"
2099,1490,"0,011%"
2112,6799,"0,011%"
2122,2234,"0,011%"
2134,3262,"0,011%"
2134,2141,"0,011%"
2135,6494,"0,011%"
2135,1467,"0,011%"
2137,5293,"0,011%"
2147,811,"0,011%"
2161,2176,"0,011%"
2161,1670,"0,011%"
2162,6967,"0,011%"
2162,6720,"0,011%"
2163,7054,"0,011%"
2163,1646,"0,011%"
2165,2254,"0,011%"
2165,2254,"0,011%"
2178,4846,"0,011%"
2186,1965,"0,011%"
2192,7231,"0,011%"
2192,2016,"0,011%"
2195,5142,"0,011%"
2195,2195,"0,011%"
2204,6044,"0,011%"
2205,5448,"0,011%"
2206,6145,"0,011%"
2213,1996,"0,011%"
2218,7295,"0,011%"
2228,5080,"0,011%"
2228,2228,"0,011%"
2229,5293,"0,011%"
2231,1788,"0,011%"
2231,1785,"0,011%"
2234,5442,"0,011%"
2234,2122,"0,011%"
2254,1911,"0,011%"
2254,1362,"0,011%"
2257,1403,"0,011%"
2259,3654,"0,011%"
2261,2116,"0,011%"
2261,1673,"0,011%"
2266,1819,"0,011%"
2267,6818,"0,011%"
2267,1212,"0,011%"
2269,1939,"0,011%"
2274,1693,"0,011%"
2274,1502,"0,011%"
2274,1456,"0,011%"
2284,6775,"0,011%"
2284,5005,"0,011%"
2284,2275,"0,011%"
2300,6901,"0,011%"
2300,1270,"0,011%"
2687,3263,"0,011%"
3364,5666,"0,011%"
3364,5129,"0,011%"
3365,4388,"0,011%"
3365,3627,"0,011%"
3504,1591,"0,011%"
3605,9434,"0,011%"
3922,3544,"0,011%"
4303,9819,"0,011%"
4386,9152,"0,011%"
4386,9146,"0,011%"
4467,7427,"0,011%"
7649,7587,"0,011%"
7650,8023,"0,011%"
7653,7977,"0,011%"
7740,7956,"0,011%"
7768,7888,"0,011%"
8162,6173,"0,011%"
8205,5599,"0,011%"
8242,8020,"0,011%"
8244,6616,"0,011%"
8315,8315,"0,011%"
8508,8345,"0,011%"
8756,9361,"0,011%"
8756,1088,"0,011%"
8939,946,"0,011%"
9109,7967,"0,011%"
9133,9663,"0,011%"
9284,787,"0,011%"
9287,4010,"0,011%"
9289,2102,"0,011%"
9364,9353,"0,011%"
9453,7535,"0,011%"
9453,6049,"0,011%"
9584,9808,"0,011%"
9584,9639,"0,011%"
9594,9639,"0,011%"
9674,9790,"0,011%"
9674,9679,"0,011%"
9674,1158,"0,011%"
9674,690,"0,011%"
9805,686,"0,011%"
9805,611,"0,011%"
9876,1921,"0,011%"
9956,5555,"0,011%"
10052,6637,"0,011%"
