SourceID,TargetID,Relationship Strenght
4434,4,70000%
4434,968,70000%
4434,17023,70000%
3435,12,70000%
3435,14218,70000%
3435,3490,70000%
3435,5954,70000%
3435,21276,70000%
3435,21332,70000%
3435,20961,70000%
3435,21446,70000%
3435,21484,70000%
3435,15413,70000%
6093,67,70000%
4910,78,70000%
4910,5652,64994%
4910,5856,64935%
4910,17244,64935%
4910,17244,64922%
4910,22186,64870%
4910,10778,64805%
5501,100,64487%
5501,6787,64350%
5501,16947,64350%
5501,17032,64350%
5501,21475,64220%
5501,30000,64220%
5501,13012,64155%
5068,184,63895%
10860,16007,63895%
4153,16073,63700%
4153,2027,63700%
4153,2123,63310%
4153,2127,63310%
4153,2153,63271%
4153,3975,63050%
4153,4131,63050%
4153,6068,63037%
4153,6367,62972%
4153,6469,62725%
4153,6541,62699%
4153,6719,62660%
4153,6770,62550%
4153,6842,62524%
4153,6847,62335%
4153,6956,62270%
4153,7113,62264%
4153,7558,62140%
4153,7581,61965%
4153,7662,61776%
4153,7768,61750%
4153,17502,61750%
4153,17272,61750%
4153,12272,61750%
3708,15205,61620%
3708,3491,61581%
3708,22275,61289%
3708,20680,61198%
8705,355,61100%
3363,388,61100%
3363,15368,61035%
3363,22165,60905%
3363,20896,60645%
3363,20884,60450%
3363,20913,60229%
4549,419,60158%
4549,7411,59800%
4549,16657,59800%
7886,443,59768%
7886,4448,59293%
7886,4649,59215%
7886,7886,59150%
7886,7886,59150%
7886,8254,59085%
7886,20431,58708%
7886,17595,58630%
7886,20429,58500%
7886,18070,58500%
7886,20430,58500%
7886,17596,58045%
7886,17581,57980%
7886,17592,57850%
12430,539,57850%
12430,629,57720%
12430,4121,57655%
12430,6306,57597%
12430,7462,57200%
12430,7462,57200%
12430,16402,56713%
12430,16402,56550%
12430,17236,56485%
12430,12622,56180%
12430,30000,56089%
12430,12784,55920%
560,543,55900%
535,583,55900%
535,14867,55848%
535,643,55822%
535,2960,55660%
535,2977,55543%
535,4074,55263%
535,6221,55250%
535,6405,55250%
535,6446,55120%
535,7257,54990%
535,20592,54964%
535,20593,54795%
535,12550,54665%
2211,16016,54600%
2211,21678,54600%
2211,20457,54535%
5888,624,54191%
5888,3491,54041%
5888,3581,54015%
5888,7567,53950%
5888,12063,53950%
635,634,53560%
12398,642,53463%
12398,2960,53300%
12398,2999,53222%
12398,6221,53209%
12398,6221,53196%
12398,6305,52910%
12398,6491,52858%
12398,6854,52780%
12398,7257,52650%
12398,7257,52650%
12398,7619,52650%
12398,7641,52572%
12398,16507,52364%
12398,12326,52325%
12398,12344,52195%
12398,12358,52000%
12398,12456,51922%
12398,12456,51578%
12398,12459,51480%
12398,12461,51370%
12398,12461,51350%
12398,12474,51350%
12398,12506,51220%
12398,12550,51025%
12398,12591,50941%
12398,12612,50765%
12398,12656,50700%
12398,12889,50700%
3372,16030,50635%
3372,3490,50310%
3372,3521,49537%
3372,22238,49400%
3372,17746,49400%
3372,20897,49400%
2194,16030,49335%
2194,3590,49270%
2194,17637,49264%
647,674,49205%
647,677,49205%
6340,678,49192%
6340,6305,49153%
6340,6611,48984%
6340,7078,48880%
6340,7245,48880%
6340,7462,48750%
737,737,48750%
8747,749,48594%
8747,7773,48464%
8747,16847,48302%
5430,755,48165%
5430,3496,48100%
5430,3496,48100%
5430,5430,48100%
5430,5430,48100%
5430,7255,47970%
5430,7255,47697%
5430,17334,47645%
3807,778,47483%
3807,3894,47450%
3807,5372,47450%
3807,6852,47125%
3807,7050,46930%
3807,7077,46800%
3807,7484,46800%
1707,795,46800%
1707,1585,46774%
1707,1675,46417%
1707,2153,46150%
1707,6770,46020%
1707,8268,45539%
1707,8269,45500%
1707,21763,45500%
1707,8941,45435%
1707,9930,45266%
1707,13008,45006%
1707,13059,44896%
1707,13086,44850%
4403,816,44805%
4403,5640,44720%
4403,6873,44590%
4403,7567,44525%
4403,16179,44363%
4403,16332,44200%
4403,17091,44200%
4403,11581,44200%
10667,820,44200%
10667,17559,44200%
10667,21292,44200%
10667,11845,44135%
5278,820,44135%
5278,6347,43934%
16738,840,43680%
16738,1927,43596%
16738,7768,43550%
16738,30000,43550%
11977,14771,43550%
11977,17510,43550%
11977,9496,43550%
7735,891,43550%
7735,17601,43355%
1051,891,43206%
4521,894,43186%
4521,9734,43180%
777,894,43160%
777,1049,43108%
777,1255,43024%
777,13742,42946%
777,6294,42900%
5496,914,42900%
5496,6248,42900%
5496,6362,42900%
5496,10779,42900%
5292,916,42900%
5292,10255,42900%
8536,938,42900%
8536,7264,42900%
8536,12403,42900%
8536,30000,42900%
8536,30000,42900%
8536,30000,42900%
6239,964,42900%
6239,1925,42900%
6239,4946,42900%
6239,7102,42900%
6239,16773,42900%
6239,17106,42900%
6239,9361,42900%
6836,982,42900%
479,991,42900%
479,16813,42900%
479,16907,42900%
479,16281,42900%
479,12568,42900%
5846,1035,42900%
5846,5290,42900%
5846,5965,42900%
5846,6294,42900%
5846,7519,42900%
5846,7634,42900%
5846,7651,42900%
5846,7810,42900%
5846,16625,42900%
4898,1044,42900%
4898,1295,42900%
4898,1689,42900%
4898,17384,42900%
4898,17186,42900%
4898,17186,42900%
4898,17383,42900%
4898,22355,42900%
4898,22356,42900%
4898,8979,42900%
4898,8979,42900%
4898,9061,42900%
5753,1061,42900%
5753,6349,42900%
5753,7043,42900%
5753,10138,42900%
4586,1061,42900%
4586,5858,42900%
4586,7002,42900%
3496,15037,42900%
3496,3173,42900%
3496,3496,42900%
3496,3496,42900%
3496,3496,42900%
3496,15610,42900%
3496,3597,42900%
3496,3627,42900%
3496,3627,42900%
3496,3652,42900%
3496,15389,42900%
3496,5430,42900%
3496,22111,42900%
3496,21299,42900%
3496,21300,42900%
3496,21055,42900%
3496,21483,42900%
3496,21529,42900%
10952,1104,42900%
10952,10958,42900%
2182,1111,42900%
2177,1111,42900%
2177,7621,42900%
2177,16989,42900%
11423,1112,42900%
11423,2123,42900%
11423,11399,42900%
11423,11400,42900%
11423,11403,42900%
11423,11430,42900%
11423,11432,42900%
11423,11433,42900%
6281,1112,42900%
6281,1585,42900%
6281,2123,42900%
6281,3485,42900%
6281,3572,42900%
6281,6770,42900%
6281,6776,42900%
6281,6872,42900%
6281,6950,42900%
6281,7683,42900%
6281,8268,42900%
6281,8269,42900%
6281,8331,42900%
6281,11399,42900%
6281,11403,42900%
6281,11430,42900%
6281,13008,42900%
5960,1112,42900%
5960,1585,42900%
5960,2123,42900%
5960,3572,42900%
5960,6231,42900%
5960,6770,42900%
5960,6776,42900%
5960,6872,42900%
5960,6950,42900%
5960,7096,42900%
5960,7683,42900%
5960,8268,42900%
5960,16989,42900%
5960,11399,42900%
5960,13008,42900%
7654,1112,42900%
7654,1585,42900%
7654,5722,42900%
7654,6213,42900%
7654,6469,42900%
7654,6638,42900%
7654,6770,42900%
7654,6776,42900%
7654,6872,42900%
7654,7243,42900%
7654,7683,42900%
7654,8268,42900%
7654,17186,42900%
7654,17183,42900%
7654,8941,42900%
7654,8961,42900%
7654,9378,42900%
7654,10110,42900%
7654,11399,42900%
7654,13008,42900%
1032,1112,42900%
1032,1585,42900%
1032,1660,42900%
1032,2153,42900%
1032,6770,42900%
1032,6776,42900%
1032,6872,42900%
1032,6950,42900%
1032,7243,42900%
1032,7683,42900%
1032,8268,42900%
1032,8269,42900%
1032,13008,42900%
3595,1112,42900%
3595,3481,42900%
3595,3572,42900%
3595,6638,42900%
3595,20814,42900%
3595,20824,42900%
9658,1112,42900%
9658,1585,42900%
9658,2123,42900%
9658,2153,42900%
9658,3572,42900%
9658,6770,42900%
9658,6776,42900%
9658,6872,42900%
9658,6950,42900%
9658,7683,42900%
9658,8268,42900%
9658,8269,42900%
9658,11399,42900%
9658,13008,42900%
2112,1112,42900%
2112,1262,42900%
2112,1585,42900%
2112,2123,42900%
2112,2153,42900%
2112,3572,42900%
2112,6770,42900%
2112,6776,42900%
2112,6872,42900%
2112,7683,42900%
2112,8268,42900%
2112,8941,42900%
2112,11399,42900%
2112,13008,42900%
12970,1112,42900%
12970,1585,42900%
12970,2153,42900%
12970,8268,42900%
12970,8941,42900%
12970,13008,42900%
12789,1112,42900%
12789,1585,42900%
12789,5734,42900%
12789,6638,42900%
12789,6770,30%
12789,8268,30%
12789,8269,30%
12789,8269,30%
12789,8941,30%
12789,13008,30%
2176,1112,30%
2176,6776,30%
2176,16334,30%
6894,1112,30%
6894,3572,30%
6894,6369,30%
6894,6770,30%
6894,6776,30%
6894,6872,30%
6894,6971,30%
6894,7418,30%
6894,7603,30%
6894,30000,30%
6624,1112,30%
6624,3651,30%
6624,5734,30%
6624,6770,30%
6624,11399,30%
11002,1182,30%
11002,2871,30%
11002,2874,30%
11002,15140,30%
11002,11670,30%
11437,1194,30%
11437,6950,30%
3211,15184,30%
3211,3482,30%
3211,3509,30%
3211,20656,30%
3211,20662,30%
3211,20664,30%
3211,22271,30%
3211,20653,30%
3211,20617,30%
3211,20634,30%
3211,22272,30%
3211,20618,30%
3211,20626,30%
627,1227,30%
1359,1331,30%
12784,1385,30%
12784,1590,30%
12784,18202,30%
4440,1507,30%
4440,7245,30%
4440,16847,30%
4440,16687,30%
4440,16964,30%
4440,17340,30%
4440,17196,30%
4440,12419,30%
11791,1507,30%
11791,10921,30%
11791,11786,30%
11791,11786,30%
3432,1508,30%
3432,3572,30%
3432,7028,30%
3432,7096,30%
3432,17787,30%
3397,1514,30%
3465,1523,30%
3465,6847,30%
3465,7756,30%
3465,21643,30%
3465,21597,30%
3465,21600,30%
3465,21602,30%
3465,21607,30%
3465,21658,30%
3465,21619,30%
3465,21635,30%
3465,21646,30%
3465,21646,30%
3465,9775,30%
3465,11786,30%
3465,12329,30%
8897,1523,30%
8897,18469,30%
8897,20500,30%
8897,21687,30%
8897,21800,30%
8897,8957,30%
6543,1523,30%
6543,1641,30%
6543,17370,30%
6543,16964,30%
6543,8957,30%
6543,12084,30%
6543,12084,30%
12091,1523,30%
12091,3493,30%
12091,22064,30%
12091,17370,30%
12091,16968,30%
12091,16968,30%
12091,21654,30%
12091,21628,30%
12091,9012,30%
12091,11786,30%
12091,12088,30%
5234,1523,30%
5234,1641,30%
5234,3791,30%
5234,17370,30%
5234,16968,30%
5234,17287,30%
5234,9637,30%
5234,12088,30%
5192,1523,30%
5192,3640,30%
5192,16792,30%
1526,1528,30%
1551,1560,30%
10724,1561,30%
10724,10731,30%
10724,11602,30%
10724,11602,30%
3585,1573,30%
3585,13962,30%
3585,20730,30%
3585,20729,30%
5461,1583,30%
5461,5010,30%
5461,5214,30%
5461,7111,30%
5461,7313,30%
5461,7570,30%
5461,8237,30%
5461,9730,30%
5461,10778,30%
11341,1585,30%
11341,3572,30%
11341,6770,30%
11341,6776,30%
11341,6872,30%
11341,6950,30%
11341,7683,30%
11341,7683,30%
11341,8269,30%
11341,8331,30%
11341,11399,30%
11341,11400,30%
11341,11401,30%
11341,11403,30%
11341,11430,30%
11341,11432,30%
11341,11433,30%
11341,13059,30%
1683,1585,30%
1683,2153,30%
1683,5734,30%
1683,6770,30%
1683,6776,30%
1683,6872,30%
1683,8268,30%
1683,8269,30%
1683,13008,30%
7697,1585,30%
7697,6770,30%
7697,6776,30%
7697,6950,30%
7697,7683,30%
7697,8268,30%
7697,16824,30%
7697,8941,30%
7697,11399,30%
7697,13008,30%
11428,1585,30%
11428,6872,30%
11428,6950,30%
11428,7683,30%
11428,8269,30%
11428,8331,30%
11428,11399,30%
11428,11400,30%
11428,11403,30%
11428,11432,30%
11428,13059,30%
885,1585,30%
885,2153,30%
885,6770,30%
885,6872,30%
885,7683,30%
885,8268,30%
885,13008,30%
6231,1585,30%
6231,6770,30%
6231,6776,30%
6231,6872,30%
6231,6950,30%
6231,7683,30%
6231,8268,30%
6231,8269,30%
6231,11399,30%
6231,13008,30%
1737,1585,30%
1737,2153,30%
1737,6770,30%
1737,6776,30%
1737,6872,30%
1737,8268,30%
1737,8269,30%
1737,13008,30%
2027,1585,30%
2027,2153,30%
2027,3572,30%
2027,6541,30%
2027,6770,30%
2027,6776,30%
2027,6872,30%
2027,8268,30%
2027,9939,30%
2027,13008,30%
8882,1585,30%
8882,21756,30%
8882,9487,30%
1994,1585,30%
1994,2153,30%
1994,6872,30%
1994,8268,30%
7096,1585,30%
7096,6770,30%
7096,6872,30%
7174,1585,30%
7174,6770,30%
7174,6776,30%
7174,6872,30%
7174,8268,30%
7174,13008,30%
6915,1585,30%
6915,6776,30%
6915,7683,30%
6915,8268,30%
7149,1585,30%
7149,3572,30%
7149,6872,30%
7149,6950,30%
7149,11399,30%
11551,1585,30%
12654,1585,30%
12654,2027,30%
12654,6776,30%
11100,1585,30%
11100,6776,30%
11100,6872,30%
11100,7683,30%
11100,7683,30%
11100,13008,30%
11100,13059,30%
7194,1585,30%
7194,6469,30%
7194,6638,30%
7194,6770,30%
7194,6776,30%
7194,7243,30%
7194,8268,30%
7194,8269,30%
7194,11341,30%
7194,13008,30%
15437,1596,30%
15437,3160,30%
15437,21245,30%
15437,21057,30%
15437,21466,30%
15437,21107,30%
15437,21489,30%
1987,1596,30%
1987,6449,30%
1987,17332,30%
7021,1596,30%
7021,17332,30%
13085,1607,30%
3581,1607,30%
3581,16053,30%
3581,14218,30%
3581,2930,30%
3581,3593,30%
3581,3688,30%
3581,3713,30%
3581,3714,30%
3581,15399,30%
3581,4947,30%
3581,6379,30%
3581,7002,30%
3581,7519,30%
3581,7634,30%
3581,7810,30%
3581,9633,30%
3581,10473,30%
3581,11486,30%
3581,11920,30%
3581,12062,30%
3581,12168,30%
3581,12217,30%
4976,1607,30%
4976,6594,30%
7695,1614,30%
7695,4099,30%
7695,7374,30%
7695,7462,30%
7695,7607,30%
7695,8259,30%
15370,1617,30%
15370,15661,30%
15370,15156,30%
15370,15723,30%
15370,15528,30%
15370,15165,30%
15370,3491,30%
15370,3513,30%
15370,3587,30%
15370,3685,30%
15370,3785,30%
15370,21301,30%
15370,21651,30%
15370,15734,30%
15370,10731,30%
12161,1619,30%
12161,21548,30%
6539,1619,30%
6539,6685,30%
5704,1622,30%
5704,5432,30%
5704,6373,30%
5704,6685,30%
3757,15381,30%
3757,2934,30%
3757,3581,30%
3757,3685,30%
3757,3716,30%
3757,20905,30%
3757,22235,30%
11083,1627,30%
11083,16710,30%
7598,1641,30%
7598,8957,30%
7598,9001,30%
7598,11787,30%
7598,11788,30%
7598,12088,30%
11966,1649,30%
11966,21614,30%
11966,22053,30%
11966,21623,30%
11966,20514,30%
11966,21324,30%
11966,15985,30%
11966,11639,30%
11966,16045,30%
3694,1655,30%
3694,3535,30%
3694,15324,30%
3694,15431,30%
3694,3826,30%
3694,21181,30%
3694,21036,30%
4349,1655,30%
4349,6787,30%
4349,30000,30%
9690,1655,30%
924,1660,30%
924,2027,30%
924,2123,30%
924,2153,30%
924,3975,30%
924,5734,30%
924,6168,30%
924,6469,30%
924,6770,30%
924,6776,30%
924,6872,30%
924,7174,30%
924,8268,30%
924,16989,30%
924,16334,30%
924,8912,30%
924,11200,30%
924,11202,30%
924,11399,30%
924,11418,30%
924,13008,30%
924,13086,30%
12613,6609,30%
6681,1686,30%
6681,2017,30%
6681,3976,30%
6681,16847,30%
6681,16781,30%
5180,1774,30%
5180,7848,30%
3487,1776,30%
3487,3776,30%
3487,21246,30%
3487,22205,30%
3487,21429,30%
3487,20545,30%
3487,20981,30%
3487,15472,30%
10094,1776,30%
5997,1781,30%
5997,5003,30%
5997,5577,30%
2046,14309,30%
2046,6430,30%
2046,6611,30%
2046,7374,30%
2046,7696,30%
2046,7885,30%
2046,18778,30%
2046,21788,30%
2046,17003,30%
11800,1828,30%
11157,1829,30%
11157,10920,30%
4791,1831,30%
4791,4947,30%
4791,7464,30%
3559,1833,30%
3559,3479,30%
3559,3490,30%
8900,1866,30%
4740,1883,30%
5677,1886,30%
5677,5010,30%
5677,5717,30%
5677,5884,30%
5677,6362,30%
5677,8237,30%
5677,9730,30%
5677,10814,30%
15154,1887,30%
15154,15156,30%
15154,3569,30%
15154,3628,30%
15154,15175,30%
9406,1887,30%
9406,4023,30%
9406,16082,30%
9020,1888,30%
7683,15350,30%
7683,2807,30%
7683,11100,30%
7683,11401,30%
7683,11438,30%
7683,11443,30%
7683,11444,30%
7683,11597,30%
7683,12007,30%
7257,1922,30%
7257,3878,30%
7257,12284,30%
1924,1924,30%
1924,1925,30%
1924,2096,30%
1924,3956,30%
1924,4002,30%
1924,6623,30%
1924,21887,30%
1924,21926,30%
1924,21838,30%
1924,21831,30%
1924,21711,30%
1924,13088,30%
11925,1926,30%
11925,21574,30%
11925,22052,30%
11925,21588,30%
11925,17927,30%
11925,11926,30%
11925,11945,30%
11925,15998,30%
2604,1926,30%
2604,10912,30%
2604,12180,30%
3450,1927,30%
3450,3450,30%
3450,17509,30%
7581,1927,30%
7581,6367,30%
7646,1927,30%
7646,6367,30%
7768,1927,30%
7768,6367,30%
7768,30000,30%
3738,1927,30%
3738,6367,30%
3738,21415,30%
12476,1927,30%
12476,6367,30%
6985,1927,30%
6985,6367,30%
7815,1927,30%
7815,3875,30%
7815,6367,30%
7815,6742,30%
7815,6842,30%
7815,7113,30%
7815,7283,30%
7815,7513,30%
7815,7662,30%
7815,7736,30%
7815,30000,30%
4585,1952,30%
4585,2235,30%
4585,5393,30%
4585,16776,30%
4585,17070,30%
1942,1954,30%
1942,12272,30%
12133,1983,30%
12133,21549,30%
12133,15783,30%
608,1988,30%
7047,1995,30%
7047,4188,30%
7047,5186,30%
7047,7079,30%
7047,7848,30%
2075,2014,30%
2075,6367,30%
12282,2017,30%
12282,16644,30%
12282,17042,30%
12282,17043,30%
1919,2017,30%
419,2025,30%
419,6754,30%
419,6765,30%
419,7728,30%
419,11840,30%
419,30000,30%
7248,2025,30%
7248,7848,30%
7248,17298,30%
7248,17356,30%
3310,2027,30%
3310,3748,30%
3310,22335,30%
2045,2042,30%
2045,2146,30%
2045,5022,30%
2045,5671,30%
2045,7567,30%
2045,18973,30%
2045,21748,30%
2045,21772,30%
2045,9233,30%
10202,2043,30%
10202,18655,30%
10202,22015,30%
10202,21719,30%
10202,9037,30%
5304,2067,30%
5304,6670,30%
5304,7209,30%
5304,7570,30%
5304,8208,30%
5583,2067,30%
5583,7570,30%
9762,2084,30%
15527,2105,30%
15527,21027,30%
15527,15715,30%
5984,2114,30%
5984,4216,30%
5984,7013,30%
15482,2119,30%
3137,2123,30%
3137,15158,30%
3137,3485,30%
3137,3485,30%
3137,3545,30%
3137,3572,30%
3137,3605,30%
3137,3651,30%
3137,3746,30%
3137,3808,30%
3137,6872,30%
3137,17517,30%
3137,20950,30%
3137,11383,30%
15509,2123,30%
15509,3737,30%
15509,6872,30%
15509,21318,30%
15509,11399,30%
15495,2123,30%
15495,3485,30%
15495,3572,30%
15195,2123,30%
15195,3689,30%
15195,6872,30%
15195,11399,30%
15195,11399,30%
7775,2123,30%
7775,6770,30%
7775,11430,30%
3332,2123,30%
6261,2127,30%
15599,2132,30%
8628,2132,30%
8628,6960,30%
8628,6993,30%
15560,14231,30%
15560,15566,30%
15560,22197,30%
5802,2144,30%
5802,5040,30%
5802,18181,30%
5802,18269,30%
5802,12131,30%
5802,12169,30%
6572,2153,30%
6572,6770,30%
6572,6776,30%
6572,6872,30%
6572,8268,30%
6659,2153,30%
6659,3572,30%
6659,6770,30%
6659,6776,30%
6659,6872,30%
6659,6872,30%
6659,7683,30%
6659,8268,30%
6659,8269,30%
6659,8941,30%
6659,13008,30%
12638,2158,30%
12638,2197,30%
12638,5202,30%
12638,16714,30%
12638,10473,30%
12638,11002,30%
12638,11254,30%
12638,11282,30%
12638,11604,30%
8400,2158,30%
8400,16228,30%
9133,2159,30%
10627,2172,30%
10627,6630,30%
15265,15290,30%
11616,15142,30%
11616,2748,30%
11616,2757,30%
11616,14029,30%
11616,15143,30%
11616,10383,30%
11616,10388,30%
11616,10414,30%
11616,10461,30%
11616,10498,30%
11616,10501,30%
11616,11466,30%
11616,15144,30%
11616,11906,30%
11616,11941,30%
11616,12005,30%
15197,2181,30%
15197,15322,30%
15197,3591,30%
15197,3764,30%
15197,3764,30%
15197,6611,30%
15197,17699,30%
15197,21369,30%
15197,15738,30%
11990,2181,30%
11989,15986,30%
11989,22028,30%
11989,22030,30%
11989,20552,30%
11989,20552,30%
11989,21689,30%
11989,22038,30%
11989,21852,30%
11989,12012,30%
11989,15998,30%
11989,13086,30%
15273,15285,30%
15549,15670,30%
11331,2189,30%
12029,2190,30%
12029,6341,30%
12023,15753,30%
12023,11335,30%
10939,15152,30%
10939,10482,30%
10939,11613,30%
11973,16021,30%
11973,2289,30%
11973,16013,30%
11923,2199,30%
11923,8248,30%
12221,2199,30%
12048,2201,30%
12048,16971,30%
12128,2201,30%
2259,2203,30%
2259,15760,30%
2259,7720,30%
2222,2203,30%
2222,12133,30%
2280,2204,30%
2280,21578,30%
2280,12013,30%
2209,2204,30%
2209,21648,30%
2209,11001,30%
2209,12016,30%
12180,2205,30%
12180,7720,30%
12180,21550,30%
12180,10714,30%
12213,2206,30%
12213,12146,30%
12213,12200,30%
12213,15989,30%
3456,15153,30%
3456,3491,30%
3456,3581,30%
3456,5648,30%
3456,22275,30%
3456,20638,30%
3201,15153,30%
3201,3491,30%
3201,3581,30%
3201,5648,30%
3201,22178,30%
3201,15380,30%
9095,2208,30%
9095,9088,30%
9095,15991,30%
2249,2210,30%
2249,2316,30%
2188,2211,30%
11996,2212,30%
3454,15695,30%
3454,15635,30%
3454,15666,30%
3454,21354,30%
3454,21008,30%
3454,21023,30%
11361,2217,30%
11361,8688,30%
11366,2217,30%
11366,10837,30%
12014,15754,30%
12014,9194,30%
12014,12018,30%
11364,15149,30%
11364,6341,30%
11364,8243,30%
12202,15149,30%
12202,15756,30%
12202,12156,30%
3203,15315,30%
3203,3491,30%
3203,3581,30%
3203,3638,30%
3203,3726,30%
3203,20825,30%
3203,20829,30%
3203,22249,30%
12047,16039,30%
12047,12207,30%
2229,2223,30%
2229,3114,30%
2229,5856,30%
2229,7313,30%
2229,21551,30%
2299,2224,30%
10816,2225,30%
10816,20668,30%
10816,17499,30%
10816,10779,30%
10816,10787,30%
10816,10889,30%
11639,15305,30%
11639,3740,30%
2247,2226,30%
2247,22062,30%
12111,2228,30%
12146,2230,30%
12146,16017,30%
12146,16027,30%
12146,22050,30%
12146,9150,30%
12146,16052,30%
12146,12016,30%
12146,12020,30%
2246,2230,30%
2246,21627,30%
2298,2236,30%
2298,2236,30%
11984,16010,30%
11984,8863,30%
5796,2238,30%
5460,2238,30%
11936,16047,30%
11936,21567,30%
11936,11936,30%
11936,11937,30%
11936,16023,30%
11936,11942,30%
11936,16048,30%
11936,11949,30%
11936,16018,30%
11936,16022,30%
11936,15770,30%
11936,16012,30%
11936,12210,30%
11954,15782,30%
11954,15755,30%
11954,21553,30%
11954,22072,30%
11954,11947,30%
11979,2239,30%
11979,15757,30%
11979,22071,30%
11979,11951,30%
11979,11979,30%
11948,2239,30%
11350,2241,30%
8983,2248,30%
11605,16040,30%
11605,8248,30%
11605,15717,30%
12178,16009,30%
12178,2535,30%
12178,2535,30%
12178,5242,30%
12178,21599,30%
12178,12011,30%
11992,2257,30%
11992,22070,30%
11896,15141,30%
11896,2903,30%
11896,2903,30%
11896,10958,30%
11896,10958,30%
12060,15758,30%
12060,21620,30%
12060,12011,30%
12060,12045,30%
12060,15777,30%
4700,2258,30%
4700,4700,30%
4700,22292,30%
4700,16197,30%
4700,16196,30%
4700,16198,30%
4700,22346,30%
4700,22346,30%
12044,15987,30%
12044,15990,30%
12044,17562,30%
12050,2263,30%
12050,16046,30%
12050,16049,30%
12050,16050,30%
12050,16024,30%
11991,2267,30%
11991,22069,30%
11991,11597,30%
2278,2268,30%
12219,2269,30%
12219,3581,30%
12219,12066,30%
12152,2270,30%
12152,3104,30%
2296,2273,30%
2297,2276,30%
10684,2278,30%
10684,16814,30%
10684,10439,30%
10684,10439,30%
10684,11581,30%
2227,2281,30%
2205,2283,30%
12119,2285,30%
12119,21563,30%
11334,2293,30%
11334,3581,30%
11334,5648,30%
12122,15988,30%
12122,17651,30%
12122,21841,30%
12122,21685,30%
12122,12012,30%
12122,12122,30%
12122,12122,30%
12041,15759,30%
12041,4968,30%
12041,12138,30%
2288,2295,30%
12016,2297,30%
12016,16043,30%
12016,4947,30%
12016,8894,30%
12016,16014,30%
12016,12020,30%
12016,12031,30%
12016,15772,30%
12016,12131,30%
12016,12146,30%
12016,16015,30%
2276,2297,30%
2234,16036,30%
2234,16344,30%
15593,15719,30%
15593,15360,30%
15593,15588,30%
15593,15729,30%
15593,3499,30%
15593,3733,30%
15593,15686,30%
15593,15189,30%
15593,5342,30%
15593,21189,30%
15593,21219,30%
15593,21290,30%
15593,21088,30%
15593,18304,30%
12170,16026,30%
12170,5242,30%
12170,12133,30%
11246,15355,30%
11246,10235,30%
11246,10570,30%
12169,2304,30%
2300,2305,30%
11376,2310,30%
12136,2311,30%
12136,12197,30%
2286,2313,30%
15559,14218,30%
3741,15151,30%
3741,3310,30%
3741,3416,30%
3741,3543,30%
3741,3543,30%
3741,3543,30%
3741,15405,30%
3741,3651,30%
3741,3701,30%
3741,3726,30%
3741,3748,30%
3741,3749,30%
3741,20976,30%
3741,10006,30%
11308,15151,30%
11308,8248,30%
11367,2315,30%
2180,2317,30%
11215,2318,30%
11215,8764,30%
12021,2318,30%
12021,12021,30%
1568,2321,30%
2245,2323,30%
12093,16005,30%
12093,21324,30%
12093,11987,30%
12007,2327,30%
12007,7683,30%
12007,7683,30%
12007,22033,30%
12007,21755,30%
12007,21755,30%
12007,21803,30%
12007,21757,30%
12007,21754,30%
2344,2330,30%
2344,2331,30%
2344,15953,30%
2344,21858,30%
2333,2335,30%
2333,15831,30%
2339,2338,30%
2339,14191,30%
2339,21631,30%
2340,15841,30%
2340,16072,30%
2340,15843,30%
2340,16071,30%
2340,16070,30%
2340,20563,30%
2340,21865,30%
2340,21835,30%
2340,21826,30%
2340,20519,30%
2340,21720,30%
2340,21833,30%
2340,21916,30%
2340,21820,30%
2340,21789,30%
2340,21789,30%
2340,15940,30%
2330,2341,30%
2330,15825,30%
2330,15849,30%
2330,15852,30%
2330,15958,30%
2330,15856,30%
2330,17781,30%
2331,2341,30%
2331,2341,30%
2331,2344,30%
2331,15824,30%
2331,15953,30%
2331,15958,30%
2331,21912,30%
2331,21913,30%
2331,17781,30%
2331,17781,30%
2343,2342,30%
2343,16074,30%
2343,16069,30%
2343,16068,30%
2343,15956,30%
2343,15956,30%
2343,15956,30%
2343,15956,30%
2343,15956,30%
2343,21829,30%
2343,21919,30%
2343,21918,30%
2343,21885,30%
2343,21917,30%
2343,21818,30%
9558,2345,30%
9558,21995,30%
9558,17547,30%
9558,17547,30%
9558,21869,30%
9558,21732,30%
9558,21740,30%
9558,21870,30%
9558,16100,30%
9558,16101,30%
9558,9484,30%
9558,9534,30%
9558,16102,30%
9558,16061,30%
16202,2345,30%
16202,6953,30%
16202,16638,30%
9907,2347,30%
9907,7568,30%
9907,21812,30%
9907,21812,30%
9907,21825,30%
9907,22010,30%
9907,16098,30%
9907,16065,30%
9907,9064,30%
9907,9137,30%
8356,2347,30%
8356,16129,30%
8356,16130,30%
8356,16150,30%
8356,17216,30%
10235,2347,30%
10235,18858,30%
10235,21795,30%
10235,16076,30%
10235,16087,30%
10235,9535,30%
8884,2347,30%
10035,2355,30%
9371,2405,30%
9371,8044,30%
9371,17455,30%
9371,8944,30%
9371,9013,30%
9371,16094,30%
9371,11388,30%
3307,2405,30%
3307,3624,30%
3307,3756,30%
3307,3768,30%
2332,2415,30%
17389,2418,30%
2334,2422,30%
471,2460,30%
15268,15289,30%
11869,15300,30%
11869,17899,30%
11869,11838,30%
2744,2498,30%
10333,15691,30%
10333,16408,30%
11591,2514,30%
11591,15349,30%
11591,3337,30%
11591,15347,30%
11591,10418,30%
11591,10460,30%
11591,10467,30%
11591,10740,30%
11591,11600,30%
11591,15273,30%
11591,15348,30%
11591,12210,30%
11675,15297,30%
11675,2556,30%
11675,15314,30%
11675,15311,30%
11675,15306,30%
11675,15312,30%
11675,15309,30%
11675,15310,30%
11675,11479,30%
11675,15307,30%
11675,15287,30%
11675,15313,30%
11753,15297,30%
11753,15306,30%
11753,15307,30%
7153,2534,30%
15478,15696,30%
15478,21084,30%
11552,2539,30%
11552,20861,30%
11552,20865,30%
11159,2549,30%
11159,16408,30%
11159,16423,30%
2560,2550,30%
2560,11829,30%
2555,15238,30%
2555,3726,30%
2555,3748,30%
2555,11254,30%
2555,11254,30%
3638,2555,30%
3638,3393,30%
3638,3543,30%
3638,3726,30%
3638,3748,30%
3638,8248,30%
3638,20926,30%
3638,20894,30%
3638,17642,30%
11271,2555,30%
11271,4947,30%
11271,17211,30%
5944,2555,30%
5944,3581,30%
5944,11282,30%
5944,11651,30%
11907,2557,30%
11901,2563,30%
11901,11477,30%
10817,2566,30%
10817,20616,30%
10817,10479,30%
10817,11680,30%
10792,2566,30%
10792,10479,30%
10792,11680,30%
10449,2566,30%
10449,10479,30%
10449,11680,30%
15539,15697,30%
15539,21260,30%
2598,2571,30%
2598,2600,30%
2598,22161,30%
2598,17554,30%
2598,11084,30%
11057,2596,30%
11057,16110,30%
11057,16118,30%
11057,10761,30%
11057,10867,30%
11590,14160,30%
11590,15128,30%
11590,2718,30%
11590,17450,30%
11590,20776,30%
11590,20776,30%
11590,20778,30%
11590,20773,30%
11590,20777,30%
11590,20780,30%
11590,20774,30%
11590,20775,30%
11590,20775,30%
11590,17076,30%
2718,14160,30%
2718,22384,30%
2718,21899,30%
2718,22382,30%
2718,20780,30%
2718,17076,30%
2718,11254,30%
2718,11281,30%
2718,11590,30%
10633,2617,30%
10633,18258,30%
11052,2623,30%
11052,5022,30%
11052,10867,30%
11052,11833,30%
11052,11833,30%
11052,11833,30%
10101,2625,30%
10101,21749,30%
10101,18877,30%
10101,21774,30%
10101,8978,30%
10101,9594,30%
10101,10110,30%
15276,15296,30%
15276,10579,30%
11625,15353,30%
11625,10960,30%
11001,2647,30%
11001,2928,30%
11001,6128,30%
11001,9906,30%
11001,11005,30%
3155,2654,30%
3155,20485,30%
3155,20996,30%
3155,22218,30%
11252,2659,30%
11252,18252,30%
11252,11255,30%
11252,11828,30%
11589,2659,30%
11589,21371,30%
11589,21164,30%
2694,2661,30%
11219,2664,30%
11219,11646,30%
2675,2675,30%
2675,10477,30%
2675,11733,30%
11292,2683,30%
11292,7683,30%
15264,2686,30%
11352,2707,30%
11352,20612,30%
2646,2721,30%
2646,10574,30%
2646,11203,30%
2646,11531,30%
11782,2724,30%
11442,15146,30%
11442,6950,30%
2679,2729,30%
11319,15331,30%
11319,15354,30%
10421,2737,30%
10421,21313,30%
10421,21377,30%
10421,21461,30%
10421,10522,30%
10730,2756,30%
10730,3337,30%
10730,20855,30%
10730,12216,30%
2607,2758,30%
2607,15191,30%
2607,10901,30%
2758,2759,30%
10647,2762,30%
10647,6630,30%
10647,16328,30%
4828,2765,30%
4828,5643,30%
4828,17204,30%
4828,17205,30%
4828,17088,30%
15282,15295,30%
11484,2767,30%
11484,11070,30%
11676,13141,30%
11676,11829,30%
11676,11832,30%
11874,15292,30%
11597,15345,30%
11597,14125,30%
11597,2928,30%
11597,15344,30%
11597,3579,30%
11597,15346,30%
11597,3820,30%
11597,7683,30%
11597,15343,30%
11597,10777,30%
11597,11991,30%
11597,11998,30%
11597,12228,30%
10676,15332,30%
10676,11579,30%
12053,2789,30%
2705,2789,30%
2711,2789,30%
2162,15281,30%
2162,10384,30%
10909,15337,30%
10909,15338,30%
10909,17506,30%
11129,2795,30%
11129,20518,30%
12284,2802,30%
11400,2807,30%
11400,9808,30%
15173,2845,30%
15173,3490,30%
15173,3517,30%
15173,15744,30%
15173,3571,30%
15173,3624,30%
15173,3665,30%
15173,3702,30%
15173,3766,30%
15173,3818,30%
15173,6692,30%
15173,21361,30%
15173,21362,30%
15173,21363,30%
15173,21364,30%
15173,21094,30%
15173,21512,30%
15173,15749,30%
15173,10731,30%
9285,2859,30%
9285,2918,30%
9344,2873,30%
10993,2874,30%
10993,10584,30%
10993,15357,30%
3952,14118,30%
3952,4284,30%
3952,6720,30%
3952,17427,30%
3952,21822,30%
3952,21922,30%
6561,2907,30%
16257,2973,30%
16257,5858,30%
5059,2973,30%
5059,5858,30%
5309,2973,30%
5309,5953,30%
5309,16306,30%
5319,2973,30%
5319,6326,30%
5319,6347,30%
5319,7002,30%
3508,15382,30%
3508,3132,30%
3508,3674,30%
3508,20559,30%
3508,20916,30%
3508,17440,30%
3508,20925,30%
3508,20889,30%
3508,20945,30%
5066,2989,30%
6491,2998,30%
6491,5481,30%
6491,7644,30%
6491,16828,30%
6491,11012,30%
6491,11602,30%
12702,3020,30%
12702,3041,30%
12702,3042,30%
11994,16008,30%
11994,11998,30%
3295,15435,30%
3295,3535,30%
3295,15421,30%
3295,21226,30%
3295,16409,30%
3295,16409,30%
3295,16409,30%
3295,16409,30%
3494,3105,30%
3494,15662,30%
3494,3485,30%
3494,3553,30%
3494,3641,30%
3494,3651,30%
3494,3674,30%
3494,3747,30%
3494,3773,30%
3494,21135,30%
3494,21033,30%
3494,21028,30%
3494,21542,30%
3494,20534,30%
3494,17471,30%
3494,17435,30%
3494,21545,30%
3494,21322,30%
3494,21140,30%
3494,21389,30%
3494,22091,30%
10299,13978,30%
10299,4099,30%
10299,6173,30%
10299,7696,30%
10299,20671,30%
10299,17291,30%
10299,21166,30%
10299,10298,30%
10299,10921,30%
3729,15661,30%
3729,3491,30%
3729,15452,30%
3729,3513,30%
3729,3587,30%
3729,15370,30%
3729,15745,30%
3729,3685,30%
3729,3690,30%
3729,3766,30%
3729,15420,30%
3729,3785,30%
3729,21201,30%
3729,21239,30%
3729,21144,30%
3729,21651,30%
3729,21525,30%
3729,10006,30%
3729,10731,30%
3587,15661,30%
3587,3513,30%
3587,3536,30%
3587,3587,30%
3587,15369,30%
3587,15370,30%
3587,3690,30%
3587,3729,30%
3587,3751,30%
3587,3766,30%
3587,3785,30%
3725,15661,30%
3725,3248,30%
3725,15369,30%
3725,3725,30%
3725,15464,30%
3725,21231,30%
3725,21378,30%
3725,22320,30%
3298,15661,30%
3298,3135,30%
3298,3298,30%
3298,3457,30%
3298,3522,30%
3298,15367,30%
3298,3591,30%
3298,3727,30%
3298,22231,30%
3298,20971,30%
3298,22232,30%
3298,22229,30%
3298,21069,30%
3298,22325,30%
3298,22230,30%
3298,21325,30%
3298,21117,30%
3298,21118,30%
3441,15661,30%
3441,3482,30%
3441,3494,30%
3441,3543,30%
3441,15391,30%
3441,3792,30%
3441,17436,30%
3441,13146,30%
15458,15661,30%
15458,3494,30%
15458,3499,30%
15458,15710,30%
15458,3582,30%
15458,15711,30%
15458,15714,30%
15458,3714,30%
15458,21083,30%
15458,21021,30%
15458,21450,30%
15458,17757,30%
15458,17436,30%
15458,21085,30%
15458,20653,30%
3161,15661,30%
3161,3593,30%
3161,3624,30%
3161,15129,30%
3161,3652,30%
3161,3674,30%
3161,15436,30%
3161,3747,30%
3161,3792,30%
3161,22328,30%
3161,21312,30%
3161,21322,30%
3161,17729,30%
3161,21114,30%
3161,21467,30%
3161,21468,30%
3161,21506,30%
3810,15661,30%
3810,3729,30%
3181,15661,30%
3181,3491,30%
3181,15452,30%
3181,3587,30%
3181,3685,30%
3181,3729,30%
3181,3810,30%
3616,15661,30%
3616,15393,30%
3616,22324,30%
3616,20843,30%
3513,15558,30%
3513,3491,30%
3513,3587,30%
3513,15370,30%
3513,3685,30%
3513,3690,30%
3513,3729,30%
3513,3766,30%
3513,3785,30%
3513,9842,30%
3513,15736,30%
3122,15636,30%
3122,3333,30%
3122,15448,30%
3122,3674,30%
3806,3113,30%
3806,3141,30%
3806,15167,30%
3806,3735,30%
3806,15131,30%
3460,3113,30%
3460,3141,30%
3460,3530,30%
3460,3530,30%
3460,3740,30%
3460,15177,30%
3460,15131,30%
3460,15133,30%
3460,20642,30%
3460,20666,30%
3460,19062,30%
3460,20641,30%
3411,3114,30%
3575,3115,30%
3575,15437,30%
3575,15468,30%
3575,20984,30%
3575,21243,30%
3575,21245,30%
3575,20827,30%
3619,3117,30%
3619,3619,30%
3619,3625,30%
3625,3117,30%
3625,3619,30%
3625,3619,30%
15498,15485,30%
15498,15540,30%
15498,7409,30%
3785,3121,30%
3785,3491,30%
3785,3513,30%
3785,3587,30%
3785,3592,30%
3785,15370,30%
3785,3674,30%
3785,3690,30%
3785,3729,30%
3785,3754,30%
3785,3766,30%
3785,21239,30%
3785,20977,30%
3785,16409,30%
3785,21406,30%
3785,21508,30%
3785,8846,30%
15490,3122,30%
15490,3265,30%
15490,15322,30%
15490,21372,30%
15490,21479,30%
3257,3122,30%
3257,20706,30%
3257,20705,30%
3257,20705,30%
3333,3122,30%
3333,15448,30%
3333,21253,30%
3124,3124,30%
3124,3473,30%
3124,20995,30%
3124,22156,30%
3124,22204,30%
3124,21128,30%
3680,3126,30%
3680,3126,30%
3680,3660,30%
3680,20909,30%
3660,3126,30%
3660,3126,30%
3660,3680,30%
3660,20902,30%
3660,20909,30%
3624,15720,30%
3624,3624,30%
3624,3632,30%
3624,21199,30%
3624,21315,30%
3624,12008,30%
3341,3129,30%
15512,15486,30%
15512,3485,30%
15512,15430,30%
15512,3572,30%
15512,8066,30%
15512,21025,30%
3816,15721,30%
3816,3478,30%
3816,3478,30%
3816,3490,30%
3816,3766,30%
3816,21456,30%
15485,15580,30%
15485,3507,30%
15485,7409,30%
15485,7409,30%
15485,7409,30%
15485,21275,30%
15485,21482,30%
3666,15358,30%
3666,3551,30%
3666,3551,30%
3666,3586,30%
3666,3600,30%
3666,3600,30%
3666,3600,30%
3666,3765,30%
3666,20911,30%
3666,20908,30%
3666,20709,30%
3666,20708,30%
3666,20710,30%
3481,15565,30%
3481,3481,30%
3481,3724,30%
3481,3734,30%
3481,3768,30%
3481,7409,30%
3481,21261,30%
3481,21146,30%
3481,21137,30%
3481,21061,30%
3481,10017,30%
3230,15192,30%
3230,3255,30%
3230,3550,30%
3812,15192,30%
3812,15414,30%
3812,3805,30%
3812,22176,30%
3812,17917,30%
3812,21211,30%
15502,3135,30%
15502,15664,30%
15502,3629,30%
15502,22191,30%
15502,22319,30%
3566,3136,30%
3566,15390,30%
3566,3601,30%
3566,17708,30%
3566,21503,30%
3138,3138,30%
3138,21070,30%
3138,17714,30%
3138,21072,30%
3138,21168,30%
15657,15671,30%
3797,3141,30%
3797,3531,30%
3797,3701,30%
3797,3821,30%
3797,6512,30%
3797,20687,30%
3797,20676,30%
3797,20651,30%
12209,3141,30%
12209,10053,30%
12209,15771,30%
3550,3141,30%
3550,22110,30%
3550,17516,30%
3550,21202,30%
3550,22109,30%
3550,20690,30%
3550,22106,30%
3550,22108,30%
3701,3141,30%
3701,3531,30%
3701,3740,30%
3701,3797,30%
3701,3821,30%
3701,20676,30%
3701,20651,30%
3531,3141,30%
3531,3701,30%
3531,3797,30%
3531,3821,30%
3531,6512,30%
3531,22269,30%
3531,20676,30%
3531,20651,30%
3184,3142,30%
3184,3148,30%
3184,3174,30%
3184,3174,30%
3184,15330,30%
3184,3389,30%
3184,15476,30%
3184,15168,30%
3184,20812,30%
3389,3142,30%
3389,3174,30%
3389,3184,30%
3389,15168,30%
3389,3581,30%
3389,20661,30%
3148,3142,30%
3148,3174,30%
3148,15330,30%
3148,3389,30%
3148,20812,30%
10825,3142,30%
10825,22159,30%
10825,20851,30%
15500,15500,30%
15500,3674,30%
3143,3143,30%
3143,3471,30%
3143,20678,30%
3143,11230,30%
3146,3146,30%
3146,3485,30%
3146,3572,30%
3146,20619,30%
3146,20648,30%
3146,22267,30%
3146,9174,30%
3162,3146,30%
3162,3485,30%
3162,3651,30%
3162,3672,30%
3162,3697,30%
3162,3697,30%
3162,3773,30%
3162,17880,30%
3162,20944,30%
3162,20727,30%
3162,20698,30%
3162,22263,30%
3569,15154,30%
3569,15154,30%
3569,15156,30%
3569,3479,30%
3569,3628,30%
3569,15175,30%
3569,15179,30%
3653,15439,30%
3653,20558,30%
3653,22215,30%
3525,3153,30%
3525,3153,30%
3159,3153,30%
3159,3796,30%
3159,21133,30%
3159,21420,30%
3520,15517,30%
3520,15055,30%
3520,3802,30%
3520,15735,30%
3750,15424,30%
3750,15368,30%
3750,3628,30%
3750,21116,30%
3750,22414,30%
3509,15613,30%
3509,3211,30%
3509,3363,30%
3509,3380,30%
3509,3674,30%
3509,3724,30%
3509,22102,30%
3509,21327,30%
3509,22103,30%
3509,22100,30%
3509,22101,30%
3509,21405,30%
3509,22104,30%
3509,22105,30%
3509,17440,30%
3509,21458,30%
3509,21035,30%
3509,21142,30%
3150,3158,30%
3150,20946,30%
3150,20941,30%
3796,3159,30%
3796,21420,30%
15433,15606,30%
15433,3715,30%
15433,15429,30%
15433,3799,30%
15433,3799,30%
15433,15423,30%
15433,15423,30%
15433,21038,30%
15433,22098,30%
15433,21106,30%
15433,21338,30%
15433,21338,30%
15433,21338,30%
15433,21338,30%
15433,21087,30%
15433,21422,30%
15429,15606,30%
15429,15433,30%
15429,3715,30%
15429,3799,30%
15429,15423,30%
15429,21105,30%
15429,21338,30%
15429,21338,30%
3373,3161,30%
3373,3781,30%
3373,21228,30%
3373,21449,30%
3373,21469,30%
3781,3161,30%
3781,3373,30%
3697,3162,30%
3697,3572,30%
3697,3651,30%
3697,3697,30%
3697,15211,30%
3697,17517,30%
3697,20727,30%
3697,20726,30%
3697,22263,30%
3672,3162,30%
3672,3489,30%
3672,3489,30%
3672,3589,30%
3672,3589,30%
3672,3589,30%
3579,15155,30%
3579,3820,30%
15550,15642,30%
15550,22133,30%
3222,3164,30%
3222,3222,30%
3222,20872,30%
3222,20877,30%
15530,15535,30%
15530,3640,30%
15530,15630,30%
15530,21317,30%
15530,21013,30%
15569,15535,30%
15569,15547,30%
15569,3571,30%
15569,3702,30%
15569,3702,30%
15569,21240,30%
15569,21312,30%
15569,21361,30%
15569,21362,30%
15569,21362,30%
15569,21362,30%
15569,21362,30%
15569,21362,30%
15569,21362,30%
15569,17878,30%
15569,21363,30%
15569,21519,30%
15569,21047,30%
15644,15672,30%
15644,21059,30%
15426,3166,30%
15426,15394,30%
15426,3304,30%
15426,15705,30%
15426,7155,30%
15426,21408,30%
3304,3166,30%
3304,15394,30%
3304,3202,30%
3304,15426,30%
15387,3167,30%
15387,3712,30%
15415,3167,30%
3712,3167,30%
3712,15387,30%
3712,15387,30%
3712,15415,30%
3712,15417,30%
3712,15417,30%
3712,3739,30%
3712,22326,30%
3712,21097,30%
3712,18876,30%
3764,3170,30%
3764,15322,30%
3764,15197,30%
3764,3598,30%
3764,3764,30%
3764,3764,30%
3764,21215,30%
3764,17699,30%
3764,21293,30%
3764,21369,30%
3406,3170,30%
3406,15360,30%
3406,15361,30%
3406,3499,30%
3406,3530,30%
3406,3530,30%
3406,3740,30%
3406,3745,30%
3406,15177,30%
3406,20666,30%
3406,22145,30%
3406,8863,30%
3171,3171,30%
3171,15425,30%
3171,15438,30%
3171,3322,30%
3282,3173,30%
3282,3173,30%
3282,15445,30%
15537,3173,30%
15537,3282,30%
15537,15445,30%
15537,21024,30%
15537,22298,30%
15483,3176,30%
15483,15164,30%
15483,15639,30%
15483,3590,30%
15483,22318,30%
15483,21011,30%
15639,3176,30%
15639,15483,30%
15639,3590,30%
15460,3179,30%
15460,3179,30%
15460,15632,30%
15460,3422,30%
15460,15546,30%
15460,15461,30%
15460,21274,30%
3422,3179,30%
3422,15450,30%
3422,15460,30%
3422,15461,30%
3422,20987,30%
15632,3179,30%
15632,3422,30%
15632,15450,30%
15632,3688,30%
15632,15460,30%
15632,15461,30%
15632,3748,30%
15632,21054,30%
15546,3179,30%
15546,3422,30%
15546,15450,30%
15546,15460,30%
15546,15461,30%
3446,3180,30%
15607,3182,30%
3368,15739,30%
3368,21272,30%
3424,3186,30%
3424,21160,30%
3751,15740,30%
3751,3319,30%
3751,3536,30%
3751,3622,30%
3751,3751,30%
3751,3784,30%
3751,21176,30%
3751,22113,30%
3751,21439,30%
3751,22114,30%
3570,3189,30%
3570,15213,30%
3658,15359,30%
3658,20898,30%
3706,15428,30%
3706,3794,30%
3771,3190,30%
3771,3382,30%
3771,15453,30%
3771,3674,30%
3771,3716,30%
3771,15467,30%
3771,21170,30%
3771,21218,30%
3771,21352,30%
3771,21353,30%
3771,17627,30%
3771,17757,30%
3771,20991,30%
3771,16409,30%
3771,16409,30%
3771,16409,30%
3771,16409,30%
3771,16409,30%
3771,16409,30%
3771,16409,30%
3771,16409,30%
3771,20913,30%
3771,11912,30%
15515,3190,30%
15515,21353,30%
15515,21020,30%
3792,3193,30%
3792,15163,30%
3792,3581,30%
3792,3581,30%
3792,3593,30%
3792,3618,30%
3792,3631,30%
3792,3685,30%
3792,5260,30%
3792,5430,30%
3792,20621,30%
3792,20631,30%
3792,20652,30%
3792,20629,30%
3792,20623,30%
3792,17440,30%
3792,20632,30%
3792,20633,30%
3792,20622,30%
3792,20636,30%
3792,15188,30%
3506,3194,30%
3506,3249,30%
3506,3426,30%
3506,22122,30%
3249,3194,30%
3249,3506,30%
3249,21266,30%
3249,22122,30%
3185,3196,30%
15510,15698,30%
15510,15510,30%
15510,15203,30%
15510,5314,30%
15510,5388,30%
15510,10853,30%
15510,11878,30%
3499,15360,30%
3499,15541,30%
3499,15593,30%
3499,15588,30%
3499,15480,30%
3499,15686,30%
3499,15189,30%
15189,15360,30%
15189,15541,30%
15189,15593,30%
15189,15588,30%
15189,15729,30%
15189,3499,30%
15189,3499,30%
15189,15480,30%
15189,15421,30%
15189,3733,30%
15189,15686,30%
15189,21031,30%
15189,21136,30%
15189,10491,30%
15588,15360,30%
15588,15541,30%
15588,15686,30%
15588,15189,30%
15588,21031,30%
15588,21136,30%
15588,17741,30%
15588,21046,30%
3733,15360,30%
3733,15593,30%
3733,3499,30%
3733,15189,30%
3733,22117,30%
3167,15387,30%
3167,15415,30%
3167,3712,30%
3167,21100,30%
3167,21101,30%
3167,22158,30%
3167,21102,30%
3167,21097,30%
3167,22219,30%
3167,22157,30%
3160,3197,30%
3160,20886,30%
3588,15699,30%
3588,3588,30%
3588,3779,30%
3588,21134,30%
15609,15700,30%
15609,3716,30%
15609,3716,30%
15609,3743,30%
3236,15700,30%
3236,3405,30%
3236,3716,30%
3743,15700,30%
3743,3261,30%
3743,15646,30%
3743,3716,30%
3743,21029,30%
15595,15595,30%
15595,3819,30%
15595,22090,30%
15595,21343,30%
15595,21343,30%
15595,21343,30%
15595,21344,30%
15595,17660,30%
3260,15193,30%
3260,3430,30%
3260,20702,30%
3260,20703,30%
3260,20701,30%
3492,3200,30%
3492,15412,30%
3492,15409,30%
3492,3630,30%
3492,21485,30%
3492,21167,30%
3492,21167,30%
3498,15427,30%
3498,22144,30%
3498,17515,30%
15394,3202,30%
15394,3304,30%
15394,15705,30%
15394,15426,30%
15394,7155,30%
15394,20728,30%
3166,3202,30%
3166,3304,30%
3166,20728,30%
3166,11631,30%
15536,15361,30%
15536,3593,30%
15536,3741,30%
15536,21430,30%
15612,15722,30%
15612,15681,30%
15612,15732,30%
3427,15386,30%
3427,15422,30%
3427,21271,30%
3427,17852,30%
15422,15386,30%
15422,3427,30%
15422,21220,30%
3175,3206,30%
3175,3206,30%
3175,3364,30%
3206,3206,30%
3206,3252,30%
3206,3268,30%
3206,3364,30%
3206,3593,30%
3206,3720,30%
3206,20948,30%
12217,3206,30%
12217,21690,30%
12217,21688,30%
12217,9101,30%
3364,3207,30%
3364,3581,30%
3364,3748,30%
3452,3208,30%
3287,3210,30%
3287,3210,30%
3287,3674,30%
3287,20883,30%
3287,20942,30%
3287,20890,30%
3204,3219,30%
3204,17439,30%
15451,3220,30%
5680,3220,30%
3220,3220,30%
3220,3382,30%
3220,15449,30%
3220,15451,30%
3147,3225,30%
3147,3271,30%
3505,15316,30%
3505,17544,30%
3505,20845,30%
3505,22147,30%
3505,20804,30%
3505,20849,30%
15566,3228,30%
15566,15563,30%
15566,15563,30%
15566,15555,30%
15566,3745,30%
15566,3753,30%
15566,3753,30%
15566,15568,30%
15566,22117,30%
15563,3228,30%
15563,15555,30%
15563,3745,30%
15563,3753,30%
15563,3753,30%
15563,15568,30%
3259,3229,30%
3259,3229,30%
3229,3229,30%
3229,3259,30%
3229,15522,30%
3229,9275,30%
3232,3232,30%
3232,22333,30%
3232,22239,30%
3232,22240,30%
3232,20879,30%
3232,20878,30%
3696,15388,30%
3696,3578,30%
3696,3655,30%
3405,3236,30%
3405,3714,30%
3562,3238,30%
3661,3242,30%
3661,3661,30%
3661,3661,30%
3661,20677,30%
3596,3243,30%
3596,3774,30%
3596,21180,30%
3596,21064,30%
3596,21212,30%
3596,21183,30%
3596,19062,30%
3596,10840,30%
3648,3244,30%
3648,3497,30%
3648,15199,30%
3648,15200,30%
3648,15202,30%
3648,20711,30%
3648,20712,30%
3539,3246,30%
3539,3522,30%
3539,20951,30%
3539,20940,30%
3539,21110,30%
3321,3247,30%
15464,3248,30%
15464,3725,30%
15464,21198,30%
15464,21231,30%
15464,22140,30%
15505,15505,30%
15505,15702,30%
15505,3716,30%
15505,15713,30%
3392,3252,30%
3392,3268,30%
3392,3364,30%
3392,3376,30%
3392,3748,30%
3392,21347,30%
3392,10027,30%
3308,3252,30%
3308,3331,30%
3308,15397,30%
3317,3255,30%
3317,3255,30%
3317,3319,30%
3317,3480,30%
3317,3512,30%
3317,15730,30%
3317,3550,30%
3317,15647,30%
3317,15604,30%
3317,3812,30%
3317,3814,30%
3317,22085,30%
3299,3258,30%
3299,3480,30%
3299,22123,30%
10728,16019,30%
10728,10574,30%
3436,3264,30%
3436,22302,30%
3277,3266,30%
3277,21277,30%
3277,20937,30%
3177,3268,30%
15360,15541,30%
15360,15593,30%
15360,15588,30%
15360,3499,30%
15360,15686,30%
15360,15189,30%
15360,21056,30%
15360,22117,30%
15360,21470,30%
15360,21474,30%
15480,15541,30%
3225,3271,30%
3351,15157,30%
3351,3448,30%
3351,3469,30%
3351,20624,30%
3351,20625,30%
3421,15440,30%
3421,15442,30%
3421,3470,30%
3421,20986,30%
3421,21451,30%
3360,15395,30%
3360,3323,30%
3360,3400,30%
3360,21351,30%
3323,15395,30%
3323,3360,30%
3400,15395,30%
3400,15399,30%
3400,15420,30%
3400,3790,30%
3400,20534,30%
3400,21351,30%
3400,17757,30%
3400,17878,30%
3300,15441,30%
3300,3528,30%
15624,15362,30%
15624,15729,30%
15624,3672,30%
15624,21296,30%
15624,21416,30%
3419,15362,30%
3419,3485,30%
3419,3494,30%
3419,3545,30%
3419,3714,30%
3419,3809,30%
3419,6872,30%
3419,7409,30%
3419,20885,30%
3419,20899,30%
3572,15724,30%
3572,3485,30%
3572,3485,30%
3572,3494,30%
3572,3553,30%
3572,3572,30%
3572,3572,30%
3572,3629,30%
3572,3641,30%
3572,3651,30%
3572,3773,30%
3572,17517,30%
3572,12006,30%
10620,3274,30%
10620,11672,30%
10620,11766,30%
3266,3277,30%
3266,3460,30%
3266,20880,30%
3266,22244,30%
3266,20937,30%
3361,3278,30%
3361,3293,30%
3361,20965,30%
15501,15663,30%
15501,3635,30%
15501,3775,30%
15501,21010,30%
15501,21186,30%
15501,22190,30%
15501,21161,30%
15501,21396,30%
15501,21419,30%
15501,21213,30%
15501,21009,30%
15617,15662,30%
3553,15662,30%
3553,3482,30%
3553,3485,30%
3553,3485,30%
3553,3494,30%
3553,3494,30%
3553,3553,30%
3553,15564,30%
3553,15731,30%
3553,3630,30%
3553,3747,30%
3553,3773,30%
3553,21179,30%
3553,17517,30%
15551,15662,30%
15551,15158,30%
15551,15733,30%
15551,3808,30%
15551,7028,30%
15551,21237,30%
15551,21249,30%
15551,21163,30%
15551,21911,30%
15551,21397,30%
15551,21522,30%
15551,21533,30%
15395,3279,30%
15395,3323,30%
15395,22124,30%
3342,3281,30%
5178,3281,30%
5178,16006,30%
5178,10983,30%
3543,15363,30%
3543,3393,30%
3543,3543,30%
3543,3638,30%
3543,3720,30%
3543,15371,30%
3543,3740,30%
3543,3741,30%
3543,3748,30%
3543,3749,30%
3543,15375,30%
3543,4131,30%
3543,8248,30%
3543,20938,30%
3543,22331,30%
3543,20895,30%
3543,20882,30%
3286,3286,30%
3286,3286,30%
3286,21076,30%
3286,21074,30%
3286,21527,30%
3286,20458,30%
3286,20988,30%
3210,3287,30%
3210,17435,30%
3429,3288,30%
3354,15385,30%
3354,15418,30%
3354,20978,30%
3819,3294,30%
3819,3326,30%
3819,3386,30%
3819,3433,30%
3710,3297,30%
3578,3298,30%
3578,20994,30%
3457,3298,30%
3457,3298,30%
3457,15430,30%
3457,21192,30%
3457,21155,30%
3457,20971,30%
3457,20971,30%
3457,22325,30%
3457,16440,30%
3258,3299,30%
3349,3300,30%
3668,3301,30%
3668,3584,30%
3668,3739,30%
3584,3301,30%
3584,3668,30%
3584,3739,30%
3584,20968,30%
3584,21258,30%
3584,21497,30%
3377,3302,30%
3377,15317,30%
3377,3491,30%
3331,3308,30%
3331,3691,30%
3331,22412,30%
15186,15186,30%
15186,3524,30%
15186,3572,30%
15186,3773,30%
15186,22273,30%
15186,11730,30%
3524,15186,30%
3524,3485,30%
3524,3524,30%
3524,3572,30%
3524,3654,30%
3524,3773,30%
3524,22274,30%
3524,22273,30%
3524,20650,30%
3524,22304,30%
15643,15673,30%
15651,15674,30%
15651,15741,30%
3255,3317,30%
3318,3318,30%
3318,3494,30%
3318,3727,30%
3318,22222,30%
3688,15701,30%
3688,3581,30%
3688,3581,30%
3688,15645,30%
3688,3713,30%
3688,21016,30%
3705,3319,30%
3705,15366,30%
3705,3705,30%
3705,3705,30%
3705,20928,30%
3705,20597,30%
3705,20929,30%
3705,20900,30%
3705,18545,30%
15182,3319,30%
15182,3500,30%
15182,3784,30%
3784,3319,30%
3784,3500,30%
3784,3784,30%
3784,15182,30%
3784,21206,30%
3784,20659,30%
3784,22234,30%
3500,3319,30%
3500,3784,30%
3500,15182,30%
3500,21206,30%
3500,22234,30%
3247,3321,30%
3247,3494,30%
3247,3581,30%
3247,3674,30%
3247,3724,30%
3247,3875,30%
3247,7581,30%
3247,20715,30%
3247,20719,30%
3247,20716,30%
3247,20714,30%
3247,20717,30%
3247,20718,30%
3605,15158,30%
3605,3485,30%
3605,3572,30%
3605,3651,30%
3605,3808,30%
3605,20646,30%
3605,22265,30%
3605,20627,30%
3605,22268,30%
3605,9467,30%
3605,11383,30%
15507,15158,30%
15507,15158,30%
15507,3605,30%
15507,3808,30%
15600,3325,30%
3325,15600,30%
3325,21207,30%
2622,3326,30%
2622,5687,30%
2622,16222,30%
11300,16020,30%
11300,4947,30%
11300,12016,30%
15172,15725,30%
15172,15159,30%
15172,15160,30%
15172,3380,30%
15172,15166,30%
15172,3494,30%
15172,3555,30%
15172,15169,30%
15172,15135,30%
15172,15171,30%
15172,3665,30%
15172,3709,30%
15172,22343,30%
15172,18328,30%
3555,15159,30%
3555,15160,30%
3555,3380,30%
3555,15166,30%
3555,15169,30%
3555,15169,30%
3555,15135,30%
3555,15171,30%
3555,3665,30%
3555,3709,30%
3555,15134,30%
3555,22343,30%
3555,18328,30%
3555,20645,30%
3195,3329,30%
3195,3329,30%
11137,16044,30%
11137,3581,30%
11137,7720,30%
3486,15443,30%
3486,15455,30%
3486,21063,30%
3486,3486,30%
3486,20491,30%
7116,3331,30%
3577,3332,30%
3577,3519,30%
3449,3334,30%
3822,3335,30%
3822,20837,30%
3129,3341,30%
15598,15675,30%
3719,3344,30%
3719,21127,30%
3445,3345,30%
3709,15160,30%
3709,3555,30%
3709,15134,30%
15159,15160,30%
15159,3555,30%
15159,15172,30%
15487,15703,30%
15487,3581,30%
15487,3748,30%
3313,3346,30%
3503,15444,30%
3503,3826,30%
3507,13969,30%
3507,15728,30%
3507,15620,30%
3507,3629,30%
3507,3693,30%
3507,15463,30%
3507,3790,30%
3507,7409,30%
3507,21197,30%
3507,21337,30%
3241,13969,30%
3241,15447,30%
3241,15323,30%
3241,20484,30%
3425,3350,30%
3425,3638,30%
3425,3726,30%
3425,3748,30%
3610,3350,30%
3610,6872,30%
3610,20699,30%
3610,20698,30%
3610,22341,30%
3610,20697,30%
3610,20696,30%
15596,3350,30%
3448,3351,30%
3169,15364,30%
3169,3468,30%
3355,3355,30%
3355,22199,30%
3355,17393,30%
3634,15208,30%
3634,3409,30%
3634,3651,30%
3634,20735,30%
3634,20734,30%
3278,3361,30%
3278,20807,30%
3278,20805,30%
3278,20803,30%
15514,15665,30%
3234,15161,30%
3234,3572,30%
3234,20620,30%
3234,20650,30%
3517,15162,30%
3517,3385,30%
3517,15165,30%
3517,3800,30%
3517,15180,30%
3517,3818,30%
3517,20628,30%
3517,22266,30%
3517,20644,30%
3517,20640,30%
3517,20663,30%
15346,15162,30%
15346,3548,30%
15346,15660,30%
15346,15746,30%
15346,3769,30%
15346,15659,30%
15346,11597,30%
3285,15162,30%
3285,3581,30%
3207,3364,30%
3207,3364,30%
3207,20722,30%
3276,3364,30%
3594,15318,30%
3594,3424,30%
3594,15324,30%
3594,3785,30%
3594,20840,30%
3594,20846,30%
3594,20847,30%
3192,15365,30%
3192,17643,30%
3243,15319,30%
3243,15321,30%
3243,3596,30%
3243,3726,30%
3243,20844,30%
3243,20822,30%
3782,15446,30%
3782,15454,30%
3782,3564,30%
3782,3564,30%
3782,3564,30%
3782,20535,30%
3782,22224,30%
15557,15557,30%
15557,15679,30%
15642,15550,30%
15642,21481,30%
6279,3368,30%
15545,15669,30%
3292,3370,30%
11318,15194,30%
11318,7848,30%
11318,22391,30%
11318,22390,30%
3386,15194,30%
3386,15203,30%
3386,3819,30%
3386,20686,30%
3367,3375,30%
3367,3581,30%
3367,3748,30%
3367,7217,30%
3302,3377,30%
3302,3726,30%
15171,3380,30%
15171,3555,30%
15171,15169,30%
15171,15172,30%
15171,3709,30%
15171,15134,30%
15171,21018,30%
15171,21339,30%
3495,3381,30%
3495,3633,30%
15453,3382,30%
15453,3771,30%
15453,21218,30%
15453,11912,30%
15658,15623,30%
15658,21295,30%
15658,21053,30%
15658,21065,30%
15439,15704,30%
15439,21162,30%
15439,22198,30%
15367,3385,30%
15367,3517,30%
15367,3517,30%
15367,15180,30%
15367,3818,30%
15367,4161,30%
3526,3466,30%
3737,3387,30%
3737,15743,30%
3737,7409,30%
3737,22120,30%
3737,22118,30%
3737,21324,30%
3737,18403,30%
3737,15748,30%
15654,3394,30%
3394,3394,30%
3394,3624,30%
3394,3631,30%
3394,3747,30%
3394,17919,30%
3394,13086,30%
3644,3394,30%
3644,3671,30%
3644,20901,30%
3193,15163,30%
3193,3581,30%
3193,3593,30%
3193,3631,30%
3193,3685,30%
3193,3792,30%
3193,5260,30%
3193,22327,30%
3193,22177,30%
3193,20631,30%
3193,20652,30%
3193,20629,30%
3193,20623,30%
3193,20632,30%
3193,20622,30%
3226,3395,30%
3226,3395,30%
3226,22300,30%
15531,3395,30%
15616,15676,30%
15616,22112,30%
3689,15195,30%
3689,3485,30%
3689,3572,30%
3689,3572,30%
3689,6872,30%
3689,22264,30%
15488,13968,30%
15488,3581,30%
10703,15340,30%
10703,15209,30%
10703,15339,30%
10703,20860,30%
10703,11602,30%
15652,15646,30%
3732,3405,30%
3188,15196,30%
3188,3491,30%
3188,3581,30%
3188,3748,30%
3188,4947,30%
3188,5638,30%
3188,7068,30%
3188,20603,30%
3188,10027,30%
15516,15516,30%
15646,15652,30%
15646,3743,30%
3589,3410,30%
3589,3489,30%
3589,3589,30%
3589,3589,30%
3589,15129,30%
3589,3665,30%
3589,3672,30%
3589,15130,30%
3589,3687,30%
3114,3411,30%
3114,22270,30%
3114,20657,30%
3114,20660,30%
15635,15666,30%
15635,21154,30%
3627,3416,30%
3627,15396,30%
3627,3496,30%
3627,3496,30%
3627,15405,30%
3627,3597,30%
3627,3652,30%
3627,15389,30%
3627,15410,30%
3627,5430,30%
3627,21299,30%
3627,21300,30%
3627,21529,30%
15605,15726,30%
15605,15677,30%
15605,21086,30%
15605,20449,30%
3799,15433,30%
3799,3715,30%
3799,15429,30%
3799,3799,30%
3799,21200,30%
3799,21208,30%
3799,21309,30%
3799,22233,30%
3799,18799,30%
3799,21444,30%
3799,21096,30%
15606,15433,30%
15606,3715,30%
15606,15429,30%
15606,3799,30%
15606,22098,30%
15606,21338,30%
15606,22099,30%
3611,3419,30%
3611,3609,30%
3611,21159,30%
3590,15483,30%
3590,15639,30%
3590,3814,30%
3590,22082,30%
3590,21011,30%
3470,3421,30%
3176,15164,30%
3176,3590,30%
3350,3425,30%
3350,3726,30%
3328,15320,30%
3328,3685,30%
3209,3434,30%
3209,3434,30%
15611,15727,30%
15611,15368,30%
15611,21108,30%
15611,22117,30%
15611,21032,30%
3264,3436,30%
3264,22302,30%
3264,20985,30%
3264,22301,30%
15582,3436,30%
3803,3474,30%
3803,3113,30%
3803,3705,30%
3803,3705,30%
3803,15131,30%
3803,15133,30%
3803,20597,30%
3641,3451,30%
3641,3485,30%
3641,3572,30%
3641,3572,30%
3641,3572,30%
3641,3747,30%
3208,3452,30%
3208,22216,30%
3208,20529,30%
15633,15678,30%
3804,15402,30%
3804,3490,30%
3804,10820,30%
3490,15402,30%
3490,3490,30%
3490,3804,30%
3490,10820,30%
6139,3465,30%
3262,3467,30%
3262,20713,30%
3182,3472,30%
3182,3472,30%
3182,20923,30%
3182,21150,30%
3667,3475,30%
3667,15369,30%
3667,3753,30%
3667,17627,30%
3667,17757,30%
3667,20963,30%
3789,3475,30%
3789,15325,30%
3789,3726,30%
3789,15327,30%
3789,9783,30%
3458,3475,30%
15650,15707,30%
15650,21523,30%
15532,15707,30%
15532,21379,30%
15532,21111,30%
15532,21022,30%
3766,3478,30%
3766,3478,30%
3766,3587,30%
3766,3816,30%
3766,15187,30%
3478,3478,30%
3478,3766,30%
3478,3816,30%
3478,21456,30%
3478,21156,30%
15597,3479,30%
15597,3479,30%
3614,3479,30%
3614,3559,30%
3614,15403,30%
3614,21289,30%
3614,21098,30%
3306,3480,30%
3306,20814,30%
3306,22185,30%
3306,21263,30%
3306,22175,30%
3306,21355,30%
3306,22173,30%
3306,22207,30%
3306,22172,30%
3306,20982,30%
3306,22174,30%
3306,22171,30%
3306,21510,30%
15656,3480,30%
15192,3480,30%
15192,21113,30%
15192,21112,30%
15414,3480,30%
15414,3512,30%
15414,3805,30%
15414,3812,30%
15414,3812,30%
15414,21216,30%
3622,3480,30%
3622,3536,30%
3622,3751,30%
3622,3751,30%
15541,15588,30%
15541,3499,30%
15541,15480,30%
15541,15189,30%
15565,3481,30%
15565,3481,30%
15565,3627,30%
15565,15323,30%
15565,3652,30%
15565,3724,30%
15565,3734,30%
15565,3768,30%
15565,15751,30%
15565,5430,30%
15565,21137,30%
3768,3481,30%
3768,3631,30%
3768,15323,30%
3768,3674,30%
3768,3737,30%
3768,3786,30%
3768,17455,30%
3768,22251,30%
3768,17919,30%
3768,18389,30%
3768,20832,30%
3768,20834,30%
3768,20848,30%
3768,9457,30%
3734,3481,30%
3734,3724,30%
15486,3481,30%
15486,15430,30%
15486,3572,30%
15486,3647,30%
15486,3734,30%
15486,6872,30%
15486,21015,30%
15486,21314,30%
3778,3481,30%
3778,3485,30%
3778,3572,30%
3778,3624,30%
3778,6872,30%
3778,20667,30%
3482,3482,30%
3482,3482,30%
3482,3482,30%
3482,3516,30%
3482,15564,30%
3482,21040,30%
3482,21330,30%
3482,21440,30%
3482,21467,30%
3482,21041,30%
3482,21487,30%
3482,21529,30%
3482,22130,30%
15564,3482,30%
15564,3482,30%
15564,3482,30%
15564,3516,30%
15564,21386,30%
15564,22131,30%
15620,3482,30%
15620,15463,30%
15620,3799,30%
15620,17440,30%
15630,3482,30%
15630,3640,30%
15630,15630,30%
15630,15630,30%
15630,3790,30%
15568,3482,30%
15568,15563,30%
15568,3745,30%
15568,3753,30%
15568,3753,30%
3823,3482,30%
3823,15419,30%
3823,21178,30%
3823,22092,30%
3823,21463,30%
3823,21455,30%
3516,3482,30%
3516,17627,30%
3516,21530,30%
3516,21530,30%
5039,3483,30%
5039,6356,30%
5039,16666,30%
5039,9735,30%
5039,10789,30%
3747,3485,30%
3747,3494,30%
3747,3553,30%
3747,3572,30%
3747,3572,30%
3747,3641,30%
3747,17517,30%
3811,3485,30%
3811,3485,30%
3811,3494,30%
3811,3572,30%
3811,3572,30%
3811,20534,30%
3811,17435,30%
15484,3485,30%
15484,3572,30%
15484,3651,30%
4902,3485,30%
4902,3572,30%
4902,6770,30%
4902,6776,30%
4902,6872,30%
3134,3485,30%
3134,3572,30%
3451,3485,30%
3451,3572,30%
3451,17471,30%
3451,22262,30%
15521,3485,30%
15521,3572,30%
15521,3641,30%
15521,3651,30%
15521,3773,30%
15521,17471,30%
11441,3485,30%
11441,6770,30%
11441,6776,30%
11441,6950,30%
3626,3485,30%
3626,3572,30%
3626,17471,30%
15508,3485,30%
15508,3572,30%
15508,3691,30%
15508,21350,30%
15508,21350,30%
15508,21437,30%
3773,3485,30%
3773,3494,30%
3773,3494,30%
3773,3553,30%
3773,3572,30%
3773,3747,30%
3722,3485,30%
3722,15197,30%
3722,3572,30%
3722,3641,30%
3722,3651,30%
3722,3773,30%
3722,20679,30%
3651,3485,30%
3651,3494,30%
3651,3572,30%
3651,3572,30%
3651,3629,30%
3808,3485,30%
3808,3572,30%
3808,3605,30%
3808,20646,30%
3808,20647,30%
15455,3486,30%
15455,3486,30%
15455,15169,30%
15455,21063,30%
15455,3486,30%
15455,20491,30%
3776,3487,30%
3776,3776,30%
3776,21428,30%
3776,20545,30%
3776,21129,30%
15535,15708,30%
15535,15569,30%
15535,3702,30%
15535,3755,30%
15535,21312,30%
15535,21362,30%
15535,17878,30%
15535,21365,30%
15535,21401,30%
15535,21401,30%
3698,3488,30%
3698,3649,30%
3698,20691,30%
15402,3490,30%
15402,3804,30%
3174,3491,30%
3174,3496,30%
3174,3581,30%
3174,20649,30%
3348,3491,30%
3348,3581,30%
3219,3491,30%
3219,3581,30%
3219,20700,30%
3219,15206,30%
3219,9783,30%
5454,3491,30%
5454,3748,30%
5454,3761,30%
5454,6347,30%
3359,3491,30%
3359,5648,30%
3359,6047,30%
5656,3491,30%
5656,3581,30%
5656,5648,30%
5656,7720,30%
5656,11215,30%
5976,3491,30%
5976,3581,30%
5976,5011,30%
5976,5648,30%
5339,3491,30%
5339,5480,30%
5698,3491,30%
5698,3581,30%
5698,5648,30%
5698,7720,30%
5698,9162,30%
5698,12012,30%
15528,3491,30%
15528,15370,30%
3371,3491,30%
3371,3581,30%
3447,3491,30%
5823,3491,30%
5823,3581,30%
5823,5648,30%
5462,3491,30%
5462,5354,30%
5462,5648,30%
5462,16788,30%
5462,16975,30%
3630,3492,30%
3630,3560,30%
3630,3630,30%
3630,3752,30%
3630,20970,30%
3200,3492,30%
3200,3630,30%
3200,22330,30%
15170,3493,30%
15170,3518,30%
15170,3542,30%
15170,3542,30%
15170,3674,30%
15170,15181,30%
15170,18514,30%
15170,18514,30%
3518,3493,30%
3518,3518,30%
3518,3542,30%
3518,15170,30%
3518,3791,30%
3518,15181,30%
3518,20665,30%
3518,20658,30%
3485,3494,30%
3485,3553,30%
3485,3572,30%
3485,3572,30%
3485,3572,30%
3485,3641,30%
3485,3651,30%
3485,3773,30%
3485,17471,30%
15506,3494,30%
3381,3495,30%
3381,3633,30%
10834,15341,30%
10834,20857,30%
10834,15342,30%
15389,3496,30%
15389,3496,30%
15389,3496,30%
15389,15610,30%
15389,3627,30%
15610,3496,30%
15610,3627,30%
15374,3496,30%
15374,3542,30%
15374,3652,30%
15374,3652,30%
15374,3738,30%
15374,3747,30%
15374,20814,30%
15374,21030,30%
3652,3496,30%
3652,3581,30%
3652,3738,30%
3652,15410,30%
3652,7442,30%
3652,21299,30%
3652,21300,30%
3120,15207,30%
3120,17520,30%
15404,15680,30%
15404,15419,30%
15404,3649,30%
15404,3649,30%
15573,15680,30%
15573,21049,30%
3244,3497,30%
3244,20712,30%
3244,21124,30%
15427,3498,30%
15427,22144,30%
369,3499,30%
369,6847,30%
369,7388,30%
369,17167,30%
3113,3499,30%
3319,3500,30%
3319,3705,30%
3319,3784,30%
3319,15182,30%
3319,20659,30%
3319,22183,30%
11493,3502,30%
11493,20613,30%
11493,21521,30%
11493,11282,30%
15613,15742,30%
15613,15564,30%
15613,21177,30%
15613,21404,30%
15613,17440,30%
3404,15322,30%
3404,3507,30%
3404,3553,30%
3404,3796,30%
3404,7409,30%
3404,20811,30%
3404,20806,30%
3404,10962,30%
3228,3504,30%
3426,3506,30%
3426,15198,30%
3426,15407,30%
3426,15201,30%
3426,3638,30%
3426,20695,30%
3426,20693,30%
3426,20694,30%
3693,3507,30%
3693,15456,30%
3693,15463,30%
15580,3507,30%
15580,3737,30%
15580,7409,30%
15580,7409,30%
3132,3508,30%
3132,21227,30%
3717,3509,30%
3717,3541,30%
3717,21286,30%
3717,21488,30%
15558,3513,30%
15558,3685,30%
15558,3729,30%
3690,3513,30%
3690,3587,30%
3690,15370,30%
3690,3785,30%
3690,3785,30%
15529,15709,30%
15529,3589,30%
15529,21184,30%
3600,3514,30%
3600,3551,30%
3600,3586,30%
3600,3600,30%
3600,3600,30%
3600,3607,30%
3600,3666,30%
3600,3765,30%
3600,20936,30%
3600,20709,30%
3600,20708,30%
15457,3515,30%
15457,3515,30%
15457,3515,30%
15457,21518,30%
15457,21518,30%
15457,20536,30%
15457,11384,30%
3515,3515,30%
3515,3515,30%
3515,15457,30%
3515,20536,30%
2273,3515,30%
2273,22066,30%
2273,22065,30%
2273,9583,30%
2273,12035,30%
2273,15779,30%
15603,3516,30%
15603,15564,30%
3649,15419,30%
3649,15404,30%
3649,3823,30%
15180,3517,30%
15180,15367,30%
15180,3800,30%
15180,3818,30%
15180,22132,30%
3800,3517,30%
3800,3517,30%
3800,3818,30%
3800,4161,30%
3800,17525,30%
3800,21418,30%
3800,22206,30%
3800,21169,30%
3385,3517,30%
3385,15367,30%
3385,3818,30%
3385,4161,30%
3385,20920,30%
3385,20640,30%
3385,20931,30%
3385,17842,30%
3385,11613,30%
3592,3517,30%
3592,3564,30%
3592,15173,30%
3592,3676,30%
3592,3714,30%
3592,3818,30%
3501,3517,30%
3501,3818,30%
3510,15209,30%
3510,17496,30%
10893,15209,30%
15581,15581,30%
15581,21346,30%
15581,21384,30%
4368,16003,30%
4368,5279,30%
4368,5652,30%
3571,15547,30%
3571,15569,30%
3571,3702,30%
3571,21312,30%
3571,21361,30%
3571,21362,30%
3571,21362,30%
3571,8820,30%
15517,3520,30%
15517,3520,30%
3802,3520,30%
3802,6872,30%
3802,10937,30%
3396,3520,30%
3396,3624,30%
3396,15323,30%
3396,7229,30%
3396,8269,30%
3396,22250,30%
3396,20817,30%
3396,15329,30%
3396,10959,30%
3396,11130,30%
3396,11392,30%
3116,3523,30%
3116,3685,30%
3466,3526,30%
3466,3624,30%
3466,3631,30%
3466,3756,30%
3466,3762,30%
3466,3768,30%
3777,3530,30%
3777,3530,30%
3416,3530,30%
11196,3533,30%
11196,7683,30%
11196,11399,30%
10912,3534,30%
10912,7462,30%
10912,10913,30%
10912,11592,30%
3535,3535,30%
3535,3674,30%
3535,3694,30%
3535,15431,30%
3535,21181,30%
3535,17627,30%
3535,21356,30%
3535,21501,30%
3536,3536,30%
3536,3536,30%
3536,3622,30%
3536,3751,30%
3536,3751,30%
3536,21303,30%
3536,21376,30%
3549,15368,30%
3549,20494,30%
3549,21278,30%
3549,20479,30%
3549,22321,30%
15575,15690,30%
15575,22077,30%
15575,21138,30%
3246,3539,30%
3246,3539,30%
3246,20951,30%
3246,20871,30%
3246,20940,30%
3246,20904,30%
3133,3541,30%
3133,15462,30%
3636,3542,30%
3636,3663,30%
3636,3674,30%
3636,3694,30%
3636,15181,30%
3636,20814,30%
3636,21406,30%
3636,16440,30%
3636,17707,30%
3636,21508,30%
3636,21509,30%
3412,3543,30%
3412,6041,30%
3412,21239,30%
3412,20533,30%
11236,3543,30%
11236,22294,30%
11236,17565,30%
11236,17147,30%
15372,3544,30%
15372,15712,30%
3476,3544,30%
3476,15204,30%
15339,3548,30%
15339,15660,30%
15339,15746,30%
15339,3769,30%
15339,15659,30%
15339,11597,30%
15660,3548,30%
15660,15659,30%
3141,3550,30%
3141,17516,30%
3141,20690,30%
3141,22411,30%
3141,20689,30%
3607,3551,30%
3607,3600,30%
3607,3600,30%
3607,3765,30%
3607,22226,30%
3607,17916,30%
3607,21095,30%
3607,20709,30%
3551,3551,30%
3551,3586,30%
3551,3600,30%
3551,3600,30%
3551,3600,30%
3551,3666,30%
3551,20911,30%
3551,21281,30%
3551,21516,30%
3551,20908,30%
3551,20709,30%
3551,20708,30%
3551,20710,30%
3551,20707,30%
3586,3551,30%
3586,3551,30%
3586,3600,30%
3586,3600,30%
3586,3600,30%
3586,3600,30%
3586,3607,30%
3586,3666,30%
3586,3765,30%
3586,20709,30%
3586,20708,30%
3586,20710,30%
3586,20707,30%
3765,3551,30%
3765,3551,30%
3765,3586,30%
3765,3586,30%
3765,3600,30%
3765,3600,30%
3765,3600,30%
3765,3607,30%
3765,3666,30%
3765,20936,30%
3765,20908,30%
3765,20709,30%
3765,20708,30%
3664,3552,30%
3664,3555,30%
3664,3597,30%
3664,3676,30%
3664,3676,30%
3664,21359,30%
3388,3553,30%
3388,3572,30%
11074,3553,30%
11074,11686,30%
15135,3555,30%
15135,3555,30%
15135,15172,30%
15135,15134,30%
15135,20645,30%
3665,3555,30%
3665,15135,30%
3665,3709,30%
3665,15134,30%
3665,10730,30%
3727,15627,30%
3727,15432,30%
3727,15522,30%
3727,3801,30%
3727,3801,30%
3727,5853,30%
15622,15627,30%
15622,15685,30%
15622,15685,30%
15622,15432,30%
15622,3801,30%
15622,5853,30%
3613,3558,30%
3613,3558,30%
3613,3758,30%
3613,3758,30%
3613,20839,30%
3613,20815,30%
3758,3558,30%
3758,3613,30%
3758,20839,30%
11206,15335,30%
15577,3560,30%
15577,3791,30%
15577,21037,30%
15577,21288,30%
15577,21141,30%
15577,21139,30%
15577,22078,30%
15577,12088,30%
3238,3562,30%
3238,15326,30%
3380,15169,30%
3380,15134,30%
13970,15169,30%
13970,3581,30%
13970,7409,30%
13970,22192,30%
13970,21467,30%
3645,3564,30%
15454,3564,30%
15390,3566,30%
15390,21476,30%
15390,21477,30%
15547,15569,30%
15547,3571,30%
15547,3702,30%
15547,8257,30%
15547,21362,30%
15547,21362,30%
15547,21366,30%
3189,3570,30%
3189,3631,30%
3189,15213,30%
3127,3571,30%
3127,3740,30%
3127,20643,30%
3127,20637,30%
3127,20639,30%
3127,20630,30%
3217,3572,30%
3217,22138,30%
3217,22139,30%
3217,20449,30%
3217,21500,30%
7202,3572,30%
7202,6770,30%
7202,6776,30%
7202,6872,30%
7202,7683,30%
7202,13008,30%
11405,3572,30%
11405,3659,30%
11405,17471,30%
15543,3572,30%
15543,21026,30%
3691,3572,30%
3691,3651,30%
3691,6770,30%
3629,3572,30%
3629,3630,30%
3629,15210,30%
3629,6449,30%
3629,20737,30%
3629,20736,30%
3629,20733,30%
3629,20732,30%
3403,3572,30%
10950,3573,30%
3538,3573,30%
3477,3573,30%
3669,3573,30%
3669,15373,30%
8975,3573,30%
15555,15563,30%
15555,3745,30%
15555,3753,30%
15555,3753,30%
15555,21486,30%
3745,15563,30%
3745,15563,30%
3745,3753,30%
3745,3753,30%
3745,15566,30%
3745,15566,30%
3753,15563,30%
3753,15563,30%
3753,15555,30%
3753,3745,30%
3753,15568,30%
3753,15566,30%
3681,3575,30%
3681,15437,30%
3681,3685,30%
3681,15466,30%
3681,15468,30%
3681,20517,30%
3681,21238,30%
3787,15398,30%
3787,3598,30%
3787,3702,30%
3787,3702,30%
3787,15408,30%
3787,15432,30%
3787,3801,30%
3787,20962,30%
3787,21311,30%
3787,17496,30%
15432,15398,30%
15432,3598,30%
15432,3727,30%
15432,15522,30%
15432,15622,30%
15432,3764,30%
15432,3787,30%
15432,3801,30%
15432,3801,30%
15432,5853,30%
12215,3581,30%
12215,11648,30%
12215,12069,30%
12215,12069,30%
15645,3581,30%
15645,3688,30%
15645,3714,30%
15645,3721,30%
15645,21302,30%
15399,3581,30%
3330,3581,30%
3330,3651,30%
3330,3748,30%
3330,6449,30%
3330,6956,30%
3369,3581,30%
3369,15370,30%
3369,3716,30%
3369,15374,30%
3369,20567,30%
10775,3581,30%
10775,3581,30%
10775,10962,30%
10775,12073,30%
5900,3581,30%
5900,10042,30%
5900,12157,30%
11304,3581,30%
11304,11581,30%
3291,3581,30%
3291,21277,30%
3291,20964,30%
3291,20969,30%
5578,3581,30%
5578,6326,30%
5578,10042,30%
5578,12120,30%
5453,3581,30%
5453,4947,30%
5453,7567,30%
5453,17211,30%
5453,12172,30%
5198,3581,30%
5198,4947,30%
5941,3581,30%
5941,12031,30%
5003,3581,30%
5003,5648,30%
5003,7720,30%
5532,3581,30%
5532,5480,30%
5532,7720,30%
11481,3581,30%
10837,3581,30%
5742,3581,30%
5742,6993,30%
5742,16788,30%
6871,3581,30%
7236,3581,30%
7236,3748,30%
11327,3581,30%
11327,5480,30%
6341,3581,30%
5253,3581,30%
5253,5253,30%
5253,17141,30%
5253,8920,30%
5253,9011,30%
5253,11281,30%
5253,11597,30%
7068,3581,30%
7068,4947,30%
6657,3581,30%
3265,3581,30%
3265,3748,30%
3265,20966,30%
11346,3581,30%
11346,5480,30%
11346,7720,30%
11346,10697,30%
3123,3581,30%
3123,3662,30%
3123,3726,30%
3123,21157,30%
3123,21326,30%
3123,22323,30%
10614,3581,30%
10614,3748,30%
10614,7567,30%
10614,8252,30%
10614,17211,30%
11513,3581,30%
11513,20802,30%
11513,9783,30%
11513,9848,30%
11513,9848,30%
5637,3581,30%
5637,5939,30%
5637,6047,30%
5637,7567,30%
5637,11215,30%
5637,12123,30%
5029,3581,30%
5029,12157,30%
5029,12190,30%
5800,3581,30%
5800,4947,30%
20603,3581,30%
20603,4947,30%
15548,3581,30%
15548,21244,30%
5649,3581,30%
5649,6347,30%
11285,3581,30%
11604,3581,30%
11604,5480,30%
11604,7720,30%
2690,3581,30%
2690,9559,30%
2690,11377,30%
2690,12125,30%
2660,3581,30%
2660,3713,30%
2660,6341,30%
3618,3581,30%
10396,3581,30%
10396,20670,30%
7009,3581,30%
7009,4947,30%
7009,17566,30%
5794,3581,30%
5794,12031,30%
5135,3581,30%
5135,7720,30%
15493,3581,30%
15493,3777,30%
10711,3581,30%
5755,3581,30%
3593,3581,30%
3593,3713,30%
8712,3581,30%
8712,7605,30%
8712,7720,30%
5866,3581,30%
5866,7605,30%
5866,7720,30%
3312,3581,30%
3312,20704,30%
11325,3581,30%
11325,11215,30%
11325,11215,30%
11511,3581,30%
11511,20591,30%
11511,21426,30%
11511,15278,30%
11511,12146,30%
2691,3581,30%
2691,11602,30%
2691,12016,30%
2691,12146,30%
5577,3581,30%
5577,7720,30%
5577,11215,30%
5464,3581,30%
4873,3581,30%
10194,3581,30%
3376,3581,30%
3376,3651,30%
3376,9778,30%
3376,11254,30%
3376,11373,30%
3376,12214,30%
3273,3581,30%
3273,12983,30%
16261,3581,30%
3375,3581,30%
3337,3581,30%
3337,3748,30%
3347,3581,30%
5710,3581,30%
5710,3748,30%
3423,3581,30%
3423,11290,30%
3438,3581,30%
12983,3581,30%
3428,3581,30%
6010,3581,30%
6010,5480,30%
6010,5915,30%
6010,7720,30%
6010,9162,30%
6010,12012,30%
6010,12199,30%
11363,3581,30%
3582,3582,30%
3582,3582,30%
3582,3594,30%
3582,15407,30%
3582,21310,30%
3582,20972,30%
3582,20980,30%
3582,21335,30%
15579,3582,30%
3742,15200,30%
3742,3674,30%
3742,3731,30%
3742,3764,30%
3742,20827,30%
3742,20809,30%
3742,20826,30%
3301,3584,30%
3301,3668,30%
3301,3739,30%
3301,21258,30%
3301,21259,30%
3301,21497,30%
15661,3587,30%
15661,3685,30%
15661,3690,30%
15661,3729,30%
15661,3785,30%
15661,3785,30%
15661,3810,30%
15661,21201,30%
15661,21241,30%
15661,22076,30%
15661,21294,30%
15661,22075,30%
15661,21174,30%
15661,21525,30%
3779,3588,30%
3779,22246,30%
3779,22247,30%
3489,3589,30%
3489,3589,30%
3489,3589,30%
3489,15129,30%
3410,3589,30%
3410,7409,30%
3994,3589,30%
3994,3976,30%
3994,17846,30%
5610,3590,30%
5610,7035,30%
5610,7111,30%
5610,16666,30%
5610,16965,30%
5610,10778,30%
5610,30000,30%
11518,3591,30%
15524,15668,30%
3713,3593,30%
3713,3618,30%
3713,15688,30%
3713,21143,30%
3713,21052,30%
3769,3593,30%
3769,15346,30%
15618,3596,30%
15618,21212,30%
15618,21051,30%
15618,10840,30%
3676,3597,30%
3676,3664,30%
3676,22210,30%
3676,21462,30%
15131,3598,30%
15131,21493,30%
3514,3600,30%
15419,15404,30%
15419,3649,30%
15419,3823,30%
15419,21039,30%
15419,21463,30%
15419,16440,30%
3523,3601,30%
3523,22137,30%
3523,21099,30%
3523,21423,30%
3523,21424,30%
3523,21425,30%
3523,21441,30%
3523,21459,30%
3157,3605,30%
3157,3808,30%
15522,15645,30%
15522,15432,30%
15522,3727,30%
15522,15622,30%
15522,3801,30%
15522,3801,30%
15522,5853,30%
3615,3615,30%
3615,3795,30%
3615,3795,30%
3795,3615,30%
3795,3615,30%
3795,20820,30%
15513,3615,30%
15513,20820,30%
15513,21012,30%
3117,3619,30%
3117,3625,30%
3117,21435,30%
15425,3619,30%
15425,21019,30%
3824,3623,30%
3824,21414,30%
3824,21270,30%
3632,3624,30%
3554,3624,30%
3554,7409,30%
3554,21119,30%
3683,3624,30%
3683,15325,30%
3683,3683,30%
3683,3783,30%
3683,3788,30%
3683,20833,30%
3683,15328,30%
3788,3624,30%
3788,15325,30%
3788,3683,30%
3788,15328,30%
3788,9550,30%
3788,13083,30%
3670,3624,30%
3670,3670,30%
3670,3734,30%
3670,8269,30%
3670,20887,30%
3670,20921,30%
3762,3624,30%
3762,3631,30%
3762,15459,30%
3762,3652,30%
3762,3737,30%
3762,3747,30%
3762,3756,30%
3762,17919,30%
3762,20814,30%
3762,17394,30%
3762,20848,30%
3762,20848,30%
3144,3624,30%
3144,3631,30%
3144,17919,30%
3144,20869,30%
3144,20869,30%
3144,17394,30%
3144,20848,30%
7353,3624,30%
7353,6091,30%
7353,6436,30%
7353,6713,30%
7353,6923,30%
7353,30000,30%
2053,3624,30%
2053,3631,30%
2053,16067,30%
2053,17455,30%
2053,17919,30%
2053,19280,30%
3760,3624,30%
3760,3632,30%
3760,17919,30%
3760,17394,30%
3760,20830,30%
15594,15682,30%
15594,15682,30%
15594,21044,30%
15594,21532,30%
15175,3628,30%
15175,15175,30%
15175,21417,30%
3568,3629,30%
3135,3629,30%
6944,3630,30%
6944,7641,30%
6944,16767,30%
6944,10994,30%
6944,11602,30%
6944,12324,30%
7286,3631,30%
3548,15660,30%
3548,15659,30%
3409,3634,30%
3409,3634,30%
3409,20939,30%
3409,20734,30%
3775,3635,30%
3775,3635,30%
3775,21394,30%
3635,3635,30%
3635,3635,30%
3635,3775,30%
3635,22243,30%
15533,3636,30%
15533,3714,30%
15533,3731,30%
15533,21017,30%
15533,21131,30%
15533,21353,30%
15533,17757,30%
5476,3637,30%
5476,6362,30%
5476,9730,30%
5476,30000,30%
5476,30000,30%
16941,3638,30%
16941,8924,30%
16941,8986,30%
16941,12031,30%
16941,12157,30%
3552,15173,30%
3552,6430,30%
3552,20655,30%
3552,10708,30%
6891,3640,30%
7693,3640,30%
7693,6430,30%
7693,6611,30%
7693,6692,30%
7693,7374,30%
7693,7386,30%
7693,7462,30%
7693,7462,30%
7693,7696,30%
7693,7885,30%
7693,8547,30%
7693,8547,30%
7693,16781,30%
7693,17337,30%
7693,16767,30%
7693,17368,30%
7693,17352,30%
7693,17072,30%
7278,3640,30%
7278,7276,30%
7278,12088,30%
6622,3640,30%
6622,3791,30%
6622,16687,30%
6622,12088,30%
3245,3641,30%
3245,3691,30%
3245,3809,30%
3245,6449,30%
3245,7202,30%
3245,20917,30%
3245,17471,30%
3245,20903,30%
3245,22241,30%
3245,11200,30%
3650,3641,30%
3650,6872,30%
3650,20935,30%
3650,20888,30%
3650,20873,30%
3556,3644,30%
3556,21436,30%
3556,17771,30%
3556,21407,30%
3556,22228,30%
3567,15458,30%
3567,22213,30%
3567,22214,30%
3567,20442,30%
3813,3647,30%
15324,15324,30%
15324,15431,30%
15324,21340,30%
15324,21357,30%
15324,10732,30%
15324,10958,30%
15503,15370,30%
15503,3685,30%
15503,3716,30%
15503,3720,30%
15503,21203,30%
15503,20623,30%
15503,17757,30%
3172,15370,30%
3172,15416,30%
3172,3785,30%
3172,20974,30%
3172,21306,30%
3511,3651,30%
3511,20843,30%
3511,20850,30%
3511,22336,30%
3759,3651,30%
3759,3746,30%
3759,20813,30%
3759,10532,30%
3214,3651,30%
15496,15421,30%
15608,15608,30%
15608,21400,30%
3125,3654,30%
3125,8688,30%
3125,17720,30%
3239,3656,30%
3239,22303,30%
15614,3657,30%
15614,15391,30%
15614,15630,30%
3825,3657,30%
3437,15391,30%
3437,17663,30%
3437,21415,30%
3126,3660,30%
3126,3680,30%
3126,20902,30%
3126,20909,30%
3597,3664,30%
3597,20483,30%
3561,15175,30%
3561,3674,30%
3561,3754,30%
3561,3754,30%
3671,3671,30%
7518,3672,30%
3731,3672,30%
3731,3674,30%
3731,3729,30%
3731,3764,30%
3731,3786,30%
3224,3674,30%
3224,15203,30%
3224,20496,30%
3224,21073,30%
3756,3674,30%
3756,3736,30%
3756,3762,30%
3756,6692,30%
3756,20814,30%
3756,20918,30%
3756,17394,30%
3756,20848,30%
3756,20848,30%
3580,3674,30%
3580,3731,30%
3580,7409,30%
3580,20870,30%
3242,3674,30%
3242,21910,30%
3118,3674,30%
3118,21115,30%
3151,3674,30%
3151,11215,30%
3149,3674,30%
3149,22252,30%
3815,3674,30%
3815,15212,30%
3815,20723,30%
3815,20724,30%
3502,15130,30%
3502,3748,30%
3502,7409,30%
3274,3678,30%
3274,15465,30%
3274,21077,30%
3274,10620,30%
3682,3682,30%
3682,3798,30%
3682,21121,30%
3682,21090,30%
3798,3682,30%
3798,3682,30%
3798,21121,30%
15641,15683,30%
3152,3684,30%
3443,3685,30%
3443,3716,30%
3443,3720,30%
3443,15203,30%
3443,4947,30%
3443,5388,30%
3443,16497,30%
3443,13146,30%
3314,3685,30%
15584,3685,30%
15574,3685,30%
3338,3685,30%
3338,3729,30%
3338,3745,30%
3311,3685,30%
3311,3716,30%
3311,3720,30%
3763,3685,30%
3763,20922,30%
3640,15630,30%
3640,3790,30%
3640,3790,30%
3640,15530,30%
3640,21543,30%
3640,21317,30%
3640,21544,30%
15155,3686,30%
3139,3691,30%
3139,21342,30%
3139,21173,30%
3139,9485,30%
3767,3695,30%
3767,21321,30%
3414,3695,30%
3414,20960,30%
3606,15176,30%
3606,15178,30%
3606,10574,30%
3606,15183,30%
3431,3702,30%
15525,3702,30%
15055,15667,30%
15055,21304,30%
15055,21297,30%
15637,15684,30%
15637,21605,30%
15637,22121,30%
3297,3710,30%
3297,21132,30%
15623,15658,30%
15623,21145,30%
15623,21295,30%
15623,21053,30%
3178,3714,30%
3178,21187,30%
3212,3716,30%
3212,20534,30%
3212,15470,30%
17433,3716,30%
17433,15436,30%
17433,21365,30%
15587,3716,30%
15587,3720,30%
3275,3716,30%
3275,3744,30%
3275,3790,30%
3275,21515,30%
15523,3716,30%
3284,3716,30%
3284,3720,30%
15489,3716,30%
15489,3743,30%
15489,15436,30%
15489,15436,30%
15491,15491,30%
15491,21537,30%
15491,11911,30%
15627,15685,30%
15627,15622,30%
15627,21473,30%
3801,15432,30%
3801,3727,30%
3801,15522,30%
3801,15622,30%
3801,5853,30%
3344,3719,30%
11390,3724,30%
11390,16408,30%
11390,16080,30%
11390,10108,30%
11390,11048,30%
11390,11621,30%
15369,3725,30%
15369,21175,30%
15369,21093,30%
15369,22140,30%
15369,21494,30%
15369,22115,30%
15369,21005,30%
3248,3725,30%
3248,15464,30%
3248,21231,30%
3248,21378,30%
3248,21078,30%
3248,22141,30%
3248,22140,30%
15893,3726,30%
15893,8892,30%
15893,9523,30%
15893,9788,30%
15893,9830,30%
2663,3726,30%
2663,20802,30%
2663,22257,30%
2210,3726,30%
2210,6341,30%
2210,9150,30%
15538,3726,30%
3343,3726,30%
3343,3748,30%
10940,3726,30%
15511,3726,30%
15511,3748,30%
3439,3726,30%
15494,3726,30%
15562,15203,30%
15562,21464,30%
3327,3732,30%
3327,21403,30%
15421,15496,30%
15421,13960,30%
15421,15189,30%
15421,21302,30%
3639,3736,30%
3639,15423,30%
3639,20975,30%
3639,22227,30%
3639,21308,30%
3639,21345,30%
3639,11001,30%
15540,3737,30%
15540,7409,30%
15540,7409,30%
3387,3737,30%
584,3737,30%
584,7409,30%
3455,3738,30%
10511,3740,30%
10511,17874,30%
10511,20772,30%
10511,21390,30%
10511,20771,30%
10511,10511,30%
10511,15301,30%
10511,11616,30%
3401,3740,30%
3401,3777,30%
3401,22413,30%
5227,3740,30%
5227,6326,30%
5227,6347,30%
5227,8243,30%
5227,12120,30%
3704,3741,30%
3704,20924,30%
8248,3741,30%
17699,3741,30%
7360,3741,30%
3261,3743,30%
3261,17524,30%
3261,22135,30%
3261,21075,30%
15520,15540,30%
15520,7409,30%
15520,21082,30%
15520,21348,30%
15520,21172,30%
15520,21014,30%
3746,3746,30%
3746,3771,30%
3746,3809,30%
3746,8941,30%
3390,15372,30%
3390,6659,30%
3390,20915,30%
3390,17795,30%
12510,3748,30%
12510,16966,30%
4465,3748,30%
4465,10652,30%
3646,3748,30%
3646,20720,30%
3289,3748,30%
3289,22261,30%
15648,15648,30%
15648,15640,30%
15648,21182,30%
15648,21060,30%
15640,15648,30%
11179,3751,30%
11179,10477,30%
2747,3751,30%
2747,6871,30%
2747,8119,30%
2747,16408,30%
2747,16408,30%
2747,22259,30%
3817,3752,30%
3213,3754,30%
3382,3760,30%
3772,3772,30%
3772,3772,30%
3772,15477,30%
3530,3777,30%
3530,7345,30%
3530,21492,30%
2708,3779,30%
2708,20527,30%
2708,22406,30%
2708,22404,30%
2708,22403,30%
2708,22405,30%
2708,11281,30%
3700,3786,30%
15615,3786,30%
2610,15189,30%
2610,15190,30%
2610,10482,30%
2610,10576,30%
3335,3822,30%
3335,20837,30%
15647,15747,30%
15647,22299,30%
15647,21058,30%
15553,3792,30%
15553,21524,30%
3540,3793,30%
5853,3801,30%
15571,15687,30%
3474,3803,30%
3442,3819,30%
3442,4947,30%
3442,5388,30%
3442,13146,30%
3326,3819,30%
3326,10044,30%
3294,3819,30%
3433,3819,30%
3433,20923,30%
3433,20947,30%
3433,20906,30%
3433,17730,30%
3433,20949,30%
7163,3805,30%
3735,3806,30%
3621,3809,30%
3621,6659,30%
3621,20831,30%
3483,3814,30%
3483,21123,30%
3483,20990,30%
3483,21378,30%
3752,3817,30%
3752,20688,30%
3623,3824,30%
3623,20681,30%
3623,20682,30%
3623,21270,30%
3657,3825,30%
4708,3829,30%
4708,17590,30%
4708,22187,30%
9611,3850,30%
9611,7588,30%
9611,17431,30%
9611,21884,30%
9611,9608,30%
9611,13314,30%
12264,3875,30%
12264,6367,30%
12264,12272,30%
4745,3875,30%
4745,5040,30%
4745,5202,30%
3876,3876,30%
3876,3876,30%
3876,3876,30%
3876,7113,30%
3876,21815,30%
3876,21738,30%
3876,21722,30%
3876,21814,30%
3876,21811,30%
3876,21717,30%
7456,3879,30%
7456,5185,30%
7456,6436,30%
7622,3879,30%
7622,7193,30%
7622,7414,30%
7622,10506,30%
7769,3879,30%
7769,4007,30%
7769,7414,30%
7769,16650,30%
7769,10506,30%
8468,3920,30%
8468,6611,30%
8468,6692,30%
8468,8428,30%
8468,16278,30%
8468,16301,30%
8468,17033,30%
4928,3922,30%
7245,3976,30%
7245,7462,30%
12507,3976,30%
1866,3976,30%
9060,3976,30%
9060,21847,30%
9060,21851,30%
6710,3976,30%
6710,7696,30%
5146,3976,30%
5146,17075,30%
5494,4014,30%
5494,16656,30%
5494,30000,30%
17107,4022,30%
17107,6059,30%
17107,6302,30%
17107,7185,30%
5014,4023,30%
5014,6971,30%
5014,12484,30%
7619,4023,30%
7619,11616,30%
163,4036,30%
6021,13909,30%
10369,4077,30%
10369,16151,30%
10369,10298,30%
11160,4077,30%
11160,7558,30%
11160,7885,30%
11160,17226,30%
11160,10298,30%
11160,10708,30%
4408,4089,30%
4408,4408,30%
4408,16735,30%
4408,17251,30%
4408,17225,30%
4408,16770,30%
4408,17266,30%
5061,4097,30%
5061,5090,30%
5061,5717,30%
5061,7313,30%
5061,17228,30%
5061,16248,30%
5061,10779,30%
4100,4100,30%
4100,4100,30%
12085,4121,30%
12085,16975,30%
12085,18451,30%
12085,21649,30%
12085,11786,30%
12086,4121,30%
12086,6405,30%
12086,17927,30%
12086,11925,30%
6366,4131,30%
6366,6847,30%
6366,7768,30%
12246,4138,30%
12246,7644,30%
12246,12236,30%
12246,12324,30%
4412,4148,30%
4412,5245,30%
4412,7848,30%
7533,4176,30%
7533,6430,30%
7533,6611,30%
7533,7885,30%
4074,4206,30%
4074,4288,30%
4074,17722,30%
4074,17082,30%
4101,4206,30%
4101,4288,30%
7847,4214,30%
7847,6922,30%
7235,4214,30%
7235,5416,30%
4846,4214,30%
6658,4247,30%
6658,7462,30%
6658,7607,30%
350,4247,30%
4566,4299,30%
4566,6742,30%
4566,6847,30%
4566,7113,30%
4566,16640,30%
4566,16885,30%
4566,16407,30%
6800,4332,30%
2178,4491,30%
2178,21611,30%
7329,4579,30%
7329,5605,30%
7329,16975,30%
7329,17057,30%
10818,4610,30%
4827,4639,30%
4827,7567,30%
4827,7759,30%
5743,4654,30%
5743,5090,30%
5743,5235,30%
5743,17180,30%
5743,9730,30%
5485,4664,30%
5485,4997,30%
5485,5090,30%
5485,6362,30%
5485,6899,30%
5485,8237,30%
5485,17373,30%
4866,4666,30%
4866,7800,30%
4376,4778,30%
4682,4810,30%
4682,5125,30%
4682,5143,30%
4682,6362,30%
4682,7313,30%
4682,9730,30%
2232,4812,30%
5012,4821,30%
5012,6217,30%
5012,6463,30%
5012,7154,30%
5012,7657,30%
6505,4883,30%
6505,7848,30%
5514,4913,30%
5514,6411,30%
5514,22351,30%
5514,9097,30%
4735,4944,30%
4735,5786,30%
4735,8264,30%
4735,17114,30%
4735,17114,30%
5386,4946,30%
5386,6623,30%
8668,4946,30%
8668,6623,30%
8668,7739,30%
3407,4947,30%
3407,5388,30%
3407,20654,30%
15229,4947,30%
15229,5388,30%
15229,6630,30%
15229,20785,30%
15229,10604,30%
15229,11499,30%
15229,11829,30%
10693,4947,30%
10693,5388,30%
10693,10439,30%
10693,11544,30%
10623,4947,30%
10623,5388,30%
10623,6630,30%
10623,21539,30%
10623,20752,30%
10623,11829,30%
10623,11829,30%
10601,4947,30%
10601,5388,30%
10601,21902,30%
10601,10439,30%
10601,10853,30%
10601,11193,30%
5990,4947,30%
5990,11486,30%
6309,4947,30%
7002,4947,30%
7002,5202,30%
7002,6962,30%
5407,4947,30%
4972,4947,30%
16262,4947,30%
5294,4947,30%
11306,4947,30%
11306,11651,30%
8701,4947,30%
8701,5917,30%
8701,6379,30%
8701,7848,30%
11546,4947,30%
11546,5388,30%
11546,10439,30%
11205,4947,30%
11205,11271,30%
5152,4947,30%
9654,4947,30%
10604,4947,30%
10604,5388,30%
10604,6630,30%
10604,16132,30%
10604,11829,30%
10604,11833,30%
10682,4947,30%
10682,5388,30%
10682,10439,30%
11416,4947,30%
7026,4947,30%
10622,4947,30%
10622,5388,30%
10622,22281,30%
11282,4947,30%
2575,4947,30%
2575,5388,30%
2575,10439,30%
2575,10604,30%
8439,4947,30%
8439,5153,30%
8439,8117,30%
8439,16106,30%
8439,17105,30%
8439,11872,30%
16001,4947,30%
16001,5702,30%
7292,4947,30%
2049,4947,30%
2049,5388,30%
10681,4947,30%
10681,5388,30%
10681,10604,30%
10638,4947,30%
10638,5388,30%
10607,4947,30%
10607,6630,30%
10607,16814,30%
10607,10604,30%
10626,4947,30%
10626,5388,30%
10685,4947,30%
10685,5388,30%
10685,10439,30%
10685,11544,30%
4344,4947,30%
4344,5227,30%
4344,5990,30%
4344,8555,30%
10617,4947,30%
10617,5388,30%
10617,10439,30%
10617,10604,30%
10652,4947,30%
10652,5388,30%
5380,4947,30%
5380,5388,30%
11563,4947,30%
12172,4947,30%
12172,11531,30%
12042,4947,30%
13010,4947,30%
13010,5075,30%
13010,7567,30%
16227,4947,30%
16227,5075,30%
16227,17146,30%
5980,4947,30%
6087,4947,30%
6087,5314,30%
6087,5388,30%
5056,4947,30%
5056,6367,30%
5056,11281,30%
5056,30000,30%
11098,4953,30%
11098,4953,30%
11098,20606,30%
11098,9730,30%
4996,4965,30%
4996,6463,30%
4996,6609,30%
4996,7035,30%
4996,7154,30%
5822,4966,30%
5822,6425,30%
6507,4971,30%
6507,8361,30%
416,4972,30%
416,5480,30%
416,5498,30%
416,5702,30%
416,5990,30%
416,6719,30%
416,7513,30%
416,7656,30%
416,11461,30%
416,13034,30%
6434,4973,30%
6712,4973,30%
5613,4983,30%
5110,5003,30%
5619,5003,30%
5619,5577,30%
2637,5003,30%
2637,7720,30%
4980,5003,30%
4980,5577,30%
4980,10977,30%
4726,5010,30%
4726,7388,30%
4726,7392,30%
4726,7631,30%
4726,16805,30%
4726,20959,30%
4726,9730,30%
5230,5010,30%
5230,10779,30%
2562,5022,30%
2562,6630,30%
2562,17879,30%
2562,21465,30%
8460,5022,30%
7637,5022,30%
16602,5022,30%
16602,7665,30%
16602,7848,30%
16602,17154,30%
5392,5022,30%
5392,6379,30%
7274,5022,30%
5057,5022,30%
5057,30000,30%
5057,13012,30%
6802,5022,30%
6802,6379,30%
6802,17050,30%
11299,5022,30%
11299,21465,30%
4525,5022,30%
4525,6281,30%
4525,6959,30%
4525,9011,30%
4612,5022,30%
4612,7665,30%
4612,7848,30%
4612,17154,30%
11253,5022,30%
11253,10533,30%
11253,11900,30%
4574,5022,30%
4574,7848,30%
426,5022,30%
426,6873,30%
11488,5022,30%
10437,5022,30%
10437,10653,30%
4652,5022,30%
4652,5040,30%
4652,5202,30%
4652,5640,30%
4652,20439,30%
8282,5022,30%
8282,7848,30%
7146,5022,30%
7146,6922,30%
7146,7119,30%
7146,7848,30%
7146,16216,30%
7333,5022,30%
7333,5527,30%
7333,5539,30%
7333,6367,30%
7333,6370,30%
7333,6461,30%
7333,6585,30%
7333,6842,30%
7333,6969,30%
7333,7283,30%
7333,7513,30%
7333,7521,30%
7333,7634,30%
7333,7831,30%
7333,16116,30%
7333,21806,30%
7333,21807,30%
7333,21790,30%
7333,20279,30%
7333,30000,30%
5130,5022,30%
5130,5202,30%
5130,7284,30%
16277,5022,30%
16277,7696,30%
16277,30000,30%
16277,30000,30%
16277,30000,30%
4766,5022,30%
4766,7085,30%
4766,7665,30%
5759,5040,30%
5759,6847,30%
5887,5040,30%
5887,17152,30%
5887,12157,30%
7237,5040,30%
7237,5202,30%
6403,5040,30%
6403,5635,30%
6403,6993,30%
4367,5042,30%
4367,5743,30%
4367,7388,30%
4367,16666,30%
4997,5597,30%
4997,7198,30%
4997,7570,30%
4997,10778,30%
6233,5045,30%
6233,6423,30%
6233,7090,30%
6233,12381,30%
4518,5062,30%
4518,7284,30%
4518,7720,30%
4518,10539,30%
6586,5084,30%
4879,5090,30%
4879,6362,30%
4879,6899,30%
4879,7570,30%
5873,5090,30%
5873,5884,30%
5873,6669,30%
5873,8254,30%
4861,5094,30%
5100,5100,30%
6762,5106,30%
6762,16481,30%
441,5115,30%
4937,5141,30%
4937,17051,30%
5712,5143,30%
5712,6899,30%
5712,8237,30%
4941,5143,30%
4529,5151,30%
4529,7683,30%
4529,11399,30%
4529,13008,30%
6065,5158,30%
6065,7634,30%
6065,7810,30%
6065,17133,30%
6690,5158,30%
6690,5158,30%
6690,5167,30%
6690,6056,30%
6690,6594,30%
6690,7634,30%
6690,7810,30%
4703,5158,30%
4703,16835,30%
4703,30000,30%
5963,5158,30%
5963,7634,30%
5040,5158,30%
5040,5167,30%
5040,7634,30%
5205,5158,30%
5205,5167,30%
5205,5244,30%
5205,7734,30%
7592,5167,30%
7592,5965,30%
7592,7519,30%
7592,7634,30%
2621,5167,30%
2621,21514,30%
2621,10463,30%
2621,11818,30%
5421,5167,30%
5998,5167,30%
5998,7634,30%
4602,5167,30%
4602,5708,30%
5938,5167,30%
5938,7634,30%
7782,5185,30%
7782,6436,30%
7193,5185,30%
7193,6436,30%
7424,5186,30%
7424,6054,30%
7424,7633,30%
7424,7764,30%
7424,7848,30%
7424,16693,30%
8502,5186,30%
8502,6945,30%
8502,16386,30%
12585,5186,30%
16627,5186,30%
16627,7848,30%
16603,5186,30%
16603,7848,30%
16603,16927,30%
9628,5186,30%
5569,5186,30%
5569,7848,30%
5901,5186,30%
8582,5186,30%
8582,5552,30%
8582,6877,30%
7205,5191,30%
7205,6232,30%
7205,16793,30%
7205,16254,30%
7205,17018,30%
7205,17235,30%
12156,5195,30%
12156,6341,30%
12156,6341,30%
12156,21603,30%
12156,12185,30%
12156,13063,30%
6085,5202,30%
6085,5388,30%
5396,5202,30%
5396,5329,30%
5396,5843,30%
5396,6347,30%
5396,7026,30%
5396,7284,30%
5396,16940,30%
5396,17109,30%
5706,5202,30%
5706,7284,30%
5706,16795,30%
5706,10042,30%
7014,5202,30%
5559,5202,30%
5559,6517,30%
5559,10042,30%
5337,5202,30%
5188,5202,30%
5188,6872,30%
5188,7634,30%
16733,5202,30%
16733,7036,30%
16733,9778,30%
440,5202,30%
440,5640,30%
9883,5207,30%
9883,21747,30%
9883,21871,30%
9883,21967,30%
9883,17449,30%
5806,5210,30%
5806,6457,30%
5806,6469,30%
5806,6522,30%
5806,7302,30%
5806,11686,30%
5806,16004,30%
5565,5223,30%
10645,5229,30%
10645,7567,30%
10645,21373,30%
10645,11888,30%
4986,5242,30%
5844,5244,30%
474,5245,30%
474,6646,30%
474,7848,30%
474,16755,30%
7372,5245,30%
7372,6045,30%
7372,6609,30%
7372,7665,30%
7372,7848,30%
4953,5252,30%
4953,6425,30%
4953,7198,30%
4953,30000,30%
16229,5259,30%
16229,15694,30%
16229,11544,30%
16229,11873,30%
4488,5260,30%
4488,6838,30%
4488,17069,30%
4488,17129,30%
6040,5279,30%
6040,5297,30%
6040,6217,30%
6040,6463,30%
6040,7154,30%
6040,16639,30%
2237,5279,30%
2237,6217,30%
2237,21552,30%
12262,5279,30%
12262,8929,30%
4693,5279,30%
5608,5290,30%
5608,6609,30%
16775,5290,30%
16775,6326,30%
16775,10042,30%
16775,10539,30%
10203,5290,30%
10203,6511,30%
10203,6514,30%
10203,21863,30%
5491,5297,30%
5491,6217,30%
5491,6463,30%
5491,6609,30%
5491,7154,30%
5491,16905,30%
5509,5297,30%
5509,5297,30%
5509,7154,30%
6036,5297,30%
6036,6045,30%
6036,6609,30%
7455,5297,30%
7455,17326,30%
6217,5297,30%
6217,6045,30%
7191,5297,30%
7191,6217,30%
7191,6463,30%
7191,7154,30%
6011,5297,30%
5970,5307,30%
5970,5736,30%
7509,5310,30%
7509,6733,30%
7509,7437,30%
7509,7462,30%
2213,5314,30%
2213,5388,30%
2213,21546,30%
6645,5314,30%
6645,5444,30%
6645,5640,30%
6645,5943,30%
6645,6077,30%
6645,6087,30%
6645,15752,30%
6645,7570,30%
6645,7743,30%
6645,21580,30%
6645,16698,30%
6645,16580,30%
6645,16928,30%
6645,17052,30%
3440,5314,30%
7794,5325,30%
12116,5329,30%
12116,9970,30%
12116,11314,30%
5006,5329,30%
5006,6326,30%
5006,6347,30%
5006,17112,30%
5006,11492,30%
16314,5342,30%
16314,5671,30%
16314,12546,30%
11009,5354,30%
6477,5373,30%
8305,5388,30%
8305,6077,30%
4692,5388,30%
4692,6485,30%
4692,6770,30%
4692,6956,30%
4692,16717,30%
11058,5388,30%
4905,5388,30%
5558,5388,30%
5558,5640,30%
5655,5388,30%
5655,17578,30%
10660,5388,30%
10660,10391,30%
10660,10604,30%
10660,11544,30%
10637,5388,30%
10637,10631,30%
10637,10853,30%
5537,5388,30%
5537,7513,30%
5537,30000,30%
5537,30000,30%
10691,5388,30%
10691,6630,30%
10691,10604,30%
5077,5388,30%
5077,6077,30%
8541,5388,30%
8541,6077,30%
417,5388,30%
417,6077,30%
7101,5388,30%
5444,5388,30%
4469,5392,30%
4469,6962,30%
5622,5392,30%
5622,6962,30%
5427,5393,30%
4358,5393,30%
2208,5394,30%
2208,17686,30%
2208,16014,30%
4557,5405,30%
4801,5418,30%
5465,5420,30%
5465,5648,30%
5465,12026,30%
5465,12121,30%
4370,5432,30%
6075,5432,30%
4472,5432,30%
4472,7111,30%
4472,7209,30%
16575,5432,30%
16575,5741,30%
5037,5456,30%
5037,6522,30%
5037,7137,30%
5037,7437,30%
3637,5476,30%
5908,5480,30%
7512,5480,30%
7512,16863,30%
5648,5480,30%
5648,6962,30%
5648,16971,30%
4964,5480,30%
4964,5794,30%
10713,5480,30%
7064,5480,30%
7064,15123,30%
6707,5480,30%
6707,30000,30%
11372,5480,30%
11372,12216,30%
6674,5508,30%
6674,7031,30%
6674,16881,30%
6674,16243,30%
9097,5514,30%
6424,5529,30%
4731,5533,30%
4731,11187,30%
4731,13092,30%
8366,5544,30%
8366,6344,30%
8366,16138,30%
8366,17012,30%
8366,22350,30%
8782,5549,30%
8782,16126,30%
8782,16671,30%
8782,17008,30%
8782,30000,30%
12198,5553,30%
6813,5559,30%
11239,5563,30%
15518,5598,30%
15518,5598,30%
5624,5624,30%
5415,5640,30%
5415,7645,30%
5058,5640,30%
5058,7567,30%
6296,5640,30%
5259,5640,30%
5259,6873,30%
5259,7567,30%
6077,5640,30%
6077,6368,30%
6077,10853,30%
15220,5640,30%
15220,8243,30%
15220,20786,30%
15220,11215,30%
5983,5640,30%
5983,6873,30%
5983,7567,30%
5983,7848,30%
5983,16332,30%
4352,5640,30%
4352,6962,30%
4352,7567,30%
11528,5642,30%
11528,21319,30%
11528,10520,30%
11528,11527,30%
11854,5648,30%
11238,5648,30%
15499,5648,30%
4889,5652,30%
4889,10778,30%
531,5701,30%
477,5702,30%
7407,5708,30%
6224,5708,30%
6224,5917,30%
11971,5722,30%
11971,6213,30%
11971,21653,30%
7564,5722,30%
7564,6213,30%
7564,6363,30%
7564,6887,30%
5632,5722,30%
5632,6363,30%
5632,6887,30%
6228,5734,30%
6228,7243,30%
6228,8269,30%
6228,16841,30%
6228,13008,30%
5222,5734,30%
5222,6469,30%
5222,6638,30%
5222,7243,30%
5222,7357,30%
5222,8268,30%
5222,8269,30%
5222,11127,30%
5222,13008,30%
6541,5734,30%
376,5734,30%
376,7243,30%
376,8941,30%
376,11435,30%
8621,5734,30%
8621,30000,30%
8538,5740,30%
8538,7245,30%
8538,7462,30%
4474,5741,30%
4474,6217,30%
7348,5754,30%
7348,6918,30%
7348,16934,30%
7348,17095,30%
3383,5755,30%
3383,5755,30%
3383,22329,30%
10755,5758,30%
10755,10463,30%
5011,5794,30%
5011,11215,30%
11510,5796,30%
11510,6220,30%
11510,9730,30%
11510,10735,30%
2576,5805,30%
2576,10853,30%
2576,11666,30%
4938,5805,30%
2230,5817,30%
2230,18007,30%
16230,5817,30%
16230,10042,30%
16230,12136,30%
12313,5844,30%
12313,16402,30%
5123,5844,30%
404,5865,30%
404,7616,30%
5450,5879,30%
5450,7085,30%
5450,7665,30%
5450,7848,30%
5405,5884,30%
5405,6216,30%
5405,6373,30%
5405,7035,30%
5405,7111,30%
5405,7388,30%
5405,9730,30%
4711,5884,30%
4711,10814,30%
7747,5917,30%
5504,5939,30%
5504,6047,30%
5504,30000,30%
16241,5939,30%
16241,6047,30%
16241,11286,30%
9770,5939,30%
9770,6993,30%
9770,7491,30%
9770,22009,30%
9770,17211,30%
9770,16971,30%
9770,9134,30%
9770,16078,30%
9770,9780,30%
4947,5953,30%
4947,5965,30%
4947,6379,30%
4947,6511,30%
4947,6630,30%
4947,7002,30%
4947,7519,30%
4947,7634,30%
4947,7810,30%
4947,11920,30%
6962,5953,30%
6962,6379,30%
6962,7002,30%
6962,7569,30%
4504,5953,30%
4504,7002,30%
7791,5953,30%
7791,6326,30%
7791,6687,30%
7791,7002,30%
4975,5953,30%
6293,5965,30%
6293,7519,30%
6293,7634,30%
6293,7810,30%
5492,5965,30%
5492,7634,30%
5492,7810,30%
6486,5965,30%
6486,7519,30%
6486,7634,30%
6486,7810,30%
7406,5980,30%
10618,5983,30%
2599,5983,30%
2599,11193,30%
2599,11544,30%
8692,6003,30%
8692,7675,30%
8692,7848,30%
5404,6006,30%
5404,7848,30%
4811,6006,30%
4811,7079,30%
6248,6045,30%
6248,6217,30%
6248,6463,30%
6248,7154,30%
6463,6045,30%
6463,6609,30%
16237,6045,30%
16237,7079,30%
16237,7848,30%
372,6045,30%
372,6609,30%
372,6646,30%
372,7455,30%
372,7665,30%
372,7848,30%
4560,6045,30%
4560,6609,30%
4560,7848,30%
6725,6045,30%
6725,6922,30%
6725,7119,30%
6725,7665,30%
6725,7848,30%
5128,6045,30%
5128,6609,30%
5128,7201,30%
5128,16728,30%
5128,10569,30%
6311,6047,30%
6311,6367,30%
6311,6847,30%
6311,7113,30%
6311,8688,30%
12130,6047,30%
6006,6054,30%
6006,7267,30%
6722,6059,30%
6722,6302,30%
6722,7185,30%
7494,6059,30%
7494,6302,30%
7494,7185,30%
6358,6059,30%
6358,6302,30%
6358,7185,30%
6358,16743,30%
7797,6059,30%
7797,6302,30%
7797,7185,30%
6081,16117,30%
6081,6347,30%
6081,7002,30%
8632,16117,30%
8632,16117,30%
8632,16117,30%
12650,16117,30%
12650,7641,30%
12650,16871,30%
12650,11592,30%
11000,6126,30%
11000,16677,30%
11000,11000,30%
11212,6126,30%
11212,17896,30%
11072,6128,30%
11072,6136,30%
10964,6136,30%
10964,11602,30%
10964,11625,30%
11203,6136,30%
11268,6136,30%
11268,20672,30%
15249,6139,30%
15249,22373,30%
15249,20793,30%
15249,15283,30%
10963,6141,30%
10963,16903,30%
10963,16914,30%
10963,11616,30%
10034,6150,30%
10034,7568,30%
10034,22012,30%
5016,6164,30%
5016,16829,30%
5016,17175,30%
5016,17176,30%
5016,12388,30%
3545,6168,30%
11942,6176,30%
11942,21657,30%
11942,21671,30%
11942,10920,30%
11942,11936,30%
11942,11937,30%
11942,11937,30%
11942,15766,30%
11942,15767,30%
11942,15768,30%
11942,15770,30%
11942,12048,30%
11942,15778,30%
11942,12210,30%
11942,15780,30%
15570,6176,30%
6583,6210,30%
15921,6216,30%
15921,6425,30%
15921,7209,30%
15921,7388,30%
15921,9730,30%
5872,6216,30%
5872,8237,30%
5872,9730,30%
5872,10778,30%
5282,6216,30%
5471,6216,30%
5143,6217,30%
5143,6609,30%
10780,6217,30%
10780,6463,30%
10780,7154,30%
10780,10479,30%
10780,11469,30%
7388,6217,30%
7388,6463,30%
7388,7154,30%
4364,6217,30%
4364,7154,30%
4364,7657,30%
4364,16663,30%
4364,16384,30%
7800,6217,30%
7800,7154,30%
4958,6217,30%
5652,6217,30%
5652,6463,30%
5652,7154,30%
5001,6217,30%
5001,7154,30%
5884,6217,30%
5884,6463,30%
5884,7154,30%
4792,6217,30%
4792,6463,30%
4792,7154,30%
4792,17616,30%
6425,6217,30%
6425,6463,30%
6425,7154,30%
5373,6217,30%
5373,6463,30%
5373,7154,30%
4672,6217,30%
4672,6463,30%
4672,7154,30%
4949,6217,30%
4949,6220,30%
7111,6217,30%
7111,6463,30%
7111,7154,30%
5002,6217,30%
5002,7154,30%
5002,10778,30%
5279,6217,30%
5279,6463,30%
5279,7154,30%
16206,6217,30%
16206,6463,30%
16206,7154,30%
4870,6217,30%
4870,6463,30%
4870,7154,30%
16203,6217,30%
16203,6463,30%
16203,7154,30%
16203,16934,30%
4992,6217,30%
4992,6463,30%
4992,7154,30%
5920,6217,30%
5920,6463,30%
5920,7154,30%
7092,6217,30%
7092,6463,30%
7092,7154,30%
5010,6217,30%
5010,6463,30%
5010,7154,30%
4944,6217,30%
4944,6463,30%
4944,7154,30%
5737,6217,30%
5737,6463,30%
5737,7154,30%
5235,6217,30%
5235,6463,30%
5235,7154,30%
5815,6217,30%
5815,7570,30%
5815,8237,30%
5597,6217,30%
7636,6217,30%
7636,6609,30%
7636,7154,30%
6216,6217,30%
6216,6463,30%
6216,7154,30%
5090,6217,30%
5090,7154,30%
5820,6221,30%
5820,6854,30%
5820,7641,30%
5820,7773,30%
5820,12419,30%
5820,12461,30%
5820,12605,30%
427,6226,30%
4934,6238,30%
4934,6621,30%
4934,21702,30%
4934,16408,30%
4934,16233,30%
4934,16270,30%
4934,17054,30%
7846,6238,30%
7846,6436,30%
7846,16716,30%
6789,6240,30%
6789,7571,30%
6789,16181,30%
4929,6241,30%
4929,6515,30%
4929,7754,30%
4929,17326,30%
5274,6241,30%
5274,6299,30%
5274,6981,30%
5274,7754,30%
6211,6241,30%
6211,6299,30%
6211,7754,30%
6211,18393,30%
6211,16821,30%
6232,6241,30%
6232,6515,30%
6232,7754,30%
6232,16722,30%
5013,6248,30%
5013,6847,30%
5013,9730,30%
5518,6248,30%
5518,8254,30%
5518,16909,30%
5518,9074,30%
4955,6248,30%
4955,16932,30%
3418,6248,30%
3418,20685,30%
4753,6250,30%
4753,6567,30%
4753,6621,30%
4753,7296,30%
4753,7409,30%
4753,30000,30%
16283,6252,30%
6345,6252,30%
6345,16559,30%
6345,17067,30%
6035,6260,30%
6035,6445,30%
6035,7043,30%
6530,6269,30%
6530,7219,30%
6530,17172,30%
7625,6269,30%
7625,7219,30%
7625,30000,30%
7626,6269,30%
7626,7219,30%
7626,7879,30%
6925,6275,30%
6925,6928,30%
5594,6276,30%
5594,7345,30%
5594,17144,30%
4814,6276,30%
4814,6609,30%
4814,6842,30%
4814,7394,30%
4814,7754,30%
4814,16821,30%
4187,6280,30%
6735,6285,30%
4523,6294,30%
5297,6299,30%
5297,30000,30%
5336,6302,30%
5336,7795,30%
5336,18686,30%
5336,12423,30%
6438,6305,30%
6438,6430,30%
6438,6438,30%
6438,6561,30%
6438,6611,30%
6438,6692,30%
6438,7607,30%
6438,7885,30%
6438,8259,30%
6438,16146,30%
6438,16401,30%
6438,10298,30%
7400,6305,30%
7400,6509,30%
7400,6688,30%
7400,7623,30%
7400,16766,30%
6995,6305,30%
6995,6615,30%
6995,7121,30%
6995,7379,30%
6995,7443,30%
6995,17586,30%
6995,17576,30%
6027,6306,30%
6027,6374,30%
6027,6561,30%
6027,7210,30%
6027,7362,30%
6027,7708,30%
6027,11592,30%
7701,6306,30%
7701,6405,30%
7701,6611,30%
7460,6306,30%
7460,6561,30%
7460,17033,30%
5030,6306,30%
5030,7858,30%
6865,6306,30%
6865,6430,30%
7829,6306,30%
6949,6306,30%
7643,6306,30%
7643,7377,30%
5371,6306,30%
5371,17127,30%
6665,6306,30%
6665,7374,30%
6665,7885,30%
7466,6306,30%
6741,6306,30%
6741,7374,30%
6741,7462,30%
6741,16256,30%
6741,30000,30%
5390,6313,30%
5390,6430,30%
5390,6682,30%
5390,6926,30%
5390,7203,30%
5390,7210,30%
5390,7462,30%
6210,6323,30%
6210,7815,30%
8461,6324,30%
8461,7029,30%
8461,7085,30%
8461,7140,30%
5195,6326,30%
5195,6922,30%
5562,6326,30%
5562,6326,30%
4479,6326,30%
4479,6326,30%
4479,6347,30%
4479,8894,30%
5647,6326,30%
5647,6770,30%
5647,12136,30%
16633,6326,30%
16633,6347,30%
6764,6326,30%
6764,16717,30%
6862,6326,30%
6862,16753,30%
5685,6326,30%
5685,6347,30%
5224,6326,30%
5224,6347,30%
5224,6687,30%
5224,8248,30%
5224,30000,30%
12066,6326,30%
6956,6330,30%
6956,30000,30%
11250,6332,30%
11250,21906,30%
11250,11605,30%
5239,6336,30%
5239,6509,30%
2316,6341,30%
2316,17753,30%
2218,6341,30%
12220,6341,30%
12185,6341,30%
12185,12029,30%
12175,6341,30%
7852,6342,30%
6993,6347,30%
17001,6347,30%
17001,10539,30%
5894,6347,30%
5894,12126,30%
5702,6347,30%
5702,12157,30%
5498,6347,30%
5498,12157,30%
5766,6347,30%
5766,17006,30%
7277,6347,30%
7277,7002,30%
7277,16822,30%
6072,6347,30%
2313,6348,30%
2313,20611,30%
2313,20610,30%
2313,10735,30%
2313,11190,30%
2313,11246,30%
2313,11265,30%
2313,11373,30%
2313,11531,30%
5182,6354,30%
6386,6354,30%
15219,6357,30%
15219,16408,30%
15219,11737,30%
5945,6357,30%
5945,6787,30%
5945,7610,30%
10781,6362,30%
10781,6899,30%
10781,11643,30%
10781,11921,30%
10813,6362,30%
10813,7313,30%
10813,7657,30%
10813,10784,30%
561,6362,30%
561,7035,30%
561,7111,30%
561,7313,30%
561,10778,30%
7133,6367,30%
7133,6627,30%
7133,6915,30%
7133,7743,30%
7133,16796,30%
5522,6367,30%
5522,7506,30%
5083,6367,30%
5564,6367,30%
5564,6842,30%
5564,7581,30%
462,6367,30%
462,6847,30%
462,7736,30%
462,7768,30%
7196,6367,30%
7196,16200,30%
7196,30000,30%
6267,6367,30%
6267,7113,30%
6267,7513,30%
6267,30000,30%
6631,6367,30%
6631,7513,30%
4461,6367,30%
4461,7113,30%
4461,30000,30%
7662,6367,30%
7662,6842,30%
383,6367,30%
383,6742,30%
383,6950,30%
383,7113,30%
383,7283,30%
383,7662,30%
383,7736,30%
383,7768,30%
383,30000,30%
5889,6368,30%
6044,6368,30%
4793,6369,30%
414,6373,30%
414,6847,30%
414,10576,30%
4883,6373,30%
4883,6685,30%
5688,6379,30%
6080,6379,30%
6080,7634,30%
6080,7810,30%
6080,7848,30%
7707,6381,30%
5835,6384,30%
5835,7162,30%
5835,7898,30%
1045,6395,30%
1045,17425,30%
6251,6395,30%
6251,17382,30%
6251,16847,30%
6251,16969,30%
5867,6400,30%
5867,30000,30%
6959,6405,30%
6959,6730,30%
6959,7210,30%
6959,7360,30%
5566,6408,30%
5566,7104,30%
5566,7687,30%
7127,6413,30%
7127,6413,30%
7127,6850,30%
7127,6920,30%
7127,16731,30%
7127,16692,30%
7127,16884,30%
7127,16986,30%
7127,17034,30%
7127,17371,30%
7127,17060,30%
7127,12392,30%
7214,6420,30%
5787,6425,30%
5787,7035,30%
5787,7388,30%
5787,8237,30%
5787,9155,30%
5787,10814,30%
5162,6425,30%
5162,16342,30%
7857,6430,30%
7857,7265,30%
7857,8265,30%
7541,6430,30%
7541,7265,30%
7541,7462,30%
7481,6430,30%
7481,6611,30%
6749,6430,30%
6749,6561,30%
6749,7374,30%
7649,6430,30%
7649,6611,30%
7649,7374,30%
7664,6430,30%
7664,7462,30%
7664,16643,30%
7664,17000,30%
6509,6430,30%
6509,7885,30%
16219,6430,30%
16219,7462,30%
10300,6430,30%
7338,6430,30%
7480,6430,30%
7480,7255,30%
7480,7571,30%
7918,6430,30%
7918,7885,30%
7918,7934,30%
7918,21680,30%
6845,6430,30%
6845,6753,30%
6845,6849,30%
6845,7360,30%
7482,6430,30%
7482,6611,30%
6579,6430,30%
6579,7462,30%
6579,21498,30%
6579,11616,30%
8643,6430,30%
8643,7629,30%
6330,6436,30%
6330,6956,30%
5745,6436,30%
5745,7377,30%
5745,7588,30%
5745,16711,30%
5745,16895,30%
5745,30000,30%
5354,6436,30%
5354,7255,30%
5354,7571,30%
7703,6436,30%
7703,7848,30%
10998,6436,30%
10998,10958,30%
5545,6436,30%
5545,7848,30%
7055,6436,30%
4763,6436,30%
4763,7665,30%
6689,6436,30%
6689,7668,30%
6689,7668,30%
8283,6453,30%
8283,7119,30%
8283,12347,30%
6023,6463,30%
6023,7687,30%
5256,6463,30%
5256,16930,30%
5588,6463,30%
5588,7348,30%
10814,6463,30%
10814,7154,30%
10814,10479,30%
4340,6463,30%
4340,7455,30%
4912,6463,30%
4912,17379,30%
4912,17362,30%
434,6463,30%
434,6650,30%
10820,6463,30%
10820,7154,30%
6430,6467,30%
6430,11787,30%
7885,6467,30%
11421,6469,30%
11421,6872,30%
11421,8269,30%
11421,10959,30%
11421,11127,30%
11421,11128,30%
11421,11399,30%
11421,11400,30%
11421,11403,30%
11421,11430,30%
11421,13008,30%
11109,6469,30%
4339,6469,30%
4339,6962,30%
12471,6469,30%
12471,6770,30%
12471,6776,30%
12471,6872,30%
12471,8268,30%
6421,6485,30%
6421,16576,30%
6421,30000,30%
17108,6488,30%
17108,7459,30%
6943,6497,30%
6943,7614,30%
6943,7629,30%
7446,6497,30%
7446,7786,30%
7446,16836,30%
9846,6504,30%
9846,6514,30%
9846,6953,30%
9846,6953,30%
9846,21792,30%
9846,17931,30%
9846,21987,30%
9846,21874,30%
9846,21986,30%
9846,17541,30%
9846,16099,30%
9846,9846,30%
9154,6504,30%
9154,6511,30%
9154,6514,30%
9154,7284,30%
9154,9778,30%
5542,6504,30%
5542,6511,30%
5542,6514,30%
4823,6504,30%
4823,6511,30%
4823,6514,30%
8910,6504,30%
8910,6511,30%
8910,6514,30%
8980,6504,30%
8980,6511,30%
8980,6514,30%
9071,6504,30%
9071,6511,30%
4971,6507,30%
4550,6509,30%
4550,16699,30%
4550,16670,30%
4550,17021,30%
7858,6509,30%
7844,6509,30%
7844,7341,30%
6750,6509,30%
7880,6509,30%
7880,7462,30%
6022,6511,30%
6022,22316,30%
6022,22312,30%
6022,22313,30%
6022,22314,30%
6022,22315,30%
6022,17602,30%
6022,22309,30%
6022,22311,30%
6022,22310,30%
6790,6511,30%
9981,6511,30%
9981,6514,30%
9991,6511,30%
8891,6511,30%
8891,6514,30%
7291,6517,30%
7291,7284,30%
7291,10042,30%
8718,6533,30%
8718,7326,30%
8718,7842,30%
8718,7885,30%
7655,6533,30%
7655,7462,30%
8698,6534,30%
8698,7513,30%
7331,6536,30%
7331,7848,30%
6596,6541,30%
6596,6950,30%
6596,7683,30%
16308,6544,30%
16308,6682,30%
16308,7117,30%
11138,6547,30%
11138,16321,30%
11138,11139,30%
11138,11202,30%
7730,6547,30%
7730,6638,30%
7457,6556,30%
6664,6561,30%
6664,7210,30%
6664,7362,30%
6289,6561,30%
6289,6703,30%
6289,6718,30%
6289,7198,30%
6289,7360,30%
6289,7462,30%
6289,7885,30%
6289,8648,30%
6289,17127,30%
7385,6561,30%
7385,17068,30%
7537,6561,30%
7537,6703,30%
7537,7462,30%
7537,7885,30%
7537,17090,30%
425,6561,30%
425,6733,30%
425,6753,30%
425,6753,30%
425,7462,30%
425,7885,30%
4546,6561,30%
4546,30000,30%
433,6561,30%
433,6928,30%
433,7365,30%
20568,6566,30%
5895,6567,30%
5895,8257,30%
5895,9314,30%
10632,6581,30%
10632,21388,30%
6466,6594,30%
5592,6606,30%
5592,17068,30%
5592,10854,30%
7154,6609,30%
7052,6611,30%
7052,30000,30%
6317,6611,30%
6317,7885,30%
6317,17284,30%
6678,6611,30%
16220,6611,30%
16220,6733,30%
16220,16874,30%
16220,17063,30%
8524,6611,30%
8428,6611,30%
8428,7462,30%
8428,7885,30%
8428,16767,30%
4508,6611,30%
4508,7547,30%
4508,8777,30%
4508,16759,30%
4508,16278,30%
4508,16794,30%
4508,16992,30%
4508,12435,30%
7363,6611,30%
7363,7374,30%
7363,7696,30%
8372,6619,30%
8372,7666,30%
8372,16808,30%
3413,6630,30%
3413,15473,30%
2505,6630,30%
2505,10672,30%
2505,11090,30%
2505,11828,30%
2505,11861,30%
2505,11871,30%
10877,6630,30%
10877,10890,30%
10877,11594,30%
6333,6630,30%
6333,10865,30%
10625,6630,30%
10625,10391,30%
10625,10439,30%
10625,10604,30%
10648,6630,30%
10648,11829,30%
10641,6630,30%
10641,21234,30%
10641,10443,30%
10641,10868,30%
11108,6630,30%
11835,6630,30%
10615,6630,30%
10615,10520,30%
10615,11828,30%
10615,11920,30%
2625,6630,30%
2625,11829,30%
2625,11920,30%
2727,6630,30%
2727,11829,30%
11257,6630,30%
11257,11597,30%
11257,11597,30%
11257,11829,30%
2727,6630,30%
2727,11829,30%
10290,6630,30%
10290,11828,30%
11547,6630,30%
11547,21895,30%
2572,6630,30%
2572,7567,30%
2572,8243,30%
2572,16739,30%
2572,16408,30%
2601,6630,30%
2601,10573,30%
2601,11829,30%
2601,11920,30%
10686,6630,30%
10686,10604,30%
10686,10626,30%
10686,10850,30%
10686,11373,30%
2569,6630,30%
10401,6630,30%
10364,6630,30%
10364,11828,30%
10364,11828,30%
11825,6630,30%
2521,6630,30%
2521,11829,30%
2521,11920,30%
10880,6630,30%
10880,11815,30%
10880,11829,30%
10880,11829,30%
10880,11920,30%
2614,6630,30%
2614,11829,30%
10654,6630,30%
10654,11829,30%
10442,6630,30%
11294,6630,30%
11294,7284,30%
11294,8243,30%
11294,11254,30%
10621,6630,30%
10621,16287,30%
10621,10653,30%
10621,11597,30%
10621,11778,30%
10621,11829,30%
10621,11920,30%
11831,6630,30%
11831,11829,30%
11831,11920,30%
15215,6630,30%
15215,11829,30%
10609,6630,30%
10609,11829,30%
11482,6630,30%
2773,6630,30%
2773,16211,30%
2773,10380,30%
2773,10520,30%
2773,11872,30%
5249,6643,30%
5249,20101,30%
5922,6646,30%
4691,6646,30%
4691,7848,30%
6866,6653,30%
8645,6653,30%
6382,6654,30%
6382,6683,30%
6382,7362,30%
6655,6654,30%
6655,7616,30%
7738,6656,30%
4748,6656,30%
8514,6656,30%
8514,6922,30%
8514,21714,30%
8514,21924,30%
7718,6669,30%
6724,6669,30%
6724,6688,30%
6723,6669,30%
6723,6688,30%
5397,6669,30%
8702,6671,30%
8702,6703,30%
8702,6724,30%
8702,6724,30%
8702,6865,30%
8702,6928,30%
8702,6943,30%
8702,7167,30%
8702,7360,30%
8702,7437,30%
8702,7462,30%
8702,7616,30%
8702,7708,30%
8702,7786,30%
8702,16762,30%
8702,16830,30%
8702,16956,30%
8702,16970,30%
8702,16997,30%
8702,17011,30%
8702,17068,30%
8702,16316,30%
8702,17066,30%
5740,6671,30%
5740,6733,30%
5740,6795,30%
5740,7462,30%
5740,7614,30%
5740,16729,30%
5740,21761,30%
6553,6683,30%
6553,17128,30%
7595,6683,30%
7595,6765,30%
7595,6765,30%
7595,6765,30%
7595,7255,30%
7595,16265,30%
7595,17118,30%
7595,8870,30%
5939,6687,30%
5939,6962,30%
5480,6687,30%
5480,6962,30%
5480,8252,30%
5480,9921,30%
5480,12016,30%
5480,12157,30%
16258,6687,30%
16258,6962,30%
16258,6993,30%
5107,6687,30%
5107,6962,30%
5107,6993,30%
4527,6687,30%
4527,6993,30%
4527,7277,30%
4527,17197,30%
7266,6688,30%
7266,6730,30%
7266,7360,30%
5382,6692,30%
5382,7374,30%
5382,7462,30%
5382,16704,30%
5382,16929,30%
5382,16995,30%
5382,16995,30%
7071,6692,30%
7071,7071,30%
7071,7374,30%
7071,7462,30%
7071,7607,30%
7071,7885,30%
7071,8259,30%
405,6694,30%
7386,6694,30%
7386,7842,30%
7386,8648,30%
8539,6703,30%
8539,7437,30%
8537,6703,30%
8537,7437,30%
8537,7537,30%
4935,6713,30%
4935,16162,30%
2749,6716,30%
2749,11542,30%
7516,6718,30%
7516,16946,30%
7516,10736,30%
7231,6720,30%
7231,6753,30%
7231,7634,30%
7231,7634,30%
5645,6720,30%
5645,6753,30%
5645,12622,30%
5300,6724,30%
5300,6753,30%
16599,6724,30%
16599,7265,30%
16599,7708,30%
5904,6730,30%
5904,7832,30%
5904,8353,30%
5904,17358,30%
5904,17342,30%
4782,6732,30%
389,6733,30%
389,6753,30%
389,7362,30%
389,16975,30%
7443,6733,30%
7443,7360,30%
7443,7362,30%
7443,17072,30%
7833,6733,30%
7833,16943,30%
5310,6733,30%
5310,7462,30%
7881,6733,30%
7881,7341,30%
7881,7629,30%
6738,6739,30%
6738,21897,30%
12254,6744,30%
12254,6765,30%
12254,7377,30%
12254,16644,30%
12254,17155,30%
12254,17028,30%
12254,17054,30%
12254,16180,30%
12254,12380,30%
15137,6750,30%
15137,7362,30%
15137,7437,30%
15137,7462,30%
15137,17098,30%
4907,6752,30%
4907,7227,30%
4907,7283,30%
4907,17137,30%
4907,30000,30%
4907,13008,30%
6568,6753,30%
6568,7362,30%
6568,7462,30%
6568,17015,30%
6568,17068,30%
7783,6765,30%
7783,6955,30%
7783,7146,30%
7783,7411,30%
7783,7421,30%
7783,17315,30%
7783,17316,30%
7783,17314,30%
7783,22347,30%
7783,16422,30%
7783,16421,30%
7783,30000,30%
2709,6770,30%
2709,11430,30%
5384,6770,30%
5384,7683,30%
5384,8268,30%
4869,6770,30%
4869,6776,30%
4869,6872,30%
11450,6770,30%
11450,6950,30%
6269,6770,30%
6269,6776,30%
7166,6770,30%
7166,6872,30%
481,6770,30%
481,6776,30%
481,6872,30%
6449,6770,30%
6449,8268,30%
7590,6770,30%
7590,6872,30%
7590,8268,30%
7590,8269,30%
7590,13008,30%
7093,6770,30%
7093,6776,30%
11337,6770,30%
11337,11161,30%
11337,11432,30%
7617,6770,30%
7617,6776,30%
7617,6872,30%
7617,7683,30%
5966,6770,30%
5966,7634,30%
9401,6776,30%
9401,6872,30%
9401,21817,30%
9401,21964,30%
9401,17486,30%
9401,21962,30%
9401,21889,30%
9401,21791,30%
9401,21965,30%
9401,21890,30%
9401,9401,30%
4378,6776,30%
4378,8238,30%
4378,8882,30%
4378,8941,30%
4378,8978,30%
4378,9061,30%
4378,9395,30%
4378,9444,30%
4378,9868,30%
3602,6776,30%
5881,6776,30%
5881,6872,30%
6355,6776,30%
6355,6872,30%
7254,6783,30%
7254,7462,30%
7254,17033,30%
7297,6789,30%
7297,16551,30%
4374,6802,30%
4374,7316,30%
4374,16958,30%
4739,6807,30%
4739,30000,30%
4739,30000,30%
2697,6813,30%
8616,6842,30%
8616,30000,30%
6033,15752,30%
4473,6847,30%
6472,6847,30%
8448,6847,30%
8448,7571,30%
8448,7728,30%
8448,8688,30%
17010,6847,30%
6831,6847,30%
6068,6847,30%
6068,30000,30%
12147,6847,30%
12147,15772,30%
4528,6847,30%
9053,6847,30%
5819,6847,30%
5819,7209,30%
8758,6847,30%
5636,6863,30%
5636,7848,30%
11106,6872,30%
11106,11435,30%
8472,6872,30%
8472,7566,30%
8472,16989,30%
11412,6872,30%
11412,11400,30%
11412,11423,30%
11010,6872,30%
11434,6872,30%
11434,6872,30%
11434,7683,30%
8655,6872,30%
8655,7453,30%
8655,7759,30%
8655,16754,30%
8655,16834,30%
8655,17361,30%
5139,6872,30%
6002,6872,30%
4862,6872,30%
4862,8268,30%
7145,6872,30%
7145,7272,30%
7145,18944,30%
3216,6872,30%
11414,6872,30%
8912,6872,30%
15492,6872,30%
15492,21007,30%
15492,22189,30%
11581,6873,30%
2750,6886,30%
2750,8330,30%
4579,6889,30%
4579,6894,30%
4579,7407,30%
4579,7863,30%
4579,7877,30%
11958,6892,30%
11958,6917,30%
11958,7085,30%
11958,7665,30%
139,6899,30%
139,20279,30%
139,30000,30%
5142,6899,30%
5142,7209,30%
5142,16737,30%
9671,6899,30%
9671,10779,30%
7501,6910,30%
7501,6922,30%
7501,7119,30%
7501,7119,30%
7501,7848,30%
7501,16216,30%
7501,16269,30%
7501,18888,30%
7501,16271,30%
7501,16322,30%
8585,6912,30%
4000,6914,30%
4000,10164,30%
7559,6914,30%
7559,7558,30%
6582,6914,30%
6582,7558,30%
6759,6918,30%
6759,17326,30%
6381,6922,30%
7621,6922,30%
7621,7119,30%
6360,6922,30%
5826,6922,30%
7725,6922,30%
6853,6922,30%
6853,7392,30%
6853,30000,30%
6773,6922,30%
6773,7119,30%
4863,6922,30%
4863,7088,30%
4863,7848,30%
7765,6922,30%
5145,6922,30%
5145,7119,30%
5145,7848,30%
6000,6922,30%
11112,6922,30%
7562,6922,30%
7562,7119,30%
7562,7848,30%
8545,6922,30%
5021,6922,30%
5021,7119,30%
6351,6922,30%
6351,7119,30%
5019,6922,30%
6240,6923,30%
452,6928,30%
452,7360,30%
452,7362,30%
452,17068,30%
7465,6928,30%
7465,7362,30%
7465,7851,30%
6615,6928,30%
6615,7362,30%
6615,17068,30%
6708,6928,30%
6708,7362,30%
11417,6950,30%
11417,7683,30%
11417,10883,30%
11417,11399,30%
11417,11403,30%
11417,11432,30%
11417,13008,30%
11517,6950,30%
11195,6950,30%
2724,6950,30%
2724,7683,30%
11410,6950,30%
11410,6950,30%
11347,6950,30%
2658,6950,30%
2658,10478,30%
2658,11616,30%
15248,6950,30%
15248,11281,30%
15248,11520,30%
2595,6950,30%
2595,8243,30%
2595,10574,30%
2595,11432,30%
11407,6950,30%
11301,6950,30%
11301,11399,30%
11301,11423,30%
11328,6950,30%
11328,7683,30%
11038,6950,30%
11038,11399,30%
11447,6950,30%
11447,11399,30%
11447,11399,30%
11340,6950,30%
11340,11401,30%
11427,6950,30%
11427,11399,30%
11425,6950,30%
11425,12006,30%
11415,6950,30%
11415,10536,30%
11415,11399,30%
11036,6950,30%
11227,6950,30%
11227,11399,30%
2653,6950,30%
2653,16686,30%
11404,6950,30%
10746,6950,30%
10746,10566,30%
11454,6950,30%
11454,16686,30%
4389,6950,30%
2721,6950,30%
2726,6950,30%
2723,6950,30%
374,6955,30%
374,16421,30%
7273,6955,30%
7273,16421,30%
15239,6956,30%
15239,20789,30%
15239,11389,30%
8672,6956,30%
8672,17089,30%
15237,6960,30%
5623,6962,30%
11531,6962,30%
5697,6962,30%
5697,12033,30%
5697,12042,30%
4926,6969,30%
4926,30000,30%
4634,6971,30%
4634,17271,30%
5587,6973,30%
5440,6981,30%
6380,6991,30%
2583,6993,30%
2583,11713,30%
2570,6993,30%
2570,11216,30%
2570,11740,30%
2570,11861,30%
10857,6993,30%
10857,11713,30%
2616,6993,30%
2616,11390,30%
10664,6993,30%
5898,6993,30%
6492,6993,30%
10752,6993,30%
10752,10756,30%
10752,11616,30%
10752,11795,30%
10752,11879,30%
10849,6993,30%
10849,11713,30%
10846,6993,30%
10846,11861,30%
10846,11861,30%
5213,6993,30%
5213,16252,30%
12448,6997,30%
12448,16642,30%
12448,16644,30%
12448,12424,30%
6409,6999,30%
6409,9244,30%
6409,13003,30%
4908,7000,30%
4908,16721,30%
4908,16276,30%
5202,7002,30%
7413,7002,30%
10855,7002,30%
10855,11920,30%
5689,7002,30%
5689,16822,30%
5220,7002,30%
7005,7012,30%
7818,7016,30%
7818,8269,30%
7818,17247,30%
7818,17276,30%
7818,13008,30%
5525,7028,30%
5525,7397,30%
5525,7458,30%
5525,16334,30%
5525,8912,30%
12207,7031,30%
12207,21592,30%
8711,7035,30%
2608,7035,30%
2608,10793,30%
661,7035,30%
661,8688,30%
5027,7035,30%
5027,7162,30%
5027,7800,30%
5027,16666,30%
5027,16972,30%
5027,17244,30%
5369,7035,30%
7020,7035,30%
7020,7162,30%
7020,7604,30%
7020,16113,30%
7868,7043,30%
7868,7462,30%
7868,17072,30%
4425,7046,30%
4425,7140,30%
8717,7065,30%
8717,7362,30%
8717,7462,30%
8717,17201,30%
6672,7073,30%
6672,7384,30%
6672,7848,30%
6672,17262,30%
10456,7073,30%
10456,11602,30%
10456,11616,30%
4993,7073,30%
4993,7384,30%
4993,16695,30%
4993,21780,30%
4993,16969,30%
4993,16840,30%
4993,17166,30%
5628,7073,30%
17410,7073,30%
6535,7079,30%
5154,7085,30%
5154,7665,30%
6917,7085,30%
6917,7665,30%
6917,7848,30%
2603,7087,30%
2603,11592,30%
8970,7090,30%
8723,7090,30%
11594,7095,30%
4771,7104,30%
4998,7110,30%
4998,7397,30%
4998,8688,30%
4998,11215,30%
8615,7111,30%
8615,7313,30%
8615,7388,30%
8615,10779,30%
8615,10814,30%
16238,7111,30%
16238,7209,30%
16238,7313,30%
16238,10789,30%
357,7113,30%
357,7283,30%
357,7768,30%
357,30000,30%
5635,7113,30%
5635,7283,30%
5635,7513,30%
8760,7113,30%
8760,21923,30%
8760,30000,30%
4738,7119,30%
11226,7119,30%
7772,7119,30%
6478,7119,30%
4438,7129,30%
5911,7130,30%
5911,7634,30%
6500,7139,30%
6500,7702,30%
6500,17038,30%
6714,7140,30%
5748,7140,30%
5748,7675,30%
5748,7848,30%
7484,7140,30%
7077,7140,30%
5372,7140,30%
7200,7140,30%
7200,7551,30%
7083,7146,30%
7368,7153,30%
7368,7895,30%
7368,30000,30%
1031,7153,30%
10789,7154,30%
10789,10479,30%
10789,11469,30%
10789,11921,30%
10779,7154,30%
10779,11921,30%
370,7154,30%
370,16897,30%
4899,7154,30%
4899,18684,30%
4899,16000,30%
4899,30000,30%
5926,7162,30%
10053,7187,30%
10053,17390,30%
7362,7201,30%
7362,7437,30%
7362,7885,30%
5779,7209,30%
5779,7388,30%
4833,7209,30%
4833,9730,30%
6533,7210,30%
6533,7370,30%
6533,7437,30%
8313,7210,30%
8313,7362,30%
8313,7437,30%
8313,7462,30%
7680,7211,30%
7680,7265,30%
7680,16647,30%
7680,17190,30%
7087,7219,30%
7523,7219,30%
7523,17288,30%
5185,7233,30%
5185,12259,30%
6280,7243,30%
6280,7357,30%
6280,8269,30%
6280,30000,30%
6280,13008,30%
7227,7243,30%
7227,8269,30%
7227,13008,30%
11358,7250,30%
11358,8243,30%
9782,7263,30%
9782,17457,30%
9782,16416,30%
9782,9145,30%
4417,7264,30%
4417,17606,30%
7039,7265,30%
7039,7362,30%
7039,7786,30%
7039,8648,30%
7039,17594,30%
7039,17621,30%
7039,17614,30%
11957,7272,30%
5834,7284,30%
5834,7397,30%
397,7284,30%
397,17214,30%
397,16267,30%
397,16247,30%
12370,7284,30%
15519,7288,30%
15519,19373,30%
8666,7296,30%
8666,7426,30%
8666,17336,30%
8666,16233,30%
6551,7296,30%
6551,16809,30%
4462,7313,30%
4355,7313,30%
4355,16663,30%
4943,7313,30%
16263,7313,30%
308,7316,30%
308,7696,30%
11583,7316,30%
11583,17048,30%
10596,7316,30%
5047,7330,30%
7255,7334,30%
6713,7334,30%
7757,7341,30%
7757,7446,30%
7757,7586,30%
7757,7629,30%
7757,7786,30%
7757,7842,30%
7757,17222,30%
7379,7362,30%
7379,7462,30%
7379,7629,30%
7379,7708,30%
7379,17015,30%
7379,17295,30%
7379,17068,30%
7379,10854,30%
4554,7362,30%
4554,7616,30%
4554,7708,30%
4554,16713,30%
4554,17173,30%
7536,7362,30%
7536,7616,30%
7532,7362,30%
7532,7708,30%
431,7362,30%
431,7541,30%
7842,7362,30%
7842,7462,30%
7842,7722,30%
7842,18116,30%
7842,16883,30%
7842,17104,30%
7676,7374,30%
7676,7462,30%
7676,7607,30%
9476,7374,30%
9476,17457,30%
9476,17457,30%
9476,17457,30%
9476,17457,30%
9476,17457,30%
9476,17457,30%
9476,17457,30%
9476,9003,30%
9476,9145,30%
9476,9243,30%
11140,7374,30%
11140,21147,30%
11140,17387,30%
11140,21448,30%
11140,10300,30%
5377,7374,30%
5377,7462,30%
5377,16410,30%
5377,16995,30%
5377,16995,30%
5377,16165,30%
5512,7384,30%
5512,7665,30%
5512,7848,30%
7180,7384,30%
7180,7848,30%
4896,7384,30%
4896,17568,30%
11069,7388,30%
11069,7570,30%
11069,10778,30%
11069,10820,30%
5718,7388,30%
5452,7388,30%
5449,7388,30%
11799,7392,30%
7660,7392,30%
5543,7392,30%
2742,7397,30%
2742,11265,30%
4645,7401,30%
3459,7409,30%
8940,7409,30%
8940,17818,30%
8899,7409,30%
3322,7409,30%
9145,7437,30%
9145,7462,30%
9145,7568,30%
9145,7885,30%
9145,9043,30%
9145,9137,30%
6783,7437,30%
6783,10993,30%
7856,7437,30%
7856,17319,30%
5603,7437,30%
5603,7462,30%
5603,17098,30%
7232,7437,30%
7232,7462,30%
5035,7437,30%
5035,16882,30%
16266,7437,30%
16266,16664,30%
16266,16742,30%
7547,7437,30%
7547,7462,30%
7499,7437,30%
7678,7446,30%
7678,7722,30%
12210,7462,30%
12210,7696,30%
12210,21610,30%
12210,16767,30%
12210,21570,30%
12210,21617,30%
12210,21571,30%
12210,21575,30%
12210,22049,30%
12210,21569,30%
12210,17325,30%
12210,21565,30%
12210,9242,30%
12210,11936,30%
12210,11936,30%
12210,11936,30%
12210,11937,30%
12210,11942,30%
12210,11949,30%
12210,16022,30%
12210,12093,30%
12210,12095,30%
12210,13253,30%
12210,16051,30%
3100,7462,30%
3100,7462,30%
5486,7462,30%
6733,7462,30%
6928,7462,30%
6928,17098,30%
7427,7462,30%
7427,7462,30%
7427,7586,30%
7427,17127,30%
7326,7462,30%
7326,16953,30%
6305,7462,30%
6305,17510,30%
6305,18797,30%
7210,7462,30%
7210,17368,30%
6867,7462,30%
6867,7462,30%
6849,7462,30%
7279,7462,30%
7279,16910,30%
7279,17072,30%
7279,9001,30%
3534,7462,30%
3534,13528,30%
3534,10912,30%
5199,7462,30%
6026,7462,30%
6026,17015,30%
7099,7462,30%
5364,7462,30%
5364,16910,30%
5364,17019,30%
5364,17072,30%
5273,7464,30%
5273,30000,30%
4496,7468,30%
4496,7468,30%
4496,20601,30%
4496,11281,30%
6009,7506,30%
4439,7517,30%
5878,7519,30%
16260,7519,30%
4597,7519,30%
4597,7810,30%
4597,16672,30%
7265,7541,30%
7265,7857,30%
6855,7550,30%
7405,7558,30%
7405,7885,30%
12010,7564,30%
12010,21577,30%
12010,22063,30%
12010,10949,30%
15221,7567,30%
15221,11684,30%
15221,15377,30%
12176,7567,30%
12176,12016,30%
12176,12016,30%
11526,7567,30%
11526,11520,30%
10468,7567,30%
10468,11205,30%
10468,11271,30%
15218,7567,30%
15218,11604,30%
2522,7567,30%
2522,11215,30%
10586,7567,30%
10586,7720,30%
11875,7567,30%
12174,7567,30%
12174,12109,30%
2582,7567,30%
2582,11193,30%
10613,7567,30%
10613,11282,30%
10613,11544,30%
10613,11597,30%
2506,7567,30%
4568,7568,30%
4568,16700,30%
9574,7568,30%
9574,9772,30%
12160,7569,30%
4600,7569,30%
4600,17100,30%
4648,7569,30%
4648,17575,30%
4648,17580,30%
4648,17619,30%
4648,9335,30%
5099,7570,30%
4443,7570,30%
4443,30000,30%
1548,7570,30%
1548,16688,30%
8709,7572,30%
8709,16850,30%
8709,16753,30%
12008,7598,30%
12008,21596,30%
12008,15761,30%
12008,12084,30%
7614,7614,30%
7614,17622,30%
7761,7623,30%
7627,7627,30%
7263,7629,30%
7263,16950,30%
7263,9145,30%
4383,7631,30%
4383,30000,30%
6019,7634,30%
6019,20433,30%
5567,7634,30%
5567,7810,30%
7493,7634,30%
6055,7634,30%
4797,7634,30%
4797,7810,30%
4797,30000,30%
5054,7634,30%
5054,7810,30%
5942,7634,30%
6605,7634,30%
6517,7634,30%
5251,7634,30%
5903,7634,30%
5903,7810,30%
6338,7651,30%
8527,7665,30%
8527,7848,30%
8527,17154,30%
5418,7665,30%
5418,7848,30%
5589,7665,30%
5589,7848,30%
5589,17154,30%
5406,7665,30%
5406,7848,30%
5406,17154,30%
3573,7665,30%
3573,20683,30%
3573,20684,30%
6589,7665,30%
6589,7848,30%
12619,7665,30%
12619,7848,30%
12619,17154,30%
5882,7665,30%
5507,7665,30%
5507,7848,30%
5507,17154,30%
16771,7665,30%
16771,7848,30%
432,7665,30%
432,7848,30%
432,11318,30%
5913,7668,30%
11170,7683,30%
11170,11597,30%
11170,11597,30%
10985,7683,30%
10985,7683,30%
10985,7683,30%
10985,16906,30%
11471,7683,30%
11471,11341,30%
11848,7683,30%
11848,8330,30%
11848,17454,30%
4587,7683,30%
10749,7683,30%
10749,11430,30%
10749,11430,30%
6135,7683,30%
6135,11428,30%
6135,11430,30%
10716,7683,30%
11413,7683,30%
10655,7683,30%
10655,8243,30%
10976,7683,30%
10976,11228,30%
10976,11597,30%
11895,7683,30%
11202,7683,30%
11535,7683,30%
11535,10776,30%
11535,11341,30%
11371,7683,30%
11438,7683,30%
6120,7683,30%
11045,7683,30%
11401,7683,30%
11809,7683,30%
16538,7683,30%
16538,16329,30%
11066,7683,30%
11066,11347,30%
11501,7683,30%
11443,7683,30%
11033,7683,30%
11033,17121,30%
11033,17126,30%
11965,7683,30%
11965,12004,30%
11965,12005,30%
11383,7683,30%
11044,7683,30%
11419,7683,30%
11419,11399,30%
11448,7683,30%
11424,7683,30%
2509,7683,30%
6125,7683,30%
6125,11115,30%
6125,11401,30%
11199,7683,30%
10536,7683,30%
11444,7683,30%
257,7687,30%
7121,7708,30%
7534,7708,30%
7534,17110,30%
394,7712,30%
6669,7718,30%
6669,20437,30%
5283,7720,30%
10956,7720,30%
10956,11594,30%
11524,7720,30%
11961,7720,30%
11961,17927,30%
11961,11968,30%
11126,7720,30%
11126,15718,30%
11126,10820,30%
11126,11341,30%
11126,12213,30%
10733,7720,30%
2207,7720,30%
2207,16941,30%
6497,7722,30%
407,7728,30%
6731,7743,30%
7750,7749,30%
7750,7749,30%
4977,7754,30%
4977,17613,30%
4977,30000,30%
6729,7754,30%
6729,17005,30%
5091,7754,30%
5091,17326,30%
5225,7759,30%
8515,7764,30%
2216,7768,30%
4875,7768,30%
4875,17155,30%
10838,7772,30%
10838,22352,30%
10838,21454,30%
7276,7773,30%
7276,17292,30%
7276,17290,30%
7276,16847,30%
7276,16969,30%
7276,17288,30%
7276,9145,30%
7303,7786,30%
7300,7786,30%
5927,7791,30%
4747,7803,30%
4747,16658,30%
5478,7810,30%
6436,7815,30%
6436,7848,30%
6752,7820,30%
4588,7837,30%
4588,8242,30%
7841,7840,30%
7289,7848,30%
6565,7848,30%
7103,7848,30%
4494,7848,30%
4494,17086,30%
6785,7848,30%
6525,7848,30%
2642,7848,30%
2642,10972,30%
2642,11164,30%
16245,7848,30%
7620,7848,30%
7316,7848,30%
16814,7848,30%
7384,7848,30%
7874,7848,30%
6968,7848,30%
7063,7848,30%
8622,7848,30%
8622,16662,30%
12273,7848,30%
7575,7848,30%
7392,7848,30%
7429,7848,30%
16519,7848,30%
6643,7848,30%
7179,7848,30%
7179,9682,30%
5550,7848,30%
5840,7848,30%
7721,7848,30%
7468,7848,30%
4786,7848,30%
4786,11100,30%
6462,7848,30%
5568,7848,30%
6805,7848,30%
6863,7848,30%
6567,7848,30%
5529,7848,30%
6400,7848,30%
7670,7848,30%
3557,7848,30%
3557,20907,30%
16900,7848,30%
6732,7848,30%
6536,7848,30%
5598,7848,30%
8614,7848,30%
7387,7848,30%
5122,7848,30%
5122,17192,30%
5122,17191,30%
5122,17026,30%
7554,7848,30%
4410,7848,30%
4410,17154,30%
8731,7848,30%
6844,7848,30%
4553,7848,30%
4553,8268,30%
6974,7848,30%
6974,16900,30%
6325,7858,30%
4556,7877,30%
4556,17007,30%
4556,17013,30%
11790,7885,30%
11790,21204,30%
11790,21381,30%
11790,11786,30%
11790,11787,30%
6807,7885,30%
6807,30000,30%
7535,7885,30%
7706,7885,30%
7706,17598,30%
2032,7885,30%
6931,7885,30%
5270,7889,30%
4796,7898,30%
7926,7920,30%
1608,8042,30%
12618,8119,30%
1520,8197,30%
10897,8236,30%
10897,10820,30%
8593,8236,30%
7137,8237,30%
15936,8238,30%
15936,21971,30%
15936,21562,30%
15936,21708,30%
15936,9789,30%
13145,8242,30%
13145,8252,30%
13145,9501,30%
2702,8243,30%
2702,22379,30%
2702,17125,30%
2702,22378,30%
2702,11254,30%
11656,8243,30%
11656,8243,30%
10760,8243,30%
10760,15716,30%
10760,10847,30%
10760,10872,30%
10760,11828,30%
2674,8243,30%
2674,11217,30%
2674,11766,30%
10612,8243,30%
10612,11254,30%
10423,8243,30%
10423,10533,30%
10423,10649,30%
10423,11592,30%
10423,11920,30%
10869,8243,30%
10869,11254,30%
10869,11686,30%
10869,11686,30%
10869,11686,30%
10869,11686,30%
10426,8243,30%
10426,10756,30%
10426,11675,30%
10683,8243,30%
10683,10440,30%
10852,8243,30%
10852,11861,30%
2634,8243,30%
2634,16913,30%
2634,10801,30%
10858,8243,30%
10858,11254,30%
11359,8243,30%
11359,11254,30%
2516,8243,30%
2516,11713,30%
2516,11861,30%
2584,8243,30%
2584,11311,30%
2584,11377,30%
2584,11654,30%
2584,11838,30%
10473,8243,30%
10473,16977,30%
10473,10027,30%
10473,11254,30%
10473,11345,30%
10473,11597,30%
11269,8243,30%
11269,11654,30%
11269,11920,30%
11269,11920,30%
15238,8243,30%
15238,11270,30%
15238,11281,30%
10690,8243,30%
15235,8243,30%
2581,8243,30%
2581,15139,30%
10859,8243,30%
10859,11861,30%
2624,8243,30%
2624,11520,30%
450,8245,30%
6398,8247,30%
6398,16960,30%
11784,8248,30%
11280,8248,30%
11280,10532,30%
11280,10883,30%
11280,11525,30%
2169,8248,30%
2169,10368,30%
2169,11399,30%
2169,11845,30%
10671,8248,30%
10671,10756,30%
2706,8248,30%
11166,8248,30%
11166,10791,30%
11166,10994,30%
4445,8248,30%
4445,8764,30%
4445,16752,30%
4445,10042,30%
10674,8248,30%
10674,11281,30%
10674,11879,30%
10878,8248,30%
10878,11861,30%
11260,8248,30%
11260,8248,30%
11260,11828,30%
2784,8248,30%
2784,11713,30%
11885,8248,30%
2710,8248,30%
2710,11271,30%
2710,11282,30%
2620,8248,30%
10636,8248,30%
10636,11215,30%
2687,8248,30%
2687,11189,30%
2687,11733,30%
2780,8248,30%
2780,11215,30%
9537,8248,30%
9537,21999,30%
9537,22000,30%
9537,21998,30%
9537,22001,30%
9537,16079,30%
10639,8248,30%
10639,11254,30%
10639,11254,30%
8249,8249,30%
8249,17017,30%
5329,8252,30%
5367,8252,30%
9916,8257,30%
9916,21730,30%
9916,17838,30%
9916,21736,30%
9916,21724,30%
9916,21706,30%
9916,21932,30%
9916,21781,30%
9916,17458,30%
5679,8262,30%
5978,8266,30%
105,8266,30%
611,8266,30%
611,22409,30%
611,9349,30%
2685,8266,30%
2685,16119,30%
2685,17096,30%
11439,8269,30%
11439,11400,30%
11439,13008,30%
5432,8314,30%
10732,8330,30%
4736,8546,30%
4736,9011,30%
8382,8569,30%
8382,8569,30%
8686,8686,30%
8686,20596,30%
8686,20595,30%
8686,9877,30%
4558,8688,30%
4558,16644,30%
255,8688,30%
9059,8694,30%
8732,8732,30%
8732,8732,30%
8732,8732,30%
8732,16749,30%
8732,17134,30%
8748,8748,30%
8748,8748,30%
9123,8792,30%
4345,16217,30%
4345,30000,30%
2722,22255,30%
2722,20745,30%
4611,16107,30%
585,20470,30%
585,21783,30%
585,21782,30%
2289,17476,30%
7393,17224,30%
10298,18778,30%
10298,16995,30%
10298,10920,30%
3267,17518,30%
4490,16604,30%
3391,17492,30%
3391,17492,30%
2593,16720,30%
2593,11594,30%
2593,11627,30%
2652,17466,30%
2652,11396,30%
4435,17339,30%
4435,22354,30%
4435,30000,30%
4435,30000,30%
418,16108,30%
418,16114,30%
418,16774,30%
418,17094,30%
418,16166,30%
418,16173,30%
2538,16109,30%
2538,10465,30%
3379,20893,30%
3379,17501,30%
7668,16756,30%
7125,20599,30%
7125,20422,30%
11019,20756,30%
11019,16437,30%
11019,11839,30%
10925,16691,30%
10925,10735,30%
10925,10926,30%
482,16782,30%
482,16651,30%
482,30000,30%
482,13059,30%
9645,16318,30%
9645,16978,30%
9645,16153,30%
9645,10735,30%
9645,11150,30%
9645,11373,30%
15222,20738,30%
15222,22337,30%
15222,22338,30%
15222,15378,30%
15222,16042,30%
16234,17198,30%
16234,16165,30%
16234,30000,30%
16234,30000,30%
16234,30000,30%
16234,30000,30%
8294,17380,30%
8294,17380,30%
8294,17338,30%
8294,17343,30%
8294,30000,30%
15224,20783,30%
15224,20782,30%
1930,17840,30%
1930,21925,30%
3463,21284,30%
3463,9378,30%
3463,11399,30%
2775,22385,30%
2775,11829,30%
2775,11920,30%
4642,17365,30%
4642,10270,30%
10692,16814,30%
10692,11581,30%
8496,16785,30%
12114,22025,30%
12114,21840,30%
12114,22031,30%
12114,20539,30%
7714,16757,30%
6519,17583,30%
9882,21861,30%
9882,21742,30%
9882,17445,30%
9882,17445,30%
9882,17445,30%
9882,17445,30%
9882,17445,30%
9882,17445,30%
9882,17445,30%
9882,17445,30%
9882,21859,30%
9882,21837,30%
9882,21952,30%
9882,8963,30%
9882,8963,30%
9882,8963,30%
9882,9790,30%
15236,22339,30%
15236,20747,30%
15236,20787,30%
15236,20788,30%
11143,17494,30%
11143,20769,30%
11143,22148,30%
11143,20770,30%
11143,22361,30%
11143,17884,30%
15653,21188,30%
12700,16726,30%
12700,16152,30%
12700,17242,30%
3221,20973,30%
5113,16748,30%
5113,17025,30%
6908,17604,30%
11087,21329,30%
11087,11597,30%
11087,12132,30%
2577,16195,30%
2577,16926,30%
2577,11591,30%
8276,16812,30%
15544,22194,30%
15544,17496,30%
2495,16300,30%
2495,17256,30%
2495,10962,30%
10924,17504,30%
3198,22209,30%
3198,21122,30%
3198,20989,30%
3198,21534,30%
3198,20509,30%
3198,22208,30%
10568,22401,30%
10568,22400,30%
10568,16889,30%
3398,20731,30%
3398,11240,30%
2059,16403,30%
2059,16418,30%
2059,16401,30%
5280,16403,30%
5280,17028,30%
7189,16403,30%
7189,16401,30%
7189,30000,30%
7189,30000,30%
7189,30000,30%
7189,30000,30%
534,16433,30%
534,30000,30%
9850,17463,30%
9504,17463,30%
9930,17463,30%
9930,10150,30%
9432,17463,30%
9432,10150,30%
9857,17670,30%
9857,17670,30%
9857,21713,30%
9857,17490,30%
10835,17848,30%
10835,10332,30%
10835,10698,30%
8275,16404,30%
8275,16117,30%
8275,16407,30%
15592,21045,30%
15592,21048,30%
15592,21034,30%
15592,21092,30%
15592,22087,30%
15592,22088,30%
15592,21091,30%
15592,21472,30%
15592,22086,30%
3730,17522,30%
9886,21960,30%
9886,17448,30%
9886,17503,30%
9886,21855,30%
9886,17483,30%
9886,21877,30%
9886,21725,30%
9886,21882,30%
9886,21810,30%
9886,21959,30%
11118,17508,30%
12509,17657,30%
12509,21856,30%
8907,16645,30%
8907,21970,30%
8907,21769,30%
8907,21746,30%
8907,10110,30%
8907,10110,30%
8907,10110,30%
8907,10110,30%
9389,21946,30%
9389,19840,30%
9389,17701,30%
9389,20477,30%
9389,19124,30%
9389,17186,30%
9389,17186,30%
9389,17186,30%
9389,17186,30%
9389,17186,30%
9389,17186,30%
9389,22014,30%
9389,18327,30%
9389,21744,30%
9389,17485,30%
9389,20498,30%
9389,9906,30%
9540,19840,30%
9540,17701,30%
9540,17701,30%
9540,17701,30%
9540,17701,30%
9540,17701,30%
9540,21732,30%
9540,17485,30%
9540,16089,30%
9540,9779,30%
6116,16112,30%
6116,16889,30%
15586,21194,30%
15586,22080,30%
15586,22081,30%
5171,17593,30%
5171,22282,30%
5171,22283,30%
5171,22284,30%
5171,22344,30%
5171,22287,30%
5171,22286,30%
5171,22285,30%
5171,17385,30%
5171,12220,30%
15634,20464,30%
2626,22398,30%
2626,11544,30%
2626,11859,30%
15631,21196,30%
9988,21846,30%
9988,21739,30%
9988,21839,30%
9988,21735,30%
9988,9556,30%
10190,17450,30%
9817,21728,30%
9817,21879,30%
9817,17458,30%
9817,21937,30%
9817,21935,30%
9817,17500,30%
9817,21936,30%
9130,21679,30%
9130,21850,30%
9130,21681,30%
9130,9144,30%
9130,9496,30%
9922,17184,30%
9922,17701,30%
9922,21734,30%
9922,21771,30%
9922,20532,30%
9922,17530,30%
8454,16842,30%
8454,16736,30%
8454,16799,30%
10464,17461,30%
10420,21279,30%
10420,10285,30%
10420,10285,30%
11985,17462,30%
12134,20613,30%
12134,10231,30%
12134,12146,30%
11145,20613,30%
11145,20614,30%
11145,9783,30%
11145,10231,30%
11145,11617,30%
15621,21630,30%
15621,20999,30%
13095,21796,30%
13095,19165,30%
13095,10415,30%
10804,16215,30%
10804,10788,30%
3183,17519,30%
12225,17465,30%
4876,18393,30%
3365,20468,30%
3365,22280,30%
3617,21372,30%
3617,20524,30%
3434,17516,30%
3574,20932,30%
3574,20943,30%
3574,20874,30%
3574,17905,30%
3574,22179,30%
3574,19062,30%
3574,20927,30%
3574,20881,30%
3574,22332,30%
3574,20867,30%
2504,22154,30%
2504,21230,30%
2504,10310,30%
2504,10311,30%
2504,10314,30%
12599,16642,30%
9487,17754,30%
9487,21756,30%
9487,8882,30%
9480,22019,30%
9480,21756,30%
9480,21756,30%
9480,21764,30%
9480,22018,30%
9480,22018,30%
9480,22021,30%
9480,8882,30%
9480,13498,30%
9480,13498,30%
3324,17464,30%
3218,16434,30%
3218,16409,30%
3599,17443,30%
3786,21205,30%
3786,21062,30%
3565,22322,30%
3565,22211,30%
3565,18819,30%
3565,11600,30%
16552,16402,30%
16552,16401,30%
16552,30000,30%
12479,16402,30%
12479,30000,30%
458,16402,30%
458,30000,30%
6252,17624,30%
669,17447,30%
6904,16851,30%
6904,16659,30%
9094,21802,30%
9094,9104,30%
11388,16772,30%
11388,16787,30%
11388,17047,30%
11116,16772,30%
11116,16787,30%
11116,17047,30%
8639,16847,30%
9961,16847,30%
574,17475,30%
8629,18872,30%
8629,21721,30%
8629,21762,30%
9134,17327,30%
9134,15994,30%
9134,10143,30%
11017,16740,30%
11017,16437,30%
11017,16325,30%
10309,16740,30%
10309,17775,30%
10309,16437,30%
10309,10319,30%
10289,16740,30%
10289,16408,30%
10579,16740,30%
10579,11767,30%
11893,16740,30%
11021,16740,30%
11021,17775,30%
11021,16437,30%
11021,10310,30%
11021,10311,30%
10302,16740,30%
10302,19877,30%
10302,11215,30%
5932,20436,30%
4394,17326,30%
4960,17326,30%
4960,17326,30%
4960,16401,30%
6241,17326,30%
6241,30000,30%
6299,17326,30%
5370,17326,30%
7767,17326,30%
6619,17326,30%
6619,30000,30%
6930,17326,30%
6918,17326,30%
7540,17326,30%
5574,17326,30%
7069,17326,30%
5281,17326,30%
466,17326,30%
6947,17326,30%
6947,30000,30%
4431,17326,30%
4431,30000,30%
6506,17326,30%
4982,17326,30%
354,17326,30%
354,16259,30%
7821,17326,30%
11933,17460,30%
11932,17460,30%
11931,17460,30%
8533,18289,30%
8533,12152,30%
10227,21707,30%
10227,21843,30%
10227,21808,30%
10227,9778,30%
10227,16092,30%
9789,22003,30%
9789,17500,30%
9789,17500,30%
9789,22002,30%
9789,21830,30%
9789,16093,30%
9500,21765,30%
9500,21816,30%
9500,21767,30%
9500,21776,30%
9500,21888,30%
9500,21775,30%
9500,17186,30%
9500,17186,30%
9500,21744,30%
9500,17498,30%
9500,21719,30%
9500,21766,30%
9500,16081,30%
9500,9500,30%
9500,9868,30%
9500,9906,30%
9500,10099,30%
9500,10536,30%
9500,10536,30%
3464,21434,30%
3464,21431,30%
3464,22200,30%
3464,22203,30%
3464,22201,30%
3464,21433,30%
3464,20983,30%
3464,21410,30%
3464,21324,30%
3464,22202,30%
3464,21445,30%
3464,20997,30%
3464,21432,30%
3464,15469,30%
3464,9391,30%
3464,9503,30%
3464,15474,30%
3464,15471,30%
9441,22007,30%
9441,22006,30%
9441,21836,30%
9441,22008,30%
9441,21845,30%
9441,17500,30%
9441,17500,30%
9441,17500,30%
9441,17500,30%
9441,9465,30%
9441,9465,30%
3358,17453,30%
3358,22334,30%
15257,20795,30%
15257,22254,30%
15257,20751,30%
3563,17523,30%
4534,17609,30%
4534,17587,30%
4534,17582,30%
8898,21798,30%
8898,21431,30%
8898,17703,30%
8898,21758,30%
8898,10105,30%
12009,22055,30%
12009,21604,30%
12009,22073,30%
12009,22056,30%
12009,21633,30%
12009,12004,30%
12004,22055,30%
12004,21608,30%
12004,22073,30%
12004,21652,30%
12004,22061,30%
12004,21633,30%
12004,12004,30%
12004,12005,30%
12004,12009,30%
11926,22068,30%
11926,20832,30%
11926,15784,30%
11926,12077,30%
11926,15774,30%
10431,22164,30%
10431,20794,30%
10431,20744,30%
12706,16406,30%
9424,17830,30%
9424,16338,30%
9424,13479,30%
9424,9350,30%
9424,9424,30%
9424,9424,30%
9995,21821,30%
9995,16345,30%
9995,16345,30%
9995,22022,30%
9995,9521,30%
9159,17446,30%
9851,21920,30%
9851,21715,30%
9851,20802,30%
9851,20527,30%
9851,21834,30%
9851,8922,30%
9851,9044,30%
9851,9153,30%
9851,16091,30%
11230,20802,30%
11230,21305,30%
11230,11215,30%
8945,17932,30%
8945,21726,30%
8945,17444,30%
8945,21727,30%
8945,13465,30%
9459,17676,30%
9529,17931,30%
9529,21866,30%
9529,21872,30%
9529,21871,30%
9529,17546,30%
9529,17500,30%
9529,9927,30%
6301,16650,30%
9129,16844,30%
9880,22016,30%
9880,22017,30%
9880,21843,30%
9880,21729,30%
9880,21793,30%
9880,21743,30%
9880,9419,30%
9880,9933,30%
9077,17511,30%
8868,17457,30%
8868,17510,30%
8868,16700,30%
8868,16929,30%
8868,17033,30%
8868,16077,30%
8868,12209,30%
9073,17457,30%
9073,13288,30%
9073,15993,30%
9455,21768,30%
9455,17549,30%
9455,16769,30%
9455,16054,30%
9455,16097,30%
9455,9501,30%
9450,17701,30%
15906,17510,30%
15906,16700,30%
15906,8987,30%
2518,17510,30%
2518,10756,30%
2277,17538,30%
9456,17800,30%
9456,21716,30%
9456,22011,30%
9573,17543,30%
9573,9573,30%
9573,9779,30%
9573,9902,30%
9534,17521,30%
9534,21881,30%
9534,17546,30%
9534,17500,30%
9534,17500,30%
10108,17521,30%
10108,21753,30%
10108,21753,30%
10108,21753,30%
10108,21753,30%
10108,21753,30%
10108,21930,30%
10108,8997,30%
10108,10735,30%
11113,16290,30%
11113,21675,30%
11113,11216,30%
3187,22160,30%
3187,20835,30%
3187,22180,30%
3187,17515,30%
3187,20828,30%
16725,16811,30%
16725,12934,30%
11930,21676,30%
11930,20467,30%
2501,21229,30%
2501,20465,30%
2501,10312,30%
8889,17512,30%
10397,17512,30%
10397,8877,30%
6131,19879,30%
6131,11839,30%
10475,20768,30%
10475,16432,30%
12223,22026,30%
12223,22027,30%
12223,22029,30%
12223,16415,30%
12079,22059,30%
12079,22058,30%
12079,12082,30%
6464,16687,30%
3253,22151,30%
3253,20838,30%
3253,20823,30%
3253,22245,30%
3253,20808,30%
2771,17705,30%
2771,17705,30%
2771,15298,30%
11391,17259,30%
11391,16408,30%
6039,16178,30%
6039,16421,30%
6039,30000,30%
6039,30000,30%
6039,30000,30%
6039,30000,30%
6039,30000,30%
6039,30000,30%
6039,30000,30%
3718,20478,30%
3718,21333,30%
3718,21152,30%
2490,16147,30%
2490,16326,30%
10412,16683,30%
10412,11466,30%
10412,11592,30%
3272,21231,30%
3272,21071,30%
3272,21374,30%
3272,21375,30%
3272,17897,30%
10286,22397,30%
10286,10284,30%
10286,15737,30%
10286,11601,30%
10286,11675,30%
11593,20763,30%
11593,17881,30%
3642,21233,30%
3642,21254,30%
3642,21255,30%
3642,21387,30%
3642,21495,30%
3642,21496,30%
3642,22212,30%
4962,16795,30%
4962,9778,30%
4962,12998,30%
9618,17431,30%
11068,22340,30%
11068,22258,30%
11068,17832,30%
5958,16783,30%
5958,16783,30%
5958,16784,30%
5818,16745,30%
12102,22027,30%
12102,16415,30%
10766,21267,30%
10766,10653,30%
6253,17322,30%
6253,17321,30%
6253,17367,30%
6253,21900,30%
3131,22221,30%
3131,22220,30%
3131,20548,30%
12647,17572,30%
15556,21242,30%
15556,21153,30%
15556,21089,30%
3128,20810,30%
3128,18863,30%
3583,17438,30%
3583,21336,30%
3121,20842,30%
3121,20836,30%
3121,18326,30%
3121,20819,30%
3121,20818,30%
3121,19308,30%
3608,20546,30%
3608,20993,30%
3608,21273,30%
10982,17909,30%
10982,22359,30%
10982,11850,30%
6117,16684,30%
6117,16866,30%
10863,21247,30%
10863,20615,30%
10863,11872,30%
10863,11873,30%
10769,22388,30%
10769,16923,30%
10769,10698,30%
10769,10733,30%
2737,21265,30%
2737,21313,30%
2737,21377,30%
2737,21461,30%
2737,10421,30%
3336,20445,30%
9856,21819,30%
9856,21935,30%
9856,17459,30%
9856,21741,30%
9856,21709,30%
9856,8992,30%
9856,9546,30%
7475,16780,30%
7475,16730,30%
7475,16939,30%
7475,17061,30%
10610,20767,30%
10610,20766,30%
10610,17850,30%
2519,22342,30%
2519,20674,30%
2519,11828,30%
2519,11840,30%
11944,21568,30%
11944,17668,30%
15231,16218,30%
15231,15304,30%
15231,10465,30%
5493,22353,30%
5493,17045,30%
5493,30000,30%
10146,16438,30%
3154,22223,30%
3154,20560,30%
12078,21566,30%
12078,18323,30%
12078,21799,30%
12158,21566,30%
12158,12106,30%
10427,16667,30%
10427,16915,30%
10427,17238,30%
15534,22134,30%
2716,16802,30%
2716,10853,30%
2716,10868,30%
3156,22217,30%
3156,20459,30%
4839,16837,30%
4839,16867,30%
3165,21125,30%
3165,21120,30%
3165,20446,30%
3165,20992,30%
3533,18879,30%
3533,21067,30%
3533,11196,30%
15626,21257,30%
15626,21081,30%
4864,16838,30%
3761,20497,30%
5535,17344,30%
5535,17357,30%
5535,17360,30%
5535,17360,30%
5535,17360,30%
5535,17354,30%
5535,17359,30%
10829,16746,30%
10829,11520,30%
2328,21601,30%
2328,15108,30%
2328,11990,30%
2328,11997,30%
3770,20481,30%
3770,20481,30%
3770,20481,30%
9484,21968,30%
9484,21324,30%
9484,21969,30%
9484,21878,30%
9484,17526,30%
9484,17500,30%
9484,9358,30%
9484,9484,30%
9484,9484,30%
10294,16120,30%
10294,17082,30%
10294,10446,30%
10294,11613,30%
11582,16144,30%
11582,10465,30%
11577,20421,30%
11577,10465,30%
4484,16818,30%
2630,20764,30%
2630,17845,30%
4503,16442,30%
4503,21886,30%
2746,17527,30%
2746,19591,30%
2746,19115,30%
2746,20754,30%
2746,10778,30%
8365,16246,30%
8365,16182,30%
8365,16185,30%
8365,16186,30%
8365,17084,30%
8365,16183,30%
8365,17219,30%
8365,16187,30%
4734,16340,30%
15371,21003,30%
8764,22305,30%
8764,11215,30%
10512,17709,30%
13052,21733,30%
13052,17870,30%
13052,21828,30%
3235,17532,30%
4540,16122,30%
4540,16401,30%
4540,11388,30%
4540,30000,30%
12084,20511,30%
12084,20511,30%
12084,21801,30%
12084,15995,30%
12084,12084,30%
12084,12087,30%
2308,20511,30%
2308,16415,30%
2308,12232,30%
12087,20511,30%
12087,20511,30%
12087,12084,30%
12087,12095,30%
16289,16123,30%
5358,16123,30%
15628,22116,30%
15628,21587,30%
2530,17811,30%
2530,11591,30%
2530,11591,30%
401,16767,30%
401,10446,30%
12394,16767,30%
9014,20380,30%
15629,21280,30%
15629,9058,30%
10722,22260,30%
10722,18199,30%
7574,17345,30%
7574,30000,30%
6727,18683,30%
12380,17585,30%
12380,12254,30%
382,16660,30%
382,17097,30%
7268,21703,30%
2735,20493,30%
2735,16408,30%
2735,20781,30%
2591,22317,30%
2591,16913,30%
2591,10937,30%
10650,17507,30%
12005,17552,30%
12005,22037,30%
12005,11403,30%
12005,12004,30%
12005,12004,30%
9488,17981,30%
7835,17366,30%
7835,17369,30%
11927,21589,30%
11927,22067,30%
11927,12077,30%
10827,21283,30%
10827,21538,30%
10827,10820,30%
10827,10821,30%
7611,16341,30%
7611,16128,30%
7611,16876,30%
7611,16888,30%
7611,16188,30%
7611,17131,30%
10301,16341,30%
10301,11065,30%
10301,16029,30%
10301,16033,30%
10822,16701,30%
10822,10787,30%
5505,16717,30%
5505,9032,30%
3251,20537,30%
3251,20537,30%
3251,20537,30%
3251,20537,30%
9862,17448,30%
3269,22142,30%
3269,21499,30%
3269,17330,30%
12142,17685,30%
15572,21287,30%
10366,16398,30%
10366,16408,30%
10366,11838,30%
10366,11838,30%
2531,16398,30%
2531,16408,30%
3604,17829,30%
5247,16201,30%
3532,22195,30%
3532,21066,30%
10484,22386,30%
10484,16924,30%
10484,10569,30%
10484,11466,30%
10484,11602,30%
10338,16395,30%
10338,16408,30%
6742,16429,30%
4450,16429,30%
4450,17169,30%
4450,30000,30%
2327,16415,30%
2327,16415,30%
2327,21572,30%
12163,16415,30%
12163,17451,30%
9772,16416,30%
9772,17444,30%
9772,17558,30%
9772,21938,30%
9772,17500,30%
9807,16431,30%
5988,16204,30%
5988,17062,30%
15601,22093,30%
15601,17496,30%
15601,17496,30%
15601,22094,30%
5750,16820,30%
5750,30000,30%
2242,21612,30%
2242,17652,30%
295,17768,30%
9435,17734,30%
3620,22096,30%
3620,22095,30%
3620,17496,30%
9449,21753,30%
9449,21997,30%
9449,21996,30%
9449,21718,30%
9449,17548,30%
9043,21753,30%
9043,9145,30%
9164,17444,30%
9164,21868,30%
9164,17500,30%
9131,17444,30%
9131,22032,30%
9131,17458,30%
9131,17744,30%
9131,21864,30%
9131,9382,30%
9131,9837,30%
11558,16302,30%
10077,21823,30%
10077,8944,30%
10077,16062,30%
10077,16062,30%
10077,9556,30%
10077,9562,30%
4589,21832,30%
4589,16346,30%
10176,21770,30%
10176,21750,30%
10176,9145,30%
10176,9523,30%
10176,9788,30%
10176,9830,30%
8952,20538,30%
15585,21382,30%
15585,22079,30%
15585,21080,30%
2668,16741,30%
2668,17240,30%
9383,21616,30%
9383,21616,30%
9383,17542,30%
9383,21991,30%
9383,21992,30%
9383,21989,30%
9383,21988,30%
9383,21988,30%
9383,21993,30%
9383,21993,30%
10236,21985,30%
10236,17483,30%
10236,17500,30%
10236,17500,30%
10236,15902,30%
10236,16096,30%
10236,16084,30%
15561,21001,30%
15591,22084,30%
15591,21298,30%
15591,22083,30%
15591,21311,30%
15591,20898,30%
10578,16747,30%
10578,17138,30%
10578,10573,30%
10578,10573,30%
5533,16648,30%
9399,21769,30%
9399,10110,30%
11445,18866,30%
11445,10536,30%
10592,18866,30%
15225,20782,30%
15225,22371,30%
15225,20744,30%
9926,21873,30%
9926,21876,30%
9926,17456,30%
9926,21880,30%
9926,21854,30%
9926,16095,30%
9768,21961,30%
9768,17473,30%
9768,21827,30%
8866,17481,30%
8866,21691,30%
9400,17481,30%
3352,20523,30%
3352,21126,30%
11545,17725,30%
11545,20760,30%
11545,20761,30%
12541,21693,30%
12541,16957,30%
9392,17456,30%
9392,17560,30%
9392,17744,30%
9423,21934,30%
9423,17500,30%
9423,17500,30%
9423,17500,30%
9423,9423,30%
9423,9423,30%
9423,11219,30%
9798,21981,30%
9798,21977,30%
9798,20498,30%
9798,20498,30%
9798,20498,30%
9798,21979,30%
9798,21983,30%
9798,21978,30%
9798,21745,30%
9798,21745,30%
9798,17534,30%
9798,17534,30%
9798,21980,30%
9798,16075,30%
15157,22193,30%
10489,17253,30%
10489,11602,30%
11943,20594,30%
11943,11399,30%
11943,11423,30%
11943,11427,30%
9370,17753,30%
9370,16090,30%
9370,9903,30%
9370,16083,30%
10704,19876,30%
10704,17506,30%
10705,19876,30%
10705,11602,30%
8925,16436,30%
2720,16690,30%
2720,17139,30%
2720,11901,30%
3233,22143,30%
13121,17423,30%
9028,17211,30%
9890,17458,30%
9890,21958,30%
9890,17500,30%
9890,21957,30%
9890,9916,30%
2681,22149,30%
2681,20755,30%
2681,17540,30%
15655,22196,30%
15655,21666,30%
15655,22126,30%
15655,22125,30%
11185,20862,30%
3528,22415,30%
3528,22152,30%
3168,17471,30%
15576,21103,30%
3656,21004,30%
15242,20792,30%
15242,11083,30%
15242,11602,30%
10891,16681,30%
10891,11680,30%
10890,16681,30%
12224,21779,30%
12224,17927,30%
12224,11935,30%
12224,15997,30%
4386,17014,30%
4386,16154,30%
4386,30000,30%
8943,18867,30%
3703,21331,30%
3703,17677,30%
3703,21068,30%
3703,21151,30%
11813,17912,30%
2255,20541,30%
11095,17867,30%
8647,17615,30%
11094,17855,30%
2664,22380,30%
2664,21904,30%
2755,16872,30%
4909,16407,30%
4909,30000,30%
5295,16407,30%
6691,16308,30%
6691,17938,30%
6691,17028,30%
6121,16868,30%
6121,11675,30%
2648,17906,30%
10292,21427,30%
10292,21412,30%
10292,21413,30%
10292,10560,30%
10292,10560,30%
10292,13153,30%
11314,22276,30%
11314,11281,30%
15246,20750,30%
7656,21894,30%
7656,30000,30%
11849,17697,30%
15230,20739,30%
2511,17711,30%
2511,21541,30%
2511,21452,30%
2511,22181,30%
11270,20863,30%
11884,16437,30%
10326,16437,30%
10326,10313,30%
11804,17881,30%
2787,17902,30%
10472,22408,30%
10472,10571,30%
10759,16408,30%
10759,11254,30%
10359,16408,30%
10359,11840,30%
11392,16408,30%
11392,16864,30%
10346,16408,30%
10346,10311,30%
10346,10314,30%
11278,16408,30%
11278,11910,30%
10340,16408,30%
10340,20757,30%
10340,22182,30%
10340,17684,30%
11665,16408,30%
11889,16408,30%
11889,16408,30%
10334,16408,30%
10334,10312,30%
11393,16408,30%
11393,22366,30%
11393,22278,30%
11536,16408,30%
11536,16141,30%
11536,10348,30%
10611,16408,30%
10611,11861,30%
10324,16408,30%
10324,16325,30%
10315,16408,30%
10305,16408,30%
11018,16408,30%
11018,10311,30%
11018,11896,30%
10337,16408,30%
10562,16408,30%
10395,16408,30%
10336,16408,30%
10336,22381,30%
11864,16408,30%
6128,16408,30%
6128,11208,30%
6128,11390,30%
2167,16408,30%
10581,16408,30%
10581,16325,30%
11894,16408,30%
2602,16408,30%
11863,16408,30%
11103,16408,30%
11103,22396,30%
11103,10694,30%
11103,11107,30%
15241,16890,30%
10843,16890,30%
11030,16870,30%
11030,9061,30%
11030,11399,30%
11426,16870,30%
11426,11399,30%
11426,11432,30%
9070,22024,30%
3711,22248,30%
3711,17496,30%
3711,17496,30%
3711,17496,30%
3711,10706,30%
593,17558,30%
9894,17503,30%
9894,21786,30%
9894,21786,30%
9894,21927,30%
9894,21929,30%
9894,21928,30%
9894,21705,30%
11621,17899,30%
11621,11390,30%
11621,11616,30%
11621,11838,30%
11621,11843,30%
2192,17747,30%
15243,20790,30%
15243,10327,30%
3254,17660,30%
3254,20967,30%
3707,17647,30%
11810,20609,30%
11810,20608,30%
11810,22277,30%
11810,10486,30%
6290,16380,30%
10293,16291,30%
10293,10327,30%
10293,10360,30%
10293,10958,30%
10293,10962,30%
15252,20794,30%
11096,20794,30%
11096,20744,30%
11643,20866,30%
11643,20858,30%
15602,22097,30%
15602,21042,30%
2195,17805,30%
10307,17862,30%
10307,22364,30%
10307,11142,30%
2536,20765,30%
2536,17763,30%
2536,11888,30%
12199,16971,30%
12199,21622,30%
12199,11215,30%
12199,12041,30%
12199,15773,30%
2200,21547,30%
2200,11215,30%
11135,20423,30%
11135,11135,30%
11135,11139,30%
11946,16975,30%
11632,21438,30%
11632,10697,30%
3686,21349,30%
3686,20540,30%
3686,22225,30%
10238,16907,30%
10238,21731,30%
10238,11215,30%
10238,11281,30%
10448,16924,30%
10448,16163,30%
10491,16922,30%
10491,11466,30%
2163,16922,30%
2163,11466,30%
2163,11591,30%
2163,11905,30%
10446,16922,30%
10446,10467,30%
10445,16922,30%
10483,16922,30%
10483,11466,30%
10483,11905,30%
2544,16922,30%
2544,16937,30%
2544,17264,30%
2544,11466,30%
10718,16294,30%
15479,17520,30%
3699,17520,30%
3296,17891,30%
3296,20816,30%
3296,10415,30%
10900,21214,30%
10900,21393,30%
10900,10713,30%
10900,11598,30%
2609,17499,30%
2609,10783,30%
3237,22136,30%
3237,17496,30%
11746,21222,30%
11746,10675,30%
10379,21223,30%
10379,11828,30%
12309,16974,30%
7198,16559,30%
4460,16559,30%
4460,17318,30%
12378,20050,30%
3374,17631,30%
11902,20570,30%
11902,11463,30%
15638,21130,30%
15638,21383,30%
15638,15750,30%
15638,15750,30%
4968,16192,30%
4968,16193,30%
4968,16189,30%
4968,16191,30%
4968,12138,30%
4968,12157,30%
15251,20746,30%
9412,17825,30%
9412,9391,30%
9412,9556,30%
11397,20852,30%
11397,22166,30%
11397,20864,30%
11397,22375,30%
11397,11767,30%
2314,17878,30%
8673,16959,30%
8673,16991,30%
4466,17269,30%
9839,21931,30%
9839,17484,30%
11924,21626,30%
11924,21588,30%
11924,17927,30%
11924,22051,30%
11924,13474,30%
11924,11926,30%
11924,15763,30%
11924,12002,30%
11924,15998,30%
2696,17388,30%
2696,20672,30%
2696,20673,30%
2696,11654,30%
2173,10440,30%
2173,10761,30%
2173,11814,30%
12739,17822,30%
10666,16288,30%
10666,21898,30%
10666,21149,30%
10666,11829,30%
10666,11833,30%
10962,16903,30%
10962,10962,30%
12229,21751,30%
12229,21682,30%
12229,21752,30%
12229,22035,30%
12229,21692,30%
12229,17550,30%
12229,11191,30%
10935,16307,30%
10935,11670,30%
15259,20742,30%
15567,20986,30%
10919,20853,30%
4802,16899,30%
15497,21378,30%
3191,20510,30%
10506,16942,30%
11935,22047,30%
11935,11928,30%
11935,11929,30%
11218,22377,30%
10114,22034,30%
10114,17459,30%
10114,21686,30%
10114,13445,30%
7661,16968,30%
7661,16964,30%
16207,16968,30%
16207,11786,30%
2760,20854,30%
2760,17689,30%
10602,20605,30%
10602,21398,30%
10602,11861,30%
10492,20608,30%
10492,21391,30%
10492,10486,30%
10492,11466,30%
10492,11905,30%
11887,16441,30%
11887,22166,30%
11887,17748,30%
11049,16963,30%
20588,20589,30%
15619,21006,30%
2537,16921,30%
10929,20856,30%
15266,22374,30%
15266,15266,30%
15266,15266,30%
4687,16948,30%
4687,17072,30%
2772,16925,30%
2772,11794,30%
2772,11795,30%
11249,16918,30%
11249,16158,30%
11249,11319,30%
11249,11560,30%
11249,12124,30%
11489,22392,30%
11489,11216,30%
11866,17728,30%
10768,16226,30%
10768,10774,30%
3529,20502,30%
12000,21684,30%
12000,18869,30%
3303,17551,30%
5497,16896,30%
6686,17618,30%
15552,17496,30%
15552,21043,30%
15552,22128,30%
15504,17496,30%
6327,16910,30%
6327,17072,30%
2701,20456,30%
10934,17871,30%
3263,18546,30%
10649,20669,30%
10649,10872,30%
11315,16913,30%
11315,11288,30%
11315,11532,30%
11315,11532,30%
2714,16913,30%
363,16936,30%
363,17122,30%
363,21842,30%
363,17073,30%
2745,20010,30%
2745,10883,30%
11836,20758,30%
11836,17879,30%
11836,16328,30%
2533,17885,30%
2533,10569,30%
15481,21409,30%
2777,17879,30%
11837,17879,30%
11837,16328,30%
10870,16142,30%
10870,11713,30%
11053,16592,30%
11053,10867,30%
11053,10868,30%
11053,11070,30%
11053,11373,30%
11015,17724,30%
10497,17329,30%
10898,20419,30%
10898,10676,30%
10898,10840,30%
15247,20791,30%
15247,10533,30%
15247,11252,30%
5448,16199,30%
5448,30000,30%
5448,30000,30%
5448,30000,30%
5448,30000,30%
5448,30000,30%
7110,16199,30%
7110,30000,30%
7110,30000,30%
7110,30000,30%
7110,30000,30%
7110,30000,30%
8491,17908,30%
10519,22387,30%
10519,11477,30%
2561,16898,30%
2561,11733,30%
11803,22256,30%
11803,17884,30%
3527,18200,30%
3527,22237,30%
3527,22236,30%
3527,20868,30%
11183,21262,30%
11183,11184,30%
11983,17783,30%
11608,20740,30%
8487,16998,30%
11623,22393,30%
11623,10959,30%
2524,17844,30%
2524,20744,30%
10911,20425,30%
10911,11680,30%
10946,22389,30%
10946,11613,30%
10946,11616,30%
10461,20420,30%
10461,11602,30%
10461,11616,30%
2190,21636,30%
2190,12029,30%
7704,20432,30%
12635,17597,30%
7850,17003,30%
5134,17003,30%
5814,16993,30%
15275,22253,30%
15275,20741,30%
12232,17031,30%
12232,17927,30%
2231,17545,30%
11263,17002,30%
11263,11258,30%
11263,11522,30%
11263,11531,30%
10887,17239,30%
10887,11680,30%
11320,17386,30%
11320,11320,30%
1442,16498,30%
3199,16440,30%
3659,21395,30%
3659,11405,30%
3659,11405,30%
3659,11405,30%
2134,17716,30%
6620,17611,30%
6620,17577,30%
12749,16985,30%
5080,17029,30%
7613,16983,30%
7613,17162,30%
11462,22357,30%
11462,11506,30%
2325,22057,30%
2325,12109,30%
12186,20462,30%
10095,21777,30%
10095,16066,30%
10095,9022,30%
2337,18544,30%
3340,17759,30%
3780,20692,30%
3780,11379,30%
15625,21457,30%
4433,16988,30%
4433,11591,30%
6141,21460,30%
6141,11417,30%
11042,20675,30%
11042,11399,30%
9081,17557,30%
9081,17557,30%
9081,9363,30%
10487,17044,30%
10487,11466,30%
10487,11905,30%
2578,16155,30%
2578,11430,30%
2578,11713,30%
3875,16413,30%
3875,16401,30%
3875,30000,30%
7247,17033,30%
7161,17033,30%
7161,10298,30%
8872,21759,30%
8872,9061,30%
8872,9444,30%
8872,9868,30%
7606,17004,30%
7606,17016,30%
7606,17035,30%
7606,17041,30%
11006,20759,30%
11006,11002,30%
9128,17859,30%
11834,17491,30%
11153,18864,30%
3462,20821,30%
3462,20821,30%
5402,17077,30%
9517,17534,30%
3453,22146,30%
9976,20813,30%
9976,20813,30%
9976,17529,30%
9976,21974,30%
9976,21860,30%
9976,16064,30%
3408,17526,30%
10209,17847,30%
9442,17539,30%
9442,9442,30%
9442,9918,30%
9121,22036,30%
9121,15999,30%
9121,10179,30%
8879,17769,30%
4492,17081,30%
4492,8999,30%
11114,20604,30%
11114,11043,30%
11114,15138,30%
11114,11604,30%
10608,20492,30%
10608,14992,30%
2638,17895,30%
2496,17074,30%
2496,16157,30%
2496,11430,30%
2590,17079,30%
2590,15302,30%
10677,17079,30%
10677,11603,30%
10677,11616,30%
9544,17080,30%
9544,15108,30%
9544,9844,30%
9544,9873,30%
9544,9913,30%
9096,17080,30%
9096,10028,30%
9082,17080,30%
2686,17170,30%
3136,21476,30%
3119,21478,30%
2594,17103,30%
2594,10574,30%
9295,18782,30%
9295,9461,30%
9295,9461,30%
11821,21480,30%
11821,11830,30%
456,17162,30%
15590,21171,30%
4399,17100,30%
4399,17099,30%
9132,16435,30%
10055,17500,30%
1015,16428,30%
15526,21328,30%
4371,17333,30%
3673,17828,30%
15271,20748,30%
3643,20479,30%
15214,21490,30%
15214,20743,30%
15214,20743,30%
8432,21737,30%
8432,12545,30%
2302,21573,30%
2302,17683,30%
11962,17927,30%
11962,12232,30%
11968,17927,30%
11968,11936,30%
11968,11936,30%
11968,11985,30%
11968,11988,30%
12081,22058,30%
12081,12080,30%
12081,15351,30%
10978,17877,30%
2513,20424,30%
2513,11592,30%
2513,11616,30%
2512,20424,30%
2512,11466,30%
2512,11592,30%
11020,17918,30%
11020,10310,30%
11020,10311,30%
11020,10314,30%
11020,11591,30%
10373,17918,30%
10373,10314,30%
10376,17918,30%
10644,17564,30%
10644,11616,30%
10995,17082,30%
2748,17812,30%
2748,11616,30%
11012,17812,30%
11012,11602,30%
11012,11616,30%
11062,20762,30%
11062,17721,30%
11533,20775,30%
11533,20775,30%
11533,10884,30%
11533,11610,30%
5554,17068,30%
5554,17110,30%
9004,21848,30%
9004,21862,30%
9004,17903,30%
9004,9838,30%
17411,17430,30%
4593,16161,30%
4593,17132,30%
4511,17297,30%
10388,17723,30%
10388,10388,30%
9048,22153,30%
4404,17056,30%
11515,17689,30%
11564,17884,30%
11564,11778,30%
6699,16439,30%
15589,21502,30%
8930,21683,30%
8930,9137,30%
10665,21236,30%
10665,10606,30%
10665,11879,30%
10594,20476,30%
11876,17157,30%
11868,17886,30%
15217,20744,30%
2515,20598,30%
2515,11844,30%
11063,16423,30%
11063,16432,30%
11857,16423,30%
11857,10308,30%
11857,11217,30%
11914,17907,30%
2587,22150,30%
2587,11390,30%
10399,20102,30%
10399,21392,30%
10399,10451,30%
11394,21269,30%
11394,22295,30%
11394,11602,30%
11394,11602,30%
11394,11616,30%
6134,20859,30%
6134,10957,30%
6134,11403,30%
2754,17154,30%
2754,16168,30%
2754,11488,30%
2508,22394,30%
2508,10761,30%
2508,11544,30%
15234,20749,30%
15234,11718,30%
5149,17116,30%
10944,17898,30%
10944,15299,30%
12241,17335,30%
3868,16401,30%
6598,16401,30%
6598,30000,30%
6045,16401,30%
3881,16401,30%
3881,30000,30%
74,16401,30%
3916,16401,30%
4159,16401,30%
4159,30000,30%
3923,16401,30%
4111,16401,30%
4111,30000,30%
10457,21507,30%
10457,10413,30%
10457,10446,30%
10723,17710,30%
3283,17393,30%
392,17166,30%
2546,17223,30%
2546,10495,30%
3240,16430,30%
2264,18201,30%
15636,21002,30%
6137,18819,30%
6137,11505,30%
6137,11600,30%
2532,18819,30%
10328,17748,30%
15542,21511,30%
13141,20322,30%
13141,11676,30%
12072,17531,30%
5296,17092,30%
2633,18874,30%
7003,17119,30%
11464,17893,30%
11567,17888,30%
11207,17888,30%
3130,17738,30%
3315,20495,30%
10642,17331,30%
4542,16177,30%
4542,16169,30%
4542,17145,30%
4542,9353,30%
9983,17682,30%
9983,16086,30%
9983,16085,30%
9039,17146,30%
9039,9097,30%
9039,15996,30%
11802,19745,30%
11802,10559,30%
11802,10559,30%
2636,20607,30%
2636,10937,30%
2636,11282,30%
11550,21677,30%
11550,11591,30%
11550,11594,30%
11550,11602,30%
11550,11613,30%
10702,19875,30%
10702,10478,30%
10795,17915,30%
10795,10698,30%
11144,17064,30%
11144,11598,30%
11086,21528,30%
11086,11622,30%
11081,20530,30%
10771,21232,30%
10771,10409,30%
10771,10532,30%
2647,21148,30%
2647,11001,30%
11953,20490,30%
3366,17715,30%
10097,17452,30%
10097,21890,30%
10097,13504,30%
10097,16088,30%
11824,17257,30%
11824,10653,30%
11097,16432,30%
11562,17702,30%
11562,11560,30%
2752,17702,30%
10701,17889,30%
2243,21670,30%
2243,12096,30%
4646,17605,30%
15362,21535,30%
15362,15689,30%
11949,21671,30%
11949,12048,30%
11949,15778,30%
11949,12210,30%
3290,17673,30%
10462,17506,30%
10462,10482,30%
10462,11602,30%
10903,17506,30%
2641,17506,30%
2641,11591,30%
2641,11616,30%
2641,11625,30%
10908,17506,30%
10908,10714,30%
15232,16334,30%
15232,11428,30%
9514,20997,30%
9514,9360,30%
8941,17796,30%
9470,17630,30%
15554,8873,30%
5856,8877,30%
2013,8886,30%
15939,13490,30%
15939,9019,30%
15939,9044,30%
15939,9963,30%
11637,8921,30%
11637,10574,30%
3444,8929,30%
3444,10803,30%
9110,8933,30%
8931,8939,30%
679,8940,30%
9161,8940,30%
12228,8971,30%
12228,11935,30%
10229,8987,30%
10229,9453,30%
10229,9555,30%
10229,9863,30%
12580,8992,30%
9836,9005,30%
12090,9012,30%
9138,9025,30%
9008,9033,30%
9910,9035,30%
12683,9040,30%
12683,9573,30%
6618,9061,30%
6618,9061,30%
6618,9354,30%
6618,9354,30%
16313,9061,30%
16313,10926,30%
16313,11399,30%
16313,11408,30%
11449,9061,30%
11449,11399,30%
11939,15762,30%
11939,12227,30%
8445,9087,30%
11181,9092,30%
9052,9093,30%
10619,9097,30%
11079,9113,30%
9016,9117,30%
9408,9140,30%
8867,9143,30%
9838,9144,30%
9003,9145,30%
9003,9476,30%
9805,9150,30%
9805,9783,30%
9805,10543,30%
9805,11216,30%
9805,12069,30%
8575,9174,30%
8575,10569,30%
11886,13374,30%
11886,10318,30%
11886,11699,30%
11596,15356,30%
11596,10574,30%
10656,9275,30%
10393,9290,30%
9327,9308,30%
10121,9379,30%
12167,9388,30%
3461,9391,30%
4854,9404,30%
4854,11332,30%
10038,15975,30%
10038,10118,30%
7902,9444,30%
12310,9459,30%
9075,9502,30%
9075,9921,30%
8909,9512,30%
8909,9860,30%
8909,9916,30%
8982,9521,30%
8982,9572,30%
8982,15992,30%
12166,9530,30%
4493,9555,30%
11433,15334,30%
8989,9568,30%
9040,9573,30%
9029,9593,30%
13143,9612,30%
9610,9622,30%
9624,9627,30%
9617,9633,30%
2553,9642,30%
9644,16011,30%
9644,10606,30%
10787,9730,30%
10787,10479,30%
10787,11469,30%
10787,11643,30%
10787,11921,30%
10907,9750,30%
10907,10909,30%
9041,9775,30%
15138,9783,30%
15138,9848,30%
15138,11264,30%
15138,11271,30%
9037,9788,30%
5420,9805,30%
5420,12146,30%
9321,9847,30%
8883,9853,30%
6304,9876,30%
5207,9883,30%
9892,9892,30%
9035,9910,30%
8960,9914,30%
4396,9915,30%
5489,9929,30%
5489,16006,30%
8935,9978,30%
4567,9984,30%
4567,13063,30%
9112,9997,30%
10168,10016,30%
2266,10033,30%
7458,10060,30%
3316,10063,30%
3677,10065,30%
10460,16034,30%
10460,11591,30%
8903,10105,30%
8937,10106,30%
11139,15333,30%
6526,10164,30%
5089,10212,30%
11078,10231,30%
11078,10958,30%
11601,10286,30%
10894,10287,30%
2517,15280,30%
2517,10343,30%
2517,10347,30%
2517,11733,30%
11856,10298,30%
11853,10300,30%
10341,10303,30%
2503,10310,30%
2503,10311,30%
2503,10337,30%
2503,10338,30%
2503,10335,30%
10339,10311,30%
11922,10312,30%
11609,10314,30%
2665,10320,30%
15228,15267,30%
15228,15283,30%
11573,10343,30%
11573,10348,30%
11556,10343,30%
11556,11613,30%
11541,10343,30%
11541,11613,30%
11569,10343,30%
11569,11591,30%
11569,11613,30%
11540,10348,30%
15286,10348,30%
15286,13154,30%
15286,11070,30%
15286,11484,30%
6119,10348,30%
6119,10670,30%
10943,10349,30%
10943,11591,30%
10354,16035,30%
10354,11828,30%
2684,10358,30%
2684,10359,30%
2164,10369,30%
2164,10478,30%
2494,10373,30%
11025,10374,30%
11254,10375,30%
11254,10662,30%
11254,14992,30%
11254,11828,30%
10896,10413,30%
10386,10416,30%
10386,11616,30%
2165,10424,30%
11276,10425,30%
11576,10425,30%
10444,10434,30%
10444,10853,30%
10444,10867,30%
10444,11070,30%
10444,11225,30%
11882,10439,30%
2597,10440,30%
2597,10761,30%
10850,10440,30%
10850,10761,30%
11819,10440,30%
11819,10761,30%
11814,10440,30%
11814,10761,30%
11815,10440,30%
11815,10761,30%
6144,10440,30%
6144,10761,30%
11816,10440,30%
11816,10761,30%
11817,10440,30%
11817,10761,30%
10767,10440,30%
10767,10761,30%
10871,10440,30%
10871,10761,30%
11860,10440,30%
11860,10761,30%
11225,10440,30%
11088,10441,30%
11089,15127,30%
11089,10653,30%
11089,10867,30%
10458,10446,30%
10458,10447,30%
10458,10453,30%
10458,10455,30%
11014,10447,30%
11014,10454,30%
11014,10455,30%
15245,10455,30%
2541,10455,30%
2541,11596,30%
2541,11616,30%
15240,10458,30%
10459,15693,30%
10459,10490,30%
10459,11592,30%
11466,10463,30%
11031,10471,30%
11031,11679,30%
11031,11900,30%
11650,10471,30%
10899,10472,30%
10899,11680,30%
10886,10472,30%
10886,11680,30%
10905,10472,30%
10905,10479,30%
10905,11680,30%
10892,10472,30%
10892,11680,30%
11873,10477,30%
15269,10478,30%
12605,10478,30%
10726,10478,30%
10726,10735,30%
10726,15279,30%
11538,10478,30%
11538,11591,30%
11538,11592,30%
10387,10478,30%
10387,11602,30%
15223,10478,30%
15223,11251,30%
10389,10478,30%
2605,10479,30%
2605,10802,30%
2605,11643,30%
10793,10479,30%
10793,11469,30%
10793,11643,30%
10793,11921,30%
10782,10479,30%
10782,11469,30%
10782,11643,30%
10782,11921,30%
10809,10479,30%
10809,11469,30%
10805,10479,30%
10805,11643,30%
10805,11921,30%
10729,10479,30%
10783,10479,30%
10783,11469,30%
10783,11921,30%
10800,10479,30%
10800,11469,30%
10800,11643,30%
10800,11921,30%
10808,10479,30%
10808,10884,30%
10808,11469,30%
10808,11643,30%
10808,11921,30%
10797,10479,30%
10797,11469,30%
10797,11643,30%
10797,11921,30%
10794,10479,30%
10794,11469,30%
10803,10479,30%
10803,11469,30%
10803,11921,30%
10785,10479,30%
10785,11469,30%
10785,11643,30%
10785,11921,30%
10788,10479,30%
10788,11469,30%
10788,11643,30%
10788,11921,30%
10796,10479,30%
10796,11469,30%
10796,11643,30%
10796,11921,30%
10815,10479,30%
10815,11469,30%
10815,11643,30%
10815,11921,30%
10798,10479,30%
10798,11469,30%
10798,11643,30%
10806,10479,30%
10806,11469,30%
10806,11643,30%
10806,11921,30%
10799,10479,30%
10799,11469,30%
10799,11643,30%
10799,11921,30%
10811,10479,30%
10811,10781,30%
10811,10782,30%
10811,10814,30%
10495,10485,30%
10495,11602,30%
10695,10488,30%
11805,10494,30%
11805,11847,30%
2491,10494,30%
2491,11616,30%
10485,10495,30%
10478,10506,30%
11469,10518,30%
11469,15475,30%
11820,10520,30%
11820,10761,30%
11820,11613,30%
10748,10521,30%
11658,10524,30%
11490,10526,30%
11785,10527,30%
11475,10529,30%
11566,10530,30%
11566,10530,30%
2751,10530,30%
2751,11803,30%
10851,10533,30%
10851,11920,30%
10689,10533,30%
10689,11920,30%
10657,10533,30%
10657,11828,30%
10657,11920,30%
11316,10533,30%
11317,10533,30%
11345,10533,30%
11345,11900,30%
10904,10543,30%
10316,10555,30%
10313,10555,30%
10313,11745,30%
2548,10569,30%
2548,10569,30%
2548,10569,30%
10540,10569,30%
10756,10569,30%
10756,11735,30%
11607,10569,30%
11607,11675,30%
10413,10569,30%
11640,10569,30%
2514,10569,30%
11647,10569,30%
11642,10569,30%
11642,11600,30%
11642,11675,30%
10467,10569,30%
10417,10569,30%
10417,11591,30%
10418,10569,30%
10418,11591,30%
10403,10569,30%
2671,10569,30%
10508,10569,30%
11333,10574,30%
11333,10883,30%
11333,10883,30%
12375,10574,30%
10595,10574,30%
10577,10574,30%
10295,10574,30%
10295,10675,30%
10295,10676,30%
11032,10576,30%
11032,11616,30%
10374,10576,30%
10374,11025,30%
10997,10584,30%
10997,10958,30%
10997,11592,30%
10997,11613,30%
10997,11623,30%
10997,11686,30%
10747,10584,30%
10747,11592,30%
10628,10604,30%
10628,11544,30%
10628,11872,30%
10687,10606,30%
10687,11373,30%
3227,10619,30%
11091,15261,30%
11091,10653,30%
11091,11052,30%
11091,11833,30%
15216,10648,30%
10630,10653,30%
10630,10853,30%
2573,10653,30%
2573,10853,30%
2573,11591,30%
15125,10658,30%
10653,10659,30%
10653,11833,30%
11792,10675,30%
11792,10675,30%
11792,10676,30%
10587,10675,30%
10587,10676,30%
2585,10675,30%
11579,10676,30%
11579,10698,30%
11653,10676,30%
11653,11416,30%
10720,10694,30%
10720,11636,30%
3603,10698,30%
3603,11613,30%
11636,10698,30%
11636,12024,30%
10770,10698,30%
10770,10698,30%
10744,10698,30%
2244,10698,30%
10322,10712,30%
12025,10714,30%
12025,15775,30%
11655,10714,30%
11655,11605,30%
11904,10719,30%
10731,10724,30%
10731,11602,30%
10812,10729,30%
10812,10781,30%
10812,10797,30%
10812,10820,30%
2756,10730,30%
10842,10732,30%
11940,10735,30%
11940,15764,30%
11940,11952,30%
10699,10735,30%
10699,10735,30%
10734,10735,30%
3662,10738,30%
2629,10756,30%
2629,10868,30%
2629,11561,30%
15226,10756,30%
15226,11829,30%
10763,10756,30%
10754,10756,30%
15261,10756,30%
15261,11091,30%
10394,10761,30%
11061,10761,30%
15250,10761,30%
10434,10761,30%
10875,10761,30%
2520,10761,30%
15254,10773,30%
15254,10777,30%
11121,10773,30%
11121,11639,30%
2586,10773,30%
10786,10778,30%
10786,10821,30%
10400,10778,30%
10400,10781,30%
10400,10782,30%
10400,10787,30%
10400,10793,30%
10400,10814,30%
10784,10778,30%
5720,10778,30%
10861,10779,30%
16210,10779,30%
10513,10779,30%
10824,10779,30%
10824,11392,30%
10828,10780,30%
2301,10789,30%
2611,10789,30%
10819,10800,30%
17263,10801,30%
17263,11281,30%
10807,10803,30%
10807,11469,30%
10823,13157,30%
10823,10808,30%
10823,11594,30%
10422,10814,30%
2579,10820,30%
2579,11879,30%
2613,10841,30%
2600,10850,30%
10862,10853,30%
2783,10853,30%
10616,10853,30%
10392,10855,30%
10392,11919,30%
11064,10856,30%
11064,11548,30%
11497,10864,30%
2564,10865,30%
2564,11713,30%
15253,10865,30%
15253,11254,30%
15253,11482,30%
6118,10865,30%
10873,10872,30%
10673,14992,30%
10673,11254,30%
10673,15125,30%
10688,13155,30%
10688,11742,30%
10688,11829,30%
10688,11861,30%
10688,11919,30%
2644,10883,30%
2644,11373,30%
2644,11532,30%
11801,10883,30%
10830,10883,30%
3280,10884,30%
2525,10886,30%
2667,10886,30%
10918,10912,30%
10918,10921,30%
10913,10912,30%
10913,11838,30%
11167,10916,30%
11167,10921,30%
15267,10921,30%
3546,10921,30%
11054,10921,30%
11780,10921,30%
11783,10921,30%
15263,10923,30%
11670,10935,30%
11670,11002,30%
11670,11002,30%
6127,10935,30%
6127,11418,30%
10721,10937,30%
10721,11380,30%
10721,11616,30%
10953,15124,30%
10953,10964,30%
11811,10942,30%
11811,10942,30%
2580,10942,30%
15272,15270,30%
10954,10948,30%
2677,10948,30%
2677,11026,30%
2677,11390,30%
10296,10958,30%
2643,10958,30%
2643,11520,30%
2643,11531,30%
10717,10958,30%
11769,10958,30%
15244,10958,30%
11779,10958,30%
11483,10958,30%
10960,10958,30%
10960,11625,30%
10371,10958,30%
10424,10958,30%
10297,10958,30%
10297,11623,30%
10945,10958,30%
10945,10993,30%
10945,11625,30%
10563,10958,30%
10980,10958,30%
11789,10958,30%
10951,10959,30%
10951,10962,30%
10973,10959,30%
10981,10962,30%
10981,11130,30%
10955,10962,30%
10955,10972,30%
10881,10962,30%
10969,10969,30%
10987,10972,30%
11386,10977,30%
10306,10991,30%
10331,10993,30%
15353,10993,30%
15353,11602,30%
15353,11616,30%
15353,11625,30%
15353,11896,30%
10308,11001,30%
10308,11217,30%
10308,11857,30%
11005,11001,30%
10996,11001,30%
15140,11002,30%
11296,11002,30%
10928,11003,30%
10970,11013,30%
10970,11592,30%
11023,11027,30%
11624,11032,30%
11431,11043,30%
15255,11061,30%
10758,11070,30%
17234,11070,30%
17234,11225,30%
11092,11070,30%
2307,11077,30%
15274,11087,30%
10441,11088,30%
11136,11127,30%
11136,11399,30%
2680,11156,30%
11060,11162,30%
11060,11215,30%
11060,11215,30%
11060,11271,30%
11241,11171,30%
10477,11179,30%
11654,11179,30%
10565,11189,30%
10565,11428,30%
10643,11193,30%
10643,11193,30%
11197,11201,30%
11197,11202,30%
11429,11202,30%
11429,11399,30%
11429,11415,30%
11204,11202,30%
10365,11215,30%
11231,11215,30%
10378,11215,30%
11478,11216,30%
11478,11598,30%
11626,11216,30%
11626,11766,30%
11375,11216,30%
11343,11216,30%
11627,11216,30%
11627,11281,30%
11382,11216,30%
11374,11216,30%
11142,11216,30%
10765,11216,30%
10765,11598,30%
10765,11920,30%
10362,11216,30%
2698,11216,30%
2698,11604,30%
2698,11840,30%
10669,11216,30%
10428,11219,30%
11224,11224,30%
11224,11591,30%
2650,11228,30%
3231,11233,30%
2693,11252,30%
2693,11648,30%
2693,11656,30%
11877,11254,30%
11877,11254,30%
11492,11254,30%
10662,11254,30%
10662,11254,30%
10375,11254,30%
2507,11269,30%
2507,11281,30%
2507,11373,30%
2688,11271,30%
2688,11271,30%
2688,11531,30%
11267,11271,30%
11651,11271,30%
11651,11282,30%
7307,11271,30%
7307,11282,30%
11336,11281,30%
2790,11281,30%
2678,11281,30%
11339,11281,30%
11339,11432,30%
11339,11435,30%
11913,11281,30%
11056,11281,30%
11056,11911,30%
11329,11281,30%
11162,11282,30%
11381,11282,30%
11381,11282,30%
11381,11341,30%
11237,11282,30%
3205,11286,30%
11775,11286,30%
11775,11290,30%
11775,11311,30%
15649,11290,30%
10646,11292,30%
11502,11292,30%
10588,11296,30%
10588,11430,30%
10411,11311,30%
10411,11466,30%
3163,11311,30%
2293,11334,30%
10570,11341,30%
6140,11341,30%
6140,11428,30%
11365,11341,30%
11365,11597,30%
15233,11341,30%
15233,11341,30%
15233,11341,30%
15233,11425,30%
10651,11341,30%
11242,11341,30%
11235,11341,30%
11235,11381,30%
2657,11341,30%
2700,11341,30%
2700,11534,30%
2692,11361,30%
12191,11365,30%
2315,11367,30%
2552,11368,30%
11293,11369,30%
11293,11433,30%
15147,11373,30%
15147,15148,30%
15147,12215,30%
11486,11377,30%
11172,11377,30%
2669,11377,30%
2669,15351,30%
11287,11383,30%
3576,11385,30%
11213,11390,30%
11409,11390,30%
10360,11390,30%
10360,11838,30%
10372,11390,30%
2676,11390,30%
2676,11390,30%
11198,11390,30%
11198,11616,30%
2672,11391,30%
6110,11391,30%
11422,11392,30%
11422,11432,30%
11422,11435,30%
11259,11392,30%
10470,11392,30%
10470,11794,30%
11440,11399,30%
11041,11399,30%
11041,11440,30%
11041,11440,30%
11770,11399,30%
11451,11399,30%
11406,11399,30%
11406,11408,30%
11408,11399,30%
11436,11400,30%
11436,11403,30%
11436,13008,30%
11455,11400,30%
10398,11403,30%
15146,11410,30%
15146,11414,30%
15146,11442,30%
15146,11442,30%
10967,11411,30%
10967,11591,30%
10967,11616,30%
10967,11625,30%
11208,11416,30%
6129,11428,30%
10931,11430,30%
11378,11430,30%
11043,11433,30%
11011,11433,30%
11963,11438,30%
2782,11442,30%
10979,11442,30%
11503,11458,30%
11503,11460,30%
10490,11466,30%
10490,11591,30%
10490,11905,30%
10405,11466,30%
2543,11466,30%
2543,13156,30%
10494,11466,30%
10284,11466,30%
10452,11466,30%
10452,11591,30%
10402,11466,30%
10509,11466,30%
10406,11466,30%
10406,11592,30%
15227,11466,30%
15227,15288,30%
15227,15303,30%
10496,11466,30%
10510,11466,30%
10510,11591,30%
10510,11602,30%
10510,11616,30%
10510,11905,30%
2763,11467,30%
10831,11469,30%
10831,11643,30%
10778,11469,30%
8264,11469,30%
8264,11921,30%
11264,11471,30%
11264,11648,30%
11264,11651,30%
11264,11923,30%
11891,11479,30%
11891,11675,30%
11891,11675,30%
11891,11753,30%
10839,11480,30%
5062,11486,30%
5062,12016,30%
11544,11488,30%
11104,11495,30%
2712,11520,30%
2712,11604,30%
11209,11524,30%
2568,11531,30%
10941,11531,30%
11525,11531,30%
2510,11531,30%
11892,11532,30%
10661,11532,30%
11865,11532,30%
2571,11544,30%
2571,11544,30%
11557,11555,30%
11557,11591,30%
11555,11557,30%
11548,11560,30%
11548,11838,30%
11614,11561,30%
11916,11561,30%
11147,11561,30%
11147,11628,30%
15277,11564,30%
2612,11569,30%
11537,11570,30%
10745,11570,30%
10541,11581,30%
11288,11581,30%
11335,11581,30%
11335,12023,30%
11335,15150,30%
6123,11584,30%
6123,11900,30%
11554,11585,30%
6130,11587,30%
10381,11591,30%
10381,11600,30%
10291,11591,30%
10291,11592,30%
11457,11591,30%
11457,11616,30%
11457,11795,30%
2545,11591,30%
2545,11602,30%
10503,11591,30%
10488,11591,30%
2547,11591,30%
2547,11616,30%
2542,11591,30%
10407,11591,30%
10407,11616,30%
10500,11591,30%
10500,11616,30%
6113,11591,30%
10493,11591,30%
10493,11602,30%
10493,11616,30%
11553,11592,30%
11553,11613,30%
11553,11886,30%
10658,11592,30%
10658,11675,30%
10658,11675,30%
10658,11686,30%
10658,15125,30%
11105,11592,30%
10966,11592,30%
10966,11602,30%
10966,11602,30%
10966,11616,30%
10966,11625,30%
10385,11592,30%
7095,11594,30%
15578,11597,30%
10777,11597,30%
11734,11598,30%
15583,11598,30%
9641,11598,30%
11822,11598,30%
2275,11600,30%
10502,11600,30%
2632,11602,30%
10994,11602,30%
10994,11613,30%
11559,11602,30%
10961,11602,30%
10961,11625,30%
6124,11602,30%
6124,11616,30%
10965,11602,30%
10965,11625,30%
10507,11602,30%
10968,11602,30%
10968,11625,30%
10968,11896,30%
10505,11602,30%
10505,11616,30%
10675,11603,30%
10582,11604,30%
4539,11605,30%
10285,15308,30%
10285,15293,30%
11102,11611,30%
11077,11611,30%
11034,11611,30%
11034,11862,30%
11034,11899,30%
11085,11611,30%
11110,11612,30%
11163,11612,30%
11879,11613,30%
11879,11613,30%
2640,11613,30%
10584,11613,30%
10958,11613,30%
10958,11616,30%
10958,11896,30%
6593,11613,30%
2655,11613,30%
11395,11613,30%
11395,11613,30%
11395,11768,30%
10390,11613,30%
2645,11613,30%
2645,11616,30%
10580,11615,30%
10580,11622,30%
2617,11615,30%
10542,11616,30%
10959,11616,30%
10959,11623,30%
10986,11616,30%
10382,11616,30%
2757,11616,30%
11403,11616,30%
10914,11616,30%
10526,11616,30%
10550,11616,30%
10790,11616,30%
10832,11616,30%
10988,11616,30%
10988,11623,30%
10383,11616,30%
10501,11616,30%
10414,11616,30%
10410,11616,30%
10498,11616,30%
11067,11616,30%
11067,11727,30%
11067,11794,30%
15270,15272,30%
2699,11630,30%
2699,11851,30%
10697,11632,30%
10916,11635,30%
11565,11636,30%
10514,11637,30%
11776,11639,30%
2606,11643,30%
2713,11646,30%
11342,11648,30%
8570,11652,30%
8570,30000,30%
11900,11658,30%
2728,11662,30%
2728,11666,30%
10589,11666,30%
10564,11666,30%
11918,11666,30%
10504,11667,30%
11772,15291,30%
11543,11672,30%
2779,11673,30%
2779,11673,30%
2554,11673,30%
10572,11673,30%
10572,11733,30%
11905,11675,30%
10499,11675,30%
11539,11675,30%
11638,11675,30%
11832,11676,30%
11354,11676,30%
11354,11716,30%
11354,11795,30%
15260,11681,30%
10606,11684,30%
11871,11713,30%
2785,11713,30%
2785,11861,30%
15262,11718,30%
2619,11718,30%
10629,11726,30%
11917,11727,30%
2556,11727,30%
2588,11734,30%
2523,11737,30%
2523,11795,30%
10882,11737,30%
10600,11739,30%
10600,11739,30%
10600,11861,30%
10327,11743,30%
2551,11747,30%
15256,15294,30%
10345,11751,30%
2497,11753,30%
10537,11753,30%
10525,11756,30%
10303,11761,30%
10317,11766,30%
11274,11766,30%
10355,11766,30%
10363,11766,30%
2499,11766,30%
10323,11766,30%
11768,11767,30%
11768,11768,30%
6111,11768,30%
10325,11773,30%
10330,11774,30%
10585,11782,30%
12097,11786,30%
11807,11787,30%
11796,11795,30%
2628,11818,30%
2628,11829,30%
10670,11823,30%
10635,11825,30%
10672,11828,30%
10672,11861,30%
10672,11861,30%
10865,11828,30%
10865,11829,30%
10640,11828,30%
10640,11829,30%
11823,11828,30%
10351,11828,30%
11256,11828,30%
10377,11828,30%
6112,11828,30%
10367,11828,30%
10380,11828,30%
10304,11828,30%
10353,11828,30%
11373,11829,30%
2776,11829,30%
2776,11920,30%
11827,11829,30%
2565,11830,30%
10659,11833,30%
2623,11833,30%
11245,11838,30%
11245,11840,30%
11847,11838,30%
11847,11840,30%
11847,11841,30%
11847,11845,30%
10358,11838,30%
11244,11839,30%
11244,11845,30%
10361,11839,30%
11619,11841,30%
10357,11841,30%
10350,11842,30%
10352,11843,30%
10356,11844,30%
10368,11845,30%
9640,11846,30%
9640,11846,30%
15258,11847,30%
2502,11850,30%
2493,11851,30%
10634,11861,30%
10599,11861,30%
16296,11861,30%
11275,11880,30%
11004,11898,30%
11578,11900,30%
2715,11900,30%
11279,11900,30%
2753,11900,30%
2753,11907,30%
2563,11901,30%
2563,11901,30%
2725,11901,30%
2725,11907,30%
10917,11901,30%
10715,11915,30%
11093,11920,30%
2732,11920,30%
11830,11920,30%
2774,11920,30%
6013,11920,30%
12231,11924,30%
12231,11925,30%
12231,15763,30%
12231,11988,30%
12231,15781,30%
12233,11929,30%
11980,15765,30%
11980,15769,30%
11980,12002,30%
11938,11941,30%
11976,11945,30%
11976,11946,30%
11976,11947,30%
11976,11950,30%
11976,11954,30%
11951,11952,30%
12056,11960,30%
2183,11964,30%
2183,11964,30%
11039,11966,30%
2274,11968,30%
12083,11968,30%
11967,11970,30%
12256,11972,30%
12162,11982,30%
11993,11988,30%
2306,11995,30%
11981,11998,30%
12071,12012,30%
12131,12016,30%
2252,12016,30%
8894,12016,30%
5085,12016,30%
11377,12016,30%
12143,12016,30%
12020,12016,30%
2290,12019,30%
12141,12022,30%
12187,12022,30%
12216,12026,30%
12173,12028,30%
12173,12157,30%
12113,12028,30%
12113,12190,30%
12177,12033,30%
2261,12038,30%
12058,12041,30%
12058,15773,30%
12052,12043,30%
5004,12043,30%
5004,12123,30%
2219,12043,30%
12203,12043,30%
12046,12046,30%
12218,12048,30%
12062,12049,30%
12171,12055,30%
12171,12055,30%
12037,12057,30%
9152,12059,30%
2206,12063,30%
12061,12065,30%
11934,12066,30%
12183,12071,30%
12181,12076,30%
12094,12088,30%
7722,12095,30%
11305,12116,30%
12211,12124,30%
12098,13259,30%
12098,12222,30%
12184,15776,30%
12184,12217,30%
6071,12129,30%
12165,12130,30%
12153,12148,30%
2270,12152,30%
7585,12157,30%
7585,12169,30%
7569,12160,30%
2267,12160,30%
2312,12164,30%
12055,12171,30%
12135,12172,30%
12135,12208,30%
2294,12188,30%
12140,12202,30%
2309,12206,30%
12067,12208,30%
10737,12213,30%
2269,12219,30%
9083,12227,30%
8971,12228,30%
12549,12247,30%
12406,12299,30%
12306,12308,30%
12552,12339,30%
12759,12396,30%
12667,12561,30%
4599,12570,30%
324,12649,30%
8281,30000,30%
7209,30000,30%
6461,30000,30%
6461,30000,30%
6461,30000,30%
6842,30000,30%
6842,30000,30%
6842,30000,30%
6938,30000,30%
8706,30000,30%
8706,30000,30%
8706,30000,30%
8706,30000,30%
8706,30000,30%
7027,30000,30%
6219,30000,30%
4685,30000,30%
4685,30000,30%
5646,30000,30%
7531,30000,30%
4639,30000,30%
5621,30000,30%
5828,30000,30%
485,30000,30%
485,30000,30%
485,30000,30%
6225,30000,30%
6225,30000,30%
6225,30000,30%
6225,30000,30%
6225,30000,30%
4729,30000,30%
5609,30000,30%
5609,30000,30%
5609,30000,30%
7324,30000,30%
7324,30000,30%
7324,30000,30%
7324,30000,30%
7324,30000,30%
7355,30000,30%
7355,30000,30%
7355,30000,30%
6262,30000,30%
6262,30000,30%
6226,30000,30%
5177,30000,30%
6937,30000,30%
6937,30000,30%
7217,30000,30%
6906,30000,30%
6906,30000,30%
7684,30000,30%
7684,30000,30%
7684,30000,30%
7070,30000,30%
4455,30000,30%
7479,30000,30%
5775,30000,30%
8503,30000,30%
469,30000,30%
7004,30000,30%
7513,30000,30%
7513,30000,30%
12412,30000,30%
5936,30000,30%
5936,30000,30%
4774,30000,30%
388,30000,30%
6745,30000,30%
17083,30000,30%
7521,30000,30%
7521,30000,30%
7521,30000,30%
7521,30000,30%
4360,30000,30%
4360,30000,30%
4360,30000,30%
487,30000,30%
487,30000,30%
6648,30000,30%
5164,30000,30%
6746,30000,30%
7751,30000,30%
7357,30000,30%
4502,30000,30%
6292,30000,30%
4524,30000,30%
7030,30000,30%
6038,30000,30%
7736,30000,30%
5330,30000,30%
7650,30000,30%
7754,30000,30%
5060,30000,30%
5060,30000,30%
6367,30000,30%
4505,30000,30%
6559,30000,30%
6612,30000,30%
5662,30000,30%
5662,30000,30%
3873,30000,30%
5170,30000,30%
5082,30000,30%
6851,30000,30%
5979,30000,30%
5194,30000,30%
6825,30000,30%
8278,30000,30%
4683,30000,30%
8393,30000,30%
8504,30000,30%
4754,30000,30%
5539,30000,30%
6685,30000,30%
6647,30000,30%
16614,30000,30%
4365,30000,30%
6981,30000,30%
5555,30000,30%
7094,30000,30%
6969,30000,30%
7113,30000,30%
473,30000,30%
5009,30000,30%
6693,30000,30%
7283,30000,30%
7740,30000,30%
6451,30000,30%
8334,30000,30%
5527,30000,30%
4426,30000,30%
6370,30000,30%
5586,30000,30%
17140,30000,30%
3223,12984,30%
3223,12984,30%
