id,name,ticker,industry,country,sent,price,itemCount
16117,Customer A,Private:Customer A,Others,Others,8,-6%,25
16106, S.A.D,Private: S.A.D,Others,Others,34,-6%,7
16107,5 Largest customers,Private:5 Laromers,Others,Others,35,4%,20
16108,Advanced Radiation Centers of New York,Private:Advan York,Others,Others,39,2%,20
21024,Advanced Transportation Technology R&D Co.,Private:Advanced y R&D Co.,Others,Others,30,7%,23
22379,"Alexander & Sun Co., Ltd.","Private:AlexanderCo., Ltd.",Others,Others,62,4%,22
22385,Allrange Company Ltd.,Private:Allrange pany Ltd.,Others,Others,55,4%,15
22401,Aucnet Inc. ,Private:Aucnet Innet Inc. ,Others,Others,51,-2%,11
22400,"BDS COMPANY.,INC","Private:BDS COMPAPANY.,INC",Others,Others,64,4%,13
16112,BDS Co. Inc.,Private:BDSnc.,Others,Others,84,0%,9
16113,"Biotronik, Johnson & Johnson  (NYSE:JNJ) , Medtronic (NYSE:MDT), St. Jude Medica  (NYSE:STJ)",Private:BiotSTJ),Others,Others,26,1%,10
16114,Bon Secours DePaul and Maryview Medical Center,Private:Bon Senter,Others,Others,5,-2%,7
16178,Commercial aviation,Private:Commeation,Others,Others,94,2%,9
22384,Computron Company Ltd ,Private:Computronpany Ltd ,Others,Others,55,-6%,20
16117,Customer A,Private:Customer A,Others,Others,28,-7%,14
22354,"Energy Management Products, LLC","Private:Energ, LLC",Others,Others,28,2%,21
21003,Enterone Co. Ltd,Private:Enterone e Co. Ltd,Others,Others,51,0%,10
16122,European Union (WavePort Project),Private:Eurect),Others,Others,46,2%,23
16126,"GlobeNet, Inc.",Private:Globe Inc.,Others,Others,0,-4%,16
22386,"Golden Foods Co., Ltd.","Private:Golden FoCo., Ltd.",Others,Others,49,3%,5
16128,"Guangdong Broadcasting TV Network Co., Ltd",Private:GuaLtd,Others,Others,13,-1%,10
16138,"Metropark, Ltd.",Private:Metro Ltd.,Others,Others,15,8%,21
16141,National University Corporation Tsukuba University of Technology,Private:Natogy,Others,Others,44,5%,8
22356,NILE,Private:NILELE,Others,Others,47,-8%,12
22387,Nova Holdings Co Ltd,Private:Nova Holdgs Co Ltd,Others,Others,91,2%,24
22408,Pet Office Inc,Private:Pet Officffice Inc,Others,Others,38,5%,12
16151,RasGas Company Limited -> Qatar Petroleum,Private:Raseum,Others,Others,33,3%,9
16152,Retail Group of America ,Private:Retairica ,Others,Others,28,-5%,18
16153,"Rico Co., Ltd",Private:RicLtd,Others,Others,83,2%,25
16157,Shiga Prefecture,Private:Shiure,Others,Others,56,-3%,7
16158,"Showa Leasing Co., Ltd. -> Shinsei Bank Ltd",Private:ShoLtd,Others,Others,33,-6%,15
16161,"Tengda Northwest Ferroalloy Co., Ltd.",Private:Tengd Ltd.,Others,Others,45,8%,7
16162,the City of Elk Grove,Private:the CGrove,Others,Others,41,3%,11
16163,"The Japan Liquor Sale Co., Ltd",Private:TheLtd,Others,Others,47,3%,6
22394,Transit General Office Inc,Private:Transit Gffice Inc,Others,Others,98,-7%,6
21002,United States Army Corps Of Engineers Engineering Officer School Fort Belvoir Va,Private:United Stelvoir Va,Others,Others,99,6%,7
16166,University of Pittsburg Medical Center – Mercy,Private:UniveMercy,Others,Others,8,-6%,22
22409,VHA Inc,Private:VHA IncVHA Inc,Others,Others,17,-1%,7
16169,"Wuhan Weikaer Steel Wire Product Co., Ltd","Private:Wuhan, Ltd",Others,Others,26,0%,22
16173,York Cancer Center,Private:York enter,Others,Others,60,-1%,19
20457,AnyWARE Inc.,Private:AnyWARE IWARE Inc.,Others,Others,75,-3%,12
16726,Arabian Centres Company Limited,Private:Arabimited,Others,Others,10,3%,25
17291,National Iranian Oil Company,Private:Natiompany,Others,Others,59,2%,9
17597,PDK Machine Shop Ltd,Private:PDK MachLtd,Others,Others,92,6%,5
17239,PT Asia Paramita Indah,Private:PT AsIndah,Others,Others,37,0%,23
21887,Air Algeria SPA,Private:Air Algergeria SPA,Industrials,Algeria,34,6%,14
17262,Cevital SPA,Private:Cevitl SPA,Industrials,Algeria,59,-5%,15
22084,Hansung Ar SA,Private:Hansung Aung Ar SA,Consumer Staples,Argentina,66,-1%,16
749,Petrobras Argentina SA,BASE:PESA,Energy,Argentina,42,-8%,13
17601,"Grupo Techint, S.A. de C.V.",Private:Gru de C.V.,Industrials,Argentina,28,8%,23
7735,Ternium S.A.,NYSE:TX,Materials,Argentina,40,3%,23
17290,CAMMESA S.A.,Private:CAMME S.A.,Utilities,Argentina,21,1%,19
21740,Inner Mongolia Mengtai Buliangou Coal Industry Co. Ltd,Private:Inner Mony Co. Ltd,Others,Australia,40,-1%,9
21717,Naval Ship Management (australia) Pty Limited,Private:Naval Shiy Limited,Others,Australia,98,-8%,23
531,APN News & Media Ltd.,ASX:APN,Consumer Discretionary,Australia,23,-5%,10
16016,Harris Technology Group Limited,ASX:HT8,Consumer Discretionary,Australia,91,-1%,5
21284,Allpower Industries Pty Ltd,Private:Allpower s Pty Ltd,Consumer Discretionary,Australia,39,1%,17
647,Select Harvests Limited,ASX:SHV,Consumer Staples,Australia,24,0%,17
585,Farm Pride Foods Limited,ASX:FRM,Consumer Staples,Australia,34,-7%,24
674,Wesfarmers Limited,ASX:WES,Consumer Staples,Australia,94,4%,5
677,Woolworths Limited,ASX:WOW,Consumer Staples,Australia,13,-3%,12
21783,Days Eggs Pty Ltd,Private:Days Eggss Pty Ltd,Consumer Staples,Australia,3,-2%,11
21782,Pure Foods Eggs Pty Ltd.,Private:Pure Food Pty Ltd.,Consumer Staples,Australia,31,1%,15
627,Oilex Ltd.,ASX:OEX,Energy,Australia,37,-4%,16
679,Yancoal Australia Ltd,ASX:YAL,Energy,Australia,43,-7%,15
539,AWE Limited,ASX:AWE,Energy,Australia,91,-1%,9
629,Origin Energy Limited,ASX:ORG,Energy,Australia,99,5%,25
678,Woodside Petroleum Ltd.,ASX:WPL,Energy,Australia,9,-6%,18
21509,United Terminals Pty. Ltd.,Private:United TePty. Ltd.,Energy,Australia,61,-3%,25
16403,Australia Government,Private:Ausent,Government Institution,Australia,25,4%,22
16433,Australian Customs and Border Protection Service,Private:Australi Service,Government Institution,Australia,15,7%,16
608,LBT Innovations Limited,ASX:LBT,Healthcare,Australia,9,-7%,16
561,CogState Limited,ASX:CGS,Healthcare,Australia,31,-7%,19
661,Universal Biosensors Inc.,ASX:UBI,Healthcare,Australia,57,-2%,18
16030,TBG Diagnostics Limited,ASX:TDL,Healthcare,Australia,77,-4%,12
535,Ausdrill Ltd.,ASX:ASL,Industrials,Australia,15,6%,6
534,Austal Ltd.,ASX:ASB,Industrials,Australia,14,-1%,21
669,Veris Limited,ASX:VRS,Industrials,Australia,35,4%,21
17447,Canstruct Pty Ltd,Private:Canstruc Pty Ltd,Industrials,Australia,12,2%,22
17327,CEC Group Ltd.,Private:CEC G Ltd.,Industrials,Australia,26,3%,19
21605,Jord Pty Limited,Private:Jord Pty y Limited,Industrials,Australia,62,-6%,20
20593,Piacentini & Son Pty Ltd.,Private:Piacentin Pty Ltd.,Industrials,Australia,56,7%,8
611,Mobile Embrace Limited,ASX:MBE,Information Technology,Australia,26,7%,6
295,Seeing Machines Limited,AIM:SEE,Information Technology,Australia,21,-1%,14
624,NetComm Wireless Limited,ASX:NTC,Information Technology,Australia,47,-4%,6
560,Cougar Metals NL,ASX:CGM,Materials,Australia,44,-6%,6
635,Pro-Pac Packaging Limited,ASX:PPG,Materials,Australia,24,5%,10
8900,MMG Limited,SEHK:1208,Materials,Australia,83,-6%,9
584,Finders Resources Limited,ASX:FND,Materials,Australia,26,-1%,19
593,Grange Resources Limited,ASX:GRR,Materials,Australia,24,-5%,18
543,Beadell Resources Limited,ASX:BDR,Materials,Australia,59,-1%,18
583,Fortescue Metals Group Limited,ASX:FMG,Materials,Australia,33,7%,21
14867,Newcrest Mining Limited,ASX:NCM,Materials,Australia,95,-2%,19
634,Pact Group Holdings Limited,ASX:PGH,Materials,Australia,51,-3%,23
642,Regis Resources Limited,ASX:RRL,Materials,Australia,37,0%,14
643,Resolute Mining Limited,ASX:RSG,Materials,Australia,72,1%,6
6405,BHP Billiton Limited,NYSE:BHP,Materials,Australia,100,-5%,6
17604,Arrium Limited,Private:Arrium Led,Materials,Australia,74,6%,24
12550,Perseus Mining Limited,TSX:PRU,Materials,Australia,64,5%,24
20470,AAA Egg Company Proprietary Limited,Private:AAA Egg Cy Limited,Others,Australia,70,-7%,16
8266,Telstra Corporation Limited,OTCBB:TLSYY,Telecommunication Services,Australia,16,7%,17
20592,Ausgrid,Private:AusgridAusgrid,Utilities,Australia,49,0%,21
21692,Sail & Surf Produktions- Und Handelsgesellschaft M.B.H.,Private:Sail & Suft M.B.H.,Others,Austria,5,-8%,23
12789,Polytec Holding AG,WBAG:PYT,Consumer Discretionary,Austria,93,-8%,25
12784,OMV Aktiengesellschaft,WBAG:OMV,Energy,Austria,19,0%,20
20862,Huppenkothen GmbH,Private:Huppenkotthen GmbH,Industrials,Austria,46,5%,20
9654,ams AG,SWX:AMS,Information Technology,Austria,11,3%,11
18202,Borealis AG,Private:Borealisealis AG,Materials,Austria,33,-1%,12
17352,State Oil Company of the Azerbaijan Republic,Private:Stateublic,Energy,Azerbaijan,26,3%,6
16404,Azerbaijan Government,Private:Azeent,Government Institution,Azerbaijan,84,-4%,18
17108,Steiner Leisure Limited,Private:Steinerle,Consumer Discretionary,Bahamas,67,-3%,9
8747,Ultrapetrol (Bahamas) Ltd.,OTCPK:ULTR,Industrials,Bahamas,11,3%,8
17292,Bahrain Steel BSCC E.C,Private:BahraC E.C,Materials,Bahrain,2,5%,6
17657,"Bangladesh Oil, Gas & Minerals Corporation",Private:Bangladeporation,Energy,Bangladesh,67,6%,9
1888,Van De Velde NV,ENXTBR:VAN,Consumer Discretionary,Belgium,74,-7%,25
1833,Anheuser-Busch InBev SA/NV,ENXTBR:ABI,Consumer Staples,Belgium,70,-3%,11
1883,ThromboGenics NV,ENXTBR:THR,Healthcare,Belgium,84,4%,11
1886,UCB S.A.,ENXTBR:UCB,Healthcare,Belgium,78,2%,10
7818,WABCO Holdings Inc.,NYSE:WBC,Industrials,Belgium,9,-5%,19
18451,Saverco NV,Private:Saverco Naverco NV,Industrials,Belgium,74,4%,23
1887,Umicore S.A.,ENXTBR:UMI,Materials,Belgium,67,-2%,20
20860,Belchim Crop Protection NV/SA -> Compagnie Immobiliere Holding Be Nv,Private:Compagnieing Be Nv,Materials,Belgium,62,2%,24
7551,Signet Jewelers Limited,NYSE:SIG,Consumer Discretionary,Bermuda,41,-3%,23
7695,Teekay Offshore Partners LP,NYSE:TOO,Energy,Bermuda,69,-5%,7
7664,Teekay LNG Partners LP.,NYSE:TGP,Energy,Bermuda,26,0%,6
8428,Energy XXI Ltd.,OTCPK:EXXI.Q,Energy,Bermuda,44,-2%,19
5382,Golar LNG Partners Limited Partnership,NasdaqGS:GMLP,Energy,Bermuda,71,0%,8
7676,Teekay Corporation,NYSE:TK,Energy,Bermuda,47,-1%,25
5377,Golar LNG Ltd.,NasdaqGS:GLNG,Energy,Bermuda,24,5%,19
7535,SeaDrill Limited,NYSE:SDRL,Energy,Bermuda,54,-5%,17
6327,Ardmore Shipping Corporation,NYSE:ASC,Energy,Bermuda,37,7%,15
7247,Nabors Industries Ltd.,NYSE:NBR,Energy,Bermuda,8,-5%,8
7078,Kosmos Energy Ltd.,NYSE:KOS,Energy,Bermuda,20,-8%,21
17019,Petredec Limited,Private:Petremited,Energy,Bermuda,83,-1%,14
5613,"Maiden Holdings, Ltd.",NasdaqGS:MHLD,Financials,Bermuda,26,3%,14
6722,Endurance Specialty Holdings Ltd.,NYSE:ENH,Financials,Bermuda,53,3%,18
7494,RenaissanceRe Holdings Ltd.,NYSE:RNR,Financials,Bermuda,93,-4%,24
6358,AXIS Capital Holdings Limited,NYSE:AXS,Financials,Bermuda,28,-2%,20
7797,"Validus Holdings, Ltd.",NYSE:VR,Financials,Bermuda,49,-5%,9
16073,Randall & Quilter Investment Holdings Ltd,AIM:RQIH,Financials,Bermuda,23,3%,19
6356,Axovant Sciences Ltd.,NYSE:AXON,Healthcare,Bermuda,40,-4%,14
7661,Textainer Group Holdings Limited,NYSE:TGH,Industrials,Bermuda,57,-4%,15
5637,Marvell Technology Group Ltd.,NasdaqGS:MRVL,Information Technology,Bermuda,79,7%,16
6831,Genpact Limited,NYSE:G,Information Technology,Bermuda,31,-2%,11
16625,Digicel Group Limited,Private:Digicel Limited,Telecommunication Services,Bermuda,58,3%,8
17411,"Telekomunikacije Republike Srpske a.d., Banja Luka",Private:Telekomunja Luka,Telecommunication Services,Bosnia-Herzegovina,6,7%,13
1045,SLC Agrícola S.A.,BOVESPA:SLCE3,Consumer Staples,Brazil,58,5%,15
1031,Marfrig Global Foods S.A.,BOVESPA:MRFG3,Consumer Staples,Brazil,26,-6%,6
17425,Cargill Agrícola S.A.,Private:Cargill ola S.A.,Consumer Staples,Brazil,72,3%,10
16695,Fischer Group,Private:Fischerer Group,Consumer Staples,Brazil,51,5%,21
17577,Raízen Energia S.A.,Private:Raizen Egia S.A.,Consumer Staples,Brazil,86,-5%,20
16840,Sucocitrico Cutrale Ltda,Private:Sucocitale Ltda,Consumer Staples,Brazil,73,8%,18
6620,Cosan Limited,NYSE:CZZ,Energy,Brazil,8,-8%,19
7374,Petróleo Brasileiro S.A. - Petrobras,NYSE:PBR,Energy,Brazil,87,-3%,21
17611,Raízen Combustíveis S.A.,Private:Raizen Ceis S.A.,Energy,Brazil,22,7%,16
16429,Government of the Federative Republic of Brazil,Private:Governmef Brazil,Government Institution,Brazil,91,-7%,13
16428,"State of Minas Gerais, Brazil.",Private:State of Brazil.,Government Institution,Brazil,17,-1%,10
1032,Iochpe-Maxion S.A.,BOVESPA:MYPK3,Industrials,Brazil,4,-5%,5
6742,Embraer S.A.,NYSE:ERJ,Industrials,Brazil,100,-8%,19
1044,Schulz S.A.,BOVESPA:SHUL4,Industrials,Brazil,72,1%,24
21199,BMC Hyundai S.A.,Private:BMC Hyundndai S.A.,Industrials,Brazil,95,0%,22
22222,Ibayo CLK Equipamentos de Climatizacao Ltda,Private:Ibayo CLKacao Ltda,Industrials,Brazil,85,-7%,16
1051,Usinas Siderúrgicas de Minas Gerais S.A.,BOVESPA:USIM5,Materials,Brazil,60,-5%,8
7773,Vale S.A.,NYSE:VALE,Materials,Brazil,35,7%,12
17382,Câmara De Comercialização De Energia Elétrica,Private:Câmartrica,Others,Brazil,63,2%,5
1035,Oi S.A.,BOVESPA:OIBR4,Telecommunication Services,Brazil,60,-7%,20
1049,TIM Participações S.A.,BOVESPA:TIMP3,Telecommunication Services,Brazil,47,-3%,23
1015,Companhia De Saneamento De Minas Gerais.,BOVESPA:CSMG3,Utilities,Brazil,16,-6%,12
20538,Hallgain Management Limited,Private:Hallgain t Limited,Information Technology,British Virgin Islands,86,6%,9
17754,Brilliance International Holding Limited,Private:Brillian Limited,Others,British Virgin Islands,47,5%,24
17389,Phnom Penh Autonomous Port,Private:Phnom Port,Industrials,Cambodia,38,-3%,18
7174,"Gran Tierra Energy, Inc.",AMEX:GTE,Consumer Discretionary,Canada,72,-2%,13
12246,Arbutus Biopharma Corporation,NasdaqGS:ABUS,Consumer Discretionary,Canada,42,1%,15
12471,BlackBerry Limited,NasdaqGS:BBRY,Consumer Discretionary,Canada,22,-7%,6
12619,Canadian Solar Inc.,NasdaqGS:CSIQ,Consumer Discretionary,Canada,2,-5%,19
12700,Methanex Corporation,NasdaqGS:MEOH,Consumer Discretionary,Canada,45,1%,7
12706,Barrick Gold Corporation,NYSE:ABX,Consumer Discretionary,Canada,33,-4%,10
7003,Agrium Inc.,NYSE:AGU,Consumer Discretionary,Canada,49,-7%,22
12759,BioAmber Inc.,NYSE:BIOA,Consumer Discretionary,Canada,2,-7%,24
12667,Bank of Montreal,NYSE:BMO,Consumer Discretionary,Canada,49,-7%,19
17572,Celestica Inc.,NYSE:CLS,Consumer Discretionary,Canada,92,3%,8
21653,Enbridge Inc.,NYSE:ENB,Consumer Discretionary,Canada,33,7%,20
12299,Goldcorp Inc.,NYSE:GG,Consumer Discretionary,Canada,32,0%,18
12339,IMAX Corporation,NYSE:IMAX,Consumer Discretionary,Canada,37,-5%,20
12585,Magna International Inc.,NYSE:MGA,Consumer Staples,Canada,87,-7%,19
12739,Suncor Energy Inc.,NYSE:SU,Consumer Staples,Canada,35,7%,10
12406,Teck Resources Limited,NYSE:TCK,Consumer Staples,Canada,20,-5%,22
17822,The Toronto-Dominion Bank,NYSE:TD,Consumer Staples,Canada,86,-7%,15
16899,"Valeant Pharmaceuticals International, Inc.",NYSE:VRX,Consumer Staples,Canada,56,-4%,12
12259,Destiny Media Technologies Inc.,OTCPK:DSNY,Consumer Staples,Canada,38,7%,10
12381,British Columbia Hydro and Power authority,Private:Briity,Consumer Staples,Canada,24,1%,11
12702,Canada Government,Private:Canent,Energy,Canada,95,8%,22
405,Canpotex Limited ,Private:Canpoited ,Energy,Canada,6,2%,21
16599,Cummins Westport Inc.,Private:Cummi Inc.,Energy,Canada,5,0%,22
7614,Essar Steel Algoma Inc. ,Private:EssarInc. ,Energy,Canada,18,-3%,23
12509,Future Electronics Inc.,Private:Futur Inc.,Energy,Canada,18,7%,12
12378,Grithog Sand Control Systems Ltd.,Private:Grith Ltd.,Energy,Canada,79,-7%,17
12580,Heating Solutions International Inc,Private:Heatil Inc,Energy,Canada,95,5%,5
12256,Hydro-Quebec Utility Company,Private:Hydrompany,Energy,Canada,80,6%,16
12549,Independent Electricity System Operator,Private:Indeprator,Energy,Canada,64,1%,11
6720,Irving Oil Limited,Private:Irvinmited,Energy,Canada,60,-3%,12
17368,Lake Shore Gold Corp.,Private:Lake ShCorp.,Energy,Canada,46,-1%,16
12247,Lynden Energy Corp.,Private:Lynden gy Corp.,Energy,Canada,82,-3%,12
12326,Manitoba Hydro,Private:ManitHydro,Energy,Canada,38,-8%,11
12344,Manitoba Liquor & Lotteries Corporation,Private:Manitobaporation,Energy,Canada,35,5%,13
12388,McCain Foods Limited,Private:McCaimited,Energy,Canada,40,3%,12
12435,Musket Corporation,Private:Muskeation,Energy,Canada,9,6%,17
12546,Ontario Power Group,Private:OntarGroup,Energy,Canada,76,-1%,14
12622,Pharmascience Inc.,Private:Pharm Inc.,Energy,Canada,30,1%,20
12284,Prince Rupert Gas Transmission Limited Partnership,Private:Princrship,Financials,Canada,86,-6%,5
6423,Saskatchewan Power Corp.,Private:SaskaCorp.,Financials,Canada,26,1%,19
7644,Spectra Premium Industries Inc.,Private:Spectra Pries Inc.,Financials,Canada,33,1%,12
12324,"STEMCELL Technologies, Inc.",Private:STEMC Inc.,Financials,Canada,87,-6%,11
16004,Stemcell Technologies,Private:Stemcogies,Financials,Canada,62,-2%,7
12396,The Manitoba Hydro-Electric Board,Private:themboard,Financials,Canada,79,-7%,8
12423,Twin Rivers Paper Company Inc,Private:Twin y Inc,Financials,Canada,69,7%,21
12484,Air Canada,TSX:AC,Financials,Canada,33,-3%,25
16402,Acadian Timber Corp.,TSX:ADN,Government Institution,Canada,70,-6%,13
12613,Aimia Inc.,TSX:AIM,Healthcare,Canada,5,2%,13
4953,AltaGas Ltd.,TSX:ALA,Healthcare,Canada,85,-6%,11
12262,Algonquin Power & Utilities Corp.,TSX:AQN,Healthcare,Canada,54,0%,24
7800,ARC Resources Ltd.,TSX:ARX,Healthcare,Canada,85,-6%,10
12618,Alimentation Couche-Tard Inc.,TSX:ATD.B,Healthcare,Canada,63,-5%,15
12541,Aurinia Pharmaceuticals Inc.,TSX:AUP,Healthcare,Canada,5,-1%,10
12375,Avcorp Industries Inc.,TSX:AVP,Healthcare,Canada,69,0%,11
17244,Bombardier Inc.,TSX:BBD.B,Healthcare,Canada,66,7%,18
17333,Boralex Inc.,TSX:BLX,Healthcare,Canada,90,8%,12
17167,The Bank of Nova Scotia,TSX:BNS,Healthcare,Canada,62,8%,9
12392,Cara Operations Limited,TSX:CARA,Healthcare,Canada,68,5%,20
12430,Canfor Corp.,TSX:CFP,Industrials,Canada,78,1%,8
12654,Canfor Pulp Products Inc.,TSX:CFX,Industrials,Canada,12,3%,15
12476,Centerra Gold Inc.,TSX:CG,Industrials,Canada,57,0%,14
12264,China Gold International Resources Corp Ltd,TSX:CGG,Industrials,Canada,56,6%,22
12650,Calian Group Ltd.,TSX:CGY,Industrials,Canada,9,8%,24
12479,Canadian Imperial Bank of Commerce,TSX:CM,Industrials,Canada,61,-8%,10
12647,Canadian Natural Resources Limited,TSX:CNQ,Industrials,Canada,96,-4%,23
12635,Canadian Pacific Railway Limited,TSX:CP,Industrials,Canada,57,6%,13
17624,Canadian Tire Corp. Ltd.,TSX:CTC.A,Industrials,Canada,49,-1%,13
16699,Cenovus Energy Inc.,TSX:CVE,Industrials,Canada,68,1%,11
12236,CanWel Building Materials Group Ltd.,TSX:CWX,Industrials,Canada,34,-5%,9
12272,Detour Gold Corporation,TSX:DGC,Industrials,Canada,71,7%,20
12329,DragonWave Inc.,TSX:DWI,Industrials,Canada,66,-5%,17
12347,ECN Capital Corp.,TSX:ECN,Industrials,Canada,35,-8%,24
12649,Spectral Medical Inc.,TSX:EDT,Industrials,Canada,42,-5%,12
12638,Enerflex Ltd.,TSX:EFX,Information Technology,Canada,83,-4%,9
8400,Emera Incorporated,TSX:EMA,Information Technology,Canada,41,0%,19
12313,Empire Company Limited,TSX:EMP.A,Information Technology,Canada,10,8%,12
12370,Essential Energy Services Ltd.,TSX:ESN,Information Technology,Canada,34,-2%,16
5207,Extendicare Inc.,TSX:EXE,Information Technology,Canada,47,-8%,24
12412,Excellon Resources Inc.,TSX:EXN,Information Technology,Canada,35,-6%,8
5075,Fairfax Financial Holdings Limited,TSX:FFH,Information Technology,Canada,25,6%,18
6534,Franco-Nevada Corporation,TSX:FNV,Information Technology,Canada,75,2%,14
16717,Fortis Inc.,TSX:FTS,Information Technology,Canada,41,6%,23
12398,Colabor Group Inc.,TSX:GCL,Materials,Canada,81,2%,8
12507,CGI Group Inc.,TSX:GIB.A,Materials,Canada,47,-3%,22
6409,"Golden Star Resources, Ltd.",TSX:GSC,Materials,Canada,96,-1%,12
6252,Great-West Lifeco Inc.,TSX:GWO,Materials,Canada,93,7%,19
12394,Hydro One Limited,TSX:H,Materials,Canada,8,-2%,25
12309,HNZ Group Inc.,TSX:HNZ,Materials,Canada,87,3%,23
12241,Husky Energy Inc.,TSX:HSE,Materials,Canada,92,6%,5
12310,Innergex Renewable Energy Inc.,TSX:INE,Materials,Canada,27,-1%,7
12306,Kinross Gold Corporation,TSX:K,Materials,Canada,53,5%,16
5605,Klondex Mines Ltd.,TSX:KDX,Materials,Canada,89,-1%,19
6221,Kirkland Lake Gold Inc.,TSX:KLG,Materials,Canada,16,5%,11
6854,Linamar Corp.,TSX:LNR,Materials,Canada,100,2%,12
7641,Lundin Mining Corporation,TSX:LUN,Materials,Canada,34,-6%,20
17172,Magellan Aerospace Corp.,TSX:MAL,Materials,Canada,17,2%,20
16507,"MacDonald, Dettwiler and Associates Ltd.",TSX:MDA,Materials,Canada,27,-7%,15
12308,Royal Canadian Mint - Canadian Gold Reserves,TSX:MNT,Materials,Canada,33,5%,6
12358,"New Gold, Inc.",TSX:NGD,Materials,Canada,74,-4%,15
12419,Noranda Income Fund,TSX:NIF.UN,Materials,Canada,63,-4%,24
12456,Niko Resources Ltd.,TSX:NKO,Materials,Canada,20,5%,16
12459,ProMetic Life Sciences Inc.,TSX:PLI,Materials,Canada,76,-2%,10
12461,Potash Corporation of Saskatchewan Inc.,TSX:POT,Materials,Canada,41,-3%,6
12474,Paramount Resources Ltd.,TSX:POU,Materials,Canada,6,-5%,7
12506,Painted Pony Petroleum Ltd.,TSX:PPY,Materials,Canada,86,3%,14
12545,Rogers Communications Inc.,TSX:RCI.B,Materials,Canada,47,-3%,6
12568,Rubicon Minerals Corporation,TSX:RMX,Materials,Canada,91,6%,25
12570,Richards Packaging Income Fund,TSX:RPI.UN,Materials,Canada,75,5%,6
15123,SouthGobi Resources Limited,TSX:SGQ,Materials,Canada,92,2%,20
12591,Stella-Jones Inc.,TSX:SJ,Materials,Canada,48,-5%,12
12612,SunOpta Inc.,TSX:SOY,Materials,Canada,83,-5%,23
12656,Silver Standard Resources Inc.,TSX:SSO,Materials,Canada,29,-5%,6
16670,Synex International Inc.,TSX:SXI,Others,Canada,2,7%,12
16953,Teranga Gold Corporation,TSX:TGZ,Others,Canada,31,8%,16
17236,Theratechnologies Inc.,TSX:TH,Others,Canada,88,4%,10
17335,TSO3 Inc.,TSX:TOS,Others,Canada,37,7%,5
12561,Spin Master Corp.,TSX:TOY,Telecommunication Services,Canada,83,-2%,18
12282,TransCanada Corporation,TSX:TRP,Utilities,Canada,14,4%,9
12254,"Velan, Inc.",TSX:VLN,Utilities,Canada,21,1%,19
12448,"ViXS Systems, Inc.",TSX:VXS,Utilities,Canada,16,-2%,11
12599,Westport Fuel Systems Inc.,TSX:WPRT,Utilities,Canada,91,7%,9
12380,WSP Global Inc.,TSX:WSP,Utilities,Canada,82,-8%,18
16642,Westshore Terminals Investment Corporation,TSX:WTE,Utilities,Canada,84,7%,8
16644,Exco Technologies Limited,TSX:XTC,Utilities,Canada,39,-2%,10
17042,"Yamana Gold, Inc.",TSX:YRI,Utilities,Canada,40,-6%,20
16895,Advent Wireless Inc.,TSXV:AWI,Utilities,Canada,55,-3%,9
17155,Iplayco Corporation Ltd.,TSXV:IPC,Utilities,Canada,81,5%,14
16270,Jura Energy Corporation,TSXV:JEC,Utilities,Canada,69,2%,5
17054,Lingo Media Corporation,TSXV:LM,Utilities,Canada,90,2%,8
12403,Russell Breweries Inc.,TSXV:RB,Utilities,Canada,81,-5%,14
12424,ZoomerMedia Ltd.,TSXV:ZUM,Utilities,Canada,96,-5%,5
11943,Hiroca Holdings Ltd.,TSEC:1338,Consumer Discretionary,Cayman Islands,2,8%,18
6945,Herbalife Ltd.,NYSE:HLF,Consumer Staples,Cayman Islands,4,3%,20
4910,"Theravance Biopharma, Inc.",NasdaqGM:TBPH,Healthcare,Cayman Islands,14,-6%,11
6813,Fabrinet,NYSE:FN,Information Technology,Cayman Islands,36,6%,22
12176,"Eson Precision Ind. Co., Ltd.",TSEC:5243,Information Technology,Cayman Islands,38,8%,15
11944,Victory New Materials Limited Company,TSEC:1340,Materials,Cayman Islands,24,1%,19
17041,Scorpio Panamax Tanker Pool Limited,Private:Scorpmitedpana,Others,Cayman Islands,72,7%,22
350,Zoltav Resources Inc.,AIM:ZOL,Energy,Channel Islands,43,7%,22
16910,Navig8 Limited,Private:Navigmited,Industrials,Channel Islands,76,-2%,14
9617,CTI S.A.,SNSE:CTISA,Consumer Discretionary,Chile,87,7%,14
9622,S.A.C.I. Falabella,SNSE:FALABELLA,Consumer Discretionary,Chile,98,-7%,17
9633,Ripley Corp. S.A.,SNSE:RIPLEY,Consumer Discretionary,Chile,52,7%,16
9628,Multiexport Foods S.A.,SNSE:MULTIFOODS,Consumer Staples,Chile,10,1%,22
13143,Viñedos Emiliana Sociedad Anónima,SNSE:EMILIANA,Consumer Staples,Chile,46,8%,22
9624,Inversiones Agrícolas y Comerciales S.A.,SNSE:IACSA,Consumer Staples,Chile,62,7%,18
9612,Vina Concha y Toro S.A.,SNSE:CONCHATORO,Consumer Staples,Chile,5,-7%,12
6891,GeoPark Limited,NYSE:GPRK,Energy,Chile,67,4%,8
7102,LATAM Airlines Group S.A.,NYSE:LFL,Industrials,Chile,86,6%,9
9637,Compania Sud Americana de Vapores S.A.,SNSE:VAPORES,Industrials,Chile,30,-1%,16
9610,Cintac S.A.,SNSE:CINTAC,Materials,Chile,10,1%,12
17431,Corporación Nacional del Cobre de Chile,Private:Corporacde Chile,Materials,Chile,18,0%,17
9627,Molibdenos y Metales S.A.,SNSE:MOLYMET,Materials,Chile,88,-3%,9
9611,Colbun S.A.,SNSE:COLBUN,Utilities,Chile,85,1%,11
9618,Engie Energia Chile S.A.,SNSE:ECL,Utilities,Chile,2,-2%,17
21884,Sociedad Austral de Electricidad S.A.,Private:Sociedad idad S.A.,Utilities,Chile,25,-6%,5
9608,CGE Distribución S.A.,SNSE:CGEDISTRO,Utilities,Chile,11,-8%,22
13314,Enel Américas S.A,SNSE:ENELAM,Utilities,Chile,29,0%,7
21742,3SBio Inc.,SEHK:1530,Others,China,68,8%,15
22398,"Actions Semiconductor Co., Ltd.",NasdaqGS:ACTS,Others,China,8,-2%,8
21739,"Advanced Technology & Materials Co., Ltd.",SZSE:000969,Others,China,48,-5%,17
21728,Agricultural Bank of China Limited,SEHK:1288,Others,China,84,6%,16
21707,Air China Limited,SEHK:753,Others,China,52,5%,16
21730,Aisino Corporation,SHSE:600271,Others,China,61,-4%,14
21715,Alibaba Group Holding Limited,NYSE:BABA,Others,China,21,-2%,22
21747,Aluminum Corporation Of China Limited,SEHK:2600,Others,China,22,5%,10
21749,Angang Steel Company Limited,SEHK:347,Others,China,97,8%,5
21744,Anhui China Tobacco Industry Corp Fuyang Cigarette Factory,Private:Anhui Chie Factory,Others,China,73,-6%,16
21729,Anhui Giti Tire Corporation Branch,Private:Anhui Giton Branch,Others,China,24,6%,8
21726,"Anhui Jianghuai Automobile Co., Ltd.",SHSE:600418,Others,China,34,-4%,24
17566,Anhui Tianda Oil Pipe Company Limited,SEHK:839,Others,China,18,0%,21
21736,Anhui Tongfeng Electronics Company Limited,SHSE:600237,Others,China,83,3%,14
21724,"Anshan Jidong Cement Co., Ltd.","Private:Anshan JiCo., Ltd.",Others,China,69,7%,5
21706,"Asahi Ran Electronics Co., Ltd. of Dongguan City",Private:Asahi Ra,Others,China,56,2%,12
22406,"Asymchem Laboratories (Tianjin) Co., Ltd.",SZSE:002821,Others,China,1,2%,5
21734,Aviation Industry Corporation of China,Private:Aviationof China,Others,China,6,5%,23
22404,Aviation Industry Corporation Of China Beijing Changcheng Institute Of Metrology & Measure,Private:Aviation Measure,Others,China,87,3%,8
21746,"AVIC Aero-Engine Controls Co., Ltd.",SZSE:000738,Others,China,69,7%,5
22355,"AVIC Aircraft Co., Ltd.",SZSE:000768,Others,China,92,8%,14
21716,"AVIC Electromechanical Systems Co., Ltd.",SZSE:002013,Others,China,93,0%,5
21732,"AVIC Heavy Machinery Co., Ltd.",SHSE:600765,Others,China,50,-1%,15
21725,AVIC International Holdings Limited,SEHK:161,Others,China,75,-5%,6
21727,AviChina Industry & Technology Company Limited,SHSC:2357,Others,China,24,0%,9
20983,BAIC Motor Corporation Limited,SEHK:1958,Others,China,6,-4%,5
21047,"Baidu, Inc.",NasdaqGS:BIDU,Others,China,82,8%,17
22403,"Baishan Thermal Power Co.,Ltd","Private:Baishan Tr Co.,Ltd",Others,China,97,-7%,20
21691,"Balikun Dongfang Minsheng New Energy Co.,Ltd","Private:Balikun Dy Co.,Ltd",Others,China,33,6%,10
21750,Bank of China Limited,SEHK:3988,Others,China,66,1%,7
21745,"Bank of Communications Co., Ltd.",SEHK:3328,Others,China,2,-4%,17
21741,"Baoji Titanium Industry Co., Ltd.",SHSE:600456,Others,China,39,-5%,23
21719,"Baotau Beifangbenchi Heavy-Duty Truck Co.,Ltd","Private:Baotau Bek Co.,Ltd",Others,China,21,2%,24
21705,"Baotou Bei Ben Heavy-Duty Truck Co.,Ltd","Private:Baotou Bek Co.,Ltd",Others,China,71,7%,16
21686,"Baotou Beifang Chuangye Co., Ltd.",SHSE:600967,Others,China,76,-1%,23
21709,BBMG Corporation,SEHK:2009,Others,China,11,6%,16
21718,"Beijing Advanced Digital Technology Co., Ltd.",SZSE:300541,Others,China,36,4%,6
21688,"Beijing Asialink Digital Technology Co., Ltd.","Private:Beijing o., Ltd.",Others,China,63,0%,19
21687,Beijing Automotive,Private:Beijiotive,Others,China,3,7%,23
21708,"Beijing Caishikou Department Store Co., Ltd.","Private:Beijing CCo., Ltd.",Others,China,54,4%,15
21713,Beijing Capital International Airport Company Limited,SEHK:694,Others,China,1,-2%,12
21735,"Beijing E-Techstar Co.,Ltd.",SZSE:300513,Others,China,56,4%,5
21743,"Beijing Guozhong Biology Technology Co., Ltd","Private:Beijing G Co., Ltd",Others,China,56,-1%,23
22405,"Beijing Hengkun Concrete Co., Ltd.","Private:Beijing HCo., Ltd.",Others,China,17,7%,5
20997,"Beijing Hexin Ruitong Power Technology Co., Ltd.",Private:Beiji Ltd.,Others,China,12,3%,12
4898,"Beijing Hitachi Elevator Sales Co.,Ltd","Private:Beijing Hs Co.,Ltd",Consumer Discretionary,China,95,-8%,10
10101,Beijing Hyundai Motors Co. Ltd.,Private:Beijing Co. Ltd.,Consumer Discretionary,China,21,5%,20
5514,"Beijing iQIYI Science & Technology Co., Ltd. ","Private:Beijing io., Ltd. ",Consumer Discretionary,China,7,8%,21
6022,Beijing JINGCHENG New Energy,Private:Beijinergy,Consumer Discretionary,China,17,-6%,13
9401,"Beijing Lingyun Dongwon Tech Co.,Ltd","Private:Beijing Lh Co.,Ltd",Consumer Discretionary,China,69,-6%,14
4378,"Beijing Linksun Technology Co., Ltd.","Private:Beijing LCo., Ltd.",Consumer Discretionary,China,61,3%,5
9389,"Beijing National Railway Research & Design Institute Of Signal & Communication Co., Ltd.","Private:Beijing NCo., Ltd.",Consumer Discretionary,China,45,-6%,14
9922,"Beijing New Oriental Star Petrochemical Engineering Co., Ltd.",SZSE:002755,Consumer Discretionary,China,17,-1%,22
9487,"Beijing Railway Construction and Management Co.,Ltd","Private:Beijing Rt Co.,Ltd",Consumer Discretionary,China,31,-8%,13
9480,Beijing Railway Signal Factory,Private:Beijing Rl Factory,Consumer Discretionary,China,32,7%,14
9500,"Beijing Sanghua Environmental Technology Development Co., Ltd.","Private:Beijing SCo., Ltd.",Consumer Discretionary,China,86,3%,16
5535,"Beijing Shiji Information Technology, Co., Ltd.",SZSE:002153,Consumer Discretionary,China,0,2%,10
10176,"Beijing Shougang Co., Ltd.",SZSE:000959,Consumer Discretionary,China,56,0%,10
9399,"Beijing Strong Biotechnologies, Inc.",SZSE:300406,Consumer Discretionary,China,5,-1%,15
9370,"Beijing Trust & Far Technology Co., Ltd.",SZSE:300231,Consumer Discretionary,China,86,-4%,25
4492,"Beijing Zhumu Culture Communication Company, Ltd.","Private:Beijing Zany, Ltd.",Consumer Discretionary,China,70,6%,9
3461,"Beiqi Foton Motor Co., Ltd.",SHSE:600166,Consumer Discretionary,China,36,-6%,16
7902,"Bestsun Energy Co., Ltd.",SHSE:600681,Consumer Discretionary,China,91,8%,19
4913,"Bestway Marine and Energy Technology Co., Ltd.",SZSE:300008,Consumer Discretionary,China,64,6%,6
8238,Biel Crystal Manufactory (Shenzhen) Limited,Private:Biel Crys) Limited,Consumer Discretionary,China,20,2%,22
17517,Bitauto Holdings Limited,NYSE:BITA,Consumer Discretionary,China,78,2%,18
17184,"Bode Energy Equipment Co., Ltd.",SZSE:300023,Consumer Discretionary,China,61,-7%,5
21765,BOE Technology Group Company Limited,SZSE:000725,Consumer Discretionary,China,86,0%,20
21767,"Boomsense Technology Co.,Ltd.",SZSE:300312,Consumer Discretionary,China,46,7%,13
21776,"Brilliance Shenyang Jindong Development Co.,Ltd","Private:Brillianct Co.,Ltd",Consumer Discretionary,China,48,-1%,18
16824,BYD Company Ltd.,OTCBB:BYDDF,Consumer Discretionary,China,20,-4%,20
16650,CANbridge Life Sciences Ltd. ,Private:CANbrLtd. ,Consumer Discretionary,China,79,-6%,12
21768,"Capital Airports Holding Co., Ltd.","Private:Capital ACo., Ltd.",Consumer Discretionary,China,45,5%,9
21775,Ceresdata Corporation,Private:Ceresdatarporation,Consumer Discretionary,China,48,1%,12
18877,"CET XJ Windpower Technology Co.,Ltd","Private:CET XJ Wiy Co.,Ltd",Consumer Discretionary,China,41,-8%,23
17186,"CGN Power Co., Ltd.",SEHK:1816,Consumer Discretionary,China,52,-5%,23
17498,"Changan Minsheng APLL Logistics Co., Ltd.",SEHK:1292,Consumer Discretionary,China,66,8%,9
22142,"Changchun Faw Comprehensive Using Co., Ltd.","Private:ChangchunCo., Ltd.",Consumer Discretionary,China,90,-7%,19
21753,"Changchun FAW FAWAY Johnson Controls Automotive Metal Components Co., Ltd.","Private:ChangchunCom., Ltd.",Consumer Discretionary,China,85,6%,11
16302,"Changchun Faw Fuwei Automobile Components Co., Ltd","Private:Changchunr Co.,Ltd",Consumer Discretionary,China,64,-8%,6
16686,"Changchun Faway Automobile Components Co., Ltd.",SHSE:600742,Consumer Discretionary,China,27,5%,12
21770,"Changchun Faway-Johnson Controls Automotive Systems Co.,LTD.","Private:Changchun Co.,LTD.",Consumer Discretionary,China,42,-3%,18
21769,Changchun High & New Technology Industry (Group) Inc.,SZSE:000661,Consumer Discretionary,China,92,6%,24
17753,"Changchun Mann+Hummel Faway Filter Co., Ltd.","Private:ChangchunComm., Ltd.",Consumer Discretionary,China,34,-8%,17
21756,"Changchun UP Optotech Co., Ltd.",SZSE:002338,Consumer Discretionary,China,1,-8%,5
16876,"Changchun Yidong Clutch Co.,Ltd",SHSE:600148,Consumer Discretionary,China,75,-7%,15
21340,Changjiang Property And Casualty Insurance Company Ltd.,Private:Changjianpany Ltd.,Consumer Discretionary,China,58,4%,11
20627,Changjiang Publishing and Media Company Limited,SHSE:600757,Consumer Discretionary,China,15,-2%,19
17360,"Changsha Tongcheng Holdings Co.,Ltd",SZSE:000419,Consumer Discretionary,China,90,0%,9
21764,"Changshu Baojin Steel Processing Co., Ltd.",Private:Chang Ltd.Baojin,Consumer Discretionary,China,53,7%,8
22104,"Changshu No.2 Paper Manufacturing Co., Ltd.","Private:Changshu Co., Ltd.",Consumer Discretionary,China,82,-3%,14
21758,Changyou.com Limited,NasdaqGS:CYOU,Consumer Discretionary,China,37,6%,5
17668,"Changzhou Borui Electric Power Automation Equipment Co.,Ltd","Private:Changzhout Co.,Ltd",Consumer Discretionary,China,30,0%,19
21395,Changzhou Mobile,Private:Changzhoile,Consumer Discretionary,China,25,-5%,14
21499,"Chengdu Bada Socket Connector Co., Ltd.","Private:Chengdu BCo., Ltd.",Consumer Discretionary,China,34,3%,17
21777,Chengdu Mobile,Private:Chengdu ile,Consumer Discretionary,China,100,-4%,25
17880,"Chery Automobile Co., Ltd.",Private:Chery Ltd.,Consumer Discretionary,China,67,7%,9
19062,China Aerospace Science and Technology Aviation Technology Institute,Private:China Aenstitute,Consumer Discretionary,China,31,2%,23
21470,China Aerospace Science and Technology Corporation,Private:China Aerrporation,Consumer Discretionary,China,73,-2%,15
20813,China Automotive Systems Inc.,NasdaqCM:CAAS,Consumer Discretionary,China,44,-7%,9
17081,"China Avionics Systems Co.,Ltd.",SHSE:600372,Consumer Discretionary,China,78,-4%,24
17686,"China BAK Battery, Inc.",NasdaqGM:CBAK,Consumer Discretionary,China,14,8%,14
21652,China BlueChemical Ltd,SEHK:3983,Consumer Discretionary,China,95,-8%,24
21771,China Communications Construction Company Limited,SEHK:1800,Consumer Discretionary,China,81,6%,14
21766,China Communications Services Corporation Limited,SEHK:552,Consumer Discretionary,China,36,7%,23
17147,China Complant Group Inc.,Private:China Cooup Inc.,Consumer Discretionary,China,56,2%,24
17354,China Construction Bank Corporation,SEHK:939,Consumer Discretionary,China,23,-2%,12
21774,China CSSC Holdings Limited,SHSE:600150,Consumer Discretionary,China,38,3%,24
17530,"China Digital TV Holding Co., Ltd.",NYSE:STV,Consumer Discretionary,China,70,4%,24
8892,China Eastern Airlines Corp. Ltd.,SEHK:670,Consumer Discretionary,China,51,4%,12
8961,"China Electric Technology Equipment Co., Ltd.",Private:Chinaustry,Consumer Discretionary,China,73,0%,8
8978,China Electronics Corporation,Private:China Elerporation,Consumer Discretionary,China,98,8%,20
9061,China Electronics System Engineering Company,Private:China Eleg Company,Consumer Discretionary,China,61,5%,25
16064,China Evergrande Group,SEHK:3333,Consumer Discretionary,China,48,2%,17
9354,"China Film Jingdian Cinema Investment Company, Ltd.",Private:China Ltd.,Consumer Discretionary,China,40,8%,9
9378,China General Nuclear Power Corporation,Private:China Genrporation,Consumer Discretionary,China,20,-8%,7
9395,"China Gold Group Investment Co., Ltd.","Private:China Goo., Ltd.",Consumer Discretionary,China,54,-4%,17
9444,China Government,Private:Chient,Consumer Discretionary,China,75,-1%,10
15689,China Great STAR International Limited,KOSDAQ:A900040,Consumer Discretionary,China,44,2%,17
9457,"China Great Wall Computer Shenzhen Co., Ltd.",SZSE:000066,Consumer Discretionary,China,17,0%,15
9467,China Guodian Corporation,Private:China Guporation,Consumer Discretionary,China,90,-4%,5
16081,China Huadian Corporation,Private:China Huporation,Consumer Discretionary,China,7,-8%,16
9503,China Huaneng Group,Private:China Huaeng Group,Consumer Discretionary,China,39,8%,19
9523,"China Huarong Asset Management Co., Ltd.",SEHK:2799,Consumer Discretionary,China,50,1%,10
15474,China Huishan Dairy Holdings Company Limited,SEHK:6863,Consumer Discretionary,China,79,-8%,12
15334,"China Information Technology, Inc.",NasdaqGS:CNIT,Consumer Discretionary,China,11,5%,6
9594,China International Marine Containers Group Co. Ltd.,SZSE:000039,Consumer Discretionary,China,6,-1%,6
9783,"China Jo-Jo Drugstores, Inc.",NasdaqCM:CJJD,Consumer Discretionary,China,41,7%,23
9788,China Machine Tool Sales & Technology Service Co,Private:China Macervice Co,Consumer Discretionary,China,17,-1%,10
16090,China Medical System Holdings Ltd.,SEHK:867,Consumer Discretionary,China,53,-3%,21
9808,China Ming Yang Wind Power Group Limited (taken private),Private:China Miprivate),Consumer Discretionary,China,40,7%,24
9830,China Mobile Communications Corporation,Private:China Moporation,Consumer Discretionary,China,36,8%,8
9868,"China Modern Agricultural Information, Inc.",OTCPK:CMCI,Consumer Discretionary,China,74,-1%,13
9903,China Modern Dairy Holdings Ltd.,SEHK:1117,Consumer Discretionary,China,37,8%,22
9906,China National Accord Medicines Corporation Ltd.,SZSE:000028,Consumer Discretionary,China,64,1%,25
9933,"China National Chemical Engineering Co.,Ltd.",SHSE:601117,Consumer Discretionary,China,73,1%,15
9939,China National Chemical Fiber Corp.,Private:China Natber Corp.,Consumer Discretionary,China,86,7%,17
10042,China National Gold Group Corporation,Private:Chinaationgold,Consumer Discretionary,China,26,-6%,19
10063,China National Petroleum Corporation,Private:Chinaationpetro,Consumer Discretionary,China,93,-2%,16
10065,China National Pharmaceutical Group Corporation,Private:China Naporation,Consumer Discretionary,China,53,-1%,17
10099,China National Software & Service Company Limited,SHSE:600536,Consumer Discretionary,China,82,5%,14
10106,China New Era International Engineering Corporation,Private:China Newrporation,Consumer Discretionary,China,10,-4%,8
10110,China No.1 Automobile Group Harbin Transmission Case Factory,Private:China No.e Factory,Consumer Discretionary,China,67,-8%,12
15780,China North Industries Group Corporation,Private:China Noporation,Consumer Discretionary,China,19,-6%,5
8356,"China Northern Rare Earth (Group) High-Tech Co.,Ltd.",SHSE:600111,Consumer Staples,China,85,-4%,14
8884,China Ocean Shipping (Group) Company,Private:China Oce) Company,Consumer Staples,China,24,6%,20
9961,China Oilfield Services Ltd.,SEHK:2883,Consumer Staples,China,44,4%,8
4396,China Petrochemical Corporation,Private:China Peporation,Consumer Staples,China,100,8%,11
8971,China Petroleum & Chemical Corp.,NYSE:SNP,Consumer Staples,China,60,-5%,24
21562,China Post Group Corporation,Private:China Poporation,Consumer Staples,China,15,-4%,12
18858,"China Potevio Co., Ltd.","Private:China Poo., Ltd.",Consumer Staples,China,83,5%,25
20500,China Railway Construction Corporation Limited,SHSE:601186,Consumer Staples,China,11,-7%,18
16129,China Railway Corporation,Private:China Raporation,Consumer Staples,China,69,-8%,6
16130,"China Realtime Database Co.,Ltd","Private:China Reae Co.,Ltd",Consumer Staples,China,68,4%,23
21781,China Shipbuilding Industry Company Limited,SHSE:601989,Consumer Staples,China,29,-2%,6
17805,"China Shipbuilding Industry Group Power Co., Ltd.",SHSE:600482,Consumer Staples,China,60,-2%,20
16150,China Shipping Container Lines Company Limited,SEHK:2866,Consumer Staples,China,96,-4%,24
20498,China South Industries Group Corporation,"Private:Baodi.,Ltd",Consumer Staples,China,55,7%,11
17769,China Southern Airlines Co. Ltd.,SHSE:600029,Consumer Staples,China,15,8%,11
21890,"China Southern Power Grid Co.,Ltd.","Private:China SoCo.,Ltd.",Consumer Staples,China,100,1%,18
13504,China State Construction Engineering Corporation Limited,SHSE:601668,Consumer Staples,China,38,-7%,18
16076,China State Shipbuilding Corporation,Private:China Stporation,Consumer Staples,China,70,-2%,13
16087,China Telecom Corp. Ltd.,NYSE:CHA,Consumer Staples,China,15,1%,17
9535,"China Tobacco Guangxi Industrial Co., Ltd.","Private:China TobCo., Ltd.",Consumer Staples,China,64,6%,6
9853,China Tobacco International Inc.,Private:China Inc.,Consumer Staples,China,42,-2%,8
16034,China Tower Corporation Limited,Private:China Town Limited,Consumer Staples,China,85,-7%,21
16345,China U-Ton Holdings Limited,SEHK:6168,Educational Institution,China,92,7%,14
16341,China Zenix Auto International Limited,NYSE:ZX,Educational Institution,China,10,3%,18
9133,"China Zhenhua (Group) Science & Technology Co., Ltd",SZSE:000733,Energy,China,74,1%,20
9476,Chinasoft International Ltd.,SEHK:354,Energy,China,60,-3%,25
4568,Chinese Academy of Sciences,Private:Chinese Sciences,Energy,China,88,0%,22
8868,"Chint Group Co., Ltd.","Private:Chint GroCo., Ltd.",Energy,China,99,1%,17
15906,Chongqing Ante Import & Export Trading Co. Ltd.,Private:Chongqing Co. Ltd.,Energy,China,41,5%,25
9392,Chongqing BiFeng Technoloy Limited,Private:Chongqind,Energy,China,91,8%,9
9003,Chongqing Changan Automobile Co. Ltd.,SZSE:200625,Energy,China,35,-3%,19
7568,"Chongqing Chuanyi Automation Co., Ltd.",SHSE:603100,Energy,China,62,1%,16
17510,"Chongqing Jialing Huaguang Photoelectric Technology Co.,Ltd","Private:Chongqingy Co.,Ltd",Energy,China,32,5%,8
16700,Chongqing Jianshe Motorcycle Co Ltd,SZSE:200054,Energy,China,48,3%,11
21786,Chongqing KangPuDa Technoloy Limited,Private:Chongmited,Energy,China,50,-7%,19
17526,"Chongqing Tongsheng Jianshe Industrial Co., Ltd","Private:Chongqing Co., Ltd",Energy,China,74,4%,5
18782,"Chongqing Wanzhou Port (Group) Co., Ltd.","Private:ChongqingCo., Ltd.",Energy,China,72,-6%,15
9137,"CHTC Helon Co., Ltd.",SZSE:000677,Energy,China,83,7%,17
9382,CIMC Enric Holdings Limited,SEHK:3899,Energy,China,93,-3%,8
9546,CITIC Group Corporation,Private:CITIC Grporation,Energy,China,69,-2%,14
9847,CITIC Group Corporation,Private:CITIC Grporation,Energy,China,69,1%,10
9860,"CITIC Offshore Helicopter Co.,Ltd.",SZSE:000099,Energy,China,65,-2%,6
10164,"Ciwen Media Co., Ltd.",SZSE:002343,Energy,China,92,0%,24
17449,"CNHTC Jinan Truck Co., Ltd.",SZSE:000951,Financials,China,22,-6%,8
21793,"COFCO Biochemical (Anhui) Co., Ltd.",SZSE:000930,Financials,China,37,7%,23
13490,COFCO Corporation,Private:COFCO Corrporation,Financials,China,9,6%,19
8922,"Cofco Feed Co.,Ltd","Private:Cofco Feed Co.,Ltd",Financials,China,1,3%,20
13445,Coolpad Group Limited,SEHK:2369,Financials,China,87,8%,11
9019,"COSCO SHIPPING Holdings Co., Ltd.",SEHK:1919,Financials,China,48,0%,9
9044,"Cowealth Medical Holding Co., Ltd.",GTSM:4745,Financials,China,14,-2%,20
9153,Cowell e Holdings Inc.,SEHK:1415,Financials,China,3,6%,7
16406,"CPT Technology (Group) Co., Ltd.",SZSE:000536,Government Institution,China,2,4%,9
16416,CRRC Corporation Limited,SHSE:601766,Government Institution,China,6,3%,20
16431,CSSC Offshore & Marine Engineering (Group) Company Limited,SEHK:317,Government Institution,China,64,-6%,16
16435,"CSSC Steel Structure Engineering Co., Ltd.",SHSE:600072,Government Institution,China,36,-8%,11
15921,Dajin Heavy Industry Corporation,SZSE:002487,Healthcare,China,33,-3%,21
9129,Dalian Mobile,Private:Dalian Mile,Healthcare,China,82,6%,8
9408,"Dandong Wuxing Chemical Fiber Co., Ltd.","Private:Dandong o., Ltd.",Healthcare,China,65,8%,11
2248,Daqo New Energy Corp.,NYSE:DQ,Healthcare,China,1,2%,15
17228,"Datang International Power Generation Co., Ltd.",SEHK:991,Healthcare,China,47,-7%,10
17457,"Datang Lianchang Information System Technology Co.,Ltd","Private:Datang Liy Co.,Ltd",Healthcare,China,7,-1%,19
21795,Datang Mobile Communications Equipment Company Limited,Private:Datang Moy Limited,Healthcare,China,35,7%,13
8877,"Datang Telecom International Technology Co., Ltd",Private:DatLtd,Healthcare,China,18,-1%,24
8929,"DaTong Coal Industry Co.,Ltd.",SHSE:601001,Healthcare,China,16,-1%,13
15190,"Datong Coal Mine Group Co., Ltd.","Private:Datong CoCo., Ltd.",Healthcare,China,41,-1%,13
9140,Dazhou ZhiXiang Technology Limited,Private:Dazhou Zd,Healthcare,China,83,8%,5
9404,Deerway (China) Co Ltd,Private:Deerway (a) Co Ltd,Healthcare,China,11,2%,22
9530,Deutz (Dalian) Engine Co.,Private:Deutz (Dangine Co.,Healthcare,China,8,-6%,21
13288,"DigiWin Software Co., Ltd.",SZSE:300378,Healthcare,China,30,2%,21
15993,"Dongfeng Automobile Co., Ltd.",SHSE:600006,Healthcare,China,97,6%,24
9915,Dongfeng Motor Group Company Limited,SEHK:489,Healthcare,China,96,5%,5
10017,"Dongfeng Peugeot Citroen Automobile Company, Ltd.","Private:Dongfengny, Ltd.",Healthcare,China,9,1%,18
15717,Dongguan Huabel Electronic Technology Co. Ltd.,Private:Dongg Ltd.,Healthcare,China,44,-2%,25
10202,Dongguan Metals and Minerals Import and Export Company,Private:Donggmpany,Industrials,China,93,4%,10
9558,Dr. Sennewald Medizintechnik GmbH,Private:Dr.mbH,Industrials,China,1,-5%,14
16202,"DULEE Group Co.,Ltd","Private:DULEE.,Ltd",Industrials,China,88,0%,22
10235,"E&H Co.,Ltd","Private:E&H Co.,LH Co.,Ltd",Industrials,China,23,-3%,12
10035,East Co of State Power Co,Private:East Co o Power Co,Industrials,China,22,3%,5
9371,Eastlong Huatong,Private:Eastlongong,Industrials,China,53,-6%,23
15893,E-Commodities Holdings Limited,SEHK:1733,Industrials,China,46,-6%,12
4782,"Fangda Jinhua Chemical Technology Co.,Ltd.",SZSE:000818,Industrials,China,65,7%,17
10053,"Faw Car Co., Ltd.",SZSE:000800,Industrials,China,71,3%,16
9782,FAW Group Corporation,Private:FAW Gation,Industrials,China,22,0%,12
9537,"FAW Jiefang Automotive Co., Ltd.","Private:FAW Jiefo., Ltd.",Industrials,China,40,-2%,23
9882,"FAW Jiefang Liuzhou Special Automobile Co.,Ltd","Private:FAW Jiefae Co.,Ltd",Industrials,China,48,-7%,16
9850,"Faw Jilin Automobile Co., Ltd.","Private:Faw JilinCo., Ltd.",Industrials,China,42,-2%,6
9504,FAWER Automotive Parts Limited Company,SZSE:200030,Industrials,China,70,5%,20
9930,"Fenghui Iron & Steel Co., Ltd.","Private:Fenghui ICo., Ltd.",Industrials,China,68,-7%,10
9432,FIH Mobile Limited,SEHK:2038,Industrials,China,5,-5%,15
9857,First Automotive Works - Volkswagen Automobile Co. Ltd.,Private:First AuCo. Ltd.,Industrials,China,84,0%,18
8907,First Research Institute of Telecommunications Technology,Private:First Resechnology,Industrials,China,98,-4%,5
9540,"Forhouse Electro-Optical (Kunshan) Co., Ltd.","Private:Forhouse Co., Ltd.",Industrials,China,30,-2%,25
9130,"Foshan Aoyuan Property Investment Co, Ltd.","Private:Foshan ACo, Ltd.",Industrials,China,36,1%,12
9094,"Fujian Broadcasting TV Network Co., Ltd",Private:FujLtd,Industrials,China,54,7%,21
10227,"Fujian Electric Power Co., Ltd.","Private:Fujian ElCo., Ltd.",Industrials,China,100,3%,13
9789,"Fujian Huifeng Motors Co., Ltd.","Private:Fujian HuCo., Ltd.",Industrials,China,41,-1%,7
9441,"Fujian Jinjiang Neikeng Hongxin Building Materials Co., Ltd.","Private:Fujian JiCo., Ltd.",Industrials,China,16,-6%,19
9424,"Fujian Ningde Nuclear Power Co., Ltd","Private:Fujian Ni Co., Ltd",Industrials,China,91,-4%,15
9995,Futian District of Shenzhen Municipal Public Security Bureau,Private:Futiaureau,Industrials,China,91,-8%,17
9077,"Fuzhou GITI No 1 Plastics Co.,Ltd","Private:Fuzhou GIs Co.,Ltd",Industrials,China,67,-6%,20
9450,Gansu Electric Power Company,Private:Gansu El Company,Industrials,China,42,2%,16
9573,"Gaomi Huaxin Outdoor Product Co.,Ltd","Private:Gaomi Huat Co.,Ltd",Industrials,China,41,-6%,21
10146,"GD Power Development Co., Ltd",SHSE:600795,Industrials,China,44,-3%,12
9488,"GEPIC Energy Development Co., Ltd.",SZSE:000791,Industrials,China,10,4%,17
9807,GH Development Holdings Limited,Private:GH Devel Limited,Industrials,China,41,4%,15
9435,"Gifore Agricultural Machinery Chain Co., Ltd.",SZSE:300022,Industrials,China,50,8%,20
10077,Giti Tire Corporation,SHSE:600182,Industrials,China,22,-7%,16
9768,GoerTek Inc.,SZSE:002241,Industrials,China,21,-6%,17
9423,"GoHigh Data Networks Technology Co., Ltd.",SZSE:000851,Industrials,China,69,-8%,9
9798,Government of Henan Province,Private:GovernmeProvince,Industrials,China,11,4%,22
10095,Government Of People's Republic Of China,Private:GovernmeOf China,Industrials,China,19,-8%,11
9081,Great Wall Motor Company Ltd.,SEHK:2333,Industrials,China,49,6%,12
10209,"Greatwall Information Industry Co., Ltd.",SZSE:000748,Industrials,China,33,1%,14
10055,"Gree Electric Appliances, Inc. of Zhuhai",SZSE:000651,Industrials,China,41,-5%,8
9514,"Grinm Advanced Materials Co., Ltd.",SHSE:600206,Industrials,China,91,-3%,16
10229,"Guangdong Eastone Century Technology Co., Ltd.",SZSE:300310,Industrials,China,43,6%,9
9836,Guangdong Electric Power Development Co. Ltd.,SZSE:200539,Industrials,China,72,6%,9
9910,"Guangdong Ellington Electronics Technology Co., Ltd.",SHSE:603328,Industrials,China,46,7%,10
10121,"Guangdong Mingzhu Group Co., Ltd.",SHSE:600382,Industrials,China,69,6%,13
10038,Guangdong Power Grid Corporation,Private:Guangdonporation,Industrials,China,65,-6%,24
8909,"Guangdong Tianhe Agricultural Means of Production Co., Ltd.","Private:GuangdongCo., Ltd.",Industrials,China,45,5%,25
8982,Guangdong Yunshan Auto Factory,Private:Guangdon Factory,Industrials,China,56,6%,19
9040,"Guangqi Honda Automobile Co., Ltd.",Private:Guatdhonda,Industrials,China,5,-5%,10
9029,Guangtong Mobile,Private:Guangtonile,Industrials,China,84,-2%,10
9041,Guangxi Liuzhou Iron and Steel Group Company Limited,Private:Guangxi  Limited,Industrials,China,30,3%,10
9037,"Guangzhou Guangri Special Purpose Vehicle Co.,Ltd","Private:Guangzhoue Co.,Ltd",Industrials,China,15,5%,6
9035,"Guangzhou Guangri Stock Co.,Ltd.",SHSE:600894,Industrials,China,88,5%,6
10168,"Guangzhou Kingteller Technology Co., Ltd.",SZSE:002177,Industrials,China,72,-2%,9
21817,"Guangzhou Lingnan International Enterprise Group Co., Ltd.","Private:GuangzhouCo., Ltd.",Industrials,China,98,0%,20
22294,Guangzhou Railway Material Company,Private:Guangzhoul Company,Industrials,China,62,-6%,22
17463,"Guangzhou Wilken Sports Co., Ltd.","Private:Guangzh., Ltd.",Industrials,China,82,0%,7
17670,Guilin Layn Natural Ingredients Corp.,SZSE:002166,Industrials,China,2,8%,9
16645,"Guizhou Expressway Group Co., Ltd.","Private:Guizhou ECo., Ltd.",Industrials,China,85,0%,25
21946,Guizhou Guihang Automotive Components Co. Ltd,SHSE:600523,Industrials,China,51,-7%,17
19840,"Gulf Resources, Inc.",NasdaqGS:GURE,Industrials,China,53,-3%,25
20596,Guodian Changyuan Electric Power Co. Ltd.,SZSE:000966,Industrials,China,76,-2%,18
21196,"Guodian Changyuan Hanchuan First Power Generation Co., Ltd.","Private:Guodian CCo., Ltd.",Industrials,China,3,3%,19
22264,Guodian Hubei Hydropower Co. Ltd,Private:Guodian Hr Co. Ltd,Industrials,China,82,3%,23
20595,"Guodian Qingshan Thermoelectricity Co., Ltd.","Private:Guodian QCo., Ltd.",Industrials,China,84,-7%,18
21802,Guodian Technology & Environment Group Corporation Limited,SEHK:1296,Industrials,China,20,7%,11
21816,"Haier Electronics Group Co., Ltd.",SEHK:1169,Industrials,China,98,6%,18
21888,Haier Group Corporation,Private:Haier Grorporation,Industrials,China,24,-7%,16
21798,"Hainan Airlines Co., Ltd.",SHSE:900945,Industrials,China,82,-8%,5
21821,"Hanchuan Longyuan Boqii Environmental Technology Co.,Ltd","Private:Hanchuan y Co.,Ltd",Industrials,China,94,-8%,11
17446,"Hang Zhou Iron & Steel Co., Ltd.",SHSE:600126,Industrials,China,56,-7%,13
17701,"Hangzhou Century Co., Ltd.",SZSE:300078,Industrials,China,91,5%,17
18469,"Hangzhou Desheng Metal Products Co., Ltd.",Private:Hangzho Ltd.,Industrials,China,63,-1%,19
17800,Hangzhou Friends of the shore Medical Center,Private:Hangzhou al Center,Industrials,China,72,-4%,14
17543,"Hangzhou Hulian Metal & Chemical Co.,Ltd","Private:Hangzhou l Co.,Ltd",Industrials,China,82,6%,14
17455,Hangzhou Iron & Steel Group Company,Private:Hangzhou Company,Industrials,China,48,6%,8
21592,Hangzhou Iron & Steel Plant Industry & Trade Corp,Private:Hangzhou rade Corp,Industrials,China,13,0%,23
22282,"Hangzhou Nuolin Machinery Equipment Co., Ltd.","Private:Hangzhou Co., Ltd.",Industrials,China,66,-4%,19
22283,"Hangzhou Pugang Steel Materials Co., Ltd.",Private:Hangz Ltd.,Industrials,China,79,2%,9
17512,"Hangzhou Steam Turbine & Power Group Co.,Ltd.","Private:Hangzhou  Co.,Ltd.",Industrials,China,17,-7%,21
17512,"Hangzhou Steel Engineering Machinery Co.,Ltd","Private:Hangzhou y Co.,Ltd",Industrials,China,96,4%,13
21812,"Hangzhou Xiandao Automation Technology Co., Ltd.",Private:Hangzhou Xia Ltd.,Industrials,China,26,7%,9
21819,"Hangzhou Xili Energy Meter Production Co.,Ltd","Private:Hangzhou n Co.,Ltd",Industrials,China,58,-7%,6
22284,Hangzhou Yiwei Automobile Company Ltd,Private:Hangzhou mpany Ltd,Industrials,China,60,-2%,17
21568,"Hangzhou Yongda Metal Products Co., Ltd.",Private:Hangzhou Ltd.,Industrials,China,64,5%,8
16837,"Hangzhou Zhongya Machinery Co., Ltd.",SZSE:300512,Industrials,China,59,3%,25
16838,"Han's Laser Technology Industry Group Co., Ltd.",SZSE:002008,Industrials,China,9,5%,8
17344,"Harbin Dongan Auto Engine Co., Ltd.",SHSE:600178,Industrials,China,23,-2%,17
18327,"Harbin DongAn Automotive Engine Manufacturing Co., Ltd.","Private:Harbin DoCo., Ltd.",Industrials,China,41,-1%,18
22030,"Hebei Changan Commercial Vehicles Sales Co., Ltd.","Private:Hebei ChaCo., Ltd.",Industrials,China,88,-7%,6
21603,Hebei Xinshen Technology Limited,Private:Hebeimited,Industrials,China,25,5%,25
21608,"Hebi Fenghe Power Generation Co., Ltd.","Private:Hebi FengCo., Ltd.",Industrials,China,32,6%,24
21589,"Hebi Tongli Generation Co., Ltd.","Private:Hebi TongCo., Ltd.",Industrials,China,37,-6%,7
21964,Hefei Meiling Co. Ltd.,SZSE:200521,Industrials,China,56,2%,24
17734,"Hefei Wanda Square Investment Co.,Ltd","Private:Hefei Want Co.,Ltd",Industrials,China,5,-7%,7
21839,"HEFEI XINSHENG OPTOELECTRONICS TECHNOLOGY CO.,LTD","Private:HEFEI XINY CO.,LTD",Industrials,China,56,-2%,11
21823,"HeiLongJiang HeiHua Co.,Ltd.",SHSE:600179,Industrials,China,76,6%,17
21932,Heilongjiang Jianlong Steel Limited,Private:Heilongj Limited,Industrials,China,52,5%,22
16182,"Heilongjiang Longxing Dairy Co., Ltd.",Private:Heilo Ltd.,Industrials,China,7,-3%,24
16185,"Heilongjiang Nongken Delong Dairy Co., Ltd","Private:Heilo, Ltd",Industrials,China,0,5%,6
20527,Henan Chuangjing Technology Limited,Private:Henanmited,Industrials,China,27,6%,14
21616,Henan Electric Power Corporation,Private:Henan Elporation,Industrials,China,82,6%,7
16186,Henan High Voltage Apparatus Research Institute,Private:Henan HigInstitute,Industrials,China,95,4%,9
22287,Henan Mobile,Private:Henan Moile,Industrials,China,5,5%,20
21961,"Henan Pinggao Electric Co.,Ltd.",SHSE:600312,Industrials,China,68,0%,24
21934,Henan Provincial Power Co.,Private:Henan ProPower Co.,Industrials,China,52,4%,13
22032,"Henan Splendor Science & Technology Co., Ltd.",SZSE:002296,Industrials,China,16,6%,25
22286,"Henan Tong-da Cable Co., Ltd.",SZSE:002560,Industrials,China,83,0%,17
18389,"Henan Tongli Cement Co., Ltd",SZSE:000885,Industrials,China,80,-5%,13
21962,"Henan Yuneng Holding Co.,Ltd.",SZSE:001896,Industrials,China,73,-3%,22
22285,"Henan Zhongzhou Railway Co.,Ltd","Private:Henan Zhoy Co.,Ltd",Industrials,China,71,0%,6
17485,Hengan International Group Company Limited,SEHK:1044,Industrials,China,75,6%,15
22024,"Hengshui Hengxing Power Generation Co., Ltd.","Private:Hengshui Co., Ltd.",Industrials,China,69,-2%,23
20832,"Hengyi Petrochemical Co., Ltd.",SZSE:000703,Industrials,China,53,-3%,20
22200,Hesteel Company Limited,SZSE:000709,Industrials,China,23,2%,24
21836,"Highpower International, Inc.",NasdaqGM:HPJ,Industrials,China,15,-1%,16
17558,"Hisense Electric Co., Ltd.",SHSE:600060,Industrials,China,43,3%,21
22203,"Hisense Import & Export Co., Ltd.","Private:Hisense o., Ltd.",Industrials,China,80,-1%,14
21929,Hisense Kelon Electrical Holdings Company Limited,SZSE:000921,Industrials,China,73,-3%,19
16338,HISHIKHA OVERSEAS,Private:HISHIKHAAS,Industrials,China,9,-4%,14
21928,"Hitachi Elevator Guangzhou Co.,Ltd","Private:Hitachi Eu Co.,Ltd",Industrials,China,100,8%,23
22201,"Hitachi-Lg Data Storage (Hui Zhou), Ltd.","Private:Hitachi-Lou), Ltd.",Industrials,China,82,5%,19
21657,"HNA Group Co., Ltd.","Private:HNA GroupCo., Ltd.",Industrials,China,24,5%,18
21834,HNA Infrastructure Company Limited,SEHK:357,Industrials,China,87,8%,18
17560,"Hohhot Futai Heat Supply Co., Ltd.","Private:Hohhot FuCo., Ltd.",Industrials,China,99,4%,25
21931,"Hohhot Kelin Thermoelectricity Co., Ltd.","Private:Hohhot KeCo., Ltd.",Industrials,China,82,-4%,24
21930,"Hongda Xingye Co., Ltd.",SZSE:002002,Industrials,China,81,2%,25
22034,Huachen Automotive Group Holdings Company Limited,Private:Huachen Ay Limited,Industrials,China,42,1%,16
21409,Huadian Energy Company Limited,SHSE:900937,Industrials,China,69,8%,6
20834,Huadian Fuxin Energy Corporation Limited,SEHK:816,Industrials,China,80,3%,11
22070,"Huadian Heavy Industries Co., Ltd.",SHSE:601226,Industrials,China,9,1%,18
22244,Huadian Power International Corporation Limited,HK:1071,Industrials,China,21,5%,24
17557,"Huadong Medicine Co., Ltd",SZSE:000963,Industrials,China,78,-8%,24
21958,"Hualin GITI Tire Co.,Ltd","Private:Hualin GIe Co.,Ltd",Industrials,China,14,8%,10
21808,"Huaneng Jinnan Huangtai Power Generation Co.,Ltd","Private:Huaneng Jn Co.,Ltd",Industrials,China,84,6%,24
22189,"Huaneng Linyi Power Generation Co., Ltd.","Private:Huaneng LCo., Ltd.",Industrials,China,42,7%,6
17534,"Huaneng Power International, Inc.",NYSE:HNP,Industrials,China,20,5%,11
17541,Huaneng Renewables Corporation Limited,SEHK:958,Industrials,China,52,1%,9
16183,"Huaneng Taian Zhongtai Power Generation Co.,Ltd","Private:Huaneng Tn Co.,Ltd",Industrials,China,86,5%,14
21324,"Huangshan Jinma Co.,Ltd",SZSE:000980,Industrials,China,51,-1%,20
21965,"Huawei Culture Co., Ltd.",SZSE:002502,Industrials,China,17,1%,24
16187,"Huawei Investment & Holding Co., Ltd.",Private:Huawe Ltd.,Industrials,China,45,5%,8
20772,Huayi Electric Company Limited,SHSE:600290,Industrials,China,89,-7%,21
22202,HUAYU Automotive Systems Company Limited,SHSE:600741,Industrials,China,59,6%,6
18403,"Hubei Dali Food Co., Ltd.","Private:Hubei DalCo., Ltd.",Industrials,China,39,2%,5
21938,Hubei Electric Power Company,Private:Hubei El Company,Industrials,China,68,2%,17
22036,"Hubei Energy Group Co., Ltd.",SZSE:000883,Industrials,China,99,4%,22
21445,"Hubei Guochuang Hi-tech Material Co.,Ltd",SZSE:002377,Industrials,China,3,0%,24
21837,"Hubei Wujing Expressway Development Co.,Ltd","Private:Hubei Wujt Co.,Ltd",Industrials,China,100,1%,7
17565,"Hubei Xingfa Chemicals Group Co., Ltd.",SHSE:600141,Industrials,China,91,-4%,9
21952,"Hubei Xingtai Power Generation Co., Ltd.","Private:Hubei XinCo., Ltd.",Industrials,China,80,8%,17
21681,"Hunan Copote Science & Technology Co.,Ltd",SHSE:600476,Industrials,China,34,-7%,16
21810,"Hunan Huadian Changsha Power Generation Co., Ltd.","Private:Hunan HuaCo., Ltd.",Industrials,China,18,3%,13
17116,Hu'nan Post Office,Private:Hu'nan Post Office,Industrials,China,4,3%,6
16177,Hunan Province Post Corp,Private:Hunan ProPost Corp,Industrials,China,21,7%,14
17490,"Hunan Tyen Machinery Co., Ltd.",SHSE:900946,Industrials,China,100,8%,23
21830,Industrial and Commercial Bank of China Limited,SEHK:1398,Industrials,China,51,-2%,17
20722,Information Technology Office of Shenzhen Municipal Public Security Bureau,Private:Inforureau,Industrials,China,62,6%,22
21827,Inner Mongolia First Machinery Group Corporation,Private:Inner Moporation,Industrials,China,34,6%,14
21551,Inner Mongolia MengDian HuaNeng Thermal Power Corporation Limited,SHSE:600863,Industrials,China,20,7%,23
21800,Inner Mongolia PingZhuang Energy Co Ltd.,SZSE:000780,Industrials,China,15,-5%,25
20532,Inner Mongolia Power (Group) Co. Ltd.,Private:Inner Mon Co. Ltd.,Industrials,China,99,-6%,8
17796,"Inner Mongolia Yili Industrial Group Co., Ltd",SHSE:600887,Industrials,China,14,-4%,13
8944,"Inner Mongolia Yitai Investment Co., Ltd.","Private:Inner MonCo., Ltd.",Industrials,China,73,1%,9
8957,InnoLight Technology Corporation,Private:InnoLightrporation,Industrials,China,24,4%,12
8979,"Inspur Electronic Information Industry Co., Ltd.",SZSE:000977,Industrials,China,65,6%,19
8987,"Inspur Software Co., Ltd.",SHSE:600756,Industrials,China,98,0%,14
9001,"JA Solar Holdings Co., Ltd.",NasdaqGS:JASO,Industrials,China,92,8%,23
9013,JCF Groupco,Private:JCF GroupF Groupco,Industrials,China,21,3%,11
9088,"JD.com, Inc.",NasdaqGS:JD,Industrials,China,92,3%,24
9104,"Jiangling Motors Corporation, Ltd.",SZSE:000550,Industrials,China,100,7%,25
16062,"Jiangsu Feixiang Paper Industry Co., Ltd.","Private:Jiangsu FCo., Ltd.",Industrials,China,0,-5%,9
9350,"Jiangsu Hantong Ship Heavy Industry Co., Ltd.","Private:Jiangsu HCo., Ltd.",Industrials,China,45,-3%,23
9361,Jiangsu High Hope Corporation,SHSE:600981,Industrials,China,16,-5%,5
9363,"Jiangsu Kumho Yangnong Chemical Co., Ltd.","Private:Jiangsu KCo., Ltd.",Industrials,China,74,-1%,16
16094,"Jiangsu Lewon Paper Co.,Ltd","Private:Jiangsu Lr Co.,Ltd",Industrials,China,36,4%,14
9391,"Jiangsu Luoke Electric Co.,Ltd","Private:Jiangsu Lc Co.,Ltd",Industrials,China,81,3%,5
16088,Jiangsu Meike Silicon Energy,Private:Jiangnergy,Industrials,China,86,2%,9
15975,"Jiangsu Nanrui Hengchi Electric Apparatus Co., Ltd.","Private:Jiangsu NCo., Ltd.",Industrials,China,27,-4%,13
16075,"Jiangsu Printing Co.,Ltd","Private:Jiangsu Pg Co.,Ltd",Industrials,China,2,-3%,16
15735,Jiangsu Qingda Technology Co. Limited,Private:Jiated,Industrials,China,49,-6%,25
16089,"Jiangsu Rainbow Heavy Industries Co., Ltd.",SZSE:002483,Industrials,China,99,-4%,18
9461,"Jiangsu Shagang International Trade Co., Ltd.","Private:Jiangsu o., Ltd.",Industrials,China,82,-4%,10
9465,"Jiangsu Taishida Electric Co.,Ltd","Private:Jiangsu Tc Co.,Ltd",Industrials,China,91,-5%,15
15718,"Jiangsu Tongchi Automation System Co., Ltd.","Private:Jiangsu TCo., Ltd.",Industrials,China,70,-8%,12
9496,"Jiangsu Tongda Power Technology Co., Ltd.",SZSE:002576,Industrials,China,81,-5%,12
9521,"Jiangsu Xutang Power Generation Co., Ltd.","Private:Jiangsu XCo., Ltd.",Industrials,China,92,-7%,6
15991,"Jiangsu Zhenfa New Energy Science & Technology Co.,Ltd","Private:Jiangsu Zy Co.,Ltd",Industrials,China,66,-1%,13
16102,"Jiangsu Zhongtai Bridge Steel Structure Co., Ltd.",SZSE:002659,Industrials,China,5,-8%,6
9555,"Jiangxi Broadcasting TV Network Co., Ltd",Private:JiaLtd,Industrials,China,73,-6%,9
9556,Jiangxi Electric Power Company,Private:Jiangxi  Company,Industrials,China,57,3%,20
9568,"Jiangxi Ganneng Co., Ltd.",SZSE:000899,Industrials,China,19,-4%,11
9572,"Jiangxi Gas (Gantouqitong) Holdings Co., Ltd.","Private:Jiangxi GCo., Ltd.",Industrials,China,27,0%,21
16079,"Jiangxi High-Tech Industry Investment Co.,Ltd","Private:Jiangxi Ht Co.,Ltd",Industrials,China,93,-8%,18
15992,"Jiangxi Hongdu Aviation Industrial Group, Aircraft Business Assets",Private:Jiangxi s Assets,Industrials,China,95,1%,11
15477,"Jiangxi Hongdu Aviation Industry Co., Ltd.",SHSE:600316,Industrials,China,52,1%,19
16080,"Jiangxi Sornid Hi-Tech Co., Ltd.",Private:Jiang Ltd.,Industrials,China,37,-8%,13
15188,"Jiangxi Yuefeng Power Fuel Co., Ltd","Private:Jiangxi Yl Co.,Ltd",Industrials,China,18,1%,25
9593,Jiangyin Paper Factory,Private:Jiangyin r Factory,Industrials,China,70,7%,12
9775,"Jiangyin Wusong Paper Co.,Ltd","Private:Jiangyin r Co.,Ltd",Industrials,China,78,-5%,19
9779,"Jianxin Mining Co., Ltd.",SZSE:000688,Industrials,China,88,5%,23
15329,"Jiaxing Guangyue Garment Co., Ltd.","Private:Jiaxing GCo., Ltd.",Industrials,China,91,4%,12
9877,"Jiaxing Huachang Electric Furnishing Co., Ltd.","Private:Jiaxing HCo., Ltd.",Industrials,China,44,-8%,21
15995,"Jidong Development Group Co., Ltd.","Private:Jidong Do., Ltd.",Industrials,China,57,7%,5
9902,"Jilin Boda Biochemical Co., Ltd.","Private:Jilin BodCo., Ltd.",Industrials,China,92,6%,9
9929,Jilin Electric Power Company Ltd.,Private:Jilin Elany Ltd.,Industrials,China,37,-1%,7
9970,"Jilin Jichang Electric Power Co., Ltd.","Private:Jilin JicCo., Ltd.",Industrials,China,83,4%,5
10028,"Jilin Jien Nickel Industry Co., LTD",SHSE:600432,Industrials,China,22,6%,5
10033,"Jilin Power Share Co.,Ltd.",SZSE:000875,Industrials,China,69,-1%,21
10060,"Jinhua Chaoneng Auto Sales Co., Ltd.",Private:Jinhua  Ltd.,Industrials,China,57,4%,16
10118,"Jinjiang Electronic System Engineering Co.,Ltd.","Private:Jinjiang  Co.,Ltd.",Industrials,China,99,3%,5
15333,"JinkoSolar Holding Co., Ltd.",NYSE:JKS,Industrials,China,19,-5%,25
16006,"Jinneng Clean Energy Co., Ltd.",Private:Jinne Ltd.,Industrials,China,48,0%,15
9406,Jinxi Axle Company Limited,SHSE:600495,Information Technology,China,22,-2%,10
9095,"Jinzhongnan Railway Coal Sales Co., Ltd., Shanxi Coal Transport Group",Private:Jinzhongrt Group,Information Technology,China,17,-4%,24
4700,"Jishen Chemical Industry Co., Ltd","Private:Jishen Ch Co., Ltd",Information Technology,China,9,-6%,16
10194,"Join-In (Holding) Co.,Ltd",SHSE:600745,Information Technology,China,18,-5%,24
7292,"Jointo Energy Investment Co., ltd. Hebei.",SZSE:000600,Information Technology,China,8,0%,8
10203,"Jue-Choung(Kunshan) Electronics Corp., Ltd.","Private:Jue-Chounrp., Ltd.",Information Technology,China,41,1%,16
6674,"Kailuan Energy Chemical Co.,LTD.",SHSE:600997,Information Technology,China,30,8%,9
9097,Kaisa Group Holdings Ltd.,SEHK:1638,Information Technology,China,46,7%,9
9770,"KAISTAR lighting(Xiamen) Co., Ltd.","Private:KAISTAR lCo., Ltd.",Information Technology,China,34,-7%,16
5889,"Kandi Electric Vehicles Group Co., Ltd.",Private:Kandi Ltd.,Information Technology,China,100,-6%,23
6044,"Kandi Technologies Group, Inc.",NasdaqGS:KNDI,Information Technology,China,33,-6%,9
9154,"Kelti (China) Daily Product Co., Ltd.","Private:Kelti (Co., Ltd.",Information Technology,China,72,-7%,11
5542,"Kingnet Network Co., Ltd.",SZSE:002517,Information Technology,China,80,3%,10
4823,"Kingold Jewelry, Inc.",NasdaqCM:KGJI,Information Technology,China,70,5%,23
8910,Kingsoft Corporation Limited,SEHK:3888,Information Technology,China,67,-4%,5
6790,Kingtone Wirelessinfo Solution Holding Ltd.,NasdaqCM:KONE,Information Technology,China,28,1%,24
9981,Kodenshi SY Corp,Private:Kodenshi i SY Corp,Information Technology,China,36,6%,14
9991,KongZhong Corporation,NasdaqGS:KZ,Information Technology,China,96,-2%,6
15936,Lancy Company Limited,SZSE:002612,Information Technology,China,2,0%,21
5171,"LDK Solar Co., Ltd.",OTCPK:LDKY.Q,Information Technology,China,2,1%,10
9988,"Lecron Internet Media Industry Co., Ltd.",SZSE:300343,Information Technology,China,68,1%,24
10190,"Lens Technology Co., Ltd.",SZSE:300433,Information Technology,China,41,-7%,8
8533,"LG Display (China) Co., Ltd.","Private:LG Displo., Ltd.",Information Technology,China,42,-3%,22
9851,LianLiWei Tech,Private:LianLech,Information Technology,China,40,8%,13
9880,"Liaoning Hongyanhe Nuclear Power Co., Ltd","Private:Liaoning  Co., Ltd",Information Technology,China,99,-5%,16
9456,"LING YUAN IRON & STEEL GROUP CO.,LTD.","Private:LING YUACO.,LTD.",Information Technology,China,59,-1%,10
7611,LingXin Tech,Private:LingXech,Information Technology,China,33,7%,16
10236,"Lingyuan Iron & Steel Co., Ltd.",SHSE:600231,Information Technology,China,27,6%,13
9028,Lingyun Industrial Corporation Limited,SHSE:600480,Information Technology,China,65,2%,14
4968,"Longcheng Paper Industry (Suzhou) Co., Ltd.","Private:LongchengCo., Ltd.",Information Technology,China,64,-3%,25
9121,"Lotte Shanghai Foods Co., Ltd.","Private:Lotte ShaCo., Ltd.",Information Technology,China,88,-3%,11
9039,"Lubi (Shanghai)  International Trading Co.,Ltd.","Private:Lubi (Sha Co.,Ltd.",Information Technology,China,22,8%,20
15939,"Luonan Hengfeng Non-metallic Mining Co.,Ltd","Private:Luonan Heg Co.,Ltd",Information Technology,China,11,2%,10
9805,"Luxshare Precision Industry Co., Ltd.",SZSE:002475,Information Technology,China,21,5%,21
4493,"Meizhou Jiayuan Investment Development Co.,Ltd","Private:Meizhou Jt Co.,Ltd",Information Technology,China,25,2%,23
9892,"Mengji Railway Co.,Ltd.","Private:Mengji Ra Co.,Ltd.",Information Technology,China,98,8%,24
5089,Mianyang Huarui Automobile Co Ltd,Private:Mianyang le Co Ltd,Information Technology,China,65,6%,21
16009,"Midea Group Co., Ltd.",SZSE:000333,Information Technology,China,78,-3%,7
5229,"MOBI Development Co., Ltd.",SEHK:947,Information Technology,China,81,-4%,22
5508,Nam Tai Property Inc.,NYSE:NTP,Information Technology,China,82,2%,13
5687,"Nanjing Baose Co., Ltd.",SZSE:300402,Information Technology,China,13,5%,6
6368,"Nanjing Putian Telecommunications Co., Ltd.",SZSE:200468,Information Technology,China,48,-1%,19
6411,Nantong Cellulose Fibres Co. Ltd.,Private:Nanto Ltd.,Information Technology,China,78,2%,17
7031,"NARI Technology Co., Ltd.",SHSE:600406,Information Technology,China,74,-2%,15
7572,"NetEase, Inc.",NasdaqGS:NTES,Information Technology,China,81,2%,6
21846,New Optics(Guangzhou)Ltd.,Private:New Opticzhou)Ltd.,Information Technology,China,51,3%,10
17450,New Trend International Logistics Technology Ltd,SZSE:300532,Information Technology,China,4,6%,22
22316,"Nice Group Co., Ltd.","Private:Zheijang p Co.,Ltd",Information Technology,China,69,1%,8
22312,"Ning Xia Yin Xing Energy Co., Ltd.",SZSE:000862,Information Technology,China,48,-3%,7
20802,"Ningbo Fengtian Chemical Co.,Ltd","Private:Ningbo Fel Co.,Ltd",Information Technology,China,46,-6%,22
17538,"Ningbo Henghe Mould Co., Ltd.",SZSE:300539,Information Technology,China,89,1%,11
22313,"Ningbo Huaxiang Electronic Co., Ltd.",SZSE:002048,Information Technology,China,32,-5%,19
21843,"Ningbo Jinhe New Materials Co., Ltd.","Private:Ningbo JiCo., Ltd.",Information Technology,China,63,-4%,8
22314,Ningbo Marine Company Limited,SHSE:600798,Information Technology,China,39,0%,5
22315,Ningbo Mobile,Private:Ningbo Mile,Information Technology,China,95,-4%,11
21305,"Ningbo Xinfu Titanium Dioxide Co., Ltd.","Private:Ningbo XiCo., Ltd.",Information Technology,China,10,-6%,9
20894,"Ningbo Yuanxing Industrial Investment Co., Ltd.","Private:Ningbo YuCo., Ltd.",Information Technology,China,49,4%,24
17211,"Ningbo Zhonghua Paper Co., Ltd.","Private:Ningbo ZhCo., Ltd.",Information Technology,China,80,8%,20
20541,"Ningxia Electric Power Investment Group Co., Ltd.","Private:Ningxia o., Ltd.",Information Technology,China,94,8%,7
16863,"Noor International Co.,Ltd","Private:Noor Intel Co.,Ltd",Information Technology,China,25,3%,19
21845,Norinco International Cooperation Ltd.,SZSE:000065,Information Technology,China,44,3%,15
21620,"Noroo (Shanghai) Dope Co., Ltd.","Private:Noroo (ShCo., Ltd.",Information Technology,China,64,0%,18
21349,North China Grid Company Limited,Private:North Ch Limited,Information Technology,China,84,-7%,9
17642,"North Navigation Control Technology Co., Ltd.",SHSE:600435,Information Technology,China,8,2%,12
16192,NQ Mobile Inc.,NYSE:NQ,Information Technology,China,58,1%,16
16193,"Nsfocus Information Technology Co., Ltd.",SZSE:300369,Information Technology,China,54,1%,15
21271,"OB Telecom Electronics Co., Ltd.",SZSE:300270,Information Technology,China,61,-5%,16
22309,"Offshore Oil Engineering Co., Ltd.",SHSE:600583,Information Technology,China,68,2%,17
16497,On-Bright Electronics Incorporated,GTSM:4947,Information Technology,China,25,-6%,7
16188,"Ossen Innovation Co., Ltd.",NasdaqCM:OSN,Information Technology,China,81,7%,19
17141,Paiho Shih Holdings Corporation,TSEC:8404,Information Technology,China,87,0%,22
22311,"Pang Da Automobile Trade Co., Ltd",SHSE:601258,Information Technology,China,38,2%,10
22310,"Panzhihua Gangcheng Group Co., Ltd.",Private:Panzh Ltd.,Information Technology,China,91,2%,25
20536,"Penglai Zhongbai Jinglu Shipping Industry Co., Ltd.","Private:Penglai ZCo., Ltd.",Information Technology,China,46,5%,20
16189,PetroChina Co. Ltd.,SEHK:857,Information Technology,China,41,8%,25
17146,Phoenix New Media Limited,NYSE:FENG,Information Technology,China,95,-6%,10
16191,"Pingxiang Anyuan Tourist Bus Co., Ltd","Private:Pingxia, Ltd",Information Technology,China,47,2%,25
15328,Potevio Group Co Ltd,Private:Potevio p Co Ltd,Information Technology,China,79,8%,13
8924,Powerleader Science & Technology Group Limited,SEHK:8236,Information Technology,China,45,6%,5
13479,"Putian Newpower International Trade Co.,Ltd.","Private:Putian Ne Co.,Ltd.",Information Technology,China,95,-2%,11
16014,"Qi Rui (Shanghai) Industrial Co., Ltd.","Private:Qi Rui (SCo., Ltd.",Information Technology,China,18,-6%,12
16054,"Qiaodan Sports Co., Ltd.","Private:Qiaodan o., Ltd.",Information Technology,China,73,7%,12
8986,Qihoo 360 Technology Co. Ltd.,Private:Qihoo 3 Ltd.,Information Technology,China,52,-4%,22
9162,"Qing Dao Gmb Automotive Co.,Ltd","Private:Qing Dao e Co.,Ltd",Information Technology,China,59,-4%,6
15734,"Qingdao Dishiya Steel Manufacturing Co., Ltd.","Private:Qingdao DCo., Ltd.",Information Technology,China,53,-8%,23
9419,"Qingdao Kyongjo Outdoor Products Co., Ltd.","Private:Qingdao KCo., Ltd.",Information Technology,China,53,5%,7
16091,"Qingdao Shi'an Packing Co., Ltd.","Private:Qingdao SCo., Ltd.",Information Technology,China,89,-4%,5
15380,"Qinghai Salt Lake Industry Co., Ltd.",SZSE:000792,Information Technology,China,40,-5%,6
9502,"Qinhuangdao Qinre Power Generation Co.,Ltd","Private:Qinhuangdn Co.,Ltd",Information Technology,China,54,7%,15
9550,"Qinhuangdao Tianye Tolian Heavy Industry Co., Ltd.",SZSE:002459,Information Technology,China,24,-7%,22
9559,"Qiqihaer Heshan Dairy Co., Ltd","Private:Qiqih, Ltd",Information Technology,China,1,-2%,18
15354,"Quingdao Shi'an Packing Co.,Ltd","Private:Quingdao g Co.,Ltd",Information Technology,China,86,-5%,12
15985,"Recon Technology, Ltd.",NasdaqCM:RCON,Information Technology,China,5,-3%,12
9583,ReneSola Ltd.,NYSE:SOL,Information Technology,China,40,-2%,22
16078,"Runhua Group Co., Ltd.","Private:Runhua GrCo., Ltd.",Information Technology,China,72,0%,24
15206,SAIC Motor Corporation Limited,SHSE:600104,Information Technology,China,83,0%,13
9778,"Sanhe Sewon High Tech Vehicle Parts Co., Ltd.","Private:Sanhe Seo., Ltd.",Information Technology,China,11,4%,5
9780,"SANY Group Co., Ltd.","Private:SANY Groo., Ltd.",Information Technology,China,42,3%,5
9848,Sany Heavy Equipment International Holdings Company Ltd.,SEHK:631,Information Technology,China,21,-3%,14
15994,"Sany Heavy Industry Co., Ltd",SHSE:600031,Information Technology,China,27,-8%,16
9921,"SDIC Power Holdings CO., LTD.",SHSE:600886,Information Technology,China,93,-4%,16
16083,Semiconductor Manufacturing International Corp.,SEHK:981,Information Technology,China,66,-7%,19
9963,"SGSG Science&Technology Co., Ltd. Zhuhai",SZSE:300561,Information Technology,China,46,4%,20
9978,"Shaanxi Baoguang Vacuum Electric Device Co., Ltd.",SHSE:600379,Information Technology,China,57,6%,19
9984,"Shaanxi Enery Group Co.,Ltd","Private:Shaanxi Ep Co.,Ltd",Information Technology,China,1,2%,14
15902,"Shaanxi Ligeance Mineral Resources Co., Ltd.",SZSE:000697,Information Technology,China,100,-1%,25
10016,"Shaanxi Longmen Iron & Steel (Group) Enterprise Co., Ltd","Private:Shaanxi Co., Ltd",Information Technology,China,23,8%,7
10027,Shaanxi Provincial Natural Gas Company Limited,SZSE:002267,Information Technology,China,48,-8%,12
10044,"Shaanxi Sengen Trade Co., Ltd.","Private:Shaanxi SCo., Ltd.",Information Technology,China,51,-1%,14
10105,"Shaanxi Xinghua Chemistry Co.,Ltd",SZSE:002109,Information Technology,China,30,-2%,24
15999,"Shandong Broadcasting TV Network Co., Ltd.",Private:Shandtd.,Information Technology,China,4,5%,24
10138,Shandong Chenming Paper Holdings Limited,SZSE:200488,Information Technology,China,94,4%,8
10143,Shandong Electric Power Corporation,Private:Shandongporation,Information Technology,China,99,2%,9
10150,"Shandong Expressway Weilai Road Co.,Ltd","Private:Shandong d Co.,Ltd",Information Technology,China,16,4%,19
10179,"Shandong High Speed Information Engineering Co.,Ltd","Private:Shandong g Co.,Ltd",Information Technology,China,67,0%,11
16092,"Shandong High Speed Qilu Construction Group Co.,Ltd","Private:Shandong p Co.,Ltd",Information Technology,China,12,-6%,5
16096,"Shandong High-speed Group Co., Ltd.","Private:Shandongo., Ltd.",Information Technology,China,25,8%,18
15996,"Shandong High-speed Qingdaoexpressway Co.,ltd","Private:Shandong y Co.,ltd",Information Technology,China,88,1%,11
16024,"Shandong Hi-Speed Co., Ltd.",SHSE:600350,Information Technology,China,28,5%,21
10231,"Shandong Hi-Speed Road and Bridge Co., Ltd.",SZSE:000498,Information Technology,China,59,-3%,5
16084,"Shandong Hongda Mining Co.,Ltd.",SHSE:600532,Information Technology,China,94,1%,22
16015,"Shandong Humon Smelting Co., Ltd.",SZSE:002237,Information Technology,China,36,7%,14
12208,"Shandong Kangtai Industry Co.,Ltd.","Private:Shandong  Co.,Ltd.",Information Technology,China,64,-6%,12
10094,"Shandong Longda Meat Foodstuff Co., Ltd.",SZSE:002726,Materials,China,15,6%,21
9907,"Shandong Luhua Group Co., Ltd.","Private:Shandong Co., Ltd.",Materials,China,31,8%,16
10034,"Shandong Morui Chemical Co., Ltd","Private:Shand, Ltd",Materials,China,95,8%,5
8940,"Shandong Polymer Biochemicals Co., Ltd.",SZSE:002476,Materials,China,62,7%,14
8732,"Shandong Tangjun Electric Co., Ltd","Private:Shandon, Ltd",Materials,China,87,7%,12
9459,"Shandong Tyan Home Co., Ltd",SHSE:600807,Materials,China,3,6%,8
9455,"Shandong Xinneng Taishan Power Generation Co.,Ltd.",SZSE:000720,Materials,China,85,-8%,11
9449,"Shandong Zhongji Electrical Equipment Co., Ltd",SZSE:300308,Materials,China,29,7%,16
9043,"Shanghai AJ Group Co., Ltd.",SHSE:600643,Materials,China,40,-5%,7
9383,"Shanghai Automobile Brakes Co.,Ltd","Private:Shanghai s Co.,Ltd",Materials,China,17,8%,17
9400,"Shanghai Bayou Industrial Co.,ltd.","Private:Shang,ltd.",Materials,China,0,4%,20
10238,Shanghai Cao Jing Co-Generation Co Ltd,Private:Shanghai on Co Ltd,Materials,China,43,5%,21
9412,"Shanghai Caojing Thermo-Electric Co.,Ltd","Private:Shanghai c Co.,Ltd",Materials,China,66,8%,25
9839,"Shanghai Diesel Engine Co., Ltd.",SHSE:900920,Materials,China,98,1%,9
5402,"Shanghai Dongfang Xijie Commerce Ltd., Co.","Private:Shanghai Ltd., Co.",Materials,China,88,1%,17
9976,Shanghai Electric (Group) Corporation,Private:Shanghai rporation,Materials,China,40,3%,10
9442,Shanghai Electric Group Company Limited,SHSE:601727,Materials,China,78,1%,18
9544,Shanghai Electric Power Company Limited,SHSE:600021,Materials,China,70,2%,16
4542,"Shanghai Fosun Pharmaceutical (Group) Co., Ltd.",SHSE:600196,Materials,China,38,-8%,15
10097,"Shanghai Gangkai Trading Co., Ltd.",Private:Shanghai Gd.,Materials,China,21,-2%,14
9470,"SHANGHAI GAS (GROUP) CO.,LTD.","Private:SHANGHAICO.,LTD.",Materials,China,71,2%,13
21861,"Shanghai General Motors Co., Ltd.","Private:Shanghai Co., Ltd.",Materials,China,76,4%,20
20613,Shanghai Gold Exchange,Private:ShanghaiExchange,Materials,China,45,5%,10
21434,"Shanghai Gonghe Industrial Co., Ltd.","Private:Shanghai G., Ltd.",Materials,China,41,7%,16
17676,"Shanghai Highly (group) Co., Ltd.",SHSE:900910,Materials,China,37,0%,16
16828,"Shanghai Huaye Iron & Steel Group Co., Ltd.",Private:Shang Ltd.,Materials,China,34,5%,23
17549,"Shanghai Jin Jiang International Industrial Investment Co., Ltd.",SHSE:900914,Materials,China,83,-6%,6
17818,"Shanghai Jinhe Mold Co.,Ltd","Private:Shanghai d Co.,Ltd",Materials,China,39,-2%,21
17542,"Shanghai Kangqiao Chinese Herb Slices Co., Ltd.","Private:Shanghaio., Ltd.",Materials,China,65,-6%,22
21431,"Shanghai Kinlita Chemical Co., Ltd.",SZSE:300225,Materials,China,68,-7%,12
21433,"Shanghai Material Trading Co., Ltd.",SHSE:900927,Materials,China,76,-3%,24
17445,"Shanghai Mechanical & Electrical Industry Co., Ltd.",SHSE:600835,Materials,China,45,1%,17
21855,"Shanghai Prime Machinery Co., Ltd.",SEHK:2345,Materials,China,62,-3%,22
21648,"Shanghai Shenhua Holdings Co., Ltd.",SHSE:600653,Materials,China,22,1%,13
17825,Shanghai Toong Yeuan Food Technology Ltd.,Private:Shanghai logy Ltd.,Materials,China,60,3%,7
21410,"Shanghai Waimugailong Paper Co.,Ltd","Private:Shanghai r Co.,Ltd",Materials,China,46,2%,12
21428,"Shanghai Wozi Jintian Blade Co., Ltd.","Private:Shangha., Ltd.",Materials,China,93,-1%,9
17385,"Shanghai Yongxin Paper Material Co.,Ltd.","Private:Shanghai  Co.,Ltd.",Materials,China,63,2%,5
20688,"Shanghai Zhixin Electric Co., Ltd.",SHSE:600517,Materials,China,23,-8%,22
21277,"Shanxi Antai Group Co., Ltd.",SHSE:600408,Materials,China,10,-5%,8
17134,Shanxi Electric Power Corporation,Private:Shanxi Eporation,Materials,China,33,1%,21
17847,"Shanxi Haizi Coking Co.,Ltd.","Private:Shanxi Ha Co.,Ltd.",Materials,China,61,-4%,7
21859,"Shanxi Lanhua Sci-Tech Venture Co.,Ltd",SHSE:600123,Materials,China,20,6%,13
17539,"Shanxi Luneng Jinbei Aluminum Co., Ltd.","Private:Shanxi Lo., Ltd.",Materials,China,25,-2%,21
17080,"Shanxi Meijin Energy Co.,Ltd.",SZSE:000723,Materials,China,97,-3%,17
21850,"Shanxi Shuangliang Cement Co., Ltd.","Private:Shanxi ShCo., Ltd.",Materials,China,0,7%,8
21848,"Shanxi Taigang Stainless Steel Co., Ltd.",SZSE:000825,Materials,China,19,-4%,9
17903,"Shanxi Xintai Iron & Steel Co., Ltd.","Private:Shanxi Xo., Ltd.",Materials,China,71,7%,25
21860,"Shanxi Zhangze Electric Power Co.,Ltd.",SZSE:000767,Materials,China,13,-7%,19
21852,Shenergy Company Limited,SHSE:600642,Materials,China,76,-7%,15
17145,"Shenneng Energy Hopewell Power Heyuan Co.,Ltd","Private:Shenneng n Co.,Ltd",Materials,China,58,-7%,13
21432,"Shenyang Hengrui Auto Parts Co.,Ltd","Private:Shenyang s Co.,Ltd",Materials,China,64,5%,23
21854,"Shenyang Huachen Jinbei Automobile Co.,Ltd","Private:Shenyang e Co.,Ltd",Materials,China,48,7%,16
8963,"Shenyang Huitian Thermal Power Co., Ltd.",SZSE:000692,Materials,China,59,-7%,21
8992,Shenyang Jinbei Automotive Company Limited,SHSE:600609,Materials,China,56,6%,23
9005,"Shenyang Jinshan Energy Co., Ltd.",SHSE:600396,Materials,China,7,-2%,5
15108,Shenzhen Amos Food Marketing Co. Ltd.,Private:ShenzhenCo. Ltd.,Materials,China,57,-1%,21
9353,"Shenzhen Das Intellitech Co., Ltd.",SZSE:002421,Materials,China,1,0%,20
9379,"Shenzhen Deshan Yinshi Co., Ltd.",Private:Shenzhentd.,Materials,China,85,3%,18
9388,"Shenzhen Ecobeauty Co., Ltd.",SZSE:000010,Materials,China,99,-5%,7
15749,"Shenzhen Energy Group Co., Ltd.",SZSE:000027,Materials,China,78,-7%,13
16097,"Shenzhen Geoway Co., Ltd.",SHSE:600462,Materials,China,14,-5%,14
9453,"Shenzhen Glory Medical Co., Ltd.",SZSE:002551,Materials,China,2,-1%,25
9790,"Shenzhen Guo Wei Electronics Co., Ltd. ",Private:Shed. ,Materials,China,10,0%,7
16077,"Shenzhen Hitachi Elevator Engineering Co.,Ltd","Private:Shenzhen g Co.,Ltd",Materials,China,65,4%,12
9842,"Shenzhen Jianyi Decoration Group Co., Ltd.",SZSE:002789,Materials,China,97,7%,18
9844,"Shenzhen Kaifa Technology Co., Ltd.",SZSE:000021,Materials,China,22,-3%,16
9863,"Shenzhen Kinwong Electronic Co.,Ltd.",SHSE:603228,Materials,China,57,6%,14
9873,"Shenzhen Max Technology Co., Ltd","Private:Shenzhe, Ltd",Materials,China,81,-3%,5
9876,Shenzhen Neptunus Interlong Bio-Technique Co. Ltd.,SEHK:8329,Materials,China,18,6%,10
16095,"Shenzhen O-film Tech. Co., Ltd.",SZSE:002456,Materials,China,67,-7%,7
9913,"Shenzhen SED Industry Co.,Ltd.",SZSE:000032,Materials,China,78,2%,12
9914,Shenzhen Subita Network Technology Limited,Private:Shenzhen y Limited,Materials,China,6,-7%,14
9918,"Shenzhen Yuehao Jewelry Co., Ltd.",Private:Shetd.,Materials,China,6,0%,22
9927,"SHENZHEN ZQGAME CO., LTD",SZSE:300052,Materials,China,77,-1%,10
15471,Shougang Corporation,Private:Shougation,Materials,China,92,5%,18
16085,Shunfeng International Clean Energy Limited,SEHK:1165,Materials,China,73,-2%,10
9997,ShunSin Technology Holdings Limited,TSEC:6451,Materials,China,44,6%,5
10006,"Sichuan Cable TV Network Co., Ltd.",Private:Sictd.,Materials,China,25,3%,16
15347,"Sichuan Changhong Electric Co., Ltd.",SHSE:600839,Materials,China,48,0%,24
15472,"Sichuan Fusheng Electrical Appliances Co., Ltd.","Private:Sichuan FCo., Ltd.",Materials,China,44,-2%,24
10212,"Sichuan KELUN PHARMACEUTICAL Co., Ltd.",SZSE:002422,Materials,China,41,6%,16
21971,"Sichuan Mingxing Electric Power Co., Ltd.",SHSE:600101,Others,China,94,5%,19
21995,"Sichuan Troy Information Technology Co., Ltd.",SZSE:300366,Others,China,47,-1%,24
17593,Sihuan Pharmaceutical Holdings Group Ltd.,SEHK:460,Others,China,78,4%,8
16829,SINA Corporation,NasdaqGS:SINA,Others,China,24,4%,8
20464,"Sino Group (Quanzhou) Garment Co., Ltd.","Private:Sino Groo., Ltd.",Others,China,16,2%,22
21999,Sinochem Group,Private:Sinochem hem Group,Others,China,31,0%,18
22019,Sinochem International Corporation,SHSE:600500,Others,China,72,1%,13
22003,"Sinopec Engineering (Group) Co., Ltd.",SEHK:2386,Others,China,23,1%,7
16749,Sinopec Oilfield Service Corporation,SEHK:1033,Others,China,23,8%,21
22007,"Sinopharm Group Co.,Ltd.",SEHK:1099,Others,China,74,-1%,11
17830,Sinotruk (Hong Kong) Limited,SEHK:3808,Others,China,64,-2%,13
16844,"Siping Heat Supply Co., Ltd.","Private:Siping HeCo., Ltd.",Others,China,65,5%,19
22016,SkillSoft Ireland Limited -> SSI Investments II Limited -> Ssi Investments I Limited. Industry,Private:Tsing Ltd.,Others,China,62,5%,10
22006,Sky-mobi Limited,NasdaqGM:MOBI,Others,China,71,-3%,21
17175,"SORL Auto Parts, Inc.",NasdaqGM:SORL,Others,China,41,-1%,23
21970,"Sotech Smarter Equipment Co., Ltd.",SZSE:300173,Others,China,9,-7%,11
20477,"South East (Fujian) Motor Co., Ltd.","Private:South EasCo., Ltd.",Others,China,12,4%,6
22022,"South Huiton Co., Ltd.",SZSE:000920,Others,China,73,2%,9
22017,Staging Finance Holding Ltd.,Private:Staing Ltd.,Others,China,1,7%,5
16752,"State Administration of Radio, Film and Television",Private:State Adlevision,Others,China,55,-3%,18
19124,State Development & Investment Corporation,Private:State Devrporation,Others,China,72,-8%,14
16769,State Grid Corporation of China,Private:State Grof China,Others,China,62,3%,15
22009,State Grid Jiangsu Electric Power Company,Private:State Gr Company,Others,China,59,-8%,25
21968,State Power Investment Corporation,Private:Chinaation,Others,China,43,6%,14
22014,Stellar Megaunion Corp.,SZSE:000892,Others,China,0,-6%,17
22344,"SuihuaDongxing Dairy Co., Ltd","Private:Suihua., Ltd",Others,China,17,-6%,5
17448,"Suning Commerce Group Co., Ltd.",SZSE:002024,Others,China,1,2%,11
22000,Sunny Optical Technology (Group) Company Ltd.,SEHK:2382,Others,China,90,-5%,7
21997,"SUNSEA Telecommunications Co., Ltd.",SZSE:002313,Others,China,87,-1%,10
21985,Sutor Technology Group Limited,OTCPK:TORZ,Others,China,54,2%,5
21991,"Suzhou Huayuan Packaging Co., Ltd.",SZSE:002787,Others,China,71,5%,8
21992,"Suzhou Jindonghao Paper Industry Co., Ltd.","Private:Suzhou JiCo., Ltd.",Others,China,46,0%,12
17481,Suzhou Mobile,Private:Suzhou Mile,Others,China,56,-7%,9
17602,Taiji Computer Corporation Limited,SZSE:002368,Others,China,5,-8%,6
21981,"Talkweb Information System Co.,Ltd.",SZSE:002261,Others,China,75,-5%,18
21998,"Tangshan Donghua Iron & Steel Enterprise Group Co.,Ltd.","Private:Tangshan  Co.,Ltd.",Others,China,44,8%,19
21987,"Tangshan Dunshi Machinery Manufacturing Co., Ltd.","Private:Tangshan Co., Ltd.",Others,China,19,-3%,7
21986,"Tangshan Jidong Cement Co.,Ltd.",SZSE:000401,Others,China,11,-3%,7
21977,"Tangshan Jidong Equipment Engineering Co., Ltd.",SZSE:000856,Others,China,29,-4%,18
22011,"TangShan Port Group Co.,Ltd",SHSE:601000,Others,China,16,-2%,13
16881,"Tangshan Sanyou Chemical Industries Co.,Ltd",SHSE:600409,Others,China,34,5%,5
22015,TCL Corporation,SZSE:000100,Others,China,91,1%,18
22008,"Tech-New Group Co., Ltd.","Private:Tech-New Co., Ltd.",Others,China,48,-7%,21
21967,"TEDA Investment Holding Co., Ltd.","Private:TEDA InveCo., Ltd.",Others,China,68,0%,13
16888,Tencent Holdings Limited,SEHK:700,Others,China,22,-3%,19
17483,The People's Government Of Jiangxi Province,Private:The Peopl Province,Others,China,63,2%,10
17357,The Yomiuri Shinbun Holdings,Private:The YomiHoldings,Others,China,29,-8%,18
16946,Tianjin Binhai Energy & Development Co. Ltd.,SZSE:000695,Others,China,29,-7%,21
21996,Tianjin Binhai TEDA Logistics (Group) Corporation Limited,SEHK:8348,Others,China,45,1%,17
16197,"Tianjin Bohang Chemical Co.,Ltd","Private:Tianjin Bl Co.,Ltd",Others,China,76,-6%,13
17703,"Tianjin Eco-City Investment & Development Co., Ltd.","Private:Tianjin ECo., Ltd.",Others,China,35,-2%,12
17484,Tianjin FAW Toyota Motor Co. Ltd,Private:Tianjin Fr Co. Ltd,Others,China,92,-1%,18
17077,"Tianjin FAW Xiali Automobile Co., Ltd.",SZSE:000927,Others,China,79,-2%,7
16196,"Tianjin Lishen Battery Co., Ltd.","Private:Tianjin o., Ltd.",Others,China,76,-5%,20
21979,Tianjin Pipe (Group) Corporation,Private:Tianjin poration,Others,China,7,-3%,19
21983,Tianjin Port Company Limited,SHSE:600717,Others,China,13,-5%,7
21978,"Tianjin Samwha Hi-Tech Intl Trading Co.,Ltd","Private:Tianjin Sg Co.,Ltd",Others,China,74,4%,24
17084,"Tianjin TEDA Science & Technology Development Group Co., Ltd.","Private:Tianjin TCo., Ltd.",Others,China,34,8%,7
21969,"Tianma Microelectronics Co., Ltd.",SZSE:000050,Others,China,57,-7%,7
17219,Tianneng Power International Limited,SEHK:819,Others,China,68,-6%,7
17529,"Tianyu Electric Co.,Ltd","Private:Tianyu Elc Co.,Ltd",Others,China,23,7%,11
17637,Tibet Galaxy Science & Technology Development Co. Ltd.,SZSE:000752,Others,China,83,1%,13
22018,"Tibet Gaozheng Construction Material Co.,Ltd","Private:Tibet Gaol Co.,Ltd",Others,China,45,3%,7
22021,Tibet Rhodiola Pharmaceutical Holding Company,SHSE:600211,Others,China,2,8%,8
16198,Tong Fang Global (tianjin) Logistics Co. Ltd,Private:Tong Fangs Co. Ltd,Others,China,85,5%,11
22001,"Tong Oil Tools Co., Ltd.",SZSE:300164,Others,China,19,6%,6
17131,Tongchuanghui Tech,Private:Tongcech,Others,China,0,-4%,11
22351,"Tonghua Dongbao Pharmaceutical Co., Ltd.",SHSE:600867,Others,China,49,-4%,13
17216,"Tonghua Hengtai Heating Power Co., Ltd.","Private:Tonghua HCo., Ltd.",Others,China,86,-8%,10
17884,"Tonghua Thermal Power Co.,Ltd","Private:Tonghua Tr Co.,Ltd",Others,China,27,1%,16
22012,"TongLing Zonfa Trinity Technology Co.,Ltd.",SHSE:600520,Others,China,69,3%,13
22002,Tongmei Guangfa Chemical Industry Co.,Private:Tongmei Gustry Co.,Others,China,62,3%,7
17119,Top Resource Conservation and Environment Corp.,SZSE:300332,Others,China,46,7%,14
21974,Trafigura Investment (China) Co Ltd,Private:Trafiguraa) Co Ltd,Others,China,12,-5%,7
21980,TravelSky Technology Ltd.,SEHK:696,Others,China,82,2%,9
21989,Trigiant Group Limited,SEHK:1300,Others,China,75,-6%,7
21988,Tuniu Corporation,NasdaqGM:TOUR,Others,China,97,1%,8
21993,"Tus-Sound Environmental Resources Co., Ltd.",SZSE:000826,Others,China,30,6%,24
17359,Uni-President China Holdings Ltd,SEHK:220,Others,China,100,6%,25
17132,"Universal Scientific Industrial (Shanghai) Co., Ltd.",SHSE:601231,Others,China,73,-7%,17
22010,VisionChina Media Inc.,NasdaqGS:VISN,Others,China,80,0%,5
17630,vivo Communication Technology Co. Ltd,Private:vivo Commy Co. Ltd,Others,China,16,-8%,22
9517,Wanda Group Co Ltd,Private:Wandao Ltd,Real Estate,China,43,-5%,6
7307,Want Want China Holdings Limited,SEHK:151,Real Estate,China,83,5%,12
17981,Wanxiang Group Corporation,Private:Wanxiation,Real Estate,China,10,1%,21
21862,Weibo Corporation,NasdaqGS:WB,Real Estate,China,69,6%,6
17473,Weichai Power Co. Ltd,SEHK:2338,Real Estate,China,0,8%,24
16066,"Weifang Yaxing Chemical Co., Ltd.",SHSE:600319,Real Estate,China,90,3%,16
9022,Welling Holding Limited,SEHK:382,Real Estate,China,41,2%,13
9485,"Wenzhou City Construction Investment Group Co., Ltd.","Private:Wenzhou o., Ltd.",Real Estate,China,25,8%,8
9501,"Wintime Energy Co.,Ltd.",SHSE:600157,Real Estate,China,70,-3%,9
9071,"Wuhan Golden Laser Co., Ltd",SZSE:300220,Telecommunication Services,China,69,4%,25
6504,"Wuhan High Pressure Natural Gas Pipeline Network Co.,Ltd","Private:Wuhan Higk Co.,Ltd",Telecommunication Services,China,77,-6%,22
21679,"Wuhan Iron and Steel Co., Ltd.",SHSE:600005,Telecommunication Services,China,24,-8%,11
17511,"Wuhan Xianggang Metal Products Co., Ltd","Private:Wuhan Xo., Ltd",Telecommunication Services,China,18,3%,12
21863,"Wuxi Hodgen Technology Co.,Ltd.",SZSE:300279,Telecommunication Services,China,85,7%,21
9883,Wuxi Taiji Industry Company Ltd.,SHSE:600667,Utilities,China,54,5%,23
9846,"XCMG Construction Machinery Co., Ltd.",SZSE:000425,Utilities,China,19,-1%,10
9916,"Xi?an Qinhua Natural Gas Co., Ltd.","Private:Xi?an Qio., Ltd.",Utilities,China,95,0%,15
9886,Xiamen C&D Inc.,SHSE:600153,Utilities,China,67,-4%,8
9817,"Xiamen Haicang Investment Group Co., Ltd.","Private:Xiamen HaCo., Ltd.",Utilities,China,25,2%,20
8945,"Xiamen International Airport Co., Ltd.",SHSE:600897,Utilities,China,87,-5%,22
9529,Xiamen Jihong Package Technology Ltd.,SZSE:002803,Utilities,China,95,0%,19
9534,"Xiamen Port Development Co., Ltd.",SZSE:000905,Utilities,China,48,7%,11
10108,"Xiamen Tobacco Industry Co., Ltd.","Private:Xiamen ToCo., Ltd.",Utilities,China,87,-6%,14
9856,Xi'an Aircraft Industry Group Financial Co. Ltd,Private:Xi'an Airl Co. Ltd,Utilities,China,88,0%,6
9484,"Xi'an Aviation Brake Technology Co., Ltd.","Private:Xi'an Avo., Ltd.",Utilities,China,77,2%,9
9862,"Xi'an Dagang Road Machinery Co., Ltd.",SZSE:300103,Utilities,China,48,-1%,18
9772,Xi'an LONGI Silicon Materials Corp.,SHSE:601012,Utilities,China,23,-7%,20
9164,Xian Railway Bureau,Private:Xian Railay Bureau,Utilities,China,31,5%,16
9926,"Xi'an Tianhe Defense Technology Co., Ltd.",SZSE:300397,Utilities,China,7,6%,23
9890,Xiaomi Inc.,Private:Xiaom Inc.,Utilities,China,69,1%,8
9894,"Xing Tang Communications Technology Co., Ltd.","Private:Xing TangCo., Ltd.",Utilities,China,29,-5%,23
9983,"Xin'gan Gan County Power Supply Co.,Ltd","Private:Jiangxi Gy Co.,Ltd",Utilities,China,71,1%,19
9838,Xingtai Heating Power Co,Private:Xingtai H Power Co,Utilities,China,31,6%,11
2345,"Xinjiang GoldWind Science & Technology Co., Ltd.",SZSE:002202,Utilities,China,63,6%,9
6953,Xinlian Tech,Private:Xinliech,Utilities,China,86,8%,25
21960,"Xinzhou Guangyu Coal And Electricity Co., Ltd.","Private:Xinzhou GCo., Ltd.",Utilities,China,18,0%,8
17932,"XJ Electric Co., Ltd.",SZSE:000400,Utilities,China,34,-5%,11
17838,Xj International Engineering Corporation,Private:Xj Internrporation,Utilities,China,23,-7%,24
17931,Yangzijiang Shipbuilding (Holdings) Ltd.,SGX:BS6,Utilities,China,36,2%,11
17547,"Yantai Hengbang Materials Co.,Ltd","Private:Yantai Hes Co.,Ltd",Utilities,China,9,-4%,16
17521,"Yantai Humon Group Co., Ltd.","Private:Yantai HuCo., Ltd.",Utilities,China,90,1%,24
16638,"Yantai Partron Electronics Co.,Ltd","Private:Yantai Pas Co.,Ltd",Utilities,China,34,1%,12
21881,"Yiwu Urban Investment Construction Group Co., Ltd.","Private:Yiwu UrbaCo., Ltd.",Utilities,China,40,4%,17
17444,"YLZ Information Technology Co., Ltd",SZSE:300096,Utilities,China,88,7%,15
21873,"Youcare Pharmaceutical Group Co., Ltd.","Private:Youcare PCo., Ltd.",Utilities,China,6,5%,20
21876,"Yung Shin Pharm. Ind. (kunshan) Co., Ltd.","Private:Yung ShinCo., Ltd.",Utilities,China,81,3%,23
17456,"Yunnan Qujing Chenggang Iron And Steel Co., Ltd.","Private:Yunnan QuCo., Ltd.",Utilities,China,38,7%,17
21879,"Yunnan Suomeng Expressway Co.,Ltd","Private:Yunnan Suy Co.,Ltd",Utilities,China,3,-2%,14
21866,Yunnan Tin Company Limited,SZSE:000960,Utilities,China,9,-2%,6
21872,"Zhangjiagang Port Group Co., Ltd.","Private:ZhangjiagCo., Ltd.",Utilities,China,56,8%,14
21874,"Zhangjiagang Shajing Iron and Steel Trading Co., Ltd..",Private:ZhangLtd..,Utilities,China,38,-5%,19
17458,"Zheijang Hanggang Cold Rolled Band Steel Co.,Ltd","Private:Zheijang l Co.,Ltd",Utilities,China,30,6%,19
21937,"Zheijang Hanggang Ziding Industry & Trade Co.,Ltd","Private:Zheijang e Co.,Ltd",Utilities,China,27,-7%,7
21869,"Zheijiang Metallurgical Steel Logistics Co.,Ltd","Private:Zheijiangs Co.,Ltd",Utilities,China,95,5%,24
21871,"Zhejiang Century Huatong Group Co., Ltd.",SZSE:002602,Utilities,China,57,-5%,25
21868,"Zhejiang Crystal-Optech Co., Ltd.",SZSE:002273,Utilities,China,81,1%,13
17503,Zhejiang Electric Power Corporation,Private:Zhejiang rporation,Utilities,China,68,-8%,11
21927,"Zhejiang Geely Holding Group Co., Ltd.",Private:Zhejian Ltd.,Utilities,China,16,-6%,20
21877,"Zhejiang Haoqing Automobile Manufacturing Co., Ltd.","Private:Zhejiango., Ltd.",Utilities,China,30,3%,12
16243,"Zhejiang Jingxing Paper Joint Stock Co., Ltd.",SZSE:002067,Utilities,China,97,6%,20
17546,"Zhejiang Jujiang Power Supply Manufacturing Co.,Ltd","Private:Zhejiang g Co.,Ltd",Utilities,China,61,-1%,10
21935,"Zhejiang Langdi Group Co., Ltd.",SHSE:603726,Utilities,China,0,7%,22
21878,Zhejiang Tiansheng Holding Group Company Ltd.,Private:Zhejiang pany Ltd.,Utilities,China,11,-4%,21
17459,"Zhejiang Xinxing Industrial Co., Ltd","Private:Zhejiang  Co., Ltd",Utilities,China,27,-4%,15
21882,"Zhejiang Yankon Group Co., Ltd.",SHSE:600261,Utilities,China,79,-3%,6
17744,"Zhejiang Zheneng Electric Power Co., Ltd.",SHSE:600023,Utilities,China,50,5%,18
17500,"Zhejiang Zhengda Paper Group Co., Ltd.","Private:Zhejiangp Co., Ltd.",Utilities,China,39,-1%,16
21959,"Zhejiang ZuoZhongYou Electric Vehicle Service Co., Ltd. ",Private:ZhejiLtd.,Utilities,China,69,0%,8
21957,Zhen Ding Technology Holding Limited,TSEC:4958,Utilities,China,95,-4%,10
17682,"Zhengzhou Xinli Power Co., Ltd.","Private:ZhengzhouCo., Ltd.",Utilities,China,53,7%,24
21936,"Zhenjiang Dongfang Electric Heating Technology Co.,Ltd",SZSE:300217,Utilities,China,40,0%,11
21870,Zhiyuan Investment Group,Private:ZhiyuGroup,Utilities,China,19,5%,6
21864,"Zhonghang Biochemical Energy Zhaodong Co.,Ltd","Private:Zhonghangg Co.,Ltd",Utilities,China,7,4%,25
21880,"Zhonghang Electronic Measuring Instruments Co.,Ltd.",SZSE:300114,Utilities,China,97,1%,10
16100,"Zhongjin Gold Corp., Ltd.",SHSE:600489,Utilities,China,94,-5%,17
16099,"Zhongyuan Environment-Protection Co.,Ltd.",SZSE:000544,Utilities,China,48,4%,25
9358,"Zhumadian Yulong Tongli Cement Co., Ltd.","Private:ZhumadianCo., Ltd.",Utilities,China,27,-5%,25
9360,"Zhuzhou CRRC Times Electric Co., Ltd.",SEHK:3898,Utilities,China,73,-7%,17
16093,"Zhuzhou Jianshe Yamaha Motor Co., Ltd.","Private:Zhuzhou JCo., Ltd.",Utilities,China,7,8%,20
16101,"Zibo Hongda Steel And Iron Co., Ltd.","Private:Zibo Hono., Ltd.",Utilities,China,90,-2%,16
9512,Zijin Mining Group Co. Ltd.,SEHK:2899,Utilities,China,53,5%,19
16061,"Zotye Holding Group Co., Ltd.","Private:Zotye Hoo., Ltd.",Utilities,China,36,3%,16
9837,ZTE Corp.,SZSE:000063,Utilities,China,93,-7%,15
6694,Ecopetrol SA,NYSE:EC,Energy,Colombia,80,6%,19
20895,Recaudo Bogota Sas,Private:Recaudo Bogota Sas,Others,Colombia,38,-4%,23
13121,Koncar - Elektroindustrija d.d.,ZGSE:KOEI-R-A,Industrials,Croatia,79,-4%,23
17423,Hrvatska Elektroprivreda D.D.,Private:Hrvatskaeda D.D.,Utilities,Croatia,93,6%,12
1551,The Cyprus Cement Public Company Ltd,CSE:CCC,Consumer Discretionary,Cyprus,97,-3%,22
1608,SeaBird Exploration PLC,DB:E36,Energy,Cyprus,56,1%,19
16781,Gunvor Group Ltd,Private:Clear L.P.,Energy,Cyprus,50,6%,10
21649,Tanker International Partners,Private:Tanker In Partners,Industrials,Cyprus,23,7%,22
1560,Vassiliko Cement Works Public Limited,CSE:VCW,Materials,Cyprus,81,-7%,5
20619,I-Zone Czech S.R.O.,Private:I-Zone Czch S.R.O.,Consumer Discretionary,Czech Republic,68,-2%,5
21752,"MERIDA CZECH, s.r.o.","Private:MERIDA CZH, s.r.o.",Consumer Discretionary,Czech Republic,49,-7%,22
21429,Noroo Bee Chemical Czech S.R.O.,Private:Noroo Beech S.R.O.,Consumer Discretionary,Czech Republic,36,-3%,13
20648,Sungwoo Hitech s.r.o.,Private:Sungwoo Hch s.r.o.,Consumer Discretionary,Czech Republic,78,-4%,18
18514,Czech Airlines j.s.c,Private:Czech Airnes j.s.c,Industrials,Czech Republic,37,2%,8
16867,JYSK Holding A/S,Private:JYSK g A/S,Consumer Discretionary,Denmark,72,6%,8
16384,The LEO Foundation,Private:The Lation,Foundation,Denmark,2,-4%,12
1526,NNIT A/S,CPSE:NNIT,Healthcare,Denmark,30,-4%,6
1548,Zealand Pharma A/S,CPSE:ZEAL,Healthcare,Denmark,69,6%,17
1514,GN Store Nord A/S,CPSE:GN,Healthcare,Denmark,79,-5%,23
1528,Novo Nordisk A/S,CPSE:NOVO B,Healthcare,Denmark,45,1%,8
19165,LEO Pharma A/S,Private:LEO Pharmharma A/S,Healthcare,Denmark,15,8%,23
22187,Medical Device ApS,Private:Medical e ApS,Healthcare,Denmark,28,5%,16
1520,Københavns Lufthavne A/S,CPSE:KBHL,Industrials,Denmark,66,-8%,16
1507,Dampskibsselskabet Norden A/S,CPSE:DNORD,Industrials,Denmark,86,-5%,15
1508,DSV A/S,CPSE:DSV,Industrials,Denmark,22,3%,11
1523,A.P. Møller - Mærsk A/S,CPSE:MAERSK B,Industrials,Denmark,9,3%,17
17272,Danfoss A/S,Private:Danfos A/S,Industrials,Denmark,39,-7%,16
20918,Moe A/S,Private:Moe A/SMoe A/S,Industrials,Denmark,84,-7%,10
17337,Empresa Pública Flota Petrolera Ecuatoriana,Private:Empreriana,Energy,Ecuador,34,-7%,5
18797,Egyptian General Petroleum Corporation,Private:Egyptian rporation,Energy,Egypt,71,-7%,25
17410,Middle East Glass Manufacturing Company S.A.E.,Private:Middle Ey S.A.E.,Materials,Egypt,68,-5%,14
2355,Cargotec Corporation,HLSE:CGCBV,Industrials,Finland,44,-1%,10
2405,Wärtsilä Oyj Abp,HLSE:WRT1V,Industrials,Finland,8,-5%,22
7284,Nokia Corporation,NYSE:NOK,Information Technology,Finland,12,-3%,14
21748,Maillot SA,Private:Maillot Saillot SA,Others,France,72,8%,20
21711,Travelex Paris SAS,Private:Travelex Paris SAS,Others,France,38,1%,19
2112,Compagnie Plastic Omnium SA,ENXTPA:POM,Consumer Discretionary,France,69,-5%,10
2027,Faurecia S.A.,ENXTPA:EO,Consumer Discretionary,France,70,-4%,21
1994,Burelle SA,ENXTPA:BUR,Consumer Discretionary,France,27,8%,7
2045,Gaumont SA,ENXTPA:GAM,Consumer Discretionary,France,10,-8%,17
2013,S.T.Dupont Société Anonyme,ENXTPA:DPT,Consumer Discretionary,France,13,-6%,17
2042,Groupe Fnac Société Anonyme,ENXTPA:FNAC,Consumer Discretionary,France,76,6%,17
2043,Valeo SA,ENXTPA:FR,Consumer Discretionary,France,12,-5%,21
2084,LVMH Moët Hennessy Louis Vuitton S.E.,ENXTPA:MC,Consumer Discretionary,France,59,-8%,14
2096,Lagardere SCA,ENXTPA:MMB,Consumer Discretionary,France,91,0%,23
2114,Publicis Groupe SA,ENXTPA:PUB,Consumer Discretionary,France,83,-3%,11
2123,Renault SA,ENXTPA:RNO,Consumer Discretionary,France,41,6%,11
2144,Technicolor SA,ENXTPA:TCH,Consumer Discretionary,France,53,7%,9
2146,TF1 Group,ENXTPA:TFI,Consumer Discretionary,France,74,8%,9
2153,Peugeot S.A.,ENXTPA:UG,Consumer Discretionary,France,30,5%,7
2158,Vivendi SA,ENXTPA:VIV,Consumer Discretionary,France,15,-2%,22
18973,France Télévisions SA,Private:France Téisions SA,Consumer Discretionary,France,64,7%,10
21925,Groupe Rousselet,Private:Groupe RoRousselet,Consumer Discretionary,France,57,4%,16
21772,Pathé SAS,Private:Pathé SASPathé SAS,Consumer Discretionary,France,54,1%,24
1995,Carrefour SA,ENXTPA:CA,Consumer Staples,France,25,-1%,12
2105,L'Oreal SA,ENXTPA:OR,Consumer Staples,France,91,3%,21
20641,Yves Rocher sa,Private:Yves RochRocher sa,Consumer Staples,France,93,-3%,10
2046,Bourbon Corporation SA,ENXTPA:GBB,Energy,France,14,1%,18
2053,Gaztransport & Technigaz S.A.,ENXTPA:GTT,Energy,France,37,-5%,9
2032,Esso S.A.F.,ENXTPA:ES,Energy,France,34,-3%,5
2159,Vallourec SA,ENXTPA:VK,Energy,France,98,-7%,22
7696,TOTAL S.A.,NYSE:TOT,Energy,France,7,-4%,5
21788,Perenco S.A.,Private:Perenco Senco S.A.,Energy,France,61,-2%,9
1922,Credit Agricole S.A.,ENXTPA:ACA,Financials,France,39,3%,19
2119,Eurazeo,ENXTPA:RF,Financials,France,73,-7%,22
21926,Direction générale de l'aviation civile,Private:Directionon civile,Government Institution,France,24,6%,6
16418,Republic of France,Private:Republicf France,Government Institution,France,80,5%,9
1952,Neovacs S.A.,ENXTPA:ALNEV,Healthcare,France,7,-3%,12
1988,bioMérieux S.A.,ENXTPA:BIM,Healthcare,France,73,-8%,24
2067,Ipsen S.A.,ENXTPA:IPN,Healthcare,France,60,-4%,11
7570,Sanofi,NYSE:SNY,Healthcare,France,19,0%,6
17590,Etablissement Français Du Sang,Private:Etablissng,Healthcare,France,4,-1%,23
21276,Euromedex France SA,Private:EuromedexFrance SA,Healthcare,France,44,6%,15
16965,LES LABORATOIRES SERVIER SAS,Private:Les Lvier,Healthcare,France,81,-5%,11
16972,Nordic Pharma Group,Private:NordiGroup,Healthcare,France,84,4%,16
20879,Vatech France,Private:Vatech Frch France,Healthcare,France,0,5%,24
1924,Aéroports de Paris S.A.,ENXTPA:ADP,Industrials,France,7,3%,23
1942,Hiolle Industries,ENXTPA:ALHIO,Industrials,France,36,-2%,18
2075,Latécoère S.A.,ENXTPA:LAT,Industrials,France,12,1%,16
1930,ADA SA,ENXTPA:ALADA,Industrials,France,31,-1%,24
2059,Thales SA,ENXTPA:HO,Industrials,France,93,0%,23
1925,Air France-KLM SA,ENXTPA:AF,Industrials,France,75,-3%,21
1954,Alstom SA,ENXTPA:ALO,Industrials,France,39,2%,5
2127,Safran SA,ENXTPA:SAF,Industrials,France,66,1%,25
2132,Compagnie de Saint-Gobain S.A.,ENXTPA:SGO,Industrials,France,76,2%,14
17502,Airbus S.A.S.,Private:Airbus Ss S.A.S.,Industrials,France,79,-1%,21
17840,Allo Taxi,Private:Allo Taxllo Taxi,Industrials,France,10,5%,20
16687,CMA CGM S.A.,Private:CMA C S.A.,Industrials,France,46,-7%,24
17548,Transamine SAS,Private:Transamimine SAS,Industrials,France,100,-1%,18
2049,GameLoft S.E.,ENXTPA:GFT,Information Technology,France,10,2%,8
7585,Sequans Communications S.A.,NYSE:SQNS,Information Technology,France,68,-5%,24
2014,Dassault Systèmes SE,ENXTPA:DSY,Information Technology,France,54,-6%,5
14231,Soitec S.A.,ENXTPA:SOI,Information Technology,France,77,1%,12
17045,Robopolis SAS,Private:Robops SAS,Information Technology,France,41,0%,6
18269,Sagemcom SAS,Private:Sagemcom emcom SAS,Information Technology,France,40,-2%,24
1987,Le Bélier S.A.,ENXTPA:BELI,Materials,France,20,-8%,16
2134,Société Internationale de Plantations d'Hévéas Société Anonyme,ENXTPA:SIPH,Materials,France,63,-2%,5
1926,Air Liquide SA,ENXTPA:AI,Materials,France,6,8%,7
1919,Albioma,ENXTPA:ABIO,Utilities,France,62,-8%,23
2017,Electricite de France SA,ENXTPA:EDF,Utilities,France,66,-7%,13
2025,ENGIE SA,ENXTPA:ENGI,Utilities,France,99,8%,5
21733,EPI Europrop International Gmbh,Private:EPI Europonal Gmbh,Others,Germany,72,-2%,16
1707,SHW AG,DB:SW1,Consumer Discretionary,Germany,52,5%,15
12970,UNIWHEELS AG,WSE:UNW,Consumer Discretionary,Germany,78,-3%,19
1737,ElringKlinger AG,DB:ZIL2,Consumer Discretionary,Germany,69,6%,8
1573,Adidas AG,DB:ADS,Consumer Discretionary,Germany,49,1%,12
1585,Bayerische Motoren Werke Aktiengesellschaft,DB:BMW,Consumer Discretionary,Germany,94,0%,9
1596,Continental Aktiengesellschaft,DB:CON,Consumer Discretionary,Germany,75,6%,15
1675,Porsche Automobil Holding SE,DB:PAH3,Consumer Discretionary,Germany,49,-5%,19
8268,Volkswagen AG,OTCBB:VLKAY,Consumer Discretionary,Germany,94,2%,20
16989,Robert Bosch GmbH,Private:Rober GmbH,Consumer Discretionary,Germany,55,-8%,17
20485,Schumacher Precision Tools Gmbh,Private:Schumacheools Gmbh,Consumer Discretionary,Germany,89,-2%,15
16334,ZF Friedrichshafen AG,Private:ZF TRW Authshafen AG,Consumer Discretionary,Germany,25,-3%,24
13008,Daimler AG,XTRA:DAI,Consumer Discretionary,Germany,2,-3%,5
13059,AUDI AG,XTRA:NSU,Consumer Discretionary,Germany,53,-8%,17
13088,TUI AG,XTRA:TUI1,Consumer Discretionary,Germany,63,-8%,10
16693,ALDI Einkauf GmbH & Co. oHG,Private:ALDI . oHG,Consumer Staples,Germany,4,6%,11
15381,FinTech Group AG,DB:FTK,Financials,Germany,69,5%,7
6627,Deutsche Bank AG,NYSE:DB,Financials,Germany,58,-1%,22
18655,Elmotec Statomat Holding Gmbh,Private:Elmotec ing Gmbh,Financials,Germany,14,4%,18
16398,Government of Germany,Private:Germanyernment,Government Institution,Germany,86,-6%,22
13095,4SC AG,XTRA:VSC1,Healthcare,Germany,65,-6%,15
1583,Biotest AG,DB:BIO3,Healthcare,Germany,70,4%,22
1619,Fresenius Medical Care AG & Co. KGAA,DB:FME,Healthcare,Germany,0,-6%,20
1622,Fresenius SE & Co KGaA,DB:FRE,Healthcare,Germany,59,-1%,9
8237,Bayer AG,OTCBB:BAYRY,Healthcare,Germany,96,-6%,12
8254,Merck KGaA,OTCBB:MKGAY,Healthcare,Germany,46,1%,25
21796,BioNTech AG,Private:BioNTech oNTech AG,Healthcare,Germany,78,-8%,15
16688,Boehringer Ingelheim GmbH (Boehringer),Private:Boehrnger,Healthcare,Germany,29,3%,23
16666,C.H. Boehringer Sohn AG & Co. KG,Private:C.H. o. KG,Healthcare,Germany,24,-3%,14
16988,Sana Kliniken AG,Private:Sana en AG,Healthcare,Germany,9,-6%,9
1683,Rheinmetall AG,DB:RHM,Industrials,Germany,44,5%,8
13085,11 88 0 Solutions AG,XTRA:TGT,Industrials,Germany,5,-6%,12
13052,MTU Aero Engines AG,XTRA:MTX,Industrials,Germany,76,-8%,13
1590,BayWa AG,DB:BYW,Industrials,Germany,1,4%,10
1627,DMG Mori AG,DB:GIL,Industrials,Germany,37,3%,6
1641,Hapag-Lloyd AG,DB:HLAG,Industrials,Germany,30,4%,10
1649,KSB Aktiengesellschaft,DB:KSB,Industrials,Germany,16,-1%,6
1655,Deutsche Lufthansa Aktiengesellschaft,DB:LHA,Industrials,Germany,99,-6%,16
1660,MAN SE,DB:MAN,Industrials,Germany,94,-7%,13
8688,Siemens Aktiengesellschaft,OTCPK:SIEG.Y,Industrials,Germany,28,7%,17
17370,Dr. August Oetker KG,Private:Dr. Aer KG,Industrials,Germany,87,1%,18
17870,EUROJET Turbo GmbH,Private:EUROJET rbo GmbH,Industrials,Germany,43,-3%,18
17240,Harmonic Drive AG,Private:Harmonive AG,Industrials,Germany,39,2%,20
17334,ib vogt GmbH,Private:ib vo GmbH,Industrials,Germany,16,-6%,20
20700,M+W Group GmbH,Private:MW Grouproup GmbH,Industrials,Germany,67,6%,12
17908,"Nordmann, Rassmann GmbH",Private:Nordmannann GmbH,Industrials,Germany,5,3%,10
17288,Oldendorff Carriers GmbH & Co. KG,Private:Oldeno. KG,Industrials,Germany,23,0%,14
21636,Partner-Tech Europe Gmbh,Private:Partner-Trope Gmbh,Industrials,Germany,65,1%,16
22063,RTS Räder Technik Service GmbH,Private:RTS Rädervice GmbH,Industrials,Germany,38,1%,11
13003,Brenntag AG,XTRA:BNR,Industrials,Germany,31,-6%,10
13012,Deutsche Post AG,XTRA:DPW,Industrials,Germany,39,5%,6
13063,OSRAM Licht AG,XTRA:OSR,Industrials,Germany,28,0%,9
1568,artec technologies AG,DB:A6T,Information Technology,Germany,91,3%,22
755,Global PVQ SE,BAYB:QCE,Information Technology,Germany,82,6%,20
1689,SAP SE,DB:SAP,Information Technology,Germany,38,7%,17
18289,Centrosolar Group AG,Private:Centrup AG,Information Technology,Germany,79,4%,19
18258,COMPAREX AG,Private:COMPAREXPAREX AG,Information Technology,Germany,53,-2%,17
16795,Coriant GmbH,Private:Coria GmbH,Information Technology,Germany,57,7%,23
21840,Fortron/Source (Europa) Gmbh,Private:Fortron/Sopa) Gmbh,Information Technology,Germany,21,-8%,14
17170,SICK AG,Private:SIC AG,Information Technology,Germany,22,0%,13
20533,Witeg Labortechnik GmbH,Private:Witeg Labhnik GmbH,Information Technology,Germany,12,-5%,18
12998,ADVA Optical Networking SE,XTRA:ADV,Information Technology,Germany,13,-8%,21
13034,Infineon Technologies AG,XTRA:IFX,Information Technology,Germany,99,-5%,24
13083,SolarWorld AG,XTRA:SWVK,Information Technology,Germany,6,8%,19
13092,Viscom AG,XTRA:V6C,Information Technology,Germany,85,4%,10
1561,Covestro AG,DB:1COV,Materials,Germany,56,-1%,11
1617,Evonik Industries AG,DB:EVK,Materials,Germany,68,6%,16
8236,BASF SE,OTCBB:BASFY,Materials,Germany,73,3%,13
20645,Heipa Technische Papiere Gmbh,Private:Heipa Teciere Gmbh,Materials,Germany,79,6%,15
13086,ThyssenKrupp AG,XTRA:TKA,Materials,Germany,16,5%,12
16958,Kern & Sohn Gmbh,Private:Kern  Gmbh,Others,Germany,89,-4%,12
17287,Reederei Santa Containerschiffe MbH & Co.,Private:Reede& Co.,Others,Germany,15,-7%,22
17276,WABCOWURTH Workshop Services GmbH,Private:WABCO GmbH,Others,Germany,42,0%,24
1607,Deutsche Telekom AG,DB:DTE,Telecommunication Services,Germany,36,3%,18
1614,E.ON SE,DB:EOAN,Utilities,Germany,76,3%,7
1686,RWE AG,DB:RWE,Utilities,Germany,74,0%,18
16850,Conergy Global Solutions GmbH,Private:Coner GmbH,Utilities,Germany,86,-5%,18
5192,Capital Product Partners L.P.,NasdaqGS:CPLP,Energy,Greece,31,0%,21
7693,Tsakos Energy Navigation Limited,NYSE:TNP,Energy,Greece,44,1%,20
5364,"StealthGas, Inc.",NasdaqGS:GASS,Energy,Greece,8,1%,22
4440,Euroseas Ltd.,NasdaqCM:ESEA,Industrials,Greece,26,-6%,14
5234,Diana Containerships Inc.,NasdaqGS:DCIX,Industrials,Greece,47,7%,22
6681,Diana Shipping Inc.,NYSE:DSX,Industrials,Greece,83,7%,25
6622,Danaos Corporation,NYSE:DAC,Industrials,Greece,37,0%,8
8639,Paragon Shipping Inc.,OTCPK:PRGN.F,Industrials,Greece,9,-4%,25
16792,Capital Maritime & Trading Corp.,Private:CapitCorp.,Industrials,Greece,73,-5%,14
737,Titan Cement Company S.A.,ATSE:TITK,Materials,Greece,35,6%,14
20967,Aekyung Hong Kong Company Limited,Private:Aekyung Hy Limited,Others,Hong Kong,100,2%,21
8882,AKM Industrial Co. Ltd.,SEHK:1639,Consumer Discretionary,Hong Kong,11,-4%,15
9020,Alibaba Pictures Group Limited,SEHK:1060,Consumer Discretionary,Hong Kong,61,8%,18
8975,Allied Group Limited,SEHK:373,Consumer Discretionary,Hong Kong,53,-3%,9
8970,Asia Satellite Telecommunications Holdings Limited,SEHK:1135,Consumer Discretionary,Hong Kong,66,0%,24
9059,Ausnutria Dairy Corporation Ltd,SEHK:1717,Consumer Discretionary,Hong Kong,9,-4%,11
3463,Bauhaus International (Holdings) Limited,SEHK:483,Consumer Discretionary,Hong Kong,12,2%,18
9014,Binhai Investment Company Limited,SEHK:2886,Consumer Discretionary,Hong Kong,4,-4%,23
8872,Bonso Electronics International Inc.,NasdaqCM:BNSO,Consumer Discretionary,Hong Kong,70,8%,11
9132,Brilliance China Automotive Holdings Ltd.,SEHK:1114,Consumer Discretionary,Hong Kong,87,-5%,11
9048,C.P. Pokphand Co. Ltd.,SEHK:43,Consumer Discretionary,Hong Kong,40,-5%,18
8941,Cargo Services Far East Limited,Private:Cargo Se Limited,Consumer Discretionary,Hong Kong,36,7%,9
9138,CCT Fortis Holdings Limited,SEHK:138,Consumer Discretionary,Hong Kong,69,-2%,24
9008,Centron Telecom International Holding Ltd.,SEHK:1155,Consumer Discretionary,Hong Kong,68,8%,6
9112,Champion Technology Holdings Limited,SEHK:92,Consumer Discretionary,Hong Kong,57,-8%,13
20494,Chengdu PUTIAN Telecommunications Cable Company Limited,SEHK:1202,Consumer Discretionary,Hong Kong,18,0%,21
22153,Cheung Kong Infrastructure Holdings Ltd.,SEHK:1038,Consumer Discretionary,Hong Kong,5,0%,19
8873,China Agri-Products Exchange Limited,SEHK:149,Consumer Discretionary,Hong Kong,98,-2%,22
8886,China City Infrastructure Group Limited,SEHK:2349,Consumer Discretionary,Hong Kong,4,-5%,15
13498,China Electronics Corporation Holdings Company Limited,SEHK:85,Consumer Discretionary,Hong Kong,57,1%,18
8921,China Foods Limited,SEHK:506,Consumer Discretionary,Hong Kong,81,-4%,23
16000,China Gas Holdings Limited,SEHK:384,Consumer Discretionary,Hong Kong,70,7%,12
8999,China HaoRan Recycling Company Limited,KOSDAQ:A900090,Consumer Discretionary,Hong Kong,83,6%,17
9025,China Mengniu Dairy Co. Ltd.,HK:2319,Consumer Discretionary,Hong Kong,9,4%,16
15187,"China Merchants Energy Shipping Co., Ltd.",SHSE:601872,Consumer Discretionary,Hong Kong,67,2%,20
9033,China Mobile Limited,NYSE:CHL,Consumer Discretionary,Hong Kong,90,8%,21
9058,"China Precision Steel, Inc.",OTCPK:CPSL,Consumer Discretionary,Hong Kong,39,-3%,19
15762,China Railway Group Limited,SHSE:601390,Consumer Discretionary,Hong Kong,33,5%,17
9087,China Resources Power Holdings Company Limited,SEHK:836,Consumer Discretionary,Hong Kong,19,-2%,19
9143,China Sandi Holdings Limited,SEHK:910,Consumer Discretionary,Hong Kong,82,-1%,20
9128,China Sinostar Group Company Limited,SEHK:485,Consumer Staples,Hong Kong,35,0%,23
8883,China Traditional Chinese Medicine Holdings Co. Limited,SEHK:570,Consumer Staples,Hong Kong,50,-4%,22
8937,China Unicom (Hong Kong) Limited,NYSE:CHU,Consumer Staples,Hong Kong,74,3%,22
2347,Chinney Kin Wing Holdings Limited,SEHK:1556,Consumer Staples,Hong Kong,20,0%,22
16065,CK Hutchison Holdings Limited,SEHK:1,Consumer Staples,Hong Kong,97,-2%,11
9064,CLP Holdings Limited,SEHK:2,Consumer Staples,Hong Kong,70,-5%,10
9145,CNOOC Ltd.,SEHK:883,Energy,Hong Kong,8,-3%,12
9574,Comba Telecom Systems Holdings Ltd.,SEHK:2342,Energy,Hong Kong,22,5%,24
8930,Convenience Retail Asia Limited,SEHK:831,Energy,Hong Kong,81,-5%,12
8867,COSCO SHIPPING Ports Limited,SEHK:1199,Financials,Hong Kong,47,-2%,5
8920,Creative China Holdings Limited,SEHK:8368,Financials,Hong Kong,97,7%,19
15304,Daimyung-Daidong (H.K.) Limited,Private:Daimyung-) Limited,Financials,Hong Kong,23,-5%,15
9032,Dickson Concepts (International) Limited,SEHK:113,Financials,Hong Kong,57,7%,8
16436,"Dong Rong Xing Ye Electronics Co., Limited","Private:Dong Rong, Limited",Government Institution,Hong Kong,92,-1%,20
9073,eCargo Holdings Limited,ASX:ECG,Healthcare,Hong Kong,41,8%,16
20616,Enviro Energy International Holdings Limited,SEHK:1102,Healthcare,Hong Kong,16,-2%,17
9074,"Etta Trading Company, Limited","Private:Etta Trad, Limited",Healthcare,Hong Kong,95,-3%,25
9093,Farrow Star Limited,Private:Farrow Str Limited,Healthcare,Hong Kong,66,7%,18
9155,Fountain Set (Holdings) Limited,SEHK:420,Healthcare,Hong Kong,71,3%,6
8897,Geely Automobile Holdings Ltd.,SEHK:175,Industrials,Hong Kong,61,-3%,10
9053,Global-Tech Advanced Innovations Inc.,NasdaqGM:GAI,Industrials,Hong Kong,9,-7%,23
9159,Guangdong Investment Ltd.,SEHK:270,Industrials,Hong Kong,3,-1%,13
8925,Guangnan (Holdings) Limited,SEHK:1203,Industrials,Hong Kong,55,0%,11
8943,"Haoseng Industries Company, Ltd.",Private:Haotd.,Industrials,Hong Kong,41,-7%,10
10114,Hengdeli Holdings Limited,SEHK:3389,Industrials,Hong Kong,35,-1%,14
8931,Hi Sun Technology (China) Ltd.,SEHK:818,Industrials,Hong Kong,86,3%,16
8989,HMV Digital China Group Limited,SEHK:8078,Industrials,Hong Kong,43,4%,11
21212,Hong Kong Aircraft Engineering Company Limited,SEHK:44,Industrials,Hong Kong,4,5%,13
17475,Hong Kong Special Administrative Region Of The People's Republic Of China,Private:Hong KonOf China,Industrials,Hong Kong,44,-8%,9
16648,"Hong Kong Zhanliang Industrial Co.,Ltd.","Private:Hong Kong Co.,Ltd.",Industrials,Hong Kong,33,-8%,18
22053,Hua Lien International (Holding) Company Limited,SEHK:969,Industrials,Hong Kong,23,1%,11
8863,Info Space (H.K.) Limited,Private:Info Spac) Limited,Industrials,Hong Kong,17,1%,19
15761,Inspur International Limited,SEHK:596,Industrials,Hong Kong,95,4%,10
9012,IRC Limited,SEHK:1029,Industrials,Hong Kong,4,-7%,25
9113,"Jilin Qifeng Chemical Fiber Co.,Ltd.",SEHK:549,Industrials,Hong Kong,19,-6%,24
15784,Johnson Electric Holdings Limited,SEHK:179,Industrials,Hong Kong,51,-3%,22
9562,J-Tex Garment Company Limited,Private:J-Tex Gary Limited,Industrials,Hong Kong,24,7%,12
8980,Juna International Limited,Private:Juna Intel Limited,Information Technology,Hong Kong,95,-2%,24
8891,K. Wah International Holdings Ltd.,SEHK:173,Information Technology,Hong Kong,27,7%,18
4374,Kai Sun International Group Limited,Private:Kai Sun Ip Limited,Information Technology,Hong Kong,45,0%,9
13145,Kam Hing International Holdings Ltd.,SEHK:2307,Information Technology,Hong Kong,38,-2%,12
9123,King Fook Holdings Limited,SEHK:280,Information Technology,Hong Kong,82,0%,6
574,Kingboard Laminates Holdings Limited,SEHK:1888,Information Technology,Hong Kong,22,5%,9
9134,Kingston Financial Group Limited,SEHK:1031,Information Technology,Hong Kong,37,-8%,7
8898,KuangChi Science Limited,SEHK:439,Information Technology,Hong Kong,7,-5%,20
8952,Lee's Pharmaceutical Holdings Ltd.,SEHK:950,Information Technology,Hong Kong,65,0%,9
9110,Lenovo Group Limited,OTCBB:LNVGY,Information Technology,Hong Kong,59,0%,19
9016,L'sea Resources International Holdings Limited,SEHK:195,Information Technology,Hong Kong,4,-5%,14
9075,"Marvelous Enterprise Company, Ltd.","Private:Marvelousany, Ltd.",Information Technology,Hong Kong,61,-6%,16
8935,MIE Holdings Corporation,SEHK:1555,Information Technology,Hong Kong,38,-5%,19
6013,Netcom Technology (H.K.) Limited,Private:Netted,Information Technology,Hong Kong,22,-2%,24
8894,New World Development Company Limited,SEHK:17,Information Technology,Hong Kong,80,-4%,20
8252,Nine Dragons Paper (Holdings) Limited,SEHK:2689,Information Technology,Hong Kong,100,-2%,11
21273,North Asia Strategic Holdings Ltd.,SEHK:8080,Information Technology,Hong Kong,92,-1%,24
20614,O Luxe Holdings Limited,SEHK:860,Information Technology,Hong Kong,45,5%,17
20703,On Real International Holdings Limited,SEHK:8245,Information Technology,Hong Kong,90,-8%,9
21347,Orient Overseas (International) Limited,SEHK:316,Information Technology,Hong Kong,16,-8%,5
16977,Pacific Textiles Holdings Limited,SEHK:1382,Information Technology,Hong Kong,40,-1%,25
16247,Pangaea (H.K.) Limited,Private:Pangited,Information Technology,Hong Kong,51,-7%,13
17619,PAX Global Technology Limited,SEHK:327,Information Technology,Hong Kong,58,3%,11
9011,Powertech Distribution Ltd.,Private:Powtd.,Information Technology,Hong Kong,67,5%,15
9101,"Qingdao TGOOD Electric Co., Ltd.",SZSE:300001,Information Technology,Hong Kong,7,-1%,18
9117,Regent Pacific Group Ltd,SEHK:575,Information Technology,Hong Kong,2,-3%,11
9150,Regina Miracle International (Holdings) Limited,SEHK:2199,Information Technology,Hong Kong,61,-7%,12
15783,S&C Engine Group Limited,KOSDAQ:A900080,Information Technology,Hong Kong,19,4%,13
8899,S.A.S. Dragon Holdings Limited,SEHK:1184,Materials,Hong Kong,30,-4%,10
3464,SFK Construction Holdings Limited,SEHK:1447,Materials,Hong Kong,99,-2%,8
8365,Shougang Concord International Enterprises Company Limited,SEHK:697,Materials,Hong Kong,80,0%,10
8866,Shougang Fushan Resources Group Limited,SEHK:639,Materials,Hong Kong,2,-1%,9
9070,Shun Tak Holdings Ltd.,SEHK:242,Materials,Hong Kong,85,-4%,13
8879,Sinomax Group Limited,SEHK:1418,Materials,Hong Kong,5,2%,17
9096,SITC International Holdings Company Limited,SEHK:1308,Materials,Hong Kong,75,8%,9
9082,SJM Holdings Limited,SEHK:880,Materials,Hong Kong,62,1%,5
9052,SOCAM Development Limited,SEHK:983,Materials,Hong Kong,27,-2%,5
8960,Software House International,Private:Softwareal,Materials,Hong Kong,90,6%,11
15469,Styland Holdings Limited,SEHK:211,Materials,Hong Kong,15,1%,5
20380,Sun Hung Kai Properties Limited,SEHK:16,Others,Hong Kong,11,8%,19
21373,SUNeVision Holdings Ltd.,SEHK:8008,Others,Hong Kong,30,0%,25
17006,Techtronic Industries Company Limited,SEHK:669,Others,Hong Kong,64,-8%,10
8983,Texwinca Holdings Limited,SEHK:321,Real Estate,Hong Kong,92,-4%,5
8903,The FM Group,Private:The FM Gr FM Group,Real Estate,Hong Kong,6,-3%,8
9152,Tianjin Development Holdings Ltd.,SEHK:882,Real Estate,Hong Kong,55,0%,19
16098,Tibet Water Resources Ltd.,SEHK:1115,Real Estate,Hong Kong,10,-5%,22
8933,Top Form International Ltd.,SEHK:333,Real Estate,Hong Kong,42,2%,17
13474,TPV Technology Limited,SEHK:903,Real Estate,Hong Kong,14,7%,15
8939,Truly International Holdings Limited,SEHK:732,Real Estate,Hong Kong,25,1%,8
8889,Uni-Bio Science Group Limited,SEHK:690,Telecommunication Services,Hong Kong,82,5%,19
6511,UTStarcom Holdings Corp.,NasdaqGS:UTSI,Telecommunication Services,Hong Kong,82,4%,12
6514,Vtech Holdings Ltd.,SEHK:303,Telecommunication Services,Hong Kong,17,-3%,17
9131,Wang On Group Limited,SEHK:1222,Utilities,Hong Kong,63,-7%,8
9004,Xinchen China Power Holdings Limited,SEHK:1148,Utilities,Hong Kong,82,-8%,10
8870,Yangtzekiang Garment Limited,SEHK:294,Utilities,Hong Kong,58,6%,10
13465,YGM Trading Ltd.,SEHK:375,Utilities,Hong Kong,23,2%,9
8997,Yongsheng Advanced Materials Company Limited,SEHK:3608,Utilities,Hong Kong,66,-3%,22
16086,Yue Yuen Industrial (Holdings) Limited,SEHK:551,Utilities,Hong Kong,43,-6%,18
9144,Zhejiang Shibao Company Limited,SEHK:1057,Utilities,Hong Kong,26,-2%,10
1359,MOL Magyar Olaj- es Gazipari Nyilvanosan Mukodo Reszvenytarsasag,BUSE:MOL,Energy,Hungary,40,-4%,10
8245,Richter Gedeon Vegyészeti Gyár Nyilvánosan Muködo Rt.,OTCBB:GEDSF,Healthcare,Hungary,76,-4%,7
20770,Mathrubhumi,Private:Mathrubhuthrubhumi,Others,India,30,-1%,10
21055,Renew Akshay Urja Privated Limited,Private:Renew Aksd Limited,Others,India,61,-5%,22
1111,Bosch Ltd,BSE:500530,Consumer Discretionary,India,5,7%,16
1112,Tata Motors Limited,BSE:500570,Consumer Discretionary,India,85,4%,5
1182,Motherson Sumi Systems Ltd.,BSE:517334,Consumer Discretionary,India,34,-7%,15
1194,Munjal Showa Limited,BSE:520043,Consumer Discretionary,India,48,-6%,25
15184,Nakoda Limited,BSE:521030,Consumer Discretionary,India,41,1%,22
1262,Maruti Suzuki India Limited,BSE:532500,Consumer Discretionary,India,5,-3%,11
6168,Mahindra & Mahindra Limited,NSEI:M&M,Consumer Discretionary,India,16,6%,25
21394,Pyung Hwa India Private Limited,Private:Pyung Hwae Limited,Consumer Discretionary,India,97,-2%,22
21474,Shop CJ Network Private Limited,Private:Shop CJ Ne Limited,Consumer Discretionary,India,81,-8%,15
1227,Indian Oil Corporation Limited,BSE:530965,Energy,India,72,3%,13
6150,Cairn India Limited,NSEI:CAIRN,Energy,India,26,7%,11
6173,Oil and Natural Gas Corp. Ltd.,NSEI:ONGC,Energy,India,21,-3%,13
6176,Reliance Industries Limited,NSEI:RELIANCE,Energy,India,8,-2%,10
16871,International Coal Ventures Private Limited,Private:Intted,Energy,India,66,4%,14
20439,Biogenomics Ltd.,Private:Biogenomimics Ltd.,Healthcare,India,36,0%,10
22173,Krypton Biomedicals Pvt. Ltd,Private:Krypton B Pvt. Ltd,Healthcare,India,99,-7%,8
1061,Blue Star Limited,BSE:500067,Industrials,India,56,8%,9
6164,Inox Wind Limited,NSEI:INOXWIND,Industrials,India,77,2%,15
16640,Hindustan Aeronautics Ltd,Private:Hindus Ltd,Industrials,India,27,6%,12
7852,WNS (Holdings) Ltd.,NYSE:WNS,Information Technology,India,72,-4%,9
15037,Hindalco Industries Limited,BSE:500440,Materials,India,77,5%,22
1104,Tata Steel Limited,BSE:500470,Materials,India,41,7%,17
1295,Time Technoplast Ltd.,BSE:532856,Materials,India,19,2%,9
21197,India Seah Precision Metal Private Limited,Private:India Seae Limited,Materials,India,22,-5%,15
21856,Indian Farmers Fertiliser Cooperative Limited,Private:Indian Fae Limited,Materials,India,0,2%,19
17004,"Scorpio Commercial Management S.a.m.,","Private:Scorpa.m.,",Others,India,61,-5%,10
1255,Bharti Airtel Limited,BSE:532454,Telecommunication Services,India,45,-4%,15
13742,Idea Cellular Limited,NSEI:IDEA,Telecommunication Services,India,42,7%,13
2807,PT Astra International Tbk,JKSE:ASII,Consumer Discretionary,Indonesia,97,3%,6
2930,PT Tiphone Mobile Indonesia Tbk,JKSE:TELE,Consumer Discretionary,Indonesia,35,3%,19
17386,PT Astra Honda Motor,Private:PT AsMotor,Consumer Discretionary,Indonesia,14,7%,14
16498,PT Trikomsel Oke Tbk,Private:PT Trike Tbk,Consumer Discretionary,Indonesia,49,5%,19
2859,PT Indofood CBP Sukses Makmur Tbk,JKSE:ICBP,Consumer Staples,Indonesia,23,5%,19
2873,PT Japfa Comfeed Indonesia tbk,JKSE:JPFA,Consumer Staples,Indonesia,14,2%,18
2918,PT Salim Ivomas Pratama Tbk,JKSE:SIMP,Consumer Staples,Indonesia,57,7%,9
16995,PT Pertamina (Persero),Private:PT Pesero,Energy,Indonesia,88,5%,19
2795,PT Adhi Karya (Persero) Tbk,JKSE:ADHI,Industrials,Indonesia,27,3%,8
2871,PT Jembo Cable Company Tbk,JKSE:JECC,Industrials,Indonesia,95,4%,25
2874,PT KMI Wire and Cable Tbk,JKSE:KBLI,Industrials,Indonesia,82,8%,18
2928,PT Tembaga Mulia Semanan Tbk,JKSE:TBMS,Industrials,Indonesia,98,8%,5
20806,PT Hanil Jaya Steel,Private:PT Hanil aya Steel,Industrials,Indonesia,60,-4%,20
22259,Pt Teguhsindo Lestaritama,Private:Pt Teguhsstaritama,Industrials,Indonesia,64,7%,19
2802,Perusahaan Perseroan (Persero) PT Aneka Tambang Tbk,JKSE:ANTM,Materials,Indonesia,98,5%,13
2845,PT Lotte Chemical Titan Tbk,JKSE:FPNI,Materials,Indonesia,86,5%,10
14125,PT Indal Aluminium Industry Tbk,JKSE:INAI,Materials,Indonesia,29,3%,8
14118,PT Krakatau Steel (Persero) Tbk,JKSE:KRAS,Materials,Indonesia,33,2%,10
2903,PT Pelat Timah Nusantara Tbk,JKSE:NIKL,Materials,Indonesia,83,-3%,5
21326,"Dongjin Indonesia, Pt","Private:Dongjin Inesia, Pt",Materials,Indonesia,33,2%,7
21448,PT Pupuk Indonesia,Private:PT Pupuk Indonesia,Materials,Indonesia,14,-6%,15
20905,PT Uangel Indonesia,Private:PT UangelIndonesia,Others,Indonesia,46,-4%,9
2934,PT Telekomunikasi Indonesia Tbk,JKSE:TLKM,Telecommunication Services,Indonesia,36,-3%,5
2907,PT Perusahaan Gas Negara (Persero) Tbk,JKSE:PGAS,Utilities,Indonesia,54,6%,7
21759,Sazeh Gostar Saipa,Private:Sazeh Gostar Saipa,Consumer Discretionary,Iran,55,7%,10
22174,Takapou Zist Co,Private:Takapou Zu Zist Co,Healthcare,Iran,27,-2%,21
20915,Crouse (P.J.S.) Co.,Private:Crouse (PJ.S.) Co.,Industrials,Iran,55,-1%,8
6231,Adient plc,NYSE:ADNT,Consumer Discretionary,Ireland,78,-5%,11
4996,Alkermes plc,NasdaqGS:ALKS,Healthcare,Ireland,79,4%,16
5509,Jazz Pharmaceuticals Public Limited Company,NasdaqGS:JAZZ,Healthcare,Ireland,35,-6%,7
6248,Allergan plc,NYSE:AGN,Healthcare,Ireland,10,8%,6
5884,Shire plc,NasdaqGS:SHPG,Healthcare,Ireland,4,1%,20
5279,Endo International plc,NasdaqGS:ENDP,Healthcare,Ireland,76,3%,20
5449,ICON Public Limited Company,NasdaqGS:ICLR,Healthcare,Ireland,48,0%,6
7429,Perrigo Company plc,NYSE:PRGO,Healthcare,Ireland,27,-4%,14
7162,Medtronic plc,NYSE:MDT,Healthcare,Ireland,40,7%,24
6239,AerCap Holdings N.V.,NYSE:AER,Industrials,Ireland,22,4%,7
6752,Eaton Corporation plc,NYSE:ETN,Industrials,Ireland,18,-3%,20
7016,Ingersoll-Rand Plc,NYSE:IR,Industrials,Ireland,46,0%,14
7028,Johnson Controls International plc,NYSE:JCI,Industrials,Ireland,69,-6%,9
21547,Kingston Digital International Limited,Private:Kingston l Limited,Industrials,Ireland,69,-1%,25
5939,Seagate Technology plc,NasdaqGS:STX,Information Technology,Ireland,92,-1%,14
6226,Accenture plc,NYSE:ACN,Information Technology,Ireland,68,-8%,8
8723,Tefron Ltd.,OTCPK:TFRF.F,Consumer Discretionary,Israel,27,0%,16
4642,G. Willi Food-International Ltd.,NasdaqCM:WILC,Consumer Staples,Israel,34,-6%,11
10270,Shufersal Ltd,TASE:SAE,Consumer Staples,Israel,50,5%,23
16407,Israel Government,Private:Isrent,Government Institution,Israel,96,-8%,18
7636,Taro Pharmaceutical Industries Ltd.,NYSE:TARO,Healthcare,Israel,69,5%,5
7657,Teva Pharmaceutical Industries Limited,NYSE:TEVA,Healthcare,Israel,41,-6%,24
21446,"ProSpec-Tany TechnoGene, Ltd.","Private:ProSpec-Tene, Ltd.",Healthcare,Israel,16,-4%,21
4566,RADA Electronic Industries Ltd.,NasdaqCM:RADA,Industrials,Israel,1,6%,8
4909,"TAT Technologies, Ltd.",NasdaqGM:TATT,Industrials,Israel,79,2%,21
5295,Elbit Systems Ltd.,NasdaqGS:ESLT,Industrials,Israel,62,3%,17
16885,Israel Aerospace Industries Ltd.,Private:Israe Ltd.,Industrials,Israel,65,4%,23
17196,ZIM Integrated Shipping Services Ltd.,Private:ZIM I Ltd.,Industrials,Israel,95,0%,24
7149,Mobileye N.V.,NYSE:MBLY,Information Technology,Israel,97,-7%,17
5059,AudioCodes Ltd.,NasdaqGS:AUDC,Information Technology,Israel,2,8%,25
5698,Nova Measuring Instruments Ltd.,NasdaqGS:NVMI,Information Technology,Israel,97,0%,8
16733,EZchip Semiconductor Ltd.,Private:ezchipsemi,Information Technology,Israel,61,3%,14
5608,Magic Software Enterprises Ltd.,NasdaqGS:MGIC,Information Technology,Israel,48,-5%,13
4523,MER Telemanagement Solutions Ltd.,NasdaqCM:MTSL,Information Technology,Israel,83,-4%,21
5623,"Mellanox Technologies, Ltd.",NasdaqGS:MLNX,Information Technology,Israel,6,3%,18
10255,Israel Chemicals Ltd.,TASE:ICL,Materials,Israel,79,-4%,20
17365,Alon Blue Square Israel Ltd,Private:Alon l Ltd,Real Estate,Israel,66,-2%,13
885,Sogefi SpA,BIT:SO,Consumer Discretionary,Italy,2,-1%,18
778,Aeffe S.p.A.,BIT:AEF,Consumer Discretionary,Italy,45,-6%,13
795,Brembo S.p.A.,BIT:BRE,Consumer Discretionary,Italy,47,0%,20
21587,Benetton Group SpA,Private:SCHEMA37 37 S.r.l.,Consumer Discretionary,Italy,20,-7%,16
6692,Eni SpA,NYSE:E,Energy,Italy,79,6%,6
16639,A. Menarini Industrie Farmaceutiche Riunite Srl,Private:A. Mee Srl,Healthcare,Italy,10,-2%,8
17492,Acs Dobfar spa,Private:Acs Dobfbfar spa,Healthcare,Italy,3,-2%,23
840,Leonardo - Finmeccanica S.p.a.,BIT:LDO,Industrials,Italy,66,2%,10
14771,Prysmian S.p.A.,BIT:PRY,Industrials,Italy,77,7%,15
22235,Solmine Multimedia Italy Srl,Private:Solmine MItaly Srl,Industrials,Italy,12,8%,11
17828,STF S.p.A.,Private:STF S.p.F S.p.A.,Industrials,Italy,29,7%,9
777,Acotel Group SpA,BIT:ACO,Information Technology,Italy,44,-8%,21
816,Digital Bros S.p.A.,BIT:DIB,Information Technology,Italy,2,4%,20
894,Telecom Italia S.p.A.,BIT:TIT,Telecommunication Services,Italy,24,-8%,13
820,Enel SpA,BIT:ENEL,Utilities,Italy,32,-6%,25
16109," 
High Energy Accelerator Research Organization","Private:HIGH ENERION, KEK ",Others,Japan,26,-5%,10
21007," East Eastern Co., Ltd.","Private: East EasCo., Ltd.",Others,Japan,62,8%,9
16110,"3-D Matrix, Ltd.",JASDAQ:7777,Others,Japan,65,-4%,16
22373,A&T Corporation,JASDAQ:6722,Others,Japan,46,3%,18
22397,"Abist Co.,Ltd.",TSE:6087,Others,Japan,71,-7%,9
16118,"Accordia Golf Co., Ltd.",TSE:2131,Others,Japan,58,3%,23
22353,"AccuRna, Inc.","Private:AccuRna, Rna, Inc.",Others,Japan,10,0%,11
16119,ACKG Limited,JASDAQ:2498,Others,Japan,72,3%,10
16120,Acmos Inc.,JASDAQ:6888,Others,Japan,19,8%,9
16132,"Acrodea, Inc.",TSE:3823,Others,Japan,90,-6%,17
22380,Actcall Inc.,TSE:6064,Others,Japan,28,-6%,15
22377,"Adachi New Industrial Co., Ltd.",Private:Adatd.,Others,Japan,10,4%,19
22381,Added Value Corporation.,Private:Added Vaoration.,Others,Japan,18,2%,6
22374,Ad-Sol Nissin Corporation,TSE:3837,Others,Japan,92,-2%,10
22392,"Adtec Plasma Technology Co., Ltd.",TSE:6668,Others,Japan,100,0%,24
16142,"Advanced Media, Inc.",TSE:3773,Others,Japan,54,3%,18
22375,Advantest Corporation,TSE:6857,Others,Japan,81,-8%,17
22393,Adways Inc.,TSE:2489,Others,Japan,38,8%,16
22371,"Aeon Co., Ltd.",TSE:8267,Others,Japan,16,-6%,15
22389,Aeon Delight Co Ltd.,TSE:9787,Others,Japan,94,-5%,23
22391,"AEON Financial Service Co., Ltd.",TSE:8570,Others,Japan,59,-3%,24
22390,Aeon Hokkaido Corporation,TSE:7512,Others,Japan,48,-3%,6
21895,"Aeon Kyushu Co., Ltd.",JASDAQ:2653,Others,Japan,41,-6%,10
22357,"AEON Mall Co., Ltd.",TSE:8905,Others,Japan,21,2%,17
16155,"AFC-HD AMS Life Science Co., Ltd.",JASDAQ:2927,Others,Japan,24,-4%,20
21014,"AG Japan Co.,Ltd",Private:AG Ltd,Others,Japan,5,3%,25
17564,AGP Corporation,JASDAQ:9377,Others,Japan,99,5%,8
20762,Agro-Kanesho Co. Ltd.,TSE:4955,Others,Japan,92,-3%,18
22396,AGS Corporation,TSE:3648,Others,Japan,40,3%,18
21009,"Ahkun Co., Ltd.",TSE:3927,Others,Japan,41,-8%,22
16168,Ahresty Corporation,TSE:5852,Others,Japan,65,1%,17
22378,Ai Holdings Corporation,TSE:3076,Others,Japan,62,-7%,11
21061,Aichi (Prefecture of),Private:Aichi (Prcture of),Others,Japan,75,2%,18
11423,"Aichi Electric Co., Ltd.",NSE:6623,Consumer Discretionary,Japan,54,-6%,19
11002,Aichi Steel Corp.,TSE:5482,Consumer Discretionary,Japan,6,8%,6
11437,"Aichi Tire Industry Co., Ltd.",Private:Aictd.,Consumer Discretionary,Japan,10,-4%,21
11341,Aiming Inc.,TSE:3911,Consumer Discretionary,Japan,47,-7%,16
11428,Air Water Inc.,TSE:4088,Consumer Discretionary,Japan,34,-8%,5
11100,Airex Inc.,JASDAQ:6944,Consumer Discretionary,Japan,14,-8%,18
7683,Airport Intelligent Communications Service Co Ltd,Private:AirpoLtd,Consumer Discretionary,Japan,27,7%,12
15265,Aisan Industry Co. Ltd.,TSE:7283,Consumer Discretionary,Japan,96,-7%,24
15273,"Aisei Pharmacy Co.,Ltd.",TSE:3170,Consumer Discretionary,Japan,5,7%,16
15268,"Aisin Seiki Co., Ltd.",TSE:7259,Consumer Discretionary,Japan,97,-4%,7
11869,"Ajinomoto Co., Inc.",TSE:2802,Consumer Discretionary,Japan,13,7%,11
11552,"Akatsuki Eazima Co., Ltd.",JASDAQ:1997,Consumer Discretionary,Japan,56,5%,25
2560,Akatsuki Inc.,TSE:3932,Consumer Discretionary,Japan,0,2%,15
11907,Akebono Brake Industry Co. Ltd.,TSE:7238,Consumer Discretionary,Japan,34,-3%,22
11901,"Akikawa Foods & Farms Co., Ltd.",JASDAQ:1380,Consumer Discretionary,Japan,75,8%,6
11589,Akindo Sushiro Co. Ltd.,Private:Akindo Su Co. Ltd.,Consumer Discretionary,Japan,60,7%,5
2694,ALCONIX Corporation,TSE:3036,Consumer Discretionary,Japan,70,7%,13
2675,Alfresa Holdings Corporation,TSE:2784,Consumer Discretionary,Japan,100,0%,15
11292,Alinco Incorporated,TSE:5933,Consumer Discretionary,Japan,30,-8%,21
11442,Allied Telesis Holdings K.K.,TSE:6835,Consumer Discretionary,Japan,34,5%,20
11400,All-Japan Federation Of National Health Insurance Organizations,Private:All-Japannizations,Consumer Discretionary,Japan,96,-2%,24
11300,Alpha Group Inc.,JASDAQ:3322,Consumer Discretionary,Japan,68,8%,16
11318,Alpha Systems Inc.,TSE:4719,Consumer Discretionary,Japan,55,-2%,21
11441,"AlphaPolis Co.,Ltd.",TSE:9467,Consumer Discretionary,Japan,42,8%,22
11196,"Alphax Food System Co., Ltd",JASDAQ:3814,Consumer Discretionary,Japan,7,-2%,20
11405,"Alpine Electronics, Inc.",TSE:6816,Consumer Discretionary,Japan,91,-3%,16
11179,Alps Electric Co. Ltd.,TSE:6770,Consumer Discretionary,Japan,27,8%,22
11416,"Alps Logistics Co., Ltd.",TSE:9055,Consumer Discretionary,Japan,1,-7%,23
11282,Altech Co. Ltd.,TSE:9972,Consumer Discretionary,Japan,77,1%,23
2562,Altplus Inc.,TSE:3672,Consumer Discretionary,Japan,19,-2%,13
11299,amana inc.,TSE:2402,Consumer Discretionary,Japan,6,-7%,15
11488,"Ams Co.,Ltd.","Private:Ams Co.,L Co.,Ltd.",Consumer Discretionary,Japan,8,6%,16
2621,AMUSE Inc.,TSE:4301,Consumer Discretionary,Japan,77,6%,20
10755,ANA Holdings Inc.,TSE:9202,Consumer Discretionary,Japan,69,-5%,23
11421,"Andor Co., Ltd.",JASDAQ:4640,Consumer Discretionary,Japan,44,1%,23
10648,"AnGes MG, Inc.",TSE:4563,Consumer Discretionary,Japan,83,-5%,9
10641,Aohata Corporation,TSE:2830,Consumer Discretionary,Japan,59,7%,25
11108,"AOI Electronics Co., Ltd.",TSE:6832,Consumer Discretionary,Japan,31,-2%,13
11835,AOI Pro.Inc.,TSE:9607,Consumer Discretionary,Japan,90,0%,17
2727,"Aomori Kogyo Co., Ltd.","Private:Aomori KoCo., Ltd.",Consumer Discretionary,Japan,8,3%,16
2727,Aomori Kosoku Offset K.K.,Private:Aomori Kset K.K.,Consumer Discretionary,Japan,4,8%,12
11547,"Apamanshop Holdings Co.,Ltd.",JASDAQ:8889,Consumer Discretionary,Japan,59,2%,12
2749,Apic Yamada Corporation,TSE:6300,Consumer Discretionary,Japan,88,-2%,6
2709,Aplix IP Holdings Corporation,TSE:3727,Consumer Discretionary,Japan,9,-7%,9
11450,"app2go Co.,Ltd ",Private:apptd ,Consumer Discretionary,Japan,37,-6%,7
11337,"AppBank Co., Ltd.",TSE:6177,Consumer Discretionary,Japan,46,1%,16
11412,"Applied Co.,Ltd.",JASDAQ:3020,Consumer Discretionary,Japan,9,-3%,17
11434,Aqualine Ltd.,TSE:6173,Consumer Discretionary,Japan,62,1%,6
11414,Arata Corporation,TSE:2733,Consumer Discretionary,Japan,31,-5%,25
2750,"ARIAKE JAPAN Co., Ltd.",TSE:2815,Consumer Discretionary,Japan,66,-3%,15
11417,"Arisawa Manufacturing Co., Ltd.",TSE:5208,Consumer Discretionary,Japan,35,-1%,8
11195,"Arkcore, Inc.",NSE:3384,Consumer Discretionary,Japan,38,-1%,5
2724,"ARKRAY, Inc.","Private:ARKRAY, AY, Inc.",Consumer Discretionary,Japan,83,-7%,10
11410,ARRK Corporation,TSE:7873,Consumer Discretionary,Japan,9,7%,19
11347,"Art Green Co., Ltd.",NSE:3419,Consumer Discretionary,Japan,30,5%,7
11407,Art Union Inc.,Private:Art Unionnion Inc.,Consumer Discretionary,Japan,6,-3%,15
11301,"Artiza Networks, Inc.",TSE:6778,Consumer Discretionary,Japan,95,-5%,20
11038,Artner Company Ltd.,JASDAQ:2163,Consumer Discretionary,Japan,64,-7%,15
11447,Asagami Corporation,TSE:9311,Consumer Discretionary,Japan,68,-4%,22
11427,Asahi Broadcasting Corporation,TSE:9405,Consumer Discretionary,Japan,48,-7%,12
11425,"Asahi Concrete Works Co., Ltd.",TSE:5268,Consumer Discretionary,Japan,59,-8%,18
11415,Asahi Glass Co. Ltd.,TSE:5201,Consumer Discretionary,Japan,70,6%,22
11036,"Asahi Group Holdings, Ltd.",TSE:2502,Consumer Discretionary,Japan,3,-2%,22
11227,"Asahi Holdings,Inc.",TSE:5857,Consumer Discretionary,Japan,32,-4%,11
2653,"Asahi Industries Co., Ltd.",JASDAQ:5456,Consumer Discretionary,Japan,33,-1%,11
11404,"Asahi Intelligence Service Co., Ltd.",TSE:9799,Consumer Discretionary,Japan,55,-1%,5
10746,Asahi Kasei Corporation,TSE:3407,Consumer Discretionary,Japan,52,-1%,8
11454,"Asahi Kogyosha Co., Ltd.",TSE:1975,Consumer Discretionary,Japan,25,-3%,12
2721,Asahi Rubber Inc.,JASDAQ:5162,Consumer Discretionary,Japan,45,-5%,8
2726,"Asahi Sho-Ko-Sha Co.,Ltd.","Private:Asahi Sho Co.,Ltd.",Consumer Discretionary,Japan,99,8%,16
2723,"Asahimatsu Foods Co., Ltd.",TSE:2911,Consumer Discretionary,Japan,91,7%,7
11526,Asahipen Corporation,TSE:4623,Consumer Discretionary,Japan,16,8%,14
10985,"Asahi-Seiki Manufacturing Co., Ltd.",NSE:6111,Consumer Discretionary,Japan,99,-2%,15
10749,"Asaka Riken Co., Ltd.",JASDAQ:5724,Consumer Discretionary,Japan,94,6%,20
6135,"Asaoka Oshima Co., Ltd.",Private:Asaoka  Ltd.,Consumer Discretionary,Japan,43,3%,11
11413,"Aseed Holdings Co.,Ltd.",TSE:9959,Consumer Discretionary,Japan,26,4%,8
11535,"Asgent, Inc.",JASDAQ:4288,Consumer Discretionary,Japan,30,2%,5
11438,"Ashimori Industry Co., Ltd.",TSE:3526,Consumer Discretionary,Japan,76,-2%,17
11045,Aska Corp.,NSE:7227,Consumer Discretionary,Japan,42,1%,25
16538,"ASKA Pharmaceutical Co., Ltd.",TSE:4514,Consumer Discretionary,Japan,80,2%,20
11443,ASKUL Corporation,TSE:2678,Consumer Discretionary,Japan,89,-2%,18
11033,Asmo Corporation,TSE:2654,Consumer Discretionary,Japan,47,1%,21
11383,"Aso Foam Crete Co.,Ltd.",JASDAQ:1730,Consumer Discretionary,Japan,49,-3%,11
11044,"Aso Shoji Co., Ltd.",Private:Aso Sho Ltd.,Consumer Discretionary,Japan,38,-5%,20
11419,"Astellas Pharma, Inc.",TSE:4503,Consumer Discretionary,Japan,37,-3%,13
11448,Asti Corporation,TSE:6899,Consumer Discretionary,Japan,33,-6%,7
11424,"Asukafoods Co.,Ltd.","Private:AsukafooCo.,Ltd.",Consumer Discretionary,Japan,80,0%,10
6125,"Asunaro Aoki Construction Co.,Ltd.",TSE:1865,Consumer Discretionary,Japan,70,3%,24
11199,Ateam Inc.,TSE:3662,Consumer Discretionary,Japan,41,-4%,11
10536,Atect Corporation,JASDAQ:4241,Consumer Discretionary,Japan,51,6%,25
11444,"Atlasan De company Co., Ltd.","Private:Atlasan DCo., Ltd.",Consumer Discretionary,Japan,12,-3%,16
11439,ATOM Corporation,TSE:7412,Consumer Discretionary,Japan,50,1%,17
2722,"Atsugi Co.,Ltd.",TSE:3529,Consumer Discretionary,Japan,80,-5%,25
2538,AuBEX CORPORATION,TSE:3583,Consumer Discretionary,Japan,10,-1%,10
10925,"Aucfan Co., Ltd.",TSE:3674,Consumer Discretionary,Japan,75,-7%,19
2775,"Autobacs Seven Co., Ltd.",TSE:9832,Consumer Discretionary,Japan,15,-4%,10
15236,Aval Data Corporation,JASDAQ:6918,Consumer Discretionary,Japan,56,3%,6
2577,Avex Group Holdings Inc.,TSE:7860,Consumer Discretionary,Japan,86,-3%,9
10568,"Axalta Shinto Coating Systems Co., Ltd.","Private:Axalta So., Ltd.",Consumer Discretionary,Japan,14,-3%,13
6116,Axel Mark Inc.,TSE:3624,Consumer Discretionary,Japan,73,-8%,9
2626,AXELL Corporation,TSE:6730,Consumer Discretionary,Japan,71,-7%,8
10475,"AXYZ Co., Ltd.",JASDAQ:1381,Consumer Discretionary,Japan,5,4%,6
11593,"Azuma Shipping Co., Ltd.",TSE:9380,Consumer Discretionary,Japan,98,-3%,16
2735,BANDAI NAMCO Holdings Inc.,TSE:7832,Consumer Discretionary,Japan,83,3%,9
11558,"Belc CO., LTD.",TSE:9974,Consumer Discretionary,Japan,25,3%,7
10578,"Bell-Park Co.,Ltd.",JASDAQ:9441,Consumer Discretionary,Japan,80,-4%,12
11445,"BELLSYSTEM24 Holdings, Inc.",TSE:6183,Consumer Discretionary,Japan,25,6%,12
11545,Best Denki Co. Ltd.,TSE:8175,Consumer Discretionary,Japan,13,-7%,22
2720,"Besterra Co., Ltd.",TSE:1433,Consumer Discretionary,Japan,10,0%,15
2755,BestLife Inc.,Private:BestLifeife Inc.,Consumer Discretionary,Japan,26,-8%,7
10292,"Betsukei, K.K.","Private:Betsukei,kei, K.K.",Consumer Discretionary,Japan,91,-2%,7
15246,Bic Camera Inc.,TSE:3048,Consumer Discretionary,Japan,51,0%,10
2787,BIKE-O & COMPANY Ltd.,TSE:3377,Consumer Discretionary,Japan,19,-8%,25
10472,Billing System Corporation,TSE:3623,Consumer Discretionary,Japan,54,1%,21
11030,"Biofermin Pharmaceutical Co., Ltd.",TSE:4517,Consumer Discretionary,Japan,88,-2%,7
11426,BML Inc.,TSE:4694,Consumer Discretionary,Japan,93,-5%,23
11096,Bourbon Corporation,TSE:2208,Consumer Discretionary,Japan,57,-5%,5
2536,BP Castrol K.K.,TSE:5015,Consumer Discretionary,Japan,10,6%,12
11902,Br. Holdings Corporation,TSE:1726,Consumer Discretionary,Japan,95,-4%,5
15251,"Brain co, Ltd.","Private:Brain co, co, Ltd.",Consumer Discretionary,Japan,97,6%,7
2173,BrainPad Inc.,TSE:3655,Consumer Discretionary,Japan,75,-2%,7
10935,Bridgestone Corporation,OTCPK:BRDC.Y,Consumer Discretionary,Japan,75,0%,6
15259,"Broadband Tower, Inc.",JASDAQ:3776,Consumer Discretionary,Japan,55,-2%,5
11836,"Broadleaf Co., Ltd.",TSE:3673,Consumer Discretionary,Japan,99,-2%,16
2777,"Broccoli Co., Ltd.",JASDAQ:2706,Consumer Discretionary,Japan,90,-4%,8
11837,"Brother Industries, Ltd.",TSE:6448,Consumer Discretionary,Japan,67,-3%,6
11462,"Buffalo Co., Ltd.",JASDAQ:3352,Consumer Discretionary,Japan,28,2%,23
11042,"Bull-Dog Sauce Co.,Ltd.",TSE:2804,Consumer Discretionary,Japan,51,-2%,22
11834,Bunka Shutter Co. Ltd.,TSE:5930,Consumer Discretionary,Japan,11,-3%,18
11153,CAC Holdings Corporation,TSE:4725,Consumer Discretionary,Japan,75,-7%,21
10594,"CALBEE, Inc.",TSE:2229,Consumer Discretionary,Japan,1,-7%,10
11868,Calsonic Kansei Corporation,TSE:7248,Consumer Discretionary,Japan,65,-8%,23
11063,"CanBas Co., Ltd.",TSE:4575,Consumer Discretionary,Japan,92,-3%,6
11914,Canon Electronics Inc.,TSE:7739,Consumer Discretionary,Japan,52,-3%,18
2587,Canon Inc.,TSE:7751,Consumer Discretionary,Japan,81,6%,15
10399,Canox Corporation,NSE:8076,Consumer Discretionary,Japan,6,-2%,16
6134,Capcom Co. Ltd.,TSE:9697,Consumer Discretionary,Japan,47,0%,9
2754,"Car Mate Mfg. Co., Ltd.",JASDAQ:7297,Consumer Discretionary,Japan,1,3%,16
2508,"Care Service Co., Ltd.",JASDAQ:2425,Consumer Discretionary,Japan,6,3%,25
11097,Care Twentyone Corporation,JASDAQ:2373,Consumer Discretionary,Japan,22,-4%,21
15232,"CAREER BANK Co., Ltd.",SPSE:4834,Consumer Discretionary,Japan,86,0%,12
11637,"CAREERLINK Co.,Ltd.",TSE:6070,Consumer Discretionary,Japan,87,-6%,7
16313,"Carna Biosciences, Inc.",JASDAQ:4572,Consumer Discretionary,Japan,2,3%,10
11449,"CAVE Interactive CO.,LTD.",JASDAQ:3760,Consumer Discretionary,Japan,53,5%,19
11181,C-CUBE Corporation,NSE:1936,Consumer Discretionary,Japan,97,6%,22
11596,"CDS Co., Ltd.",TSE:2169,Consumer Discretionary,Japan,59,-5%,14
10393,"CE Holdings Co., Ltd.",TSE:4320,Consumer Discretionary,Japan,55,-1%,24
11433,CellSeed Inc.,JASDAQ:7776,Consumer Discretionary,Japan,61,2%,11
2553,Central Corporation,Private:Central Crporation,Consumer Discretionary,Japan,15,2%,18
10444,Central Japan Railway Company,TSE:9022,Consumer Discretionary,Japan,15,1%,20
2597,Central Nippon Expressway Company Limited ,Private:Cened ,Consumer Discretionary,Japan,89,6%,10
10850,"Central Security Patrols Co., Ltd.",TSE:9740,Consumer Discretionary,Japan,34,1%,16
11819,Ceres inc.,TSE:3696,Consumer Discretionary,Japan,71,5%,17
11814,"Chateraise Co.,Ltd.","Private:Chaterais Co.,Ltd.",Consumer Discretionary,Japan,85,4%,14
11815,"Chemipro Kasei Kaisha, Ltd.",TSE:4960,Consumer Discretionary,Japan,22,-4%,18
6144,Chiba Kokumin Kenko Hoken Dantai Rengokai,Private:Chiba Kok Rengokai,Consumer Discretionary,Japan,21,5%,14
11816,"CHIeru Co.,Ltd.",JASDAQ:3933,Consumer Discretionary,Japan,78,-3%,10
11817,Chiome Bioscience Inc.,TSE:4583,Consumer Discretionary,Japan,21,6%,23
10767,"Chita Kogyo Co., Ltd.",NSE:5993,Consumer Discretionary,Japan,78,-5%,22
10871,Chiyoda Co. Ltd.,TSE:8185,Consumer Discretionary,Japan,41,-2%,23
11860,Chiyoda Corporation,TSE:6366,Consumer Discretionary,Japan,40,3%,14
11225,"Chiyoda Ute Co., Ltd.",JASDAQ:5387,Consumer Discretionary,Japan,36,7%,6
11089,"Chodai Co., Ltd.",TSE:9624,Consumer Discretionary,Japan,5,0%,19
11031,"Chori Co.,Ltd.",TSE:8014,Consumer Discretionary,Japan,100,-2%,10
11820,"Choshu Industry Co., Ltd. ","Private:Choshu , Ltd. ",Consumer Discretionary,Japan,96,6%,19
11658,"Chubu Electric Power Company, Incorporated",TSE:9502,Consumer Discretionary,Japan,67,-4%,13
11475,"Chubu Steel Plate Co., Ltd.",NSE:5461,Consumer Discretionary,Japan,28,-6%,21
10313,"Chubu-Nippon Broadcasting Co., Ltd.",NSE:9402,Consumer Discretionary,Japan,97,3%,8
10540,Chudenko Corporation,TSE:1941,Consumer Discretionary,Japan,22,-3%,7
11607,"Chugai Co., Ltd.","Private:Chugai CoCo., Ltd.",Consumer Discretionary,Japan,33,1%,14
11640,"Chugai Mining Co., Ltd.",TSE:1491,Consumer Discretionary,Japan,25,8%,11
11647,Chugai Pharmaceutical Co. Ltd.,TSE:4519,Consumer Discretionary,Japan,40,0%,11
11642,"Chunichi Shimbun Co., Ltd.","Private:Chunichi Co., Ltd.",Consumer Discretionary,Japan,53,-6%,14
10595,Chuo Build Industry Co. Ltd.,TSE:1971,Consumer Discretionary,Japan,52,4%,20
10577,"Chuo Gyorui Co., Ltd.",TSE:8030,Consumer Discretionary,Japan,4,0%,17
10587,"Chuo Kagaku Co., Ltd.",JASDAQ:7895,Consumer Discretionary,Japan,98,0%,19
11061,Chuo Kogyo K.K.,Private:Chuo Kogyogyo K.K.,Consumer Discretionary,Japan,96,4%,7
15250,"Chuo Malleable Iron Co., Ltd.",NSE:5607,Consumer Discretionary,Japan,39,6%,7
10434,"Chuo Spring Co., Ltd.",TSE:5992,Consumer Discretionary,Japan,15,8%,10
2520,"Chuoh Pack Industry Co.,Ltd.",NSE:3952,Consumer Discretionary,Japan,57,-4%,9
10392,"Ci:z Holdings Co.,Ltd.",TSE:4924,Consumer Discretionary,Japan,53,6%,25
11497,"Citizen Watch Co., Ltd.",TSE:7762,Consumer Discretionary,Japan,43,-7%,7
6127,City Of Kawasaki,Private:City Of K Kawasaki,Consumer Discretionary,Japan,8,4%,9
10928,City of Nagoya,Private:City agoya,Consumer Discretionary,Japan,23,4%,13
11431,"CK SAN-ETSU Co., Ltd.",NSE:5757,Consumer Discretionary,Japan,19,6%,17
15255,"Clarion Co., Ltd.",TSE:6796,Consumer Discretionary,Japan,89,-3%,13
17234,"Cluster Technology Co., Ltd.",JASDAQ:4240,Consumer Discretionary,Japan,21,-7%,16
11092,CMC Corporation,JASDAQ:2185,Consumer Discretionary,Japan,46,3%,12
10441,"CMIC HOLDINGS Co., Ltd.",TSE:2309,Consumer Discretionary,Japan,65,6%,15
11136,CMK Corporation,TSE:6958,Consumer Discretionary,Japan,56,-1%,20
10477,"Coca-Cola East Japan Products Co.,Ltd.","Private:Coca-ColCo.,Ltd.",Consumer Discretionary,Japan,92,-6%,8
11429,"Coca-Cola West Co., Ltd.",TSE:2579,Consumer Discretionary,Japan,64,4%,8
11339,cocokara fine Inc.,TSE:3098,Consumer Discretionary,Japan,48,0%,21
10588,"Cocolonet Co., Ltd.",JASDAQ:6060,Consumer Discretionary,Japan,55,1%,8
11422,"Colopl, Inc.",TSE:3668,Consumer Discretionary,Japan,96,-2%,22
11440,"Colowide Co., Ltd.",TSE:7616,Consumer Discretionary,Japan,88,8%,6
11451,"Comas Co., Ltd.","Private:Comas Co.Co., Ltd.",Consumer Discretionary,Japan,13,5%,15
11406,Commercial Airplane Company,Private:Commeany,Consumer Discretionary,Japan,31,0%,17
11408,"Computer Institute of Japan, Ltd.",TSE:4826,Consumer Discretionary,Japan,76,7%,13
11436,Computron Company Ltd,Private:Computronmpany Ltd,Consumer Discretionary,Japan,56,5%,13
11455,COMSYS Holdings Corporation,TSE:1721,Consumer Discretionary,Japan,29,-7%,14
15146,Comture Corporation,TSE:3844,Consumer Discretionary,Japan,68,-3%,5
11208,"Concordia Financial Group, Ltd.",TSE:7186,Consumer Discretionary,Japan,0,7%,25
10931,Conexio Corporation,TSE:9422,Consumer Discretionary,Japan,99,-6%,18
11378,"Confex CO.,LTD.",Private:ConTD.,Consumer Discretionary,Japan,46,-6%,6
11043,"Contec Co., Ltd.",TSE:6639,Consumer Discretionary,Japan,56,-1%,6
11011,Cookpad Inc.,TSE:2193,Consumer Discretionary,Japan,67,-2%,20
11503,Co-op Mirai,Private:Co-op Mir-op Mirai,Consumer Discretionary,Japan,72,-4%,15
10496,"Coop Net Jigyo Rengo, Cooperative Union",Private:Coop Net ive Union,Consumer Discretionary,Japan,28,-1%,25
2763,"Cosel Co., Ltd.",TSE:6905,Consumer Discretionary,Japan,36,2%,11
11544,"Cosmo Ec Co., Ltd.","Private:Cosmo Ec Co., Ltd.",Consumer Discretionary,Japan,47,-1%,23
2571,Cosmo Holdings Inc.,Private:Cosmo Holings Inc.,Consumer Discretionary,Japan,40,8%,25
9641,"Cowell Co., Ltd.","Private:Cowell CoCo., Ltd.",Consumer Discretionary,Japan,93,6%,8
11034,"Cox Co., Ltd.",JASDAQ:9876,Consumer Discretionary,Japan,38,-4%,22
11403,"CRE, Inc.",TSE:3458,Consumer Discretionary,Japan,96,-1%,9
10514,"Create Medic Co., Ltd.",TSE:5187,Consumer Discretionary,Japan,1,4%,19
11900,Credit Saison Co. Ltd.,TSE:8253,Consumer Discretionary,Japan,89,-3%,20
2728,"Creo Co.,Ltd.",JASDAQ:9698,Consumer Discretionary,Japan,23,7%,8
10589,"Cresco, Ltd.",TSE:4674,Consumer Discretionary,Japan,47,-8%,10
10564,"CRI Middleware Co., Ltd.",TSE:3698,Consumer Discretionary,Japan,24,3%,6
11918,Crie Anabuki Inc.,JASDAQ:4336,Consumer Discretionary,Japan,54,-4%,11
11543,Crops Corporation,TSE:9428,Consumer Discretionary,Japan,36,8%,7
11539,"Cross Cat Co., Ltd.",JASDAQ:2307,Consumer Discretionary,Japan,68,-4%,25
11638,Cross Marketing Group Inc.,TSE:3675,Consumer Discretionary,Japan,97,-6%,12
15256,"Cross Plus, Inc.",TSE:3320,Consumer Discretionary,Japan,62,7%,8
10345,CTI Engineering Co. Ltd.,TSE:9621,Consumer Discretionary,Japan,68,-3%,18
10537,Cube System Inc.,TSE:2335,Consumer Discretionary,Japan,0,-7%,16
2628,"Cyber Com Co., Ltd.",TSE:3852,Consumer Discretionary,Japan,11,7%,10
2776,CyberAgent Inc.,TSE:4751,Consumer Discretionary,Japan,43,2%,22
11827,CYBERDYNE Inc.,TSE:7779,Consumer Discretionary,Japan,34,6%,20
2623,"CYBERLINKS co.,LTD.",TSE:3683,Consumer Discretionary,Japan,79,3%,18
11578,"CyberZ Co.,Ltd",Private:CybLtd,Consumer Discretionary,Japan,94,-3%,18
2563,"Cybozu, Inc.",TSE:4776,Consumer Discretionary,Japan,25,-7%,15
2725,Cypress Solutions Corporation,Private:Cypress Srporation,Consumer Discretionary,Japan,52,-2%,14
11830,D.A.Consortium Holdings Inc.,TSE:6534,Consumer Discretionary,Japan,69,1%,14
2774,"D.Western Therapeutics Institute, Inc.",JASDAQ:4576,Consumer Discretionary,Japan,72,0%,11
15289,Dai Nippon Printing Co. Ltd.,TSE:7912,Consumer Discretionary,Japan,17,8%,10
15297,"Dai Nippon Toryo Company, Limited",TSE:4611,Consumer Discretionary,Japan,79,4%,20
2534,"DAIBEA Co., Ltd.",TSE:6478,Consumer Discretionary,Japan,1,0%,9
15696,Daicel Corporation,TSE:4202,Consumer Discretionary,Japan,59,2%,17
2539,"Daido Kogyo Co., Ltd.",TSE:6373,Consumer Discretionary,Japan,81,1%,17
2550,"Daido Signal Co., Ltd.",TSE:6743,Consumer Discretionary,Japan,44,5%,16
2557,Daido Steel Co. Ltd.,TSE:5471,Consumer Discretionary,Japan,97,-3%,5
2596,"Daifuku Co., Ltd.",TSE:6383,Consumer Discretionary,Japan,54,0%,23
2659,Daihatsu Motor Co. Ltd.,Private:DaihatsCo. Ltd.,Consumer Discretionary,Japan,75,-2%,6
2661,Daiichi Jitsugyo Co. Ltd.,TSE:8059,Consumer Discretionary,Japan,35,0%,10
2683,"Daiichi Kasei Co.,Ltd.",JASDAQ:4235,Consumer Discretionary,Japan,70,6%,9
15314,Daiichi Kensetsu Corporation,JASDAQ:1799,Consumer Discretionary,Japan,88,0%,21
2759,"Daiichi Kigenso Kagaku Kogyo Co., Ltd.",TSE:4082,Consumer Discretionary,Japan,17,-1%,19
2762,"Dai-ichi Life Holdings, Inc.",TSE:8750,Consumer Discretionary,Japan,27,-7%,23
15349,"Daiichi Sankyo Company, Limited",TSE:4568,Consumer Discretionary,Japan,47,2%,16
2765,"Dai-ichi Seiko Co., Ltd.",TSE:6640,Consumer Discretionary,Japan,83,-8%,11
15295,"Daiichi Shokai Co., Ltd.",Private:Daitdsho,Consumer Discretionary,Japan,81,-2%,8
15345,"DAIICHIKOUTSU SANGYO Co.,Ltd.",FKSE:9035,Consumer Discretionary,Japan,96,4%,22
15306,Daiken Corp.,TSE:7905,Consumer Discretionary,Japan,79,0%,23
15312,"Daiki Axis Co., Ltd.",TSE:4245,Consumer Discretionary,Japan,32,7%,25
6950,Daikin Industries Ltd.,TSE:6367,Consumer Discretionary,Japan,26,-8%,11
7567,"Daikoku Denki Co., Ltd.",TSE:6430,Consumer Discretionary,Japan,6,-3%,9
8330,DaikyoNishikawa Corporation,TSE:4246,Consumer Discretionary,Japan,96,8%,16
16691,"Dainichi Co., Ltd.",TSE:5951,Consumer Discretionary,Japan,81,6%,25
20738,"Dairei Co.,Ltd",TSE:2883,Consumer Discretionary,Japan,23,-3%,10
22154,Daisan Corporate,Private:Daisan Corporate,Consumer Discretionary,Japan,13,-3%,23
20612,Daiseki Co. Ltd.,TSE:9793,Consumer Discretionary,Japan,25,7%,14
20769,"Daiseki Eco. Solution Co., Ltd.",TSE:1712,Consumer Discretionary,Japan,42,-8%,12
16683,"Daishin Chemical Co., Ltd.",JASDAQ:4629,Consumer Discretionary,Japan,85,-5%,22
16684,Daishinku Corp.,TSE:6962,Consumer Discretionary,Japan,58,3%,21
21265,"Daiso Industries Co., Ltd.","Private:Daiso IndCo., Ltd.",Consumer Discretionary,Japan,95,1%,12
20767,"Daisue Construction Co., Ltd.",TSE:1814,Consumer Discretionary,Japan,2,-7%,14
16144,Daito Chemix Corp.,TSE:4366,Consumer Discretionary,Japan,97,-1%,21
20493,"Daito Electron Co., Ltd.",TSE:7609,Consumer Discretionary,Japan,7,-2%,6
21313,"Daito Giken, Inc. ","Private:Daito Giken, Inc. ",Consumer Discretionary,Japan,24,-7%,18
17685,"Daito Gyorui Co., Ltd.",TSE:8044,Consumer Discretionary,Japan,20,-8%,22
18866,"Daito Pharmaceutical Co., Ltd.",TSE:4577,Consumer Discretionary,Japan,54,-8%,20
17253,Daito Trust Construction Co. Ltd.,TSE:1878,Consumer Discretionary,Japan,51,-8%,17
20606,"Daiwa Computer Co., Ltd.",JASDAQ:3816,Consumer Discretionary,Japan,21,5%,6
16690,Daiwa House Industry Co. Ltd.,TSE:1925,Consumer Discretionary,Japan,79,4%,20
22149,Daiwa Securities Group Inc.,TSE:8601,Consumer Discretionary,Japan,64,8%,23
17855,"Daiwabo Holdings Co., Ltd.",TSE:3107,Consumer Discretionary,Japan,6,0%,21
16872,"Dancin' Diner Co.,Ltd.","Private:DancinD Co.,Ltd.",Consumer Discretionary,Japan,20,-8%,13
16868,Data Applications Company Limited,JASDAQ:3848,Consumer Discretionary,Japan,27,-2%,23
20750,Data Horizon Corporation,TSE:3628,Consumer Discretionary,Japan,85,8%,14
16870,"Data-Art, Inc.","Private:Data-Artrt, Inc.",Consumer Discretionary,Japan,28,4%,12
20790,DataLinks Corporation,JASDAQ:2145,Consumer Discretionary,Japan,46,-8%,8
20765,Datasection Inc.,TSE:3905,Consumer Discretionary,Japan,54,-1%,10
21223,Dawn Corp.,JASDAQ:2303,Consumer Discretionary,Japan,19,-3%,12
22148,"Day Collection, K.K.","Private:Day Colleion, K.K.",Consumer Discretionary,Japan,35,4%,12
21902,Daytona Corporation,JASDAQ:7228,Consumer Discretionary,Japan,25,4%,17
16288,"DCM Holdings Co., Ltd.",TSE:3050,Consumer Discretionary,Japan,30,8%,5
20755,"DDS, Inc.",TSE:3782,Consumer Discretionary,Japan,75,-6%,22
16307,"Deck Japan Co., Ltd.","Private:Deck JapaCo., Ltd.",Consumer Discretionary,Japan,55,-2%,22
21369,Demand Corporation,Private:Demanation,Consumer Discretionary,Japan,72,-5%,12
20854,"DeNA Co., Ltd.",TSE:2432,Consumer Discretionary,Japan,50,-8%,5
17048,Denka Company Limited,TSE:4061,Consumer Discretionary,Japan,29,-1%,24
16921,"Denki Kogyo Co., Ltd.",TSE:6706,Consumer Discretionary,Japan,3,-2%,10
22361,"Denkyosha Co.,Ltd.",TSE:8144,Consumer Discretionary,Japan,11,-2%,5
21898,"Densan Co., Ltd.",TSE:3640,Consumer Discretionary,Japan,96,-3%,20
20758,DENSO Corporation,TSE:6902,Consumer Discretionary,Japan,71,-1%,12
17879,Dentsu Inc.,TSE:4324,Consumer Discretionary,Japan,14,-3%,7
16592,Denyo Co. Ltd.,TSE:6517,Consumer Discretionary,Japan,23,1%,15
17329,Descente Ltd.,TSE:8114,Consumer Discretionary,Japan,49,8%,7
20857,Design Creation Inc.,Private:Design Crtion Inc.,Consumer Discretionary,Japan,86,2%,19
21262,"Designone Japan, Inc.",TSE:6048,Consumer Discretionary,Japan,97,-1%,20
20760,Dexerials Corporation,TSE:4980,Consumer Discretionary,Japan,50,-3%,14
20781,DHC Corporation,Private:DHCion,Consumer Discretionary,Japan,22,0%,9
20865,Diamond Electric Mfg. Co. Ltd.,TSE:6895,Consumer Discretionary,Japan,73,8%,9
21460,DIC Corporation,TSE:4631,Consumer Discretionary,Japan,40,-8%,23
21398,"Digital Adventure, Inc.",JASDAQ:4772,Consumer Discretionary,Japan,64,6%,17
18864,"Digital Arts, Inc.",TSE:2326,Consumer Discretionary,Japan,40,3%,21
20492,"Digital Garage, Inc.",TSE:4819,Consumer Discretionary,Japan,25,3%,15
17895,Digital Information Technologies Corporation,TSE:3916,Consumer Discretionary,Japan,62,8%,19
17074,Digital Media Professionals Inc.,TSE:3652,Consumer Discretionary,Japan,35,-8%,7
17540,Disco Corporation,TSE:6146,Consumer Discretionary,Japan,24,1%,9
20881,DKS Co.Ltd.,TSE:4461,Consumer Discretionary,Japan,55,2%,15
17238,"DMG Mori Co., Ltd.",TSE:6141,Consumer Discretionary,Japan,28,4%,20
17877,DMM.com Ltd.,Private:DMMtd.,Consumer Discretionary,Japan,34,5%,9
17139,DMS Inc.,JASDAQ:9782,Consumer Discretionary,Japan,37,-6%,16
17125,DMW Corporation,TSE:6365,Consumer Discretionary,Japan,68,2%,6
16328,"Dong Yang Digital Co.,Ltd",Private:DonLtd,Consumer Discretionary,Japan,56,-6%,13
20788,Double Standard Inc.,TSE:3925,Consumer Discretionary,Japan,80,4%,19
22150,"Dowa Holdings Co., Ltd.",TSE:5714,Consumer Discretionary,Japan,75,-2%,21
21269,"Drecom Co., Ltd.",TSE:3793,Consumer Discretionary,Japan,23,6%,9
20859,DTS Corp.,TSE:9682,Consumer Discretionary,Japan,38,1%,10
20749,Dunlop Sports Co. Ltd.,TSE:7825,Consumer Discretionary,Japan,27,-6%,22
17898,"Duskin Co., Ltd.",TSE:4665,Consumer Discretionary,Japan,46,-6%,12
20789,DVx Inc.,TSE:3079,Consumer Discretionary,Japan,58,-4%,13
20322,"DyDo DRINCO, INC.",TSE:2590,Consumer Discretionary,Japan,87,5%,19
18874,"DYNAM Japan Holdings Co., Ltd.",SEHK:6889,Consumer Discretionary,Japan,76,5%,19
17893,"Dynapac Co., Ltd.",TSE:3947,Consumer Discretionary,Japan,43,8%,7
20607,E J Holdings Inc.,TSE:2153,Consumer Discretionary,Japan,90,-3%,9
20745,Eagle Industry Co. Ltd.,TSE:6486,Consumer Discretionary,Japan,89,-7%,14
17126,"Earth Chemical Co., Ltd.",TSE:4985,Consumer Discretionary,Japan,23,2%,23
22359,East Japan Railway Company,TSE:9020,Consumer Discretionary,Japan,46,6%,24
17257,East Nippon Expressway Company Limited,Private:East Nip Limited,Consumer Discretionary,Japan,63,8%,18
17702,Eastbound Trade Limited,Private:Easted,Consumer Discretionary,Japan,73,-2%,18
20720,"EAT&Co., Ltd.",TSE:2882,Consumer Discretionary,Japan,31,7%,13
9092,Ebara Corp.,TSE:6361,Consumer Discretionary,Japan,30,3%,20
15280,"Ebara Foods Industry, Inc.",TSE:2819,Consumer Discretionary,Japan,68,-4%,25
10343,"Ecole Distribution Group Co.,Ltd ","Private:Ecole Do.,Ltd ",Consumer Discretionary,Japan,76,0%,25
10347,"Ecole Ryutsu Group Co.,Ltd.",Private:Ecoleo Ltd,Consumer Discretionary,Japan,78,7%,18
10349,"Ecomic Co., Ltd",SPSE:3802,Consumer Discretionary,Japan,57,1%,5
13154,"Edia Co., Ltd.",TSE:3935,Consumer Discretionary,Japan,83,6%,19
10440,EDION Corp.,TSE:2730,Consumer Discretionary,Japan,21,8%,11
10443,EF-ON Inc.,TSE:9514,Consumer Discretionary,Japan,25,-1%,25
10465,"Eidai Co., Ltd.",TSE:7822,Consumer Discretionary,Japan,9,-6%,19
10471,"Eighting Co., Ltd. (a subsidiary of Colopl, Inc.)","Private:Eightingl, Inc.)",Consumer Discretionary,Japan,3,-8%,18
10520,"Eiken Chemical Co., Ltd.",TSE:4549,Consumer Discretionary,Japan,89,6%,11
10521,"Eisai Co., Ltd.",TSE:4523,Consumer Discretionary,Japan,17,-5%,17
10522,EIZO Corporation,TSE:6737,Consumer Discretionary,Japan,90,-5%,18
10524,"Ekitan & Co., Ltd.",TSE:3646,Consumer Discretionary,Japan,84,2%,21
10530,"Elecom Co., Ltd.",TSE:6750,Consumer Discretionary,Japan,6,7%,22
10560,"Electric Power Development Co., Ltd.",TSE:9513,Consumer Discretionary,Japan,70,-8%,10
10631,Elematec Corporation,TSE:2715,Consumer Discretionary,Japan,75,-6%,6
10738,"ELG co., Ltd.","Private:ELG co., co., Ltd.",Consumer Discretionary,Japan,45,-4%,20
10761,"ELNA Co., Ltd.",TSE:6972,Consumer Discretionary,Japan,91,-5%,7
10776,"Emergency Assistance Japan Co., Ltd.",JASDAQ:6063,Consumer Discretionary,Japan,37,1%,17
10864,"Emori & Co., Ltd.",Private:Emori Ltd.,Consumer Discretionary,Japan,19,-4%,16
10867,"Enbio Holdings, Inc.",TSE:6092,Consumer Discretionary,Japan,55,-7%,17
10868,"Encourage Technologies Co., Ltd.",TSE:3682,Consumer Discretionary,Japan,80,5%,17
10923,"Endo Manufacturing Co., Ltd.",JASDAQ:7841,Consumer Discretionary,Japan,47,1%,10
10926,"ENERES Co., Ltd.",TSE:6079,Consumer Discretionary,Japan,7,2%,10
10949,"enish,inc.",TSE:3667,Consumer Discretionary,Japan,32,4%,21
15694,"Enomoto Co.,Ltd.",JASDAQ:6928,Consumer Discretionary,Japan,42,5%,7
11184,Enplas Corporation,TSE:6961,Consumer Discretionary,Japan,67,-7%,17
11193,Enshu Ltd.,TSE:6218,Consumer Discretionary,Japan,27,-5%,23
11240,"Ensuiko Sugar Refining Co., Ltd.",TSE:2112,Consumer Discretionary,Japan,77,4%,5
11281,"Epauler co.,ltd","Private:Epauler  co.,ltd",Consumer Discretionary,Japan,38,-8%,22
10335,"EPCO Co., Ltd.",JASDAQ:2311,Consumer Discretionary,Japan,10,8%,8
11311,"eREX CO.,Ltd.",TSE:9517,Consumer Discretionary,Japan,100,-4%,15
11399,Es-con Japan Ltd,TSE:8892,Consumer Discretionary,Japan,22,6%,6
11418,Escrow Agent Japan Inc.,TSE:6093,Consumer Discretionary,Japan,92,-2%,22
11430,Estic Corporation,TSE:6161,Consumer Discretionary,Japan,14,6%,22
11432,E-Supportlink Ltd.,JASDAQ:2493,Consumer Discretionary,Japan,46,-7%,23
11435,"Euglena Co., Ltd.",TSE:2931,Consumer Discretionary,Japan,17,-4%,9
11458,Excel Co. Ltd.,TSE:7591,Consumer Discretionary,Japan,64,-3%,10
11460,"Excite Japan Co., Ltd.",JASDAQ:3754,Consumer Discretionary,Japan,58,2%,21
11463,Exedy Corp.,TSE:7278,Consumer Discretionary,Japan,40,-1%,5
11467,"F@N Communications, Inc.",TSE:2461,Consumer Discretionary,Japan,90,7%,12
11477,"Faltec Co., Ltd.",TSE:7215,Consumer Discretionary,Japan,15,-5%,25
15144,"FamilyMart UNY Holdings Co., Ltd.",TSE:8028,Consumer Discretionary,Japan,32,-1%,13
11480,Fanuc Corporation,TSE:6954,Consumer Discretionary,Japan,9,3%,14
15288,Farmind Corporation,Private:Farmind poration,Consumer Discretionary,Japan,32,3%,22
11499,Fast Retailing Co. Ltd.,TSE:9983,Consumer Discretionary,Japan,57,7%,5
11505,"Fasteps Co., Ltd.",TSE:2338,Consumer Discretionary,Japan,29,-3%,13
11520,FCC Co. Ltd.,TSE:7296,Consumer Discretionary,Japan,97,8%,19
11542,"Fcm Co., Ltd.",JASDAQ:5758,Consumer Discretionary,Japan,95,3%,14
11587,FDK Corporation,TSE:6955,Consumer Discretionary,Japan,25,0%,24
11610,FECT Inc Co.,Private:FECT Inc T Inc Co.,Consumer Discretionary,Japan,68,0%,23
11631,"Feedone Co., Ltd.",TSE:2060,Consumer Discretionary,Japan,18,-3%,23
15378,"FeliCa Networks, Inc.",Private:Felnc.,Consumer Discretionary,Japan,73,-2%,15
15307,"Fenwal Controls of Japan, Ltd.",TSE:6870,Consumer Discretionary,Japan,47,4%,7
11662,Ferrotec Corporation,JASDAQ:6890,Consumer Discretionary,Japan,31,2%,7
11666,"FFRI,Inc.",TSE:3692,Consumer Discretionary,Japan,74,-4%,12
11667,Fields Corporation,TSE:2767,Consumer Discretionary,Japan,52,8%,13
15291,FINDEX Inc.,TSE:3649,Consumer Discretionary,Japan,50,0%,16
11672,"Fine Sinter Co., Ltd.",TSE:5994,Consumer Discretionary,Japan,74,-6%,9
11679,"First Baking Co., Ltd.",TSE:2215,Consumer Discretionary,Japan,76,6%,12
11680,First-corporation Inc.,TSE:1430,Consumer Discretionary,Japan,91,-8%,8
11681,Fixstars Corporation,TSE:3687,Consumer Discretionary,Japan,72,4%,25
15294,Flight Holdings Inc.,TSE:3753,Consumer Discretionary,Japan,15,6%,25
11751,"Floral Japan Co.,Ltd.","Private:Floral Ja Co.,Ltd.",Consumer Discretionary,Japan,60,1%,11
11818,Focus Systems Corporation,TSE:4662,Consumer Discretionary,Japan,91,-1%,11
11859,"Follow Wind Co., Ltd.","Private:Follow WiCo., Ltd.",Consumer Discretionary,Japan,82,7%,12
16042,FOR-A Company Limited,Private:FOR-A Co Limited,Consumer Discretionary,Japan,49,-1%,8
11906,"Forside Co., Ltd.",JASDAQ:2330,Consumer Discretionary,Japan,82,3%,8
11911,Forval Corporation,TSE:8275,Consumer Discretionary,Japan,21,7%,13
15348,Forval RealStraight Inc.,JASDAQ:9423,Consumer Discretionary,Japan,36,-1%,7
11919,"Forval Telecom, Inc.",TSE:9445,Consumer Discretionary,Japan,48,0%,25
11639,"Foster Electric Company, Limited",TSE:6794,Consumer Staples,Japan,72,-5%,13
11675,FP Corporation,TSE:7947,Consumer Staples,Japan,48,7%,14
10449,"FreeBit Co., Ltd.",TSE:3843,Consumer Staples,Japan,2,-7%,24
10421,Freund Corporation,JASDAQ:6312,Consumer Staples,Japan,10,-6%,18
2162,"FRONTEO, Inc.",TSE:2158,Consumer Staples,Japan,42,2%,13
11239,"FRUTAFRUTA, Inc.",TSE:2586,Consumer Staples,Japan,84,4%,12
10456,F-Tech Inc.,TSE:7212,Consumer Staples,Japan,11,4%,14
15224,Fudo Tetra Corporation,TSE:1813,Consumer Staples,Japan,24,-5%,9
10464,"FueTrek Co., Ltd.",TSE:2468,Consumer Staples,Japan,76,3%,18
10420,"Fuhrmeister Electronics Co., Ltd.",JASDAQ:3165,Consumer Staples,Japan,28,6%,21
15257,Fuji Corporation,TSE:7605,Consumer Staples,Japan,97,-6%,24
2490,"Fuji Electric Co., Ltd.",TSE:6504,Consumer Staples,Japan,76,-2%,14
10412,Fuji Furukawa Engineering & Construction Co.Ltd.,TSE:1775,Consumer Staples,Japan,77,-8%,5
10286,Fuji Heavy Industries Ltd.,TSE:7270,Consumer Staples,Japan,68,-8%,22
2737,"Fuji Hensokuki Co., Ltd.",NSE:6295,Consumer Staples,Japan,5,2%,19
2630,Fuji Kiko Co. Ltd.,TSE:7260,Consumer Staples,Japan,92,4%,14
10512,"Fuji Machine Mfg Co., Ltd.",TSE:6134,Consumer Staples,Japan,7,-1%,11
10484,"Fuji Media Holdings, Inc.",TSE:4676,Consumer Staples,Japan,84,8%,18
10489,Fuji Nihon Seito Corporation,TSE:2114,Consumer Staples,Japan,17,-5%,6
10891,"Fuji Oil Company, Ltd.",TSE:5017,Consumer Staples,Japan,13,-8%,12
10890,Fuji Oil Holdings Inc.,TSE:2607,Consumer Staples,Japan,0,-2%,19
10448,"Fuji Oozx, Inc.",TSE:7299,Consumer Staples,Japan,55,-4%,11
10491,Fuji P.S. Corporation,TSE:1848,Consumer Staples,Japan,85,-3%,25
2163,"Fuji Pharma Co., Ltd.",TSE:4554,Consumer Staples,Japan,91,7%,13
10446,Fuji Seiko Limited,NSE:6142,Consumer Staples,Japan,41,0%,22
10445,Fuji Shoji Co. Ltd.,JASDAQ:6257,Consumer Staples,Japan,42,-1%,7
10483,Fuji Soft Incorporated,TSE:9749,Consumer Staples,Japan,96,-6%,7
2544,Fuji Soft Service Bureau Incorporated,JASDAQ:6188,Consumer Staples,Japan,39,6%,11
10506,"Fujicco Co., Ltd.",TSE:2908,Consumer Staples,Japan,86,-7%,18
10492,FUJIFILM Holdings Corporation,TSE:4901,Consumer Staples,Japan,56,-7%,14
2537,"Fujikura Kasei Co., Ltd.",TSE:4620,Consumer Staples,Japan,3,2%,14
2533,Fujikura Ltd.,TSE:5803,Consumer Staples,Japan,24,6%,12
10519,Fujikura Rubber Ltd.,TSE:5121,Consumer Staples,Japan,56,-8%,21
11608,Fujimi Incorporated,TSE:5384,Consumer Staples,Japan,68,0%,17
10461,"Fujimori Kogyo Co., Ltd.",TSE:7917,Consumer Staples,Japan,57,7%,9
15275,Fujimoto Pharmaceutical Corporation,Private:Fujimoto rporation,Consumer Staples,Japan,20,4%,19
10887,Fujipream Corporation,JASDAQ:4237,Consumer Staples,Japan,7,1%,7
10487,"Fujisash Co., Ltd.",TSE:5940,Consumer Staples,Japan,61,3%,20
15271,"Fujitsu Broad Solution & Consulting, Inc.",JASDAQ:4793,Consumer Staples,Japan,17,-1%,17
2513,Fujitsu Frontech Limited,TSE:6945,Consumer Staples,Japan,18,2%,5
2512,Fujitsu Limited,OTCBB:FJTSY,Consumer Staples,Japan,27,-2%,15
10388,"Fukui Computer Holdings, Inc.",TSE:9790,Consumer Staples,Japan,67,7%,16
10457,"Fukuvi Chemical Industry Co.,Ltd.",TSE:7871,Consumer Staples,Japan,22,6%,21
2546,Fumakilla Ltd.,TSE:4998,Consumer Staples,Japan,44,-6%,8
6137,"Funai Electric Co., Ltd.",TSE:6839,Consumer Staples,Japan,89,5%,12
2532,Funakoshi Corporation,Private:Funakoshirporation,Consumer Staples,Japan,66,7%,21
10771,Furukawa Co. Ltd.,TSE:5715,Consumer Staples,Japan,85,-3%,23
10462,"Furukawa Electric Co., Ltd.",TSE:5801,Consumer Staples,Japan,9,1%,5
10460,"Furuya Metal Co., Ltd.",JASDAQ:7826,Consumer Staples,Japan,54,6%,24
11601,FURYU Corporation,TSE:6238,Consumer Staples,Japan,28,6%,24
10386,Fusion Partners Co.,TSE:4845,Consumer Staples,Japan,13,-6%,9
10458,"Fuso Pharmaceutical Industries,Ltd.",TSE:4538,Consumer Staples,Japan,64,4%,23
15245,Futaba Corp.,TSE:6986,Consumer Staples,Japan,99,5%,18
2541,"Futaba Industrial Co., Ltd.",TSE:7241,Consumer Staples,Japan,72,8%,18
10459,Future Corporation,TSE:4722,Consumer Staples,Japan,0,4%,22
11466,"Fuyo Arima Gyoen, K.K.","Private:Fuyo Arimoen, K.K.",Consumer Staples,Japan,20,-4%,19
10899,Fuyo General Lease Co. Ltd.,TSE:8424,Consumer Staples,Japan,40,2%,8
10886,G Three Holdings Corporation,TSE:3647,Consumer Staples,Japan,22,6%,12
10905,"G-7 Holdings, Inc.",TSE:7508,Consumer Staples,Japan,96,-7%,21
10892,GaiaX Co. Ltd.,NSE:3775,Consumer Staples,Japan,18,4%,16
10387,Gala Incorporated,JASDAQ:4777,Consumer Staples,Japan,24,-7%,6
10389,"Gamecard-Joyco Holdings,Inc.",JASDAQ:6249,Consumer Staples,Japan,84,-1%,23
10495,Gecoss Corporation,TSE:9991,Consumer Staples,Japan,72,6%,25
2491,Gene Lite Inc.,Private:Gene Litite Inc.,Consumer Staples,Japan,6,-6%,17
10485,"Gene Techno Science Co., Ltd.",TSE:4584,Consumer Staples,Japan,79,-7%,8
2548,"General Packer Co., Ltd.",JASDAQ:6267,Consumer Staples,Japan,39,7%,10
10413,"Generation Pass Co., Ltd.",TSE:3195,Consumer Staples,Japan,37,-5%,8
2514,"GEOMATEC Co., Ltd.",JASDAQ:6907,Consumer Staples,Japan,59,4%,12
10467,GEOSTR Corporation,TSE:5282,Consumer Staples,Japan,35,-2%,10
10417,"Gfoot Co.,Ltd.",NSE:2686,Consumer Staples,Japan,16,5%,24
10418,"GIGAPRIZE Co.,Ltd.",NSE:3830,Consumer Staples,Japan,94,1%,11
10403,Global Group .Co. Ltd.,TSE:6189,Consumer Staples,Japan,66,5%,12
10508,GMB Corporation,TSE:7214,Consumer Staples,Japan,33,-5%,24
2586,GMO AD Partners Inc.,JASDAQ:4784,Consumer Staples,Japan,55,6%,8
10411,GMO CLOUD K.K.,TSE:3788,Consumer Staples,Japan,31,5%,19
10490,GMO Internet Inc.,TSE:9449,Consumer Staples,Japan,44,-6%,12
10405,GMO Media Inc.,TSE:6180,Consumer Staples,Japan,65,2%,20
2543,"GMO Payment Gateway, Inc.",TSE:3769,Consumer Staples,Japan,20,-1%,16
10494,"GMO Research, Inc.",TSE:3695,Consumer Staples,Japan,60,-7%,12
10284,"GMO Tech, Inc.",TSE:6026,Consumer Staples,Japan,73,-3%,21
10452,GNI Group Ltd.,TSE:2160,Consumer Staples,Japan,52,-3%,23
10402,"Godo Steel, Ltd.",TSE:5410,Consumer Staples,Japan,87,1%,7
10509,"Goyo Foods Industry Co., Ltd.",TSE:2230,Consumer Staples,Japan,50,-1%,17
10406,"Graphite Design, Inc.",JASDAQ:7847,Consumer Staples,Japan,87,-6%,12
15227,"Gree, Inc.",TSE:3632,Consumer Staples,Japan,5,0%,12
10510,"GreenPeptide Co., Ltd.",TSE:4594,Consumer Staples,Japan,80,6%,23
10381,"gremz, Inc.",JASDAQ:3150,Consumer Staples,Japan,89,6%,17
2545,"Griphone, Inc.","Private:Griphone,one, Inc.",Consumer Staples,Japan,27,4%,22
10503,GS Yuasa Corporation,TSE:6674,Consumer Staples,Japan,11,-1%,8
10488,GSI Creos Corporation,TSE:8101,Consumer Staples,Japan,25,-2%,6
2547,G-Tekt Corporation,TSE:5970,Consumer Staples,Japan,100,3%,24
2542,gumi Inc.,TSE:3903,Consumer Staples,Japan,22,8%,8
10407,"GungHo Online Entertainment, Inc.",TSE:3765,Consumer Staples,Japan,33,-7%,11
10500,Gunosy Inc.,TSE:6047,Consumer Staples,Japan,66,-1%,14
6113,Gunze Ltd.,TSE:3002,Consumer Staples,Japan,58,-2%,9
10493,"Gyunikusho Tajimaya, K.K.","Private:Gyunikushaya, K.K.",Consumer Staples,Japan,77,-8%,24
10385,H2O Retailing Corporation,TSE:8242,Consumer Staples,Japan,39,3%,17
10502,"Hagiwara Electric Co., Ltd.",TSE:7467,Consumer Staples,Japan,41,-2%,7
10507,Hagoromo Foods Corp.,TSE:2831,Consumer Staples,Japan,75,-5%,19
10505,Hakuhodo DY Holdings Inc,TSE:2433,Consumer Staples,Japan,25,6%,24
10285,"Hakuto Co., Ltd.",TSE:7433,Consumer Staples,Japan,5,-2%,10
10390,Hamai Company Limited,TSE:6131,Consumer Staples,Japan,88,2%,5
10382,Hamee Corp.,TSE:3134,Consumer Staples,Japan,22,3%,23
10790,"Handa Co., Ltd.",Private:Hantd.,Consumer Staples,Japan,52,2%,12
10383,"Haneda Shokai, K.K.",Private:Han.K.,Consumer Staples,Japan,45,-2%,14
10501,Hankyu Hanshin Holdings Inc.,TSE:9042,Consumer Staples,Japan,0,2%,19
10414,Hanwa Co. Ltd.,TSE:8078,Consumer Staples,Japan,69,-3%,22
10410,Happinet Corporation,TSE:7552,Consumer Staples,Japan,83,-3%,5
10498,"Harada Industry Co., Ltd.",JASDAQ:6904,Consumer Staples,Japan,97,-5%,18
10504,Harima-Kyowa Co. Ltd.,TSE:7444,Consumer Staples,Japan,79,-3%,25
11905,Harmonic Drive Systems Inc.,JASDAQ:6324,Consumer Staples,Japan,42,-8%,15
10499,HASEKO Corporation,TSE:1808,Consumer Staples,Japan,43,8%,16
11917,"Hashimoto & Co.,Ltd.","Private:Hashimoto Co.,Ltd.",Consumer Staples,Japan,13,8%,16
2556,"Hatena Co., Ltd.",TSE:3930,Consumer Staples,Japan,73,1%,8
2549,Havix Corp.,JASDAQ:3895,Consumer Staples,Japan,81,1%,22
15311,"Hayashi Telempu Co., Ltd.","Private:Hayashi o., Ltd.",Consumer Staples,Japan,52,0%,20
15281,"Hayashikane Sangyo Co.,Ltd.",TSE:2286,Consumer Staples,Japan,65,-6%,24
15309,Healios K.K.,TSE:4593,Consumer Staples,Japan,55,7%,24
15143,Health Insurance Claims Review & Reimbursement Services,Private:Health In Services,Consumer Staples,Japan,20,-2%,8
17504,Heiwa Corporation,TSE:6412,Consumer Staples,Japan,74,4%,18
20795,"Hibiya Engineering, Ltd.",TSE:1982,Consumer Staples,Japan,13,-8%,5
20861,"Higashimaru Co.,Ltd.",FKSE:2058,Consumer Staples,Japan,1,-4%,19
17709,Hikari Business Form Co. Ltd.,JASDAQ:3948,Consumer Staples,Japan,93,-1%,5
21377,"Hikari Furniture Co., Ltd.",JASDAQ:8191,Consumer Staples,Japan,27,-7%,19
17845,"Hikari Tsushin, Inc.",TSE:9435,Consumer Staples,Japan,48,-6%,15
20609,Hi-Lex Corporation,TSE:7279,Consumer Staples,Japan,60,-5%,18
20866,Hill Top Food System K.K,Private:Hill Tom K.K,Consumer Staples,Japan,63,7%,24
16922,"HIMACS, Ltd.",TSE:4299,Consumer Staples,Japan,21,-1%,23
21362,"Himaraya Co., Ltd.",TSE:7514,Consumer Staples,Japan,94,-7%,19
20608,Hino Motors Ltd.,TSE:7205,Consumer Staples,Japan,50,-5%,11
16937,Hioki E.E. Corporation,TSE:6866,Consumer Staples,Japan,17,-6%,19
20740,"Hiraga Co., Ltd.",JASDAQ:7863,Consumer Staples,Japan,91,-8%,25
21461,Hirakawa Hewtech Corp.,TSE:5821,Consumer Staples,Japan,14,-1%,8
17044,Hirose Electric Co. Ltd.,TSE:6806,Consumer Staples,Japan,81,3%,25
21292,"HIROSHIMA GAS Co.,Ltd.",TSE:9535,Consumer Staples,Japan,62,-1%,23
17763,Hiroshima University,Private:Hiroshimaniversity,Consumer Staples,Japan,45,8%,10
20748,"Hisamitsu Pharmaceutical Co., Inc.",TSE:4530,Consumer Staples,Japan,49,-3%,8
21490,"Hitachi Construction Machinery Co., Ltd.",TSE:6305,Consumer Staples,Japan,60,-5%,20
21390,Hitachi High-Technologies Corporation,TSE:8036,Consumer Staples,Japan,21,-8%,20
20771,"Hitachi Koki Co., Ltd.",TSE:6581,Consumer Staples,Japan,54,5%,17
17723,Hitachi Kokusai Electric Inc.,TSE:6756,Consumer Staples,Japan,20,0%,16
17907,Hitachi Maxell Ltd.,TSE:6810,Consumer Staples,Japan,97,0%,24
21391,"Hitachi Metals, Ltd.",TSE:5486,Consumer Staples,Japan,85,5%,16
20102,"Hitachi Sumitomo Heavy Industries Construction Crane Co., Ltd.","Private:Hitachi SCo., Ltd.",Consumer Staples,Japan,74,8%,24
21507,Hitachi Transport System Ltd.,TSE:9086,Consumer Staples,Japan,11,-5%,21
18819,Hitachi Zosen Corp.,TSE:7004,Consumer Staples,Japan,62,3%,17
17850,Hitachi Zosen Fukui Corporation,JASDAQ:6163,Consumer Staples,Japan,20,-7%,5
21232,"Hitachi, Ltd.",OTCBB:HTHIY,Consumer Staples,Japan,66,0%,22
17264,HITO-Communications Inc.,TSE:3654,Consumer Staples,Japan,90,-5%,6
9642,"HOB Co.,Ltd.",JASDAQ:1382,Consumer Staples,Japan,100,-5%,9
10287,Hochiki Corporation,TSE:6745,Consumer Staples,Japan,99,1%,23
10384,"Hoden Seimitsu Kako Kenkyusho Co., Ltd.",JASDAQ:6469,Consumer Staples,Japan,18,-8%,21
10409,Hohsui Corporation,TSE:1352,Consumer Staples,Japan,87,4%,19
15343,"Hokkai Electrical Construction Company,Incorporated",SPSE:1832,Consumer Staples,Japan,54,-6%,25
10415,Hokkaido Electric Power Co. Inc.,TSE:9509,Consumer Staples,Japan,94,-7%,9
10416,"Hokkaido Gas Co., Ltd.",TSE:9534,Consumer Staples,Japan,98,-5%,6
10447,Hokkan Holdings Limited,TSE:5902,Consumer Staples,Japan,10,-3%,21
10451,"Hokko Chemical Industry Co., Ltd.",TSE:4992,Consumer Staples,Japan,5,8%,5
10453,"Hokubu Communication & Industrial Co., Ltd.","Private:Hokubu CoCo., Ltd.",Consumer Staples,Japan,22,-8%,9
10454,"Hokuetsu Kishu Paper Co., Ltd.",TSE:3865,Consumer Staples,Japan,44,-3%,13
10455,"Hokuetsu Metal Co., Ltd.",TSE:5446,Consumer Staples,Japan,52,0%,22
10463,Hokuren Federation of Agricultural Cooperatives,Private:Hokurtives,Consumer Staples,Japan,18,-6%,11
15310,"Hokuriku Denwa Kouji Co.,Ltd.",TSE:1989,Consumer Staples,Japan,10,-4%,11
10482,Hokuriku Electric Industry Co. Ltd.,TSE:6989,Consumer Staples,Japan,16,-5%,20
10486,Hokuriku Electric Power Company,TSE:9505,Consumer Staples,Japan,83,0%,9
10518,"Hokuriku Electrical Construction Co.,Ltd.",TSE:1930,Consumer Staples,Japan,55,6%,11
10527,"Hokushin Co., Ltd.",TSE:7897,Consumer Staples,Japan,45,0%,8
10529,"Honda Motor Co., Ltd.",NYSE:HMC,Consumer Staples,Japan,25,6%,21
15475,"Honda Tsushin Kogyo Co., Ltd.",TSE:6826,Consumer Staples,Japan,13,7%,14
10569,"H-One Co., Ltd.",JASDAQ:5989,Consumer Staples,Japan,31,0%,6
10571,"Honshu Chemical Industry Co., Ltd.",TSE:4115,Consumer Staples,Japan,30,-3%,25
15301,Hosiden Corporation,TSE:6804,Consumer Staples,Japan,53,5%,17
10773,Hot Stuff Corporation,Private:Hotion,Consumer Staples,Japan,36,-1%,14
10791,"HOTMAN Co., Ltd.",JASDAQ:3190,Consumer Staples,Japan,8,0%,15
10889,"Hottolink, Inc.",TSE:3680,Consumer Staples,Japan,93,7%,5
11479,House Foods Group Inc.,TSE:2810,Consumer Staples,Japan,17,2%,5
13156,Hoya Corp.,TSE:7741,Consumer Staples,Japan,21,3%,17
15737,"Human System Co., Ltd.","Private:Human SysCo., Ltd.",Consumer Staples,Japan,54,2%,21
11506,"Ibiden Co., Ltd.",TSE:4062,Consumer Staples,Japan,46,-5%,6
11600,I-Call Corporation,Private:I-Call Corporation,Consumer Staples,Japan,100,4%,13
15308,"I-care Japan Co., Ltd.","Private:I-care JaCo., Ltd.",Consumer Staples,Japan,12,-6%,19
15293,"Ichibanya Co., Ltd.",TSE:7630,Consumer Staples,Japan,11,2%,13
15303,Ichihara Kinzoku Co. Ltd.,Private:Ichtd.,Consumer Staples,Japan,53,1%,15
15287,Ichikoh Industries Ltd.,TSE:7244,Consumer Staples,Japan,48,1%,11
11912,"Ichinen Holdings Co.,Ltd.",TSE:9619,Consumer Staples,Japan,76,-5%,19
15313,"IDA Laboratories Co., Ltd.","Private:IDA Laboo., Ltd.",Consumer Staples,Japan,45,-3%,5
22161,Ida Ryogokudo Co. Ltd.,Private:Idatd.,Educational Institution,Japan,91,-5%,13
20754,"Idaka & CO., Ltd.","Private:Idaka & CCO., Ltd.",Educational Institution,Japan,64,-8%,17
11791,"Idea Consultants, Inc.",TSE:9768,Energy,Japan,30,5%,20
10299,"IDEA International Co., Ltd.",JASDAQ:3140,Energy,Japan,45,3%,15
10912,Idemitsu Kosan Co. Ltd.,TSE:5019,Energy,Japan,4,-3%,10
10300,IDOM Inc.,TSE:7599,Energy,Japan,77,-3%,6
15239,IGNIS LTD.,TSE:3689,Energy,Japan,52,0%,9
10298,"Ihara Chemical Industry Co., Ltd.",TSE:4989,Energy,Japan,22,-3%,15
11116,IHI Corporation,TSE:7013,Energy,Japan,33,-3%,5
10918,"Iida Group Holdings Co., Ltd.",TSE:3291,Energy,Japan,66,5%,7
10913,"IJT Technology Holdings Co., Ltd.",TSE:7315,Energy,Japan,94,-1%,7
11167,"ikuyo Co.,Ltd.",TSE:7273,Energy,Japan,66,4%,5
11783,"Imabari Shipbuilding Co., Ltd.","Private:Imabari SCo., Ltd.",Energy,Japan,80,-1%,21
10563,Image Information Inc.,JASDAQ:3803,Energy,Japan,1,-3%,5
10914,"Imagineer Co.,Ltd.",JASDAQ:4644,Energy,Japan,22,-6%,24
10916,"Imasen Electric Industrial Co., Ltd.",TSE:7266,Energy,Japan,63,1%,17
10917,"Immuno-Biological Laboratories Co., Ltd.",JASDAQ:4570,Energy,Japan,47,-6%,7
21222,"Impress Holdings, Inc.",TSE:9479,Energy,Japan,53,4%,25
10920,"Imuraya Group Co., Ltd.",TSE:2209,Energy,Japan,61,4%,18
10921,IMV Corporation,JASDAQ:7760,Energy,Japan,56,4%,23
11635,"Inaba Denki Sangyo Co., Ltd.",TSE:9934,Energy,Japan,3,4%,13
10924,"Inaba Seisakusho Co., Ltd.",TSE:3421,Financials,Japan,76,8%,10
11734,Inabata & Co. Ltd.,TSE:8098,Financials,Japan,23,2%,14
2619,"IncomJapan Co.,Ltd",Private:IncLtd,Financials,Japan,42,-6%,12
22164,INES Corporation,TSE:9742,Financials,Japan,76,-6%,21
20782,"INEST, Inc.",JASDAQ:3390,Financials,Japan,65,-7%,14
21894,Infocom Corporation,JASDAQ:4348,Financials,Japan,5,-1%,19
17697,"Information Creative Co., Ltd.",JASDAQ:4769,Financials,Japan,75,6%,11
20739,"Information Development Co., Ltd.",TSE:4709,Financials,Japan,5,-1%,19
20794,"Information Services International-Dentsu, Ltd.",TSE:4812,Financials,Japan,12,-1%,12
16898,Infoteria Corporation,TSE:3853,Financials,Japan,68,-1%,7
17832,INO Japan Co Ltd,Private:INO Japanan Co Ltd,Financials,Japan,17,-3%,12
20752,Inpex Corporation,TSE:1605,Financials,Japan,59,2%,17
20744,Insight Inc.,SPSE:2172,Financials,Japan,19,-7%,10
20793,inspec Inc.,TSE:6656,Financials,Japan,15,2%,25
11090,"IntaSect Communications, Inc.","Private:IntaSectns, Inc.",Financials,Japan,66,-4%,23
16029,Intelligent Wave Inc.,JASDAQ:4847,Financials,Japan,84,-6%,16
16033,"Inui Global Logistics Co., Ltd.",TSE:9308,Financials,Japan,89,-5%,23
11673,"I-O Data Device, Inc.",TSE:6916,Financials,Japan,96,8%,9
11684,"IREP Co., Ltd. (a subsidiary of Digital Advertising Consortium Inc.)",Private:IREP Co.um Inc.),Financials,Japan,74,-8%,22
11686,"iRidge, Inc.",TSE:3917,Financials,Japan,7,0%,19
11699,ISB Corporation,TSE:9702,Financials,Japan,63,-1%,5
11713,ISE Chemicals Corporation,TSE:4107,Financials,Japan,26,8%,16
11716,Isetan Mitsukoshi Holdings Ltd.,TSE:3099,Financials,Japan,45,2%,10
11718,"Ishichou Co., Ltd.","Private:Ishichouo., Ltd.",Financials,Japan,66,4%,14
15377,"Ishida Co., Ltd.","Private:Ishida CoCo., Ltd.",Financials,Japan,8,2%,23
11726,Ishifuku Jewelry Parts,Private:Ishrts,Financials,Japan,99,6%,7
11727,"Ishigaki Foods Co.,Ltd.",JASDAQ:2901,Financials,Japan,7,4%,10
11730,Ishiguro Ltd.,Private:Ishtd.,Financials,Japan,41,-1%,15
11733,"Ishihara Chemical Co., Ltd.",TSE:4462,Financials,Japan,71,8%,23
11735,"Ishihara Sangyo Kaisha, Ltd.",TSE:4028,Financials,Japan,61,5%,17
11737,Ishii Food Co. Ltd.,TSE:2894,Financials,Japan,35,-3%,14
11739,"Ishii Hyoki Co., Ltd.",TSE:6336,Financials,Japan,31,-6%,10
11740,"Ishii Iron Works Co., Ltd.",TSE:6362,Financials,Japan,46,-8%,10
20756,"Ishikawa Seisakusho, Ltd.",TSE:6208,Government Institution,Japan,62,1%,19
16437,"Isolite Insulating Products Co., Ltd.",TSE:5358,Government Institution,Japan,5,1%,10
16408,"istyle, Inc.",TSE:3660,Government Institution,Japan,45,-7%,5
20757,Isuzu Motors Ltd.,TSE:7202,Government Institution,Japan,81,-6%,20
16441,ITmedia Inc.,TSE:2148,Government Institution,Japan,95,0%,24
22166,"Ito En, Ltd.",TSE:2593,Government Institution,Japan,39,-5%,17
16423,ITOCHU Corporation,TSE:8001,Government Institution,Japan,71,-1%,24
16432,ITOCHU Techno-Solutions Corporation,TSE:4739,Government Institution,Japan,79,6%,25
11361,"ITOCHU-SHOKUHIN Co., Ltd.",TSE:2692,Healthcare,Japan,72,-7%,5
10816,Itoku Ltd,Private:ItoLtd,Healthcare,Japan,3,0%,10
10817,ItoKuro Inc.,TSE:6049,Healthcare,Japan,77,7%,10
10792,Iwabuchi Corporation,JASDAQ:5983,Healthcare,Japan,96,-1%,20
2607,Iwatani Corporation,TSE:8088,Healthcare,Japan,44,-6%,8
10825,"Iwatsu Electric Co., Ltd.",TSE:6704,Healthcare,Japan,12,-6%,11
10511,"Iwatsuka Confectionery Co., Ltd.",JASDAQ:2221,Healthcare,Japan,93,1%,8
2747,IX Knowledge Inc.,JASDAQ:9753,Healthcare,Japan,39,2%,25
2610,Iyasaka Limited,Private:Iyasaka  Limited,Healthcare,Japan,73,-3%,14
10818,"J Escom Holdings,Inc.",JASDAQ:3779,Healthcare,Japan,27,-6%,22
11098,J Rex K.K.,Private:J Rex K.K.,Healthcare,Japan,27,-5%,14
11528,"Ja Life Create Fukushima.Co.,Ltd.","Private:Ja Life C.Co.,Ltd.",Healthcare,Japan,99,0%,24
11510,"JA Mitsui Leasing, Ltd.","Private:JA Mitsuiing, Ltd.",Healthcare,Japan,33,-4%,21
10780,JALCO Holdings Inc.,JASDAQ:6625,Healthcare,Japan,5,-4%,24
15219,JALUX Inc.,TSE:2729,Healthcare,Japan,10,4%,11
10781,Jamco Corp.,TSE:7408,Healthcare,Japan,5,8%,12
10813,Janis Ltd.,NSE:5342,Healthcare,Japan,85,8%,7
10814,Japan Agency For Marine-Earth Science And Technology,Private:Japan Ageechnology,Healthcare,Japan,86,0%,12
10820,"Japan Airlines Co., Ltd.",TSE:9201,Healthcare,Japan,42,8%,10
2608,"Japan Airport Terminal Co., Ltd.",TSE:9706,Healthcare,Japan,85,-2%,5
10789,Japan Automobile Distribution Research Institute,Private:Japanitute,Healthcare,Japan,77,0%,25
10779,"Japan Aviation Electronics Industry, Limited",TSE:6807,Healthcare,Japan,25,-8%,22
11069,"Japan Best Rescue System Co.,Ltd.",TSE:2453,Healthcare,Japan,95,3%,8
10612,"Japan Bike Auction Co., Ltd.",Private:Japtd.,Healthcare,Japan,0,6%,6
10804,"Japan Digital Laboratory Co., Ltd.",TSE:6935,Healthcare,Japan,79,-8%,15
10431,Japan Display Inc.,TSE:6740,Healthcare,Japan,51,0%,9
10397,"Japan Drilling Co., Ltd.",TSE:1606,Healthcare,Japan,35,-3%,14
10829,Japan Electric Power Exchange,Private:Japan ElExchange,Healthcare,Japan,99,4%,8
2746,Japan Electronic Materials Corporation,TSE:6855,Healthcare,Japan,31,-1%,6
10827,"Japan Foods Co., Ltd.",TSE:2599,Healthcare,Japan,11,2%,16
10822,Japan Government,Private:Japent,Healthcare,Japan,69,0%,25
15225,"Japan Investment Adviser Co., Ltd.",TSE:7172,Healthcare,Japan,96,-3%,13
2511,"Japan Lifeline Co., Ltd.",TSE:7575,Healthcare,Japan,100,3%,19
10759,Japan Logitec Cooperative Association,Private:Japan Loociation,Healthcare,Japan,19,-4%,17
11536,"JAPAN MATERIAL Co., Ltd.",TSE:6055,Healthcare,Japan,99,-6%,6
2602,Japan Oil Transportation Co.Ltd.,TSE:9074,Healthcare,Japan,87,2%,9
15252,Japan Pension Service,Private:Japan Penn Service,Healthcare,Japan,66,-1%,16
11643,"Japan Petroleum Exploration Co., Ltd.",TSE:1662,Healthcare,Japan,56,-7%,14
2609,"Japan Post Holdings Co., Ltd.",TSE:6178,Healthcare,Japan,9,-4%,20
10602,"Japan Process Development Co., Ltd.",JASDAQ:9651,Healthcare,Japan,23,1%,10
15266,"Japan Publications Trading Co., Ltd.",JASDAQ:8072,Healthcare,Japan,90,0%,13
10934,Japan Pulp and Paper Company Limited,TSE:8032,Healthcare,Japan,38,-3%,20
2745,"Japan Pure Chemical Co., Ltd.",TSE:4973,Healthcare,Japan,23,3%,16
2524,"Japan Radio Co., Ltd.",TSE:6751,Healthcare,Japan,62,8%,8
15217,Japan Retail Fund Investment Corp.,TSE:8953,Healthcare,Japan,72,1%,18
2633,Japan Science And Technology Agency,Private:Japan Scy Agency,Healthcare,Japan,51,-1%,18
11464,Japan Sewage Works Agency,Private:Japncy,Healthcare,Japan,80,-7%,18
10787,"Japan System Techniques Co., Ltd.",TSE:4323,Healthcare,Japan,97,-7%,7
2605,Japan Systems Co. Ltd.,JASDAQ:9758,Healthcare,Japan,22,-8%,25
10793,"Japan Technicals Co.,Ltd.","Private:Japan Tec Co.,Ltd.",Healthcare,Japan,54,0%,25
10782,"Japan Third Party Co., Ltd.",JASDAQ:2488,Healthcare,Japan,94,-5%,13
10809,"Japan Tissue Engineering Co., Ltd.",JASDAQ:7774,Healthcare,Japan,69,-4%,5
10805,Japan Tobacco Inc.,TSE:2914,Healthcare,Japan,92,5%,18
10729,"Japan U-PICA Company, Ltd.",JASDAQ:7891,Healthcare,Japan,73,7%,13
10783,Japanese Aero Engines Corporation,Private:Japion,Healthcare,Japan,63,4%,13
10800,Japanese Consumers' Co-Operative Union,Private:Japaneseve Union,Healthcare,Japan,48,-1%,24
10808,"Japanese Ministry of Land, Infrastructure, Transport & Tourism.",Private:JapaneseTourism.,Healthcare,Japan,78,4%,23
10797,"Japanet Takata Co.,Ltd.","Private:Japanet Co.,Ltd.",Healthcare,Japan,98,1%,7
10794,Jatco Ltd.,Private:Jattd.,Healthcare,Japan,46,1%,5
10803,"JCR Pharmaceuticals Co., Ltd.",TSE:4552,Healthcare,Japan,0,-6%,24
10785,"Jeco Co., Ltd.",TSE:7768,Healthcare,Japan,5,-2%,22
10788,Jeol Ltd.,TSE:6951,Healthcare,Japan,87,-7%,7
10796,"JFE Container Co., Ltd.",TSE:5907,Healthcare,Japan,20,-4%,9
10815,"JFE Holdings, Inc.",TSE:5411,Healthcare,Japan,4,1%,19
10798,"JFE Systems, Inc.",TSE:4832,Healthcare,Japan,59,2%,13
10806,JGC Corp.,TSE:1963,Healthcare,Japan,95,1%,17
10799,Jiec Co. Ltd.,TSE:4291,Healthcare,Japan,23,6%,25
10811,"JOBAN JOINT POWER CO.,LTD.","Private:JOBAN JOCO.,LTD.",Healthcare,Japan,91,7%,25
11469,"Joban Kaihatsu Co., Ltd.",JASDAQ:1782,Healthcare,Japan,20,-8%,10
11490,"Joban Kosan Co., Ltd.",TSE:9675,Healthcare,Japan,53,-1%,8
10812,"J-Oil Mills, Inc.",TSE:2613,Healthcare,Japan,7,-6%,25
10786,Joso Development Industrial Company.,Private:Joso Deve Company.,Healthcare,Japan,34,2%,25
10400,"JP-Holdings,Inc.",TSE:2749,Healthcare,Japan,96,-8%,25
10784,JSR Corporation,TSE:4185,Healthcare,Japan,29,-6%,11
10824,JTEKT Corporation,TSE:6473,Healthcare,Japan,71,-2%,13
10828,Judicial scrivener corporation Central group ,Private:Judicial al group ,Healthcare,Japan,30,-7%,21
2611,Juki Corp.,TSE:6440,Healthcare,Japan,27,1%,19
10819,Justsystem Corp.,TSE:4686,Healthcare,Japan,6,-7%,8
10807,JVC KENWOOD Corporation,TSE:6632,Healthcare,Japan,67,-3%,5
10823,"JX Holdings, Inc.",TSE:5020,Healthcare,Japan,79,0%,8
10422,K.R.S.Corporation,TSE:9369,Healthcare,Japan,34,-4%,9
10830,Kabushiki Kaisha Nakashimato Shoten,Private:Kabushikito Shoten,Healthcare,Japan,36,0%,22
2692,Kadoya Sesame Mills Incorporated,TSE:2612,Healthcare,Japan,81,-7%,23
10831,"Kaga Electronics Co.,Ltd.",TSE:8154,Healthcare,Japan,68,-5%,8
10778,"Kagome Co., Ltd.",TSE:2811,Healthcare,Japan,23,-2%,24
8264,"Kainos Laboratories, Inc.",JASDAQ:4556,Healthcare,Japan,52,-1%,24
10661,Kajima Corporation,TSE:1812,Healthcare,Japan,86,-7%,25
10542,Kaken Pharmaceutical Co. Ltd.,TSE:4521,Healthcare,Japan,82,-6%,21
10526,"Kakoki Plant & Environment Engineering Co.,Ltd.","Private:Kakoki o.,Ltd.",Healthcare,Japan,58,-6%,23
2606,"Kamakura Shinsho, Ltd.",TSE:6184,Healthcare,Japan,34,5%,16
2566,"Kameda Seika CO., Ltd.",TSE:2220,Healthcare,Japan,36,-7%,10
20668,Kamitake Kensetsu Kk,Private:Kamitsu Kk,Healthcare,Japan,38,-3%,21
17501,Kanaden Corporation,TSE:8081,Healthcare,Japan,61,8%,24
17461,Kanagawa Nationl Health Insurance Organization,Private:Kanagawa anization,Healthcare,Japan,5,6%,21
21283,"Kandenko Co., Ltd.",TSE:1942,Healthcare,Japan,53,6%,6
19591,Kanefusa Corporation,TSE:5984,Healthcare,Japan,2,-1%,17
16747,"Kaneko Seeds Co., Ltd.",TSE:1376,Healthcare,Japan,40,-3%,5
16681,Kanematsu Corp.,TSE:8020,Healthcare,Japan,48,-8%,9
17862,Kanematsu Sustech Corporation,TSE:7961,Healthcare,Japan,98,6%,18
22182,"Kanemi Co.,Ltd.",JASDAQ:2669,Healthcare,Japan,60,-3%,17
16926,"KANRO Co., Ltd.",TSE:2216,Healthcare,Japan,27,2%,14
20856,Kansai Paint Co. Ltd.,TSE:4613,Healthcare,Japan,40,7%,6
16918,"Kanto Denka Kogyo Co., Ltd.",TSE:4047,Healthcare,Japan,44,6%,14
17871,Kanto Iryo Service K.K.,Private:Kanto Iryvice K.K.,Healthcare,Japan,71,5%,12
20010,Kao Corporation,TSE:4452,Healthcare,Japan,29,-6%,25
17917,"Kappa-Create Co., Ltd.",TSE:7421,Healthcare,Japan,68,-4%,8
22121,"Kasai Kogyo Co., Ltd.",TSE:7256,Healthcare,Japan,11,1%,24
17844,Katakura & Co-op Agri Corporation,TSE:4031,Healthcare,Japan,22,0%,10
21541,"Katakura Industries Co., Ltd.",TSE:3001,Healthcare,Japan,59,-8%,24
20858,"Kato Sangyo Co., Ltd.",TSE:9869,Healthcare,Japan,29,7%,5
22181,"Kawada Technologies, Inc.",TSE:3443,Healthcare,Japan,38,8%,14
22364,Kawaden Corporation,JASDAQ:6648,Healthcare,Japan,12,6%,14
17915,"Kawagishi Bridge Works Co., Ltd.",TSE:5921,Healthcare,Japan,95,-3%,11
17842,"Kawaguchi Chemical Industry Co., LTD.",TSE:4361,Healthcare,Japan,98,7%,20
21538,Kawasaki Heavy Industries Ltd.,TSE:7012,Healthcare,Japan,37,2%,20
15191,Kawasaki Kasei Chemicals Ltd.,TSE:4117,Healthcare,Japan,61,-2%,25
10479,Kawasaki Kisen Kaisha Ltd.,TSE:9107,Healthcare,Japan,76,-2%,17
10801,"Kawasaki Setsubi Kogyo Co., Ltd.",NSE:1777,Healthcare,Japan,49,-6%,15
10802,Kawasaki Thermal Engineering Co.Ltd,JASDAQ:6414,Healthcare,Japan,34,6%,7
13157,Kayac Inc.,TSE:3904,Healthcare,Japan,40,-2%,10
10821,KDDI Corporation,TSE:9433,Healthcare,Japan,17,0%,5
10854,"KeePer Technical Laboratory Co.,Ltd",TSE:6036,Healthcare,Japan,34,-6%,7
10901,Keihin Corporation,TSE:7251,Healthcare,Japan,36,7%,23
11332,KEL Corporation,JASDAQ:6919,Healthcare,Japan,33,-1%,10
11522,"KENKO Mayonnaise Co.,Ltd.",TSE:2915,Healthcare,Japan,64,-8%,15
11527,Kenshinkai Medical Association,Private:Kenshinkociation,Healthcare,Japan,54,5%,6
11628,Kewpie Corporation,TSE:2809,Healthcare,Japan,18,-1%,24
11921,Key Coffee Inc.,TSE:2594,Healthcare,Japan,22,-1%,15
11551,Keyware Solutions Inc.,TSE:3799,Industrials,Japan,49,3%,22
11083,"KFC Holdings Japan, Ltd.",TSE:9873,Industrials,Japan,85,-4%,8
11800,"KFC, Ltd.",TSE:3420,Industrials,Japan,66,-5%,9
11157,"KH Neochem Co., Ltd.",TSE:4189,Industrials,Japan,56,-6%,5
11616,"Kikuchi Seisakusho Co., Ltd.",JASDAQ:3444,Industrials,Japan,53,5%,22
11896,"Kikusui Chemical Industries Co., Ltd.",TSE:7953,Industrials,Japan,90,7%,14
11215,Kikusui Electronics Corporation,JASDAQ:6912,Industrials,Japan,27,-4%,25
10333,"Kimoto Co., Ltd.",TSE:7908,Industrials,Japan,55,6%,15
11591,"Kimura Chemical Plants Co., Ltd.",TSE:6378,Industrials,Japan,3,3%,21
11159,"Kimura Unity Co., Ltd.",TSE:9368,Industrials,Japan,26,4%,22
2598,Kimuratan Corporation,TSE:8107,Industrials,Japan,81,-5%,14
15276,Kinden Corporation,TSE:1944,Industrials,Japan,32,-1%,8
11625,"King Jim Co., Ltd.",TSE:7962,Industrials,Japan,86,-6%,9
11001,"King Record Co., Ltd.","Private:King RecoCo., Ltd.",Industrials,Japan,91,3%,20
11782,"Kinoshita Management Co., Ltd",Private:KinLtd,Industrials,Japan,17,-6%,10
2679,Kinugawa Rubber Industrial Co. Ltd. (taken private),Private:Kinugawaprivate),Industrials,Japan,65,0%,18
2758,"Kirin Holdings Company, Limited",TSE:2503,Industrials,Japan,20,7%,21
15282,"Kissei Pharmaceutical Co., Ltd.",TSE:4547,Industrials,Japan,5,7%,9
11874,"Kitagawa Iron Works Co., Ltd.",TSE:6317,Industrials,Japan,76,1%,20
11597,"Kitanihon Spinning Co., Ltd.",TSE:3409,Industrials,Japan,8,-5%,11
2711,"Kitoku Shinryo Co., Ltd.",JASDAQ:2700,Industrials,Japan,9,5%,15
11129,KLab Inc.,TSE:3656,Industrials,Japan,27,4%,9
6139,Kobayashi Metals Limited,TSE:8077,Industrials,Japan,10,4%,7
11074,Kobayashi Pharmaceutical Co. Ltd.,TSE:4967,Industrials,Japan,95,-7%,6
11206,"Kobe Bussan Co., Ltd.",TSE:3038,Industrials,Japan,47,-3%,5
11481,"Kobe Diesel Co., Ltd.",TSE:6016,Industrials,Japan,76,-1%,15
2660,Kobe Steel Ltd.,TSE:5406,Industrials,Japan,60,5%,6
11363,"KOBELCO Construction Machinery Co.,Ltd.",Private:KOBtd.,Industrials,Japan,82,2%,20
11518,"Kodama Plastics Co.,Ltd.","Private:Kodama Pl Co.,Ltd.",Industrials,Japan,24,1%,15
11390,KODENSHI CORP.,Private:KODENSHI SHI CORP.,Industrials,Japan,92,1%,12
10369,"Koei Chemical Company, Limited",TSE:4367,Industrials,Japan,88,-2%,12
11160,Kohnan Shoji Co. Ltd.,TSE:7516,Industrials,Japan,84,-8%,25
11205,"Koike Sanso Kogyo Co., Ltd.",TSE:6137,Industrials,Japan,65,-8%,11
11563,KOIKE-YA Inc.,JASDAQ:2226,Industrials,Japan,22,1%,21
11009,Koito Manufacturing Co. Ltd.,TSE:7276,Industrials,Japan,54,2%,19
11000,"Kojima Iron Works Co., Ltd.",TSE:6112,Industrials,Japan,36,0%,7
11212,Koken Ltd.,JASDAQ:7963,Industrials,Japan,98,2%,23
11072,"Kokubu & Co.,Ltd",Private:KokLtd,Industrials,Japan,43,-4%,20
11203,Kokubu Group Corp.,Private:Kokrp.,Industrials,Japan,87,6%,22
15249,Kokuyo Co. Ltd.,TSE:7984,Industrials,Japan,72,4%,12
11109,Komaihaltec Inc.,TSE:5915,Industrials,Japan,82,3%,5
11138,Komatsu Ltd.,TSE:6301,Industrials,Japan,52,-2%,14
10615,"KOMATSU SEIREN Co.,Ltd.",TSE:3580,Industrials,Japan,25,4%,20
10290,Komori Corp.,TSE:6349,Industrials,Japan,87,8%,16
10364,Konami Holdings Corporation,TSE:9766,Industrials,Japan,96,-2%,6
11106,"Konica Minolta, Inc.",TSE:4902,Industrials,Japan,49,3%,21
11010,"Konishiyasu Co., Ltd.","Private:Konishi., Ltd.",Industrials,Japan,25,-6%,9
11112,"Konoike Transport Co., Ltd.",TSE:9025,Industrials,Japan,77,1%,11
11517,"Kosaikogei Co.,Ltd.",JASDAQ:7878,Industrials,Japan,63,1%,6
2658,KOSE Corp.,TSE:4922,Industrials,Japan,29,-6%,5
15248,"Kosho Co.,Ltd.","Private:Kosho Co. Co.,Ltd.",Industrials,Japan,21,2%,25
2595,"Kotabe Co.,Ltd.","Private:Kotabe Co Co.,Ltd.",Industrials,Japan,29,0%,14
11340,"Kowa Company, Ltd.","Private:Kowa Comny, Ltd.",Industrials,Japan,85,-1%,25
11594,"Kreo Industrial Co.,Ltd.","Private:Kreo Indu Co.,Ltd.",Industrials,Japan,52,-2%,14
11226,Krosaki Harima Corporation,TSE:5352,Industrials,Japan,10,-3%,14
11583,K's Holdings Corporation,TSE:8282,Industrials,Japan,62,5%,6
10596,Kubota Corporation,TSE:6326,Industrials,Japan,13,-5%,9
11140,KUBOTEK Corporation,TSE:7709,Industrials,Japan,25,-3%,21
11799,"Kumiai Chemical Industry Co., Ltd.",TSE:4996,Industrials,Japan,80,7%,20
11170,"Kuramoto Co., Ltd.",JASDAQ:5216,Industrials,Japan,99,4%,15
11848,"Kuribayashi Steamship Co., Ltd.",TSE:9171,Industrials,Japan,45,6%,17
11202,Kurita Water Industries Ltd.,TSE:6370,Industrials,Japan,93,-7%,24
11401,Kuriyama Holdings Corporation,TSE:3355,Industrials,Japan,66,0%,6
11809,"Kuroda Electric Co., Ltd.",TSE:7517,Industrials,Japan,74,-1%,6
11066,Kuroda Precision Industries Ltd.,TSE:7726,Industrials,Japan,77,-4%,12
11501,"Kushiro Coal Mine Co.,Ltd.","Private:Kushiro C Co.,Ltd.",Industrials,Japan,21,2%,15
2509,"KUZE Co., Ltd",JASDAQ:2708,Industrials,Japan,58,6%,11
11790,KVK Corporation,JASDAQ:6484,Industrials,Japan,51,4%,8
2634,KYB Corporation,TSE:7242,Industrials,Japan,80,-8%,16
11784,Kyocera Corp.,TSE:6971,Industrials,Japan,17,-3%,22
2169,"Kyoden Company, Limited",TSE:6881,Industrials,Japan,100,6%,21
11166,Kyodo Paper Holdings,JASDAQ:9849,Industrials,Japan,87,-2%,22
2652,"Kyoei Sangyo Co.,Ltd.",TSE:6973,Industrials,Japan,51,7%,18
11019,"Kyoei Steel, Ltd.",TSE:5440,Industrials,Japan,96,-4%,8
11143,"Kyoei Tanker Co., Ltd.",TSE:9130,Industrials,Japan,42,-7%,9
11087,"Kyokuyo Co., Ltd.",TSE:1301,Industrials,Japan,40,2%,25
2495,"KYORIN Holdings, Inc.",TSE:4569,Industrials,Japan,46,0%,24
11118,Kyoritsu Air Tech Inc.,JASDAQ:5997,Industrials,Japan,74,6%,21
11145,"Kyoritsu Computer & Communication Co.,Ltd.",JASDAQ:3670,Industrials,Japan,7,-6%,18
2504,"Kyoritsu, K.K.","Private:Kyoritsu,tsu, K.K.",Industrials,Japan,9,-1%,13
11388,"Kyosha Co., Ltd.",JASDAQ:6837,Industrials,Japan,83,-5%,11
11017,Kyoto (City of),Private:Kyoto (Ci(City of),Industrials,Japan,72,-1%,14
10309,"Kyoto Nakai Shoji Co.,Ltd. ","Private:Kyoto NakCo.,Ltd.",Industrials,Japan,27,-5%,18
10289,Kyoto Renaiss Hospital,Private:Kyoto Ren Hospital,Industrials,Japan,65,-5%,16
10579,"Kyoto Shimbun Co., Ltd.","Private:Kyoto ShiCo., Ltd.",Industrials,Japan,37,4%,19
11893,"Kyoto Tool Co., Ltd.",TSE:5966,Industrials,Japan,60,-3%,22
11021,Kyowa Exeo Corporation,TSE:1951,Industrials,Japan,62,3%,6
10302,"Kyowa Hakko Kirin Co., Ltd.",TSE:4151,Industrials,Japan,94,4%,25
2501,"Kyowa Leather Cloth Co., Ltd.",TSE:3553,Industrials,Japan,45,-3%,24
6131,"Kyowanissei Co., Ltd.",JASDAQ:1981,Industrials,Japan,35,0%,10
2771,Kyudenko Corporation,TSE:1959,Industrials,Japan,0,-8%,22
11391,"Kyushu Electric Power Company, Incorporated",TSE:9508,Industrials,Japan,7,7%,5
11068,"Labo Japan.Co.,Ltd.","Private:Labo Japa.Co.,Ltd.",Industrials,Japan,72,4%,21
6117,"LAC Co., Ltd.",JASDAQ:3857,Industrials,Japan,61,-4%,10
11582,Lasertec Corporation,TSE:6920,Industrials,Japan,29,3%,25
11577,Lawson Inc.,TSE:2651,Industrials,Japan,76,5%,5
10366,"Learning Masters(International), Inc. ","Private:Learning l), Inc. ",Industrials,Japan,4,-1%,20
2531,"LEC, Inc.",TSE:7874,Industrials,Japan,47,-1%,25
10338,Leopalace21 Corporation,TSE:8848,Industrials,Japan,5,-7%,16
2668,Levi Strauss Japan k.k.,TSE:9836,Industrials,Japan,81,0%,10
11185,"Lihit Lab., Inc.",TSE:7975,Industrials,Japan,6,4%,5
15242,"Lilycolor Co., Ltd.",JASDAQ:9827,Industrials,Japan,38,-4%,19
11813,LINE Corporation,TSE:3938,Industrials,Japan,51,-3%,10
2664,"Linical Co., Ltd.",TSE:2183,Industrials,Japan,28,8%,25
2648,Lintec Corp.,TSE:7966,Industrials,Japan,52,2%,11
11884,Lion Corporation,TSE:4912,Industrials,Japan,52,7%,6
10326,"LITALICO, Inc.",TSE:6187,Industrials,Japan,67,8%,17
11804,"Lite-on Japan, Ltd.",JASDAQ:2703,Industrials,Japan,12,7%,7
10359,"Live Revolution Co., Ltd.","Private:Live RevoCo., Ltd.",Industrials,Japan,87,-1%,18
11392,LIXIL Group Corporation,TSE:5938,Industrials,Japan,15,4%,17
10346,"LONG LIFE HOLDING Co., Ltd.",JASDAQ:4355,Industrials,Japan,47,8%,14
11278,"Lotte Co., Ltd.","Private:Lotte Co.Co., Ltd.",Industrials,Japan,83,-7%,18
10340,"Macnica Fuji Electronics Holdings, Inc.",TSE:3132,Industrials,Japan,50,4%,5
11889,"Macnica, Inc.",Private:Macni Inc.,Industrials,Japan,80,8%,13
10334,Maeda Corp.,TSE:1824,Industrials,Japan,45,-3%,23
11393,"Maeda Seisakusho Co.,Ltd.",JASDAQ:6281,Industrials,Japan,6,8%,19
10324,"Maezawa Kasei Industries Co., Ltd.",TSE:7925,Industrials,Japan,100,0%,14
10315,"Maezawa Kyuso Industries Co., Ltd.",TSE:6485,Industrials,Japan,21,3%,25
10305,Makita Corporation,TSE:6586,Industrials,Japan,14,6%,7
11018,"Mamezou Holdings Co., Ltd.",TSE:3756,Industrials,Japan,62,5%,24
10337,Mamiya-OP Co. Ltd.,TSE:7991,Industrials,Japan,98,-3%,14
10562,Manac Incorporated,TSE:4364,Industrials,Japan,58,-5%,24
10395,Mandom Corp.,TSE:4917,Industrials,Japan,9,2%,12
10336,Mansei Corporation,TSE:7565,Industrials,Japan,77,-5%,25
11864,"MARK STYLER Co., Ltd. ","Private:MARK ST, Ltd. ",Industrials,Japan,25,3%,7
6128,Mars Engineering Corporation,TSE:6419,Industrials,Japan,14,0%,8
10581,"Marubeni Construction Material Lease Co., Ltd.",TSE:9763,Industrials,Japan,21,-2%,7
11894,Marubeni Corporation,TSE:8002,Industrials,Japan,35,-3%,19
11863,Marubeni-Itochu Steel Inc.,Private:Marnc.,Industrials,Japan,38,1%,9
11103,Marubun Corporation,TSE:7537,Industrials,Japan,59,4%,25
15241,"Marufuji Sheet Piling Co., Ltd.",TSE:8046,Industrials,Japan,36,-6%,18
10843,Maruha Nichiro Corporation,TSE:1333,Industrials,Japan,84,2%,8
11621,"Maruhan Co., Ltd.","Private:Maruhan CCo., Ltd.",Industrials,Japan,52,-1%,15
15243,"Maruhon Industry co., Ltd.","Private:Maruhon Ico., Ltd.",Industrials,Japan,75,4%,16
11810,"Marui Group Co., Ltd.",TSE:8252,Industrials,Japan,73,-3%,7
10293,"MARUICHI Co.,Ltd.",NSE:8228,Industrials,Japan,71,-8%,22
10307,Maruka Machinery Co. Ltd.,TSE:7594,Industrials,Japan,3,8%,8
11135,"Maruko Co., Ltd.",TSE:9980,Industrials,Japan,6,-5%,23
11632,"Marumae Co., Ltd.",TSE:6264,Industrials,Japan,33,-2%,7
11746,"Marusan-Ai Co., Ltd.",NSE:2551,Industrials,Japan,66,-1%,12
10379,"Marutai Co.,Ltd.",FKSE:2919,Industrials,Japan,45,-7%,25
11397,"Maruwa Co., Ltd.",TSE:5344,Industrials,Japan,44,-7%,24
11218,"Maruwa Unyu Kikan Co.,Ltd.",TSE:9090,Industrials,Japan,66,7%,20
2760,Maruwn Corporation,TSE:9067,Industrials,Japan,48,8%,18
11887,"Maruyasu Industries Co., Ltd ","Private:Maruyas., Ltd ",Industrials,Japan,55,-5%,8
11049,"Maruzen Chemical Co., Ltd.","Private:Maruzen o., Ltd.",Industrials,Japan,28,-1%,13
2772,Marvelous Inc.,TSE:7844,Industrials,Japan,79,3%,10
11866,"Masstune, Inc","Private:Masstune,tune, Inc",Industrials,Japan,14,-1%,15
10497,"Mation.,Inc","Private:Mation.,Ition.,Inc",Industrials,Japan,84,-6%,9
11803,"Matsumoto Yushi Seiyaku Co., Ltd.",JASDAQ:4365,Industrials,Japan,92,-5%,15
11623,"Matsumotokiyoshi Holdings Co., Ltd.",TSE:3088,Industrials,Japan,31,5%,16
10946,"MATSUMURA OIL Co., Ltd.","Private:MATSUMURACo., Ltd.",Industrials,Japan,86,1%,13
6141,Max Co. Ltd.,TSE:6454,Industrials,Japan,63,2%,14
11006,"Maxvalu Chubu Co., Ltd.",NSE:8171,Industrials,Japan,93,-2%,8
11114,"MaxValu Hokkaido Co., Ltd.",JASDAQ:7465,Industrials,Japan,75,-1%,17
2496,"Maxvalu Kyushu Co.,Ltd.",JASDAQ:3171,Industrials,Japan,87,6%,21
11020,"Maxvalu Nishinihon Co., Ltd.",TSE:8287,Industrials,Japan,29,4%,18
10373,"MaxValu Tohoku Co.,Ltd.",TSE:2655,Industrials,Japan,24,-1%,12
10376,Mazda Motor Corporation,TSE:7261,Industrials,Japan,9,-3%,7
11515,"McDonald's Holdings Company (Japan), Ltd.",JASDAQ:2702,Industrials,Japan,42,5%,15
11564,Media Five Co.,FKSE:3824,Industrials,Japan,76,6%,21
11876,"Media Global Links Co., Ltd.",JASDAQ:6659,Industrials,Japan,54,-7%,21
11857,"MEDIASEEK,inc.",TSE:4824,Industrials,Japan,63,7%,25
11394,"Medical & Biological Laboratories Co., Ltd.",JASDAQ:4557,Industrials,Japan,38,3%,17
10328,MediPal Holdings Corporation,TSE:7459,Industrials,Japan,47,6%,18
11567,"Medius Holdings Co., Ltd.",TSE:3154,Industrials,Japan,47,5%,20
11207,"MedPeer,Inc.",TSE:6095,Industrials,Japan,6,-5%,16
11802,MegaChips Corporation,TSE:6875,Industrials,Japan,4,-2%,16
11550,"Megmilk Snow Brand Co., Ltd.",TSE:2270,Industrials,Japan,60,-4%,14
11086,"Meiji Electric Industries CO.,LTD.",TSE:3388,Industrials,Japan,60,6%,9
11081,"Meiji Holdings Co., Ltd.",TSE:2269,Industrials,Japan,82,2%,15
2647,Meiji Sangyo Company,Private:Meiji Sano Company,Industrials,Japan,94,5%,20
11562,"Meiji Shipping Co., Ltd.",TSE:9115,Industrials,Japan,73,-7%,15
2752,Meikai Kosan K.K.,Private:Meikai Koosan K.K.,Industrials,Japan,45,-7%,18
11079,"Meikô Construction Co.,Ltd.",NSE:1869,Industrials,Japan,51,-6%,24
11886,Meiryu Cement K.K.,Private:Meiryu Cement K.K.,Industrials,Japan,77,-1%,12
9644,"Meisei Chemical Works, Ltd.","Private:Meisei Chrks, Ltd.",Industrials,Japan,7,-2%,7
11139,"Meisei Electric Co., Ltd.",TSE:6709,Industrials,Japan,40,2%,9
11078,Meito Sangyo Co. Ltd.,TSE:2207,Industrials,Japan,36,2%,19
2517,"Meiwa Industry Co., Ltd.",TSE:7284,Industrials,Japan,22,5%,20
10341,Melco Holdings Inc.,TSE:6676,Industrials,Japan,37,-6%,25
2503,"Members Co., Ltd.",TSE:2130,Industrials,Japan,30,7%,18
10339,"Meros Cosmetics Co.,Ltd.",Private:Mertd.,Industrials,Japan,56,6%,13
11922,"MESCO, Inc.",TSE:1737,Industrials,Japan,50,-7%,20
11609,Metalart Corporation,TSE:5644,Industrials,Japan,88,8%,5
2665,"METAWATER Co., Ltd.",TSE:9551,Industrials,Japan,29,5%,6
15228,"Micron Machinery Co., Ltd.",JASDAQ:6159,Industrials,Japan,17,-3%,10
11573,"Micronics Japan Co., Ltd.",TSE:6871,Industrials,Japan,42,-4%,25
11541,Midori Anzen Yohin K.K.,Private:Midori Anohin K.K.,Industrials,Japan,36,-2%,24
11569,"Midoriya Electric Co., Ltd.","Private:Midoriya Co., Ltd.",Industrials,Japan,83,0%,6
11540,"MIE Corporation Co., Ltd",NSE:3442,Industrials,Japan,41,8%,6
10354,"Mighty Net co.,Ltd.","Private:Mighty Ne co.,Ltd.",Industrials,Japan,52,2%,23
2684,"Mikikogyo Co, Ltd.",JASDAQ:1718,Industrials,Japan,75,7%,9
2164,"Mikisangyo Company, Limited",Private:Mikted,Industrials,Japan,98,7%,14
2494,Mikuni Corporation,TSE:7247,Industrials,Japan,37,6%,11
11025,"Mimasu Semiconductor Industry Co., Ltd.",TSE:8155,Industrials,Japan,80,1%,12
11576,"Minato Shokai Co., Ltd.","Private:Minato ShCo., Ltd.",Industrials,Japan,51,-5%,19
11882,"Minebea Co., Ltd.",TSE:6479,Industrials,Japan,96,4%,6
11088,"MINISTOP Co., Ltd.",TSE:9946,Industrials,Japan,16,3%,18
15240,Ministry of Finance Japan,Private:Ministryce Japan,Industrials,Japan,99,8%,22
11650,"Minori Solutions Co., Ltd.",TSE:3822,Industrials,Japan,37,2%,16
11805,Mint Wave Co Ltd,Private:MinLtd,Industrials,Japan,69,-3%,14
10478,Miraca Holdings Inc.,TSE:4544,Industrials,Japan,87,3%,13
10748,"Miraial Co., Ltd.",TSE:4238,Industrials,Japan,85,6%,11
11785,MIRAIT Holdings Corporation,TSE:1417,Industrials,Japan,95,-3%,16
11566,"Miroku Jyoho Service Co., Ltd.",TSE:9928,Industrials,Japan,35,-7%,19
2751,"Misawa Homes Chugoku Co., Ltd.",JASDAQ:1728,Industrials,Japan,62,8%,13
10316,"Misawa Homes Co., Ltd.",TSE:1722,Industrials,Japan,10,-3%,18
2671,"Mitachi Co., Ltd.",TSE:3321,Industrials,Japan,38,3%,13
10295,Mitani Corporation,TSE:8066,Industrials,Japan,56,1%,20
11032,"Mitani Sekisan Co., Ltd.",TSE:5273,Industrials,Japan,12,6%,7
10374,Mitsuba Corporation,TSE:7280,Industrials,Japan,17,2%,8
11792,Mitsubishi Chemical Holdings Corporation,TSE:4188,Industrials,Japan,77,-6%,7
11636,Mitsubishi Corporation,TSE:8058,Industrials,Japan,34,7%,18
10322,Mitsubishi Electric Corporation,TSE:6503,Industrials,Japan,100,6%,14
11904,Mitsubishi Engineering-Plastics Corporation,Private:Mitsubishrporation,Industrials,Japan,53,-1%,8
15254,"Mitsubishi Estate Co., Ltd.",TSE:8802,Industrials,Japan,63,-8%,15
11121,"Mitsubishi Gas Chemical Company, Inc.",TSE:4182,Industrials,Japan,94,8%,24
10513,Mitsubishi Heavy Industries Ltd.,TSE:7011,Industrials,Japan,86,7%,18
2600,Mitsubishi Materials Corp.,TSE:5711,Industrials,Japan,27,-6%,17
11064,Mitsubishi Motors Corporation,TSE:7211,Industrials,Japan,66,-6%,6
2644,"Mitsubishi Nichiyu Forklift Co.,Ltd.",TSE:7105,Industrials,Japan,91,8%,23
11801,Mitsubishi Paper Mills Limited,TSE:3864,Industrials,Japan,81,-4%,11
2667,Mitsubishi Pencil Chubu Hambai K.K.,Private:Mitsu K.K.,Industrials,Japan,65,-5%,20
15267,Mitsubishi Pencil Co. Ltd.,TSE:7976,Industrials,Japan,54,-4%,16
11780,"Mitsubishi Research Institute, Inc.",TSE:3636,Industrials,Japan,34,4%,11
11670,"Mitsubishi Shokuhin Co., Ltd.",TSE:7451,Industrials,Japan,37,0%,18
11811,Mitsubishi Tanabe Pharma Corporation,TSE:4508,Industrials,Japan,38,3%,16
15272,"Mitsubishi UFJ Financial Group, Inc.",TSE:8306,Industrials,Japan,2,5%,23
10954,Mitsuchi Corporation,JASDAQ:3439,Industrials,Japan,36,6%,17
2677,Mitsui & Co. Ltd.,TSE:8031,Industrials,Japan,51,7%,21
11769,"Mitsui Chemicals, Inc.",TSE:4183,Industrials,Japan,58,1%,9
15244,"Mitsui Engineering & Shipbuilding Co., Ltd.",TSE:7003,Industrials,Japan,38,5%,21
11779,Mitsui Fudosan Co. Ltd.,TSE:8801,Industrials,Japan,75,7%,22
11483,"Mitsui High-tec, Inc.",TSE:6966,Industrials,Japan,13,-1%,25
10371,"Mitsui Matsushima Co., Ltd.",TSE:1518,Industrials,Japan,70,7%,24
10297,"Mitsui Mining and Smelting Company, Limited",TSE:5706,Industrials,Japan,72,-6%,14
11789,Mitsui OSK Lines Ltd.,TSE:9104,Industrials,Japan,90,-6%,22
10987,"Mitsui Sugar Co., Ltd.",TSE:2109,Industrials,Japan,99,5%,13
11386,"Mitsumi Electric Co., Ltd.",TSE:6767,Industrials,Japan,73,2%,8
10306,"Mitsumura Printing Co., Ltd.",TSE:7916,Industrials,Japan,63,-5%,8
10331,Miura Printing Corp.,TSE:7920,Industrials,Japan,52,6%,18
10308,"Miura Shipbuilding Co.,Ltd.",Private:Miutd.,Industrials,Japan,69,-5%,19
11005,"Mixi, Inc.",TSE:2121,Industrials,Japan,49,-2%,25
10996,Miyagi (Prefecture of),Private:Miyagi (Pcture of),Industrials,Japan,88,-4%,18
15140,"Miyairi Valve Mfg. Co., Ltd.",TSE:6495,Industrials,Japan,73,5%,6
11023,"Miyaji Engineering Group, Inc.",TSE:3431,Industrials,Japan,98,-6%,6
11624,Miyaki (Prefecture of),Private:Miyaki (Pcture of),Industrials,Japan,51,-4%,20
10758,"Miyoshi Oil & Fat Co., Ltd.",TSE:4404,Industrials,Japan,17,2%,20
15274,"Mizuho Financial Group, Inc.",TSE:8411,Industrials,Japan,8,-2%,12
2680,"MIZUHO MEDY Co., Ltd.",TSE:4595,Industrials,Japan,69,4%,8
11197,"MK Seiko Co., Ltd.",JASDAQ:5906,Industrials,Japan,3,-2%,7
11204,MLJ Inc.,Private:MLJ IncLJ Inc.,Industrials,Japan,74,5%,9
10365,mobcast inc.,TSE:3664,Industrials,Japan,42,4%,21
11231,"Mobile Create Co., Ltd.",TSE:3669,Industrials,Japan,48,2%,22
10378,"MobileFactory, Inc.",TSE:3912,Industrials,Japan,93,-5%,16
11626,Mochida Pharmaceutical Co. Ltd.,TSE:4534,Industrials,Japan,40,6%,14
11142,"MODEC, Inc.",TSE:6269,Industrials,Japan,24,-8%,7
10362,"Molitec Steel Co., Ltd.",TSE:5986,Industrials,Japan,78,-1%,13
11224,Monteroza Co. Ltd.,Private:Montd.,Industrials,Japan,62,3%,15
2650,"Moonbat Co.,Ltd.",TSE:8115,Industrials,Japan,73,-1%,18
2507,MORESCO Corporation,TSE:5018,Industrials,Japan,53,6%,13
11336,Mori-Gumi Co. Ltd.,TSE:1853,Industrials,Japan,72,5%,12
2678,Morikawa Enterprise Inc.,Private:Morikawa rise Inc.,Industrials,Japan,55,-8%,8
11056,"Morinaga & Co., Ltd.",TSE:2201,Industrials,Japan,3,6%,14
11162,"Morinaga Milk Industry Co., Ltd.",TSE:2264,Industrials,Japan,23,3%,22
11775,Morishita Jintan Co. Ltd.,TSE:4524,Industrials,Japan,7,4%,5
10570,Morita Holdings Corporation.,TSE:6455,Industrials,Japan,62,5%,25
2657,Moritex Corporation,Private:Moritex poration,Industrials,Japan,57,5%,21
11213,Moriya Corporation,JASDAQ:1798,Industrials,Japan,0,3%,13
11409,Morningstar Japan KK,JASDAQ:4765,Industrials,Japan,27,1%,25
10360,"Morpho, Inc.",TSE:3653,Industrials,Japan,48,-2%,8
10372,MOS Food Services Inc.,TSE:8153,Industrials,Japan,100,-5%,10
2676,"MS&AD Insurance Group Holdings, Inc.",TSE:8725,Industrials,Japan,73,2%,25
11198,MTI Ltd.,TSE:9438,Industrials,Japan,15,4%,23
2672,"m-up, Inc.",TSE:3661,Industrials,Japan,94,5%,19
6110,"Muragen, K.K.","Private:Muragen, gen, K.K.",Industrials,Japan,14,-2%,19
10470,Murakami Corporation,TSE:7292,Industrials,Japan,71,-1%,22
11770,"Murata Manufacturing Co., Ltd.",TSE:6981,Industrials,Japan,39,-5%,6
6129,Muro Corporation,JASDAQ:7264,Industrials,Japan,70,2%,15
11891,"Musashi Seimitsu Industry Co., Ltd.",TSE:7220,Industrials,Japan,44,5%,5
11104,"MUTOH Holdings Co., Ltd.",TSE:7999,Industrials,Japan,21,7%,8
2568,Mynavi Corporation,Private:Mynavi Cporation,Industrials,Japan,45,7%,17
11548,"Mynet, Inc.",TSE:3928,Industrials,Japan,77,-1%,19
11916,"N Field Co., Ltd.",TSE:6077,Industrials,Japan,39,-1%,21
11147,"Naa Ele Tech, K.K",Private:NaaK.K,Industrials,Japan,89,3%,20
11537,"Nabelin Co., Ltd.",Private:Nabtd.,Industrials,Japan,44,-3%,10
6123,Nabtesco Corporation,TSE:6268,Industrials,Japan,64,6%,22
11554,Nachi-Fujikoshi Corp.,TSE:6474,Industrials,Japan,43,3%,23
6130,Nagahori Corporation,TSE:8139,Industrials,Japan,47,8%,19
10291,"Nagaileben Co.,Ltd.",TSE:7447,Industrials,Japan,75,0%,22
11457,Nagaoka International Corporation,JASDAQ:6239,Industrials,Japan,12,1%,20
11553,"Nagase & Co., Ltd.",TSE:8012,Industrials,Japan,3,-7%,16
11105,"Nagatanien Holdings Co.,Ltd",TSE:2899,Industrials,Japan,36,4%,14
10582,"Nagoya Railroad Co., Ltd.",TSE:9048,Industrials,Japan,42,-5%,7
11102,Naigai Engineering Inc.,Private:Naigai Enring Inc.,Industrials,Japan,40,8%,18
11077,Naigai TEC Corporation,JASDAQ:3374,Industrials,Japan,47,2%,25
11085,"Naigai Technos Co., Ltd.","Private:Naigai TeCo., Ltd.",Industrials,Japan,34,3%,19
11110,Nakakita Seisakusho Co. Ltd.,TSE:6496,Industrials,Japan,63,-2%,14
11163,"Nakamoto Packs Co.,Ltd.",TSE:7811,Industrials,Japan,65,1%,10
2640,"Nakamuraya Co., Ltd.",TSE:2204,Industrials,Japan,68,-1%,8
2655,Nakanihon Highway Enjnieering Nagoya K.K.,Private:Nakanihooya K.K.,Industrials,Japan,77,0%,9
11395,"Nakano Refrigerators Co.,Ltd.",JASDAQ:6411,Industrials,Japan,98,-2%,16
2645,Nakao Yakuhin K.K.,"Private:Nakao PCo.,Ltd",Industrials,Japan,72,-1%,23
10580,"Nakayama Steel Works, Ltd.",TSE:5408,Industrials,Japan,38,-5%,9
11067,"Nakayo, Inc.",TSE:6715,Industrials,Japan,89,-1%,18
11776,"Nambu Co., Ltd.","Private:Nambu Co.Co., Ltd.",Industrials,Japan,55,-5%,10
11342,"Namura Shipbuilding Co., Ltd.",TSE:7014,Industrials,Japan,62,8%,23
11772,"Nankai Electric Railway Co., Ltd.",TSE:9044,Industrials,Japan,22,-2%,15
2554,"Nankai Tatsumura Construction Co.,Ltd.",TSE:1850,Industrials,Japan,61,4%,17
10572,"NanoCarrier Co., Ltd.",TSE:4571,Industrials,Japan,72,-4%,6
2588,"NANSO Transport Co.,Ltd.",JASDAQ:9034,Industrials,Japan,53,8%,8
10327,National Printing Bureau,Private:National ng Bureau,Industrials,Japan,86,-8%,21
2497,"Natoco Co., Ltd.",JASDAQ:4627,Industrials,Japan,83,-7%,10
10303,"Natori Co., Ltd.",TSE:2922,Industrials,Japan,55,4%,13
10317,Natural Green Resort,Private:Natural Gen Resort,Industrials,Japan,80,2%,15
10355,"Nbc, K.K.","Private:Nbc, K.K.Nbc, K.K.",Industrials,Japan,80,-3%,6
10363,"NCS&A Co., Ltd.",TSE:9709,Industrials,Japan,54,0%,12
2499,"ND Software co., Ltd.",TSE:3794,Industrials,Japan,35,6%,24
10323,"NDS Co., Ltd.",TSE:1956,Industrials,Japan,35,0%,7
11768,NEC Corporation,TSE:6701,Industrials,Japan,3,3%,13
6111,NEC Networks & System Integration Corporation,TSE:1973,Industrials,Japan,80,4%,24
10325,"Nemoto Kyorindo Co., Ltd.","Private:Nemoto Ko., Ltd.",Industrials,Japan,94,-7%,13
10330,NEOJAPAN Inc.,TSE:3921,Industrials,Japan,77,7%,21
10585,"Net One Systems Co., Ltd.",TSE:7518,Industrials,Japan,71,4%,14
11807,Networld Corporation,Private:Networld rporation,Industrials,Japan,24,-6%,15
11796,Netyear Group Corporation,TSE:3622,Industrials,Japan,15,-5%,23
10351,"New Cosmos Electric Co., Ltd.",JASDAQ:6824,Industrials,Japan,50,3%,14
10377,"New Japan Radio Co., Ltd.",TSE:6911,Industrials,Japan,33,-6%,25
6112,"Newtech Co.,Ltd.",JASDAQ:6734,Industrials,Japan,12,1%,8
10367,"NEXON Co., Ltd.",TSE:3659,Industrials,Japan,15,-6%,19
10380,"NEXT Co., Ltd.",TSE:2120,Industrials,Japan,29,0%,21
10304,Next IT Inc.,Private:Next IT It IT Inc.,Industrials,Japan,48,6%,16
10353,"NextGen, Inc.",JASDAQ:3842,Industrials,Japan,14,-4%,17
10358,Nexyz. Group Corporation,TSE:4346,Industrials,Japan,34,0%,21
11244,NF Corp.,JASDAQ:6864,Industrials,Japan,4,-3%,12
10361,NGK Insulators Ltd.,TSE:5333,Industrials,Japan,99,3%,11
11619,"NGK Spark Plug Co., Ltd.",TSE:5334,Industrials,Japan,77,5%,9
10357,"NHK Spring Co., Ltd.",TSE:5991,Industrials,Japan,12,5%,19
10350,"NIC Autotec, Inc.",JASDAQ:5742,Industrials,Japan,86,-8%,22
10352,"Nice Holdings, Inc.",TSE:8089,Industrials,Japan,69,0%,21
10356,Nichia Corporation,Private:Nicion,Industrials,Japan,61,-8%,19
10368,"Nichia Steel Works, Ltd.",TSE:5658,Industrials,Japan,9,8%,20
9640,Nichias Corporation,TSE:5393,Industrials,Japan,81,-2%,24
15258,Nichicon Corporation,TSE:6996,Industrials,Japan,25,8%,15
2502,Nichidai Corporation,JASDAQ:6467,Industrials,Japan,56,8%,8
2493,NICHIDEN Corporation,TSE:9902,Industrials,Japan,20,5%,19
11004,Nichiha Corporation,TSE:7943,Industrials,Japan,4,1%,6
2753,"Nichi-Iko Pharmaceutical Co., Ltd.",TSE:4541,Industrials,Japan,35,-6%,22
11093,Nichirei Corp.,TSE:2871,Industrials,Japan,17,-1%,22
2732,Nidec Corporation,TSE:6594,Industrials,Japan,44,0%,15
11039,"NIDEK CO., LTD.",Private:Nidek Ltd.,Industrials,Japan,36,-6%,17
2172,"Nihon Chizu Kyohan Co., Ltd.","Private:Nihon ChiCo., Ltd.",Industrials,Japan,10,8%,10
15300,"Nihon Chouzai Co.,Ltd.",TSE:3341,Industrials,Japan,45,2%,6
2498,Nihon Delicafoods Cooperative Association,Private:Nihon Deociation,Industrials,Japan,43,-6%,18
15691,"Nihon Dengi Co., Ltd.",JASDAQ:1723,Industrials,Japan,82,6%,6
15296,Nihon Denkei Co. Ltd.,JASDAQ:9908,Industrials,Japan,91,-8%,24
2654,"Nihon Enterprise Co., Ltd.",TSE:4829,Industrials,Japan,32,-5%,9
2707,Nihon Falcom Corporation,TSE:3723,Industrials,Japan,4,7%,5
2729,"Nihon Flush Co., Ltd.",TSE:7820,Industrials,Japan,38,-3%,18
15331,"Nihon Kogyo Co., Ltd.",JASDAQ:5279,Industrials,Japan,72,-1%,10
15292,"Nihon Parkerizing Co.,Ltd.",TSE:4095,Industrials,Japan,12,5%,25
15332,"Nihon Plast Co., Ltd.",TSE:7291,Industrials,Japan,76,2%,6
15337,"Nihon Shokuhin Kako Co., Ltd.",TSE:2892,Industrials,Japan,90,6%,16
6136,"Nihon Techno Co., Ltd.","Private:Nihon Teo., Ltd.",Industrials,Japan,24,-6%,21
22255,"Nihon Teppan Co., Ltd.",Private:Nihtd.,Industrials,Japan,84,1%,25
16720,"Nihon Unisys, Ltd.",TSE:8056,Industrials,Japan,69,-7%,11
20783,"Nihon Yamamura Glass Co., Ltd.",TSE:5210,Industrials,Japan,1,-1%,19
17494,"Nikkon Holdings Co., Ltd.",TSE:9072,Industrials,Japan,8,7%,16
21329,Nikon Corporation,TSE:7731,Industrials,Japan,54,8%,16
21279,Nintendo Co. Ltd.,TSE:7974,Industrials,Japan,89,-7%,21
16740,"Nippi, Incorporated",JASDAQ:7932,Industrials,Japan,97,-5%,5
21229,Nippo Corporation,TSE:1881,Industrials,Japan,94,-3%,8
19879,Nippo Ltd.,JASDAQ:9913,Industrials,Japan,6,-2%,13
20768,Nippon Access Inc,Private:NipInc,Industrials,Japan,88,2%,23
17259,Nippon Antenna Co. Ltd.,JASDAQ:6930,Industrials,Japan,71,4%,22
20763,"Nippon Aqua Co., Ltd.",TSE:1429,Industrials,Japan,19,5%,12
21267,Nippon Avionics Co. Ltd.,TSE:6946,Industrials,Japan,59,-3%,17
17909,"Nippon Beet Sugar Manufacturing Co., Ltd.",TSE:2108,Industrials,Japan,68,4%,20
16667,Nippon BS Broadcasting Corporation,TSE:9414,Industrials,Japan,66,-4%,23
17775,"Nippon Bulk Yakuhin Co.,Ltd.","Private:Nippon BCo.,Ltd.",Industrials,Japan,47,-1%,13
20764,"Nippon Ceramic Co., Ltd.",TSE:6929,Industrials,Japan,30,-8%,9
16246,"Nippon Chemical Industrial Co., Ltd.",TSE:4092,Industrials,Japan,98,2%,5
22260,Nippon Chemi-Con Corporation,TSE:6997,Industrials,Japan,87,3%,16
16741,"Nippon Chemiphar Co., Ltd.",TSE:4539,Industrials,Japan,49,-6%,12
20920,Nippon Chutetsukan K.K.,TSE:5612,Industrials,Japan,11,0%,20
21906,Nippon Chuzo K.K.,TSE:5609,Industrials,Japan,44,4%,22
20817,"Nippon Coke & Engineering Company, Limited",TSE:3315,Industrials,Japan,94,-3%,6
19876,"Nippon Columbia Co., Ltd.",TSE:6791,Industrials,Japan,58,-8%,18
16677,Nippon Concept Corporation,TSE:9386,Industrials,Japan,83,0%,23
20792,"Nippon Denko Co.,Ltd.",TSE:5563,Industrials,Japan,75,2%,13
19280,"Nippon Densetsu Kogyo Co., Ltd.",TSE:1950,Industrials,Japan,92,-6%,21
22197,"Nippon Dentsu Co.,Ltd.",TSE:1931,Industrials,Japan,43,8%,19
16866,Nippon Electric Glass Co. Ltd.,TSE:5214,Industrials,Japan,87,-7%,18
17906,"Nippon Engineering Consultants Co.,Ltd.",TSE:9797,Industrials,Japan,14,6%,5
21427,"Nippon Felt Co., Ltd.",TSE:3512,Industrials,Japan,53,8%,17
20671,Nippon Flour Mills Co. Ltd.,TSE:2001,Industrials,Japan,68,0%,13
17559,"Nippon Gear Co., Ltd.",TSE:6356,Industrials,Japan,16,4%,22
20863,Nippon Hume Corporation,TSE:5262,Industrials,Japan,59,-8%,17
22281,"Nippon Ichi Software, Inc.",JASDAQ:3851,Industrials,Japan,96,5%,16
16864,Nippon Information Development Co. Ltd.,JASDAQ:2349,Industrials,Japan,16,-3%,15
16890,Nippon Kasei Chemical Company Limited,TSE:4007,Industrials,Japan,100,5%,6
16889,"Nippon Kinzoku Co., Ltd.",TSE:5491,Industrials,Japan,50,-3%,23
22258,Nippon Kodoshi Corp.,JASDAQ:3891,Industrials,Japan,96,0%,5
16291,Nippon Koei Co. Ltd.,TSE:1954,Industrials,Japan,28,6%,14
17256,"Nippon Koshuha Steel Co., Ltd.",TSE:5476,Industrials,Japan,7,2%,22
16906,Nippon Manufacturing Service Corporation,JASDAQ:2162,Industrials,Japan,19,-7%,10
16294,"Nippon Paper Industries Co., Ltd.",TSE:3863,Industrials,Japan,83,7%,21
21214,"Nippon Pigment Co., Ltd.",TSE:4119,Industrials,Japan,100,4%,25
17499,"Nippon Pillar Packing Co., Ltd.",TSE:6490,Industrials,Japan,38,6%,20
20787,"Nippon Rietec Co.,Ltd.",TSE:1938,Industrials,Japan,89,-5%,24
21904,"Nippon Seiro Co., Ltd.",TSE:5010,Industrials,Japan,10,-2%,21
21463,"Nippon Seisen Co., Ltd.",TSE:5659,Industrials,Japan,33,3%,18
20742,"Nippon Sharyo, Ltd.",TSE:7102,Industrials,Japan,70,8%,22
20777,"Nippon Shikizai, Inc.",JASDAQ:4920,Industrials,Japan,89,6%,19
16963,"Nippon Shindo Company, Limited",TSE:5753,Industrials,Japan,63,3%,7
16925,Nippon Shinyaku Co. Ltd.,TSE:4516,Industrials,Japan,26,-6%,15
21230,Nippon Shokubai Co. Ltd.,TSE:4114,Industrials,Japan,94,-5%,11
21404,Nippon Shuppan Hanbai Inc.,Private:Nippon Sbai Inc.,Industrials,Japan,23,-6%,13
17885,Nippon Soda Co. Ltd.,TSE:4041,Industrials,Japan,2,6%,13
17454,Nippon Steel & Sumikin Bussan Corporation,TSE:9810,Industrials,Japan,76,8%,7
16914,Nippon Steel & Sumitomo Metal Corporation,TSE:5401,Industrials,Japan,21,-6%,10
20791,"Nippon Steel Kowa Real Estate Co., Ltd.","Private:Nippon StCo., Ltd.",Industrials,Japan,52,1%,13
20907,"Nippon Suisan Kaisha, Ltd.",TSE:1332,Industrials,Japan,82,5%,16
22256,Nippon Techno Lab Inc.,SPSE:3849,Industrials,Japan,98,-4%,15
17874,Nippon Telegraph and Telephone Corporation,TSE:9432,Industrials,Japan,70,-1%,16
22253,"Nippon Television Holdings, Inc.",TSE:9404,Industrials,Japan,75,6%,20
22257,"Nippon Tochi-Tatemono Co.,Ltd. ","Private:Nippon ToCo.,Ltd.",Industrials,Japan,0,-6%,19
21452,"Nippon Tungsten Co., Ltd.",TSE:6998,Industrials,Japan,82,5%,13
21211,Nippon Yusen Kabushiki Kaisha,TSE:9101,Industrials,Japan,15,-1%,9
20741,Nipro Corporation,TSE:8086,Industrials,Japan,22,7%,22
20675,"Nishikawa Keisoku Co., Ltd.",JASDAQ:7500,Industrials,Japan,46,2%,5
22278,"Nishikawa Rubber Co., Ltd.",TSE:5161,Industrials,Japan,83,-6%,5
22254,"Nishimatsu Construction Co., Ltd.",TSE:1820,Industrials,Japan,6,2%,17
16326,"Nishio Rent All Co., Ltd.",TSE:9699,Industrials,Japan,59,-8%,21
17491,"Nishishiba Electric Co., Ltd.",TSE:6591,Industrials,Japan,75,5%,18
19877,"Nissan Information Technology Co.,Ltd",Private:NisLtd,Industrials,Japan,32,5%,12
20604,Nissan Motor Co. Ltd.,TSE:7201,Industrials,Japan,34,-8%,24
17079,"Nissan Shatai Co., Ltd.",TSE:7222,Industrials,Japan,42,3%,18
21149,"Nissan Tokyo Sales Holdings Co., Ltd.",TSE:8291,Industrials,Japan,39,-7%,25
21213,"Nissei Build Kogyo Co., Ltd.",TSE:1916,Industrials,Japan,64,1%,23
20774,"Nissen Holdings Co., Ltd.","Private:Nissen o., Ltd.",Industrials,Japan,95,-5%,11
21328,Nissha Printing Co. Ltd.,TSE:7915,Industrials,Japan,81,3%,15
17918,Nisshin Seifun Group Inc.,TSE:2002,Industrials,Japan,83,-1%,19
20775,"Nisshin Steel Co., Ltd.",TSE:5413,Industrials,Japan,93,4%,7
17121,"Nisshin Yoki Co., Ltd.","Private:Nisshin o., Ltd.",Industrials,Japan,25,5%,15
17157,Nisshinbo Holdings Inc.,TSE:3105,Industrials,Japan,26,1%,16
20598,"Nissin Foods Holdings Co., Ltd",TSE:2897,Industrials,Japan,77,-4%,22
20751,"Nissin Healthcare Food Service Co., Ltd.",Private:Nissi Ltd.,Industrials,Japan,37,1%,5
20766,"Nissin Kogyo Co., Ltd.",TSE:7230,Industrials,Japan,6,7%,11
17888,"Nissin Sugar Co., Ltd.",TSE:2117,Industrials,Japan,57,-8%,11
16325,"Nissin Trading Co., Ltd.",Private:Nissin T Ltd.,Industrials,Japan,66,6%,7
21426,"NISSO PRONITY Co.,Ltd.",FKSE:3440,Industrials,Japan,15,-5%,15
21677,"Nittetsu Mining Co., Ltd.",TSE:1515,Industrials,Japan,37,0%,22
19875,Nitto Denko Corporation,TSE:6988,Industrials,Japan,77,-1%,10
17064,"Nitto Fuji Flour Milling Co., Ltd.",TSE:2003,Industrials,Japan,25,3%,6
20761,"Nitto Kako Co., Ltd.",TSE:5104,Industrials,Japan,55,-3%,5
21528,"Nitto Kohki Co.,Ltd.",TSE:6151,Industrials,Japan,15,0%,23
20530,NittoBest Corporation.,JASDAQ:2877,Industrials,Japan,8,-2%,5
16321,"Nittofc Co., Ltd.",TSE:4033,Industrials,Japan,69,-3%,8
21148,NJ Holdings Inc.,JASDAQ:9421,Industrials,Japan,13,-1%,22
17896,NJK Corporation (a subsidiary of NTT DATA Corporation),Private:NJK Corporation),Industrials,Japan,62,1%,6
22277,"NJS Co., Ltd.",TSE:2325,Industrials,Japan,45,4%,22
21670,"No.1 Co., Ltd.","Private:No.1 Co.,Co., Ltd.",Industrials,Japan,96,3%,6
21671,Noda Corporation,TSE:7879,Industrials,Japan,77,0%,15
17721,"Noevir Holdings Co., Ltd.",TSE:4928,Industrials,Japan,45,-1%,19
17506,Nohmi Bosai Ltd.,TSE:6744,Industrials,Japan,87,0%,23
16011,Nojima Corporation,JASDAQ:7419,Industrials,Japan,56,-6%,20
10310,Nojima Corporation,JASDAQ:7419,Industrials,Japan,20,3%,16
10311,NOK Corporation,TSE:7240,Industrials,Japan,14,-1%,9
10312,"Nomura Holdings, Inc.",TSE:8604,Industrials,Japan,58,0%,6
10314,"Nomura Micro Science Co., Ltd.",JASDAQ:6254,Industrials,Japan,71,3%,14
10318,"Nomura Real Estate Holdings, Inc.",TSE:3231,Industrials,Japan,70,-6%,11
10319,"Nomura Research Institute, Ltd.",TSE:4307,Industrials,Japan,73,-6%,15
10320,Nozawa Corporation,TSE:5237,Industrials,Japan,4,6%,19
16035,NPC Incorporated,TSE:6255,Industrials,Japan,85,0%,21
10425,NS Solutions Corporation,TSE:2327,Industrials,Japan,55,0%,6
15693,"NS United Kaiun Kaisha, Ltd.",TSE:9110,Industrials,Japan,38,5%,23
10532,"NSD Co., Ltd.",TSE:9759,Industrials,Japan,58,8%,17
10847,"Nsi Co.,Ltd.","Private:Nsi Co.,L Co.,Ltd.",Industrials,Japan,43,0%,14
10856,NSK Ltd.,TSE:6471,Industrials,Japan,19,5%,20
10937,NTN Corp.,TSE:6472,Industrials,Japan,59,3%,14
15299,NTT Data Corporation,TSE:9613,Industrials,Japan,45,-7%,25
10948,NTT Data Intramart Corporation,TSE:3850,Industrials,Japan,87,-2%,14
10957,"NTT DOCOMO, Inc.",NYSE:DCM,Industrials,Japan,49,-1%,10
10983,NTT Finance Corporation,Private:NTTion,Industrials,Japan,60,6%,6
11003,"NTT SYSTEM DEVELOPMENT Co.,LTD.","Private:NTT SYSTE Co.,LTD.",Industrials,Japan,7,2%,23
11026,NTT Urban Development Corporation,TSE:8933,Industrials,Japan,72,3%,16
11027,OA COO Corporation,Private:OA COO Corporation,Industrials,Japan,70,7%,23
11048,"OAT Agrio Co., Ltd.",TSE:4979,Industrials,Japan,32,7%,13
11070,Obayashi Corporation,TSE:1802,Industrials,Japan,72,-5%,20
11107,Obayashi Road Corporation,TSE:1896,Industrials,Japan,93,-6%,16
11115,Odelic Co. Ltd.,JASDAQ:6889,Industrials,Japan,76,3%,6
11127,"Ogishokai, K.K.","Private:Ogishokaikai, K.K.",Industrials,Japan,22,0%,6
11128,Ohara Inc.,TSE:5218,Industrials,Japan,42,-4%,8
11130,"Ohba Co., Ltd.",TSE:9765,Industrials,Japan,38,-5%,7
11150,"Ohizumi Mfg. Co., Ltd.",TSE:6618,Industrials,Japan,88,3%,25
11156,"Ohki Healthcare Holdings Co., Ltd.",JASDAQ:3417,Industrials,Japan,41,1%,22
11161,"Ohmoriya Co., Ltd.",JASDAQ:2917,Industrials,Japan,22,1%,10
11164,"Ohmoto Gumi Co., Ltd.",JASDAQ:1793,Industrials,Japan,75,7%,12
11171,"Oi Electric Co., Ltd.",JASDAQ:6822,Industrials,Japan,42,3%,14
11187,"Oishi Kasei Co.,Ltd.","Private:Oishi KaCo.,Ltd.",Industrials,Japan,85,0%,9
11190,OIZUMI Corporation,TSE:6428,Industrials,Japan,26,6%,13
11191,"Oizumi Foods, K.K.","Private:Oizumi Foods, K.K.",Industrials,Japan,8,2%,9
11200,Oji Holdings Corporation,TSE:3861,Industrials,Japan,6,-3%,10
11201,"OK Food Industry Co., Ltd.",JASDAQ:2905,Industrials,Japan,95,-3%,18
11216,"Okabe Co., Ltd.",TSE:5959,Industrials,Japan,93,-5%,18
11217,"Okada Shoji, K.K.","Private:Okada Shooji, K.K.",Industrials,Japan,99,-3%,23
11228,"Okamoto Glass Co., Ltd.",JASDAQ:7746,Industrials,Japan,88,0%,17
11233,"Okamoto Industries, Inc.",TSE:5122,Industrials,Japan,66,7%,24
11251,Okaya & Co. Ltd.,NSE:7485,Industrials,Japan,27,3%,6
11379,"Okaya Electric Industries Co., Ltd.",TSE:6926,Industrials,Japan,87,1%,22
11389,"Oki Electric Industry Co., Ltd.",TSE:6703,Industrials,Japan,72,6%,7
11396,OKK Corporation,TSE:6205,Industrials,Japan,83,2%,16
11495,Okuma Corporation,TSE:6103,Industrials,Japan,42,-8%,15
11560,"Okura Industrial Co., Ltd.",TSE:4221,Industrials,Japan,75,8%,20
11561,Oliver Corporation,NSE:7959,Industrials,Japan,81,-5%,18
11584,Olympus Corporation,TSE:7733,Industrials,Japan,26,6%,20
11585,"Olympus RMS Co.,Ltd.","Private:Olympus R Co.,Ltd.",Industrials,Japan,50,-2%,7
11592,"OM2 Network Co.,Ltd.",JASDAQ:7614,Industrials,Japan,29,5%,18
11598,OMRON Corporation,TSE:6645,Industrials,Japan,96,-7%,21
11602,Oncolys BioPharma Inc.,TSE:4588,Industrials,Japan,0,-3%,12
11603,"OncoTherapy Science, Inc.",TSE:4564,Industrials,Japan,19,1%,15
11611,ONKYO Corporation,JASDAQ:6628,Industrials,Japan,81,-7%,10
11612,"Ono Pharmaceutical Co., Ltd.",TSE:4528,Industrials,Japan,69,6%,21
11613,"Ono Sokki Co., Ltd.",TSE:6858,Industrials,Japan,41,7%,19
11615,"Oomori Kaki, K.K.","Private:Oomori Kaaki, K.K.",Industrials,Japan,88,0%,22
11617,"OPT Holding, Inc.",TSE:2389,Industrials,Japan,90,-8%,11
11622,"OPTEX Company, Limited",TSE:6914,Industrials,Japan,46,-3%,12
11630,"Optex Fa Co., Ltd.",JASDAQ:6661,Industrials,Japan,18,8%,12
11761,OPTiM Corporation,TSE:3694,Industrials,Japan,77,-1%,24
11766,Oracle Corporation Japan,TSE:4716,Industrials,Japan,37,-2%,22
11767,Orange Bay Foods K.K.,Private:Orange Baoods K.K.,Industrials,Japan,84,-6%,7
11773,Oricon Inc.,JASDAQ:4800,Industrials,Japan,86,3%,10
11774,Orient Corp.,TSE:8585,Industrials,Japan,10,3%,22
11778,"Original Engineering Consultants Co., Ltd.",TSE:4642,Industrials,Japan,95,6%,20
11786,ORIX Corporation,TSE:8591,Industrials,Japan,44,6%,7
11787,"Osaka Gas Co., Ltd.",TSE:9532,Industrials,Japan,43,-1%,23
11788,Osaka MunicipalTransportation Bureau,Private:Osaka Munon Bureau,Industrials,Japan,75,1%,9
11794,Osaka Organic Chemical Industry Ltd.,TSE:4187,Industrials,Japan,68,8%,14
11795,"Osaka Seiko,Ltd.","Private:Osaka Seieiko,Ltd.",Industrials,Japan,28,-3%,19
11862,"Osaka Steel Co., Ltd.",TSE:5449,Industrials,Japan,66,6%,16
11880,"OSAKA Titanium technologies Co.,Ltd.",TSE:5726,Industrials,Japan,55,1%,13
11898,OSAKAFU KOKUHOREN,Private:OSAKAFU KKOKUHOREN,Industrials,Japan,36,-3%,14
11899,Osakafu Kokumin Kenko Hoken Dantai Rengokai,Private:Osakafu Rengokai,Industrials,Japan,36,-4%,9
11910,Osaki Electric Co. Ltd.,TSE:6644,Industrials,Japan,98,-2%,16
11915,Oshimo Sangyo Company Ltd.,Private:Oshim Ltd.,Industrials,Japan,40,2%,25
10860,OSJB Holdings Corporation,TSE:5912,Information Technology,Japan,100,-3%,8
10667,"Ota Floriculture Auction Co., Ltd.",JASDAQ:7555,Information Technology,Japan,68,-6%,7
2604,Otake Corporation,JASDAQ:7434,Information Technology,Japan,21,0%,21
10627,Otani Seitetsu K.K.,Private:Otani Seietsu K.K.,Information Technology,Japan,8,5%,18
11331,Otsuka Corp.,TSE:4768,Information Technology,Japan,82,8%,11
10939,"Otsuka Holdings Co., Ltd.",TSE:4578,Information Technology,Japan,71,3%,8
11923,OUG Holdings Inc.,TSE:8041,Information Technology,Japan,34,-7%,8
11366,Oval Corporation,TSE:7727,Information Technology,Japan,39,4%,10
11364,"Owari Precise Products Co.,Ltd.",NSE:7249,Information Technology,Japan,44,8%,5
11350,O'will Corporation,TSE:3143,Information Technology,Japan,93,0%,17
11605,OYO Corporation,TSE:9755,Information Technology,Japan,15,5%,19
10684,Ozawa Bussan KK,Private:Ozawa Buan KK,Information Technology,Japan,28,4%,15
11334,Ozu Corporation,TSE:7487,Information Technology,Japan,62,-7%,9
11246,"P.S. Mitsubishi Construction Co., Ltd.",TSE:1871,Information Technology,Japan,77,0%,23
11376,Pacific Industrial Co. Ltd.,TSE:7250,Information Technology,Japan,25,-5%,16
11308,"Pacific Metals Co., Ltd.",TSE:5541,Information Technology,Japan,42,-7%,12
11367,Pacific Systems Corporation,JASDAQ:3847,Information Technology,Japan,59,4%,10
2744,"Palma Co., Ltd.",TSE:3461,Information Technology,Japan,86,-3%,6
2555,Paltac Corporation,TSE:8283,Information Technology,Japan,9,3%,5
11271,Paltek Corp.,TSE:7587,Information Technology,Japan,16,-1%,9
11057,PanaHome Corporation,TSE:1924,Information Technology,Japan,22,2%,7
11590,"Panasi Co.,Ltd.","Private:Panasi Co Co.,Ltd.",Information Technology,Japan,53,5%,16
2718,Panasonic Corporation,TSE:6752,Information Technology,Japan,24,4%,19
10633,"Panasonic Healthcare Holdings Co., Ltd.","Private:PanasonicCo., Ltd.",Information Technology,Japan,94,-7%,23
11052,"Panasonic Industrial Devices SUNX Co., Ltd.",TSE:6860,Information Technology,Japan,9,-4%,15
11252,Parker Corporation,TSE:9845,Information Technology,Japan,89,4%,16
11219,"Partner Agent, Inc.",TSE:6181,Information Technology,Japan,32,0%,20
15264,PCA Corporation,TSE:9629,Information Technology,Japan,87,1%,17
11352,Peer Corp,Private:Peer  Corp,Information Technology,Japan,98,-4%,11
11319,Penta-Ocean Construction Co. Ltd.,TSE:1893,Information Technology,Japan,9,-2%,11
10647,"People Co., Ltd.",JASDAQ:7865,Information Technology,Japan,64,-1%,6
11484,Pepper Food Service Co. Ltd.,TSE:3053,Information Technology,Japan,23,2%,13
11676,"Pharma Foods International Co., Ltd.",TSE:2929,Information Technology,Japan,29,4%,9
2705,"PhoenixBio Co., Ltd.",TSE:6190,Information Technology,Japan,22,6%,9
10620,Pickles Corp.,JASDAQ:2925,Information Technology,Japan,67,-3%,25
2622,Pietro Co. Ltd.,TSE:2818,Information Technology,Japan,20,0%,12
11137,Piolax Inc.,TSE:5988,Information Technology,Japan,2,0%,5
11493,Pioneer Corporation,TSE:6773,Information Technology,Japan,46,7%,16
10950,"PIP CO., LTD.","Private:PIP CO., CO., LTD.",Information Technology,Japan,45,-8%,15
11304,Pixel Companyz Inc.,JASDAQ:2743,Information Technology,Japan,70,6%,23
11327,Pixela Corporation,TSE:6731,Information Technology,Japan,29,-8%,19
11346,"Planet, Inc.",JASDAQ:2391,Information Technology,Japan,7,8%,14
10614,"Plat'Home Co., Ltd.",TSE:6836,Information Technology,Japan,49,5%,23
11513,"Plaza Create Co., Ltd.",JASDAQ:7502,Information Technology,Japan,7,4%,10
11285,Plenus Co. Ltd.,TSE:9945,Information Technology,Japan,41,-4%,21
11604,"Plexion Co., Ltd","Private:Plexion C Co., Ltd",Information Technology,Japan,49,6%,10
2690,"Plus One Co., Ltd.","Private:Plus One Co., Ltd.",Information Technology,Japan,70,4%,24
10396,"Pocket Card Co., Ltd.",TSE:8519,Information Technology,Japan,78,-6%,25
11325,"Poletowin Pitcrew Holdings, Inc.",TSE:3657,Information Technology,Japan,42,1%,15
11511,"Powdertech Co., Ltd.",JASDAQ:5695,Information Technology,Japan,9,7%,13
2691,"PR TIMES, Inc.",TSE:3922,Information Technology,Japan,69,8%,15
2663,"Precision System Science Co., Ltd.",TSE:7707,Information Technology,Japan,19,8%,10
10940,Press Kogyo Co. Ltd.,TSE:7246,Information Technology,Japan,69,6%,22
8248,"Prima Meat Packers, Ltd.",TSE:2281,Information Technology,Japan,36,-8%,17
2708,"Propia Co., Ltd.","Private:Propia CoCo., Ltd.",Information Technology,Japan,2,7%,13
15229,"Qol Co., Ltd.",TSE:3034,Information Technology,Japan,27,-4%,6
10693,"Quark Technology Co., Ltd.","Private:Quark TecCo., Ltd.",Information Technology,Japan,69,3%,17
10623,"Quest Co., Ltd.",JASDAQ:2332,Information Technology,Japan,5,6%,12
10601,"Quick Co.,Ltd.",TSE:4318,Information Technology,Japan,68,-3%,13
11306,"R&D Computer Co.,Ltd.",TSE:3924,Information Technology,Japan,20,-2%,14
11546,"Rakuten, Inc.",TSE:4755,Information Technology,Japan,58,-5%,25
10604,RaQualia Pharma Inc.,JASDAQ:4579,Information Technology,Japan,86,-7%,9
10682,Ray Corporation,JASDAQ:4317,Information Technology,Japan,25,-8%,10
10622,"RecoChoku Co., Ltd","Private:RecoChoku Co., Ltd",Information Technology,Japan,74,7%,22
2575,"Recomm Co., Ltd.",JASDAQ:3323,Information Technology,Japan,61,4%,16
10681,"Recruit Holdings Co.,Ltd.",TSE:6098,Information Technology,Japan,9,-3%,11
10638,"Red Planet Japan, Inc.",JASDAQ:3350,Information Technology,Japan,53,5%,23
10607,Regal Corporation,JASDAQ:7938,Information Technology,Japan,25,-7%,14
10626,"Relia, Inc.",TSE:4708,Information Technology,Japan,57,-3%,16
10685,"Remixpoint, Inc.",TSE:3825,Information Technology,Japan,38,-1%,18
10617,"RENESAS EASTON Co., Ltd.",TSE:9995,Information Technology,Japan,94,6%,8
10652,Renesas Electronics Corporation,TSE:6723,Information Technology,Japan,48,5%,22
2637,Rengo Co. Ltd.,TSE:3941,Information Technology,Japan,21,5%,12
11253,"Renimentas, K.K.","Private:Renimentas, K.K.",Information Technology,Japan,53,0%,22
10437,"ReproCELL, Inc.",JASDAQ:4978,Information Technology,Japan,50,4%,13
10645,RGC Corporation,Private:RGC Corporporation,Information Technology,Japan,46,-2%,20
16229,"Rheon Automatic Machinery Co., Ltd.",TSE:6272,Information Technology,Japan,26,-3%,17
11058,Ribomic Inc.,TSE:4591,Information Technology,Japan,60,-8%,15
10660,"Ricoh Company, Ltd.",TSE:7752,Information Technology,Japan,20,8%,15
10637,"Ricoh Leasing Company, Ltd.",TSE:8566,Information Technology,Japan,94,7%,7
10691,"RIGHT ON Co., Ltd.",TSE:7445,Information Technology,Japan,43,-8%,17
10713,Rikei Corporation,TSE:8226,Information Technology,Japan,76,3%,21
11372,RIKEN,Private:RIKENRIKEN,Information Technology,Japan,46,-7%,22
15220,Riken Corporation,TSE:6462,Information Technology,Japan,20,8%,25
11238,"Riken Vitamin Co., Ltd.",TSE:4526,Information Technology,Japan,52,2%,6
2576,"Rikengreen Co., Ltd.",JASDAQ:9992,Information Technology,Japan,76,-1%,11
10618,River Eletec Corporation,JASDAQ:6666,Information Technology,Japan,14,4%,14
2599,"Riverson & Co.,Ltd.","Private:Riverson  Co.,Ltd.",Information Technology,Japan,52,-4%,13
11268,Rix Corporation,TSE:7525,Information Technology,Japan,83,8%,21
11250,"Rizap Group, Inc.",SPSE:2928,Information Technology,Japan,40,2%,18
10632,RKB Mainichi Holdings Corp.,FKSE:9407,Information Technology,Japan,86,5%,21
2505,"Rock Field Co., Ltd.",TSE:2910,Information Technology,Japan,29,5%,18
10877,"ROCK PAINT Co., Ltd.",TSE:4621,Information Technology,Japan,100,7%,9
10625,"Rock Shoji, K.K.","Private:Rock Shojoji, K.K.",Information Technology,Japan,48,-2%,22
2625,"ROHM Co., Ltd.",TSE:6963,Information Technology,Japan,35,-5%,8
11257,"Rohto Pharmaceutical Co., Ltd.",TSE:4527,Information Technology,Japan,19,1%,23
2572,"Rokko Butter Co., Ltd.",TSE:2266,Information Technology,Japan,74,8%,17
2601,Rorze Corporation,TSE:6323,Information Technology,Japan,32,4%,20
10686,"RS Technologies Co., Ltd.",TSE:3445,Information Technology,Japan,95,-4%,23
2569,Ryobi Ltd.,TSE:5851,Information Technology,Japan,92,1%,12
10401,Ryoden Corporation,TSE:8084,Information Technology,Japan,39,2%,24
11825,"Ryohin Keikaku Co., Ltd.",TSE:7453,Information Technology,Japan,26,-8%,17
2521,"Ryomo Systems Co., Ltd.",JASDAQ:9691,Information Technology,Japan,21,4%,16
10880,"Ryosan Company, Limited",TSE:8140,Information Technology,Japan,99,-6%,19
2614,"Ryoyu Systems Co., Ltd.",JASDAQ:4685,Information Technology,Japan,92,0%,14
10654,S Foods Inc.,TSE:2292,Information Technology,Japan,4,4%,11
10442,"S&B Foods, Inc.",TSE:2805,Information Technology,Japan,13,-5%,13
11294,S.T. Corporation,TSE:4951,Information Technology,Japan,60,-6%,7
10621,Sacos Corporation,JASDAQ:9641,Information Technology,Japan,82,2%,5
11831,"Sagami Rubber Industries Co., Ltd.",TSE:5194,Information Technology,Japan,12,0%,21
15215,Sagami Sangyo K.K.,Private:Sagami Sangyo K.K.,Information Technology,Japan,3,-8%,15
10609,"SAIBO Co., Ltd.",TSE:3123,Information Technology,Japan,58,0%,21
11482,Saint-Care Holding Corporation,TSE:2374,Information Technology,Japan,62,-1%,24
2773,"Saison Information Systems Co., Ltd.",JASDAQ:9640,Information Technology,Japan,68,3%,14
2697,"Sakai Chemical Industry Co., Ltd.",TSE:4078,Information Technology,Japan,27,-7%,22
11581,"Sakai Ovex Co., Ltd.",TSE:3408,Information Technology,Japan,88,-2%,8
11328,"Sakai Trading Co., Ltd.",TSE:9967,Information Technology,Japan,69,-4%,14
15237,Sakai Yakuhin K.K.,Private:Sakai Yakuhin K.K.,Information Technology,Japan,35,-1%,23
11531,Sakura Internet Inc.,TSE:3778,Information Technology,Japan,55,-5%,8
2583,SAKURA KCS Corporation,TSE:4761,Information Technology,Japan,73,4%,10
2570,"Sakurajima Futo Kaisha, Ltd.",TSE:9353,Information Technology,Japan,65,6%,11
10857,Samantha Thavasa Japan Limited,TSE:7829,Information Technology,Japan,7,0%,10
2616,SAMCO Inc.,TSE:6387,Information Technology,Japan,42,-8%,15
10664,"San-Ai Oil Co., Ltd.",TSE:8097,Information Technology,Japan,47,5%,15
10752,SanBio Company Limited,TSE:4592,Information Technology,Japan,97,-1%,21
10849,"Sanemu, K.K.","Private:Sanemu, Kemu, K.K.",Information Technology,Japan,81,3%,20
10846,"Sango Co., Ltd.","Private:Sango Co.Co., Ltd.",Information Technology,Japan,18,6%,6
10855,"Sankei Chemical Co.,Ltd.",FKSE:4995,Information Technology,Japan,58,-6%,14
11358,Sanken Electric Co. Ltd.,TSE:6707,Information Technology,Japan,100,3%,21
2742,Sanki Service Corporation,TSE:6044,Information Technology,Japan,13,-3%,23
15221,"Sanko Co., Ltd.",TSE:6964,Information Technology,Japan,8,-8%,19
10468,"Sankyo Co., Ltd.",TSE:6417,Information Technology,Japan,50,-2%,12
15218,"Sankyu, Inc.",TSE:9065,Information Technology,Japan,70,-4%,7
2522,Sannohashi Corporation,Private:Sannohashrporation,Information Technology,Japan,32,8%,7
10586,"Sanoh Industrial Co., Ltd.",TSE:6584,Information Technology,Japan,10,0%,18
11875,Sanoyas Holdings Corporation,TSE:7022,Information Technology,Japan,68,-2%,18
2582,"Sansha Electric Manufacturing Co., Ltd.",TSE:6882,Information Technology,Japan,21,2%,21
10613,Sanshin Corporation,JASDAQ:1984,Information Technology,Japan,100,-2%,5
2506,"Sanshin Electronics Co., Ltd.",TSE:8150,Information Technology,Japan,14,-4%,10
11471,"Sanso Electric Co.,Ltd.",JASDAQ:6518,Information Technology,Japan,70,4%,18
10655,Santec Corporation,JASDAQ:6777,Information Technology,Japan,25,-2%,15
11895,Santen Pharmaceutical Co. Ltd.,OTCBB:SNPHY,Information Technology,Japan,39,0%,17
11371,"Santo Co.,Ltd.",JASDAQ:1788,Information Technology,Japan,58,0%,24
11524,"Santoku Senpaku Co., Ltd.","Private:Santoku SCo., Ltd.",Information Technology,Japan,77,6%,5
11126,Sanyei Corporation,JASDAQ:8119,Information Technology,Japan,70,-5%,6
2702,Sanyo Chemical Industries Ltd.,TSE:4471,Information Technology,Japan,19,0%,7
11656,"Sanyo Department Store Co., Ltd.",JASDAQ:8257,Information Technology,Japan,34,3%,18
10760,Sanyo Kanzume K.K.,Private:Sanyo K.K.,Information Technology,Japan,45,2%,9
2674,Sapporo Holdings Ltd.,TSE:2501,Information Technology,Japan,4,5%,14
10423,"Sapporo Information Center Co.,Ltd",Private:SapLtd,Information Technology,Japan,79,-8%,7
10869,"Sasakura Engineering Co., Ltd.",TSE:6303,Information Technology,Japan,66,4%,11
10426,"Sato Foods Co., Ltd.",TSE:2923,Information Technology,Japan,12,-8%,14
10683,"Sato Foods Industries Co.,Ltd.",JASDAQ:2814,Information Technology,Japan,0,0%,16
10852,"Sato Restaurant Systems Co., Ltd.",TSE:8163,Information Technology,Japan,52,-6%,5
10858,"Satudora Holdings Co.,Ltd.",TSE:3544,Information Technology,Japan,38,-7%,7
11359,"Sawafuji Electric Co.,Ltd.",TSE:6901,Information Technology,Japan,68,3%,23
2516,Sawai Pharmaceutical Co. Ltd.,TSE:4555,Information Technology,Japan,97,1%,17
2584,"SAXA Holdings, Inc.",TSE:6675,Information Technology,Japan,97,-3%,23
10473,"SBI AXES Co., Ltd.",KOSDAQ:A950110,Information Technology,Japan,31,-4%,16
11269,"SBI Holdings, Inc.",TSE:8473,Information Technology,Japan,61,4%,7
15238,"SBI Sumishin Net Bank, Ltd.","Private:SBI Sumink, Ltd.",Information Technology,Japan,83,7%,20
10690,SCI Corporation,Private:SCI Corporporation,Information Technology,Japan,72,4%,5
15235,"Scigineer, Inc.",TSE:6031,Information Technology,Japan,90,-5%,21
2581,"SCREEN Holdings Co., Ltd.",TSE:7735,Information Technology,Japan,19,6%,24
10859,Scroll Corporation,TSE:8005,Information Technology,Japan,90,-4%,7
2624,SCRUM Inc.,Private:SCRUM IncCRUM Inc.,Information Technology,Japan,55,-7%,6
11280,SCSK Corporation,TSE:9719,Information Technology,Japan,68,-2%,13
10671,SDS Biotech K.K.,TSE:4952,Information Technology,Japan,73,7%,17
2706,SE Corporation,JASDAQ:3423,Information Technology,Japan,97,-8%,22
10674,"SE Holdings and Incubations Co., Ltd.",JASDAQ:9478,Information Technology,Japan,93,1%,15
10878,"Sec Carbon, Limited",TSE:5304,Information Technology,Japan,70,-6%,14
11260,"SECOM CO.,LTD.",TSE:9735,Information Technology,Japan,29,-5%,19
2784,SecuAvail Inc.,JASDAQ:3042,Information Technology,Japan,61,-4%,23
11885,"Seed Co.,Ltd.",TSE:7743,Information Technology,Japan,0,-7%,10
2710,Sega Sammy Holdings Inc.,TSE:6460,Information Technology,Japan,21,5%,25
2620,"Seibu Electric Industry Co., Ltd.",TSE:1937,Information Technology,Japan,80,-1%,7
10636,Seika Corporation,TSE:8061,Information Technology,Japan,21,-7%,22
2687,Seikagaku Corp.,TSE:4548,Information Technology,Japan,60,-6%,16
2780,Seikatsu Club Consumers' Co-operative Union,Private:Seiion,Information Technology,Japan,42,7%,20
10639,"Seikitokyu Kogyo Co., Ltd.",TSE:1898,Information Technology,Japan,54,2%,19
2685,"Seiko Electric Co.,Ltd.",FKSE:6653,Information Technology,Japan,67,5%,16
2593,Seiko Epson Corp.,TSE:6724,Information Technology,Japan,60,8%,16
9645,Seiko Holdings Corporation,TSE:8050,Information Technology,Japan,37,-5%,16
15222,Seiko PMC Corporation,TSE:4963,Information Technology,Japan,98,2%,23
10692,"Seikodo Co.,Ltd.","Private:Seiko Co.,Ltd.",Information Technology,Japan,60,3%,11
11230,"SEIKOH GIKEN Co., Ltd.",JASDAQ:6834,Information Technology,Japan,40,-3%,17
2518,Seiryo Electric Corporation,TSE:4341,Information Technology,Japan,52,2%,23
11113,"Seiunsha, K.K.","Private:Seiunshaha, K.K.",Information Technology,Japan,2,-2%,20
10766,"Seiwa Co., Ltd.","Private:Seiwa Co.Co., Ltd.",Information Technology,Japan,10,3%,12
10863,Seiwa Corp.,Private:Seiwa Cowa Corp.,Information Technology,Japan,86,8%,7
10610,"Seiwa Electric Mfg. Co.,Ltd.",TSE:6748,Information Technology,Japan,26,-3%,18
2519,"Seki Co., Ltd.",JASDAQ:7857,Information Technology,Japan,55,0%,9
15231,"Sekisui Chemical Co., Ltd.",TSE:4204,Information Technology,Japan,17,5%,14
10427,Sekisui House Ltd.,TSE:1928,Information Technology,Japan,32,-7%,22
2716,Sekisui Jushi Corporation,TSE:4212,Information Technology,Japan,47,-8%,9
2530,"Sekisui Plastics Co., Ltd.",TSE:4228,Information Technology,Japan,97,2%,23
2591,Sekonic Holdings Corporation,TSE:7758,Information Technology,Japan,43,3%,14
10650,"Semba Tohka Industries Co., Ltd",JASDAQ:2916,Information Technology,Japan,20,3%,24
2681,Sendai Kankyo Kaihatsu K.K.,Private:Senda K.K.,Information Technology,Japan,62,-3%,19
11095,"Senshu Electric Co.,Ltd.",TSE:9824,Information Technology,Japan,27,4%,20
11094,"Septeni Holdings Co., Ltd.",JASDAQ:4293,Information Technology,Japan,63,-6%,11
6121,Seren Clinic Group,Private:Seren Clinic Group,Information Technology,Japan,42,8%,14
11314,Seria Co. Ltd.,JASDAQ:2782,Information Technology,Japan,79,-5%,23
15230,"Settsu Oil Mill, Inc.",TSE:2611,Information Technology,Japan,19,1%,16
11270,"Seven & i Holdings Co., Ltd.",TSE:3382,Information Technology,Japan,4,-7%,5
11665,"Seven Seas Holdings Co.,Ltd.",TSE:3750,Information Technology,Japan,46,-7%,11
10611,"Shaklee Global Group, Inc.",JASDAQ:8205,Information Technology,Japan,12,-8%,10
2696,Sharp Corporation,TSE:6753,Information Technology,Japan,36,1%,7
10666,Shibaura Mechatronics Corp.,TSE:6590,Information Technology,Japan,53,6%,9
11249,Shibuya Corporation,TSE:6340,Information Technology,Japan,27,1%,25
11489,"SHIFT, Inc.",TSE:3697,Information Technology,Japan,73,-6%,17
2701,"Shiga Toyopet Co.,Ltd.",Private:Shitd.,Information Technology,Japan,3,-6%,17
10649,Shikoku Electric Power Co. Inc.,TSE:9507,Information Technology,Japan,4,3%,21
11315,Shima Seiki Manufacturing Ltd.,TSE:6222,Information Technology,Japan,93,8%,13
2714,Shimamura Co. Ltd.,TSE:8227,Information Technology,Japan,38,4%,14
10870,Shimizu Corp.,TSE:1803,Information Technology,Japan,70,-7%,25
11053,Shin Nippon Air Technologies Co. Ltd.,TSE:1952,Information Technology,Japan,79,-5%,22
15247,"Shinagawa Refractories Co., Ltd.",TSE:5351,Information Technology,Japan,20,-1%,23
2561,Shinano Camera Kogyo K.K.,Private:Shinano Cogyo K.K.,Information Technology,Japan,56,-2%,17
11183,"Shincron Co., Ltd.","Private:Shincron Co., Ltd.",Information Technology,Japan,84,4%,22
11263,Shinden Hightex Corporation,JASDAQ:3131,Information Technology,Japan,95,-7%,13
11320,Shindengen Electric Manufacturing Co. Ltd.,TSE:6844,Information Technology,Japan,36,-3%,11
2578,"Shinetsu Broadcasting Co., Ltd.","Private:Shinetsu Co., Ltd.",Information Technology,Japan,94,6%,25
10608,"Shin-Etsu Chemical Co., Ltd.",TSE:4063,Information Technology,Japan,79,-4%,10
2686,ShinHokoku Steel Corporation,JASDAQ:5542,Information Technology,Japan,35,3%,8
2594,"Shinki Bus Co.,Ltd.",TSE:9083,Information Technology,Japan,94,8%,10
2748,"Shinko Electric Industries Co., Ltd.",TSE:6967,Information Technology,Japan,76,-7%,16
11533,"Shinko Plantech Co., Ltd.",TSE:6379,Information Technology,Japan,16,4%,15
10665,"Shinko Wire Company, Ltd.",TSE:5660,Information Technology,Japan,2,-8%,12
2515,"ShinMaywa Industries, Ltd.",TSE:7224,Information Technology,Japan,70,-7%,21
15234,"Shinnippo, Y.K.","Private:Shinnipppo, Y.K.",Information Technology,Japan,39,-5%,21
10642,"Shinobu Foods Products Co., Ltd.",TSE:2903,Information Technology,Japan,3,-3%,11
2636,Shinsei Pulp & Paper Company Limited,Private:Shited,Information Technology,Japan,26,5%,24
11144,Shinsho Corporation,TSE:8075,Information Technology,Japan,92,0%,11
10619,"Shinto Paint Co., Ltd.",TSE:4615,Information Technology,Japan,58,8%,18
10656,"Shinwa Co., Ltd.",TSE:7607,Information Technology,Japan,95,2%,9
15138,"Shionogi & Co., Ltd.",TSE:4507,Information Technology,Japan,30,2%,23
15286,"Shishikura Co, Ltd.","Private:Shishikur Co, Ltd.",Information Technology,Japan,99,-3%,20
6119,Shizuki Electric Company Inc.,TSE:6994,Information Technology,Japan,37,-3%,13
11254,"Shizuoka Gas Co., Ltd.",TSE:9543,Information Technology,Japan,5,-4%,8
2165,Shizuoka Prefecture,Private:Shizuoka refecture,Information Technology,Japan,77,-8%,16
11276,SHL-Japan Ltd.,JASDAQ:4327,Information Technology,Japan,39,-4%,12
11873,"Sho-Bond Holdings Co., Ltd.",TSE:1414,Information Technology,Japan,67,4%,12
15269,"Shobunsha Publications, Inc.",TSE:9475,Information Technology,Japan,79,-4%,13
15223,"Shodensya Co., Ltd.",TSE:1711,Information Technology,Japan,67,-1%,12
10851,"Shoei Co., Ltd.",TSE:7839,Information Technology,Japan,68,-7%,17
10689,"Shoei Yakuhin Co.,Ltd.",TSE:3537,Information Technology,Japan,10,5%,25
10657,Shoko Co. Ltd.,TSE:8090,Information Technology,Japan,94,0%,5
11316,"Shouei Project Co., Ltd.","Private:Shouei Po., Ltd.",Information Technology,Japan,6,1%,19
11317,Showa Corp.,TSE:7274,Information Technology,Japan,66,-3%,15
11345,Showa Denko K.K.,TSE:4004,Information Technology,Japan,33,3%,22
10904,"Showa Holdings Co., Ltd.",TSE:5103,Information Technology,Japan,41,4%,7
10756,Showa Shell Sekiyu K.K.,TSE:5002,Information Technology,Japan,21,5%,24
11333,"Showa Shinku Co., Ltd.",JASDAQ:6384,Information Technology,Japan,22,-6%,13
10747,"Sigmatron Co., Ltd.","Private:SigmatronCo., Ltd.",Information Technology,Japan,92,0%,7
10628,SIGMAXYZ Inc.,TSE:6088,Information Technology,Japan,69,8%,10
10687,SIIX Corporation,TSE:7613,Information Technology,Japan,72,-1%,13
11091,Silicon Studio Corporation,TSE:3907,Information Technology,Japan,60,1%,5
15216,"Silicon Technology Co., Ltd.","Private:Silicon TCo., Ltd.",Information Technology,Japan,26,0%,7
10630,Simmtech Japan Incorporation,Private:Simmtech rporation,Information Technology,Japan,48,-3%,17
2573,"SIOS Technology, Inc.",TSE:3744,Information Technology,Japan,95,-8%,25
15125,SJI Inc.,JASDAQ:2315,Information Technology,Japan,89,7%,23
10653,"SK-Electronics Co., Ltd.",JASDAQ:6677,Information Technology,Japan,56,-8%,11
2585,SKI Corp.,JASDAQ:9446,Information Technology,Japan,86,7%,19
11655,"Sky Co., Ltd.",Private:Sky C Ltd.,Information Technology,Japan,8,8%,17
2629,SKY Perfect JSAT Holdings Inc.,TSE:9412,Information Technology,Japan,32,-2%,18
15226,"Sly Co.,Ltd.","Private:Sly Co.,L Co.,Ltd.",Information Technology,Japan,19,-5%,25
10763,"Smartvalue Co.,Ltd.",TSE:9417,Information Technology,Japan,90,8%,23
10754,"sMedio, Inc.",TSE:3913,Information Technology,Japan,1,0%,7
15261,"Snow Peak, Inc.",TSE:7816,Information Technology,Japan,92,3%,5
10394,SNT Corporation,TSE:6319,Information Technology,Japan,66,-8%,19
10875,Sobal Corporation,JASDAQ:2186,Information Technology,Japan,2,-1%,9
10861,Sockets Inc.,TSE:3634,Information Technology,Japan,65,1%,22
17263,"Soda Aromatic Co., Ltd.",JASDAQ:4965,Information Technology,Japan,88,-6%,6
2579,Soft99 Corporation,TSE:4464,Information Technology,Japan,91,8%,8
10862,SoftBank Group Corp.,TSE:9984,Information Technology,Japan,73,-6%,24
2783,Softbank Technology Corp.,TSE:4726,Information Technology,Japan,44,1%,22
10616,"Softfront Holdings Co., Ltd.",JASDAQ:2321,Information Technology,Japan,70,-8%,8
2564,Software Knowledge Incorporated,Private:Software orporated,Information Technology,Japan,15,-4%,10
15253,Sohgo Security Services Co. Ltd.,TSE:2331,Information Technology,Japan,80,-1%,21
6118,"Sohryu Sangyo Co., Ltd.","Private:Sohryu SaCo., Ltd.",Information Technology,Japan,13,8%,17
10873,Sojitz Corporation,TSE:2768,Information Technology,Japan,94,5%,20
10673,"Solar Electro Power Co., Ltd.","Private:Solar EleCo., Ltd.",Information Technology,Japan,65,0%,11
10688,"SOLCOM Co.,Ltd.",TSE:1987,Information Technology,Japan,15,-7%,25
2525,Solekia Limited,JASDAQ:9867,Information Technology,Japan,47,7%,10
2580,"Soliton Systems, K.K.",JASDAQ:3040,Information Technology,Japan,14,7%,19
10424,SOMAR Corporation,TSE:8152,Information Technology,Japan,78,-1%,5
10881,"Sompo Holdings, Inc.",TSE:8630,Information Technology,Japan,36,5%,11
11296,Sonec Corporation,TSE:1768,Information Technology,Japan,5,-3%,12
11060,So-net Media Networks Corporation,TSE:6185,Information Technology,Japan,40,-4%,12
11241,Sony Corporation,NYSE:SNE,Information Technology,Japan,93,0%,11
11654,"Sophia Holdings Co., Ltd.",JASDAQ:6942,Information Technology,Japan,46,-1%,5
10565,Sosei Group Corporation,TSE:4565,Information Technology,Japan,36,0%,15
10643,"Sotsu Co.,Ltd.",JASDAQ:3711,Information Technology,Japan,4,4%,5
11478,"Sougou Shouken CO., Ltd.",JASDAQ:7850,Information Technology,Japan,89,4%,22
11375,Space Shower Networks Inc.,JASDAQ:4838,Information Technology,Japan,78,8%,16
11343,"Spc Co.,Ltd.","Private:Spc Co.,L Co.,Ltd.",Information Technology,Japan,36,6%,9
11627,"Spopre Co.,Ltd.","Private:Spopre Co Co.,Ltd.",Information Technology,Japan,9,-6%,5
11382,Sprox Inc.,Private:Sprox Inc.,Information Technology,Japan,58,6%,10
11374,"Square Enix Holdings Co., Ltd.",TSE:9684,Information Technology,Japan,28,1%,8
10765,"SRA Holdings, Inc.",TSE:3817,Information Technology,Japan,48,1%,10
2698,Stanley Electric Co. Ltd.,TSE:6923,Information Technology,Japan,81,-2%,7
10669,Star Corporation,Private:Star Corporation,Information Technology,Japan,7,0%,24
10428,Star Flyer Inc.,TSE:9206,Information Technology,Japan,24,-3%,20
2693,"Startia, Inc.",TSE:3393,Information Technology,Japan,83,-5%,10
11877,Starts Corporation Inc.,TSE:8850,Information Technology,Japan,19,1%,16
11492,Starts Publishing Corporation,JASDAQ:7849,Information Technology,Japan,5,-6%,9
10662,Starzen Company Limited,TSE:8043,Information Technology,Japan,87,3%,22
10375,"S-Tech Japan Co.,Ltd.","Private:S-Tech Ja Co.,Ltd.",Information Technology,Japan,40,-5%,22
2688,Stella Chemifa Corporation,TSE:4109,Information Technology,Japan,25,-5%,10
11267,"Sti Foods,Inc.","Private:Sti Foodsoods,Inc.",Information Technology,Japan,5,-8%,9
11651,"Stream Co.,Ltd.",TSE:3071,Information Technology,Japan,57,7%,20
2790,Subaru Enterprise Co. Ltd.,TSE:9632,Information Technology,Japan,90,2%,15
11913,SUCCESS Holdings Company Limited,TSE:6065,Information Technology,Japan,32,-2%,23
11329,"Success Japan Co., Ltd.","Private:Success JCo., Ltd.",Information Technology,Japan,63,-1%,15
11381,Sugi Holdings Co. Ltd.,TSE:7649,Information Technology,Japan,19,1%,18
11237,"Sugimura Warehouse Co., Ltd.",TSE:9307,Information Technology,Japan,79,6%,11
10646,Sumco Corporation,TSE:3436,Information Technology,Japan,27,-1%,9
11502,"Sumiken Mitsui Road Co.,Ltd.",TSE:1776,Information Technology,Japan,99,-7%,19
6140,"Sumiseki Holdings,Inc",TSE:1514,Information Technology,Japan,29,-7%,15
11365,Sumitomo Bakelite Co. Ltd.,TSE:4203,Information Technology,Japan,85,2%,13
10651,Sumitomo Chemical Co. Ltd.,TSE:4005,Information Technology,Japan,80,-3%,25
11242,Sumitomo Corporation,TSE:8053,Information Technology,Japan,43,7%,18
11235,"Sumitomo Dainippon Pharma Co., Ltd.",TSE:4506,Information Technology,Japan,18,4%,21
2700,"Sumitomo Densetsu Co., Ltd.",TSE:1949,Information Technology,Japan,10,6%,19
2552,Sumitomo Electric Industries Ltd.,TSE:5802,Information Technology,Japan,22,-6%,16
11486,Sumitomo Forestry Co. Ltd.,TSE:1911,Information Technology,Japan,35,-2%,19
11172,"Sumitomo Heavy Industries, Ltd.",TSE:6302,Information Technology,Japan,73,4%,8
2669,"Sumitomo Metal Mining Co., Ltd.",TSE:5713,Information Technology,Japan,21,0%,24
11287,Sumitomo Mitsui Construction Co. Ltd,TSE:1821,Information Technology,Japan,45,2%,11
11259,"Sumitomo Mitsui Financial Group, Inc.",TSE:8316,Information Technology,Japan,14,-8%,16
10398,"Sumitomo Osaka Cement Co., Ltd.",TSE:5232,Information Technology,Japan,81,-5%,23
2782,Sumitomo Realty & Development Co. Ltd.,TSE:8830,Information Technology,Japan,88,7%,19
11264,Sumitomo Riko Company Limited,TSE:5191,Information Technology,Japan,17,-6%,10
2712,"Sun A. Kaken Co., Ltd.",JASDAQ:4234,Information Technology,Japan,69,-8%,25
10941,Sun Corporation,JASDAQ:6736,Information Technology,Japan,4,8%,12
11525,"Sunday Co.,Ltd.",JASDAQ:7450,Information Technology,Japan,64,-4%,8
2510,Sunny Side Up Inc.,JASDAQ:2180,Information Technology,Japan,80,8%,13
11892,Suntory Beverage & Food Limited,TSE:2587,Information Technology,Japan,3,3%,8
11865,Suntory Holdings Limited,Private:Suntory Hs Limited,Information Technology,Japan,87,1%,7
11614,Sun-Wa Technos Corporation,TSE:8137,Information Technology,Japan,90,6%,18
10541,Super Tool Co. Ltd.,JASDAQ:5990,Information Technology,Japan,95,4%,5
11288,"Suzuken Co., Ltd.",TSE:9987,Information Technology,Japan,86,-3%,23
11335,"Suzuki Co.,Ltd.",TSE:6785,Information Technology,Japan,58,-2%,18
10658,"Suzuki Keiran Gp Center, K.K.","Private:Suzuki Keter, K.K.",Information Technology,Japan,58,-4%,23
11822,Suzuki Motor Corporation,TSE:7269,Information Technology,Japan,18,3%,7
11879,"Suzuki Shoten Co.,Ltd.","Private:Suzuki Sh Co.,Ltd.",Information Technology,Japan,61,-6%,25
10584,"SWCC Showa Holdings Co., Ltd.",TSE:5805,Information Technology,Japan,83,-2%,18
2617,SymBio Pharmaceuticals Limited,JASDAQ:4582,Information Technology,Japan,30,1%,13
10550,SYSKEN Corporation,TSE:1933,Information Technology,Japan,56,3%,9
2699,Sysmex Corporation,TSE:6869,Information Technology,Japan,51,1%,13
2713,"System Information Co.,Ltd.",JASDAQ:3677,Information Technology,Japan,68,0%,20
2779,"System Research Co.,Ltd.",TSE:3771,Information Technology,Japan,24,6%,5
11354,"Systems Engineering Consultants Co., LTD.",JASDAQ:3741,Information Technology,Japan,92,1%,16
15260,Systemsoft Corp.,TSE:7527,Information Technology,Japan,29,-8%,11
10606,T&K Toka Co. Ltd.,TSE:4636,Information Technology,Japan,74,1%,21
11871,"T. Hasegawa Co., Ltd.",TSE:4958,Information Technology,Japan,22,8%,24
2785,"T. RAD Co., Ltd.",TSE:7236,Information Technology,Japan,73,-3%,21
15262,"T.Kawabe & Co., Ltd.",JASDAQ:8123,Information Technology,Japan,85,-2%,5
10629,"Tabuchi Electric Co.,Ltd.",TSE:6624,Information Technology,Japan,52,5%,23
2523,Tachikawa Corporation,TSE:7989,Information Technology,Japan,62,1%,15
10882,"TACHI-S Co., Ltd.",TSE:7239,Information Technology,Japan,4,-1%,9
10600,Taihei Dengyo Kaisha Ltd.,TSE:1968,Information Technology,Japan,83,6%,20
2551,Taiheiyo Cement Corp.,TSE:5233,Information Technology,Japan,41,4%,15
10525,Taiheiyo Kouhatsu Incorporated,TSE:8835,Information Technology,Japan,14,2%,9
11274,"Taiho Kogyo Co., Ltd.",TSE:6470,Information Technology,Japan,6,-1%,13
10635,"Taiko Pharmaceutical Co., Ltd.",TSE:4574,Information Technology,Japan,71,-6%,7
10672,Taisei Corporation,TSE:1801,Information Technology,Japan,92,-6%,8
10865,"Taisho Pharmaceutical Holdings Co., Ltd.",TSE:4581,Information Technology,Japan,16,7%,5
10640,Taisho Social Welfare Corp.,Private:Taisho Soare Corp.,Information Technology,Japan,26,-3%,20
11256,Taiyo Industrial Co. Ltd.,JASDAQ:6663,Information Technology,Japan,87,3%,8
11373,"Taiyo Koki Co., Ltd.",JASDAQ:6164,Information Technology,Japan,33,3%,9
2565,"Taiyo Yuden Co., Ltd.",TSE:6976,Information Technology,Japan,46,6%,10
10659,"Tajima Steel Co., Ltd.","Private:Tajima So., Ltd.",Information Technology,Japan,91,-7%,13
11245,Takada Corporation,TSE:1966,Information Technology,Japan,20,5%,23
10634,"TAKADAKIKO (Steel Construction) CO., LTD.",TSE:5923,Information Technology,Japan,12,4%,23
10599,Takagi Seiko Corporation,JASDAQ:4242,Information Technology,Japan,47,-6%,18
16296,Takahashi Curtain Wall Corporation,JASDAQ:1994,Information Technology,Japan,42,3%,5
11275,"Takakita Co., Ltd.",TSE:6325,Information Technology,Japan,16,3%,13
2715,"Takama Competition Product, K.K. ",Private:TakK. ,Information Technology,Japan,84,0%,13
11279,"Takamatsu Machinery Co., Ltd.",TSE:6155,Information Technology,Japan,58,-4%,9
11377,"Takamisawa Cybernetics Company, Ltd.",JASDAQ:6424,Information Technology,Japan,94,1%,7
11305,"Takano Co., Ltd.",TSE:7885,Information Technology,Japan,51,-5%,7
2535,"Taka-Q Co., Ltd.",TSE:8166,Information Technology,Japan,0,5%,12
14160,Takara Bio Inc.,TSE:4974,Information Technology,Japan,62,-4%,6
15128,Takara Holdings Inc.,TSE:2531,Information Technology,Japan,26,-3%,16
2789,"Takara Standard Co.,Ltd.",TSE:7981,Information Technology,Japan,98,8%,17
8243,"Takasago Thermal Engineering Co., Ltd.",TSE:1969,Information Technology,Japan,87,-7%,12
16318,Takashimaya Co. Ltd.,TSE:8233,Information Technology,Japan,34,-5%,23
20917,Takatori Corporation,TSE:6338,Information Technology,Japan,50,7%,12
16290,"Takayama Co.,Ltd.","Private:Takay,Ltd.",Information Technology,Japan,20,-1%,25
20923,Takebishi Corporation,TSE:7510,Information Technology,Japan,2,6%,20
20776,Takeda Pharmaceutical Company Limited,TSE:4502,Information Technology,Japan,4,-3%,8
20778,Takenaka Corporation,Private:Takenakaporation,Information Technology,Japan,99,7%,12
21247,"Takeo, K.k.","Private:Takeo, Keo, K.k.",Information Technology,Japan,64,-2%,6
18252,"Takeuchi Mfg. Co., Ltd.",TSE:6432,Information Technology,Japan,17,3%,9
20591,"Taki Chemical Co., Ltd.",TSE:4025,Information Technology,Japan,68,-2%,11
16802,"Takihyo Co., Ltd.",TSE:9982,Information Technology,Japan,68,-7%,18
16739,Takiron Co. Ltd.,TSE:4215,Information Technology,Japan,65,-3%,7
22317,"Takisawa Machine Tool Co., Ltd.",TSE:6121,Information Technology,Japan,59,0%,11
17507,"Takizawa Ham Co., Ltd.",JASDAQ:2293,Information Technology,Japan,61,0%,16
20773,"Tama Home Co., Ltd.",TSE:1419,Information Technology,Japan,69,-2%,19
21539,"Tamagawa Holdings Co., Ltd.",JASDAQ:6838,Information Technology,Japan,25,0%,7
17867,Tamagawa Kyushu Co. Ltd.,Private:Tamtd.,Information Technology,Japan,74,-4%,22
20540,Tamron Co. Ltd.,TSE:7740,Information Technology,Japan,47,8%,7
17388,Tanabe Engineering Corporation,TSE:1828,Information Technology,Japan,88,2%,10
21388,"Tanaka Holdings Co., Ltd.",Private:Tan KK,Information Technology,Japan,43,8%,14
20672,Tanaka Kikinzoku Kogyo K.K.,Private:Tanaka Kgyo K.K.,Information Technology,Japan,65,-7%,7
20605,"Tanaka Seimitsu Kogyo Co., Ltd.",JASDAQ:7218,Information Technology,Japan,67,4%,13
16978,TATSUMI Corporation,JASDAQ:7268,Information Technology,Japan,37,3%,7
16287,Tatsumi Shoten K.K,Private:Tatsumi Shoten K.K,Information Technology,Japan,51,-7%,14
17554,"Tatsuta Electric Wire & Cable Co., Ltd.",TSE:5809,Information Technology,Japan,54,5%,20
20669,Tayca Corporation,TSE:4027,Information Technology,Japan,85,7%,12
21899,"Tazmo Co., Ltd.",JASDAQ:6266,Information Technology,Japan,27,5%,25
20759,"TBK Co., Ltd.",TSE:7277,Information Technology,Japan,100,6%,22
21465,"TCS Holdings Co., Ltd.","Private:TCS HoldiCo., Ltd.",Information Technology,Japan,78,2%,15
20610,TDC Software Engineering Inc.,TSE:4687,Information Technology,Japan,72,-6%,7
22382,TDK Corporation,TSE:6762,Information Technology,Japan,38,4%,9
20673,Techfirm Holdings Inc.,JASDAQ:3625,Information Technology,Japan,32,7%,23
20638,Techno Alpha Co. Ltd.,JASDAQ:3089,Information Technology,Japan,70,-1%,7
21480,"Techno Associe Co., Ltd.",TSE:8249,Information Technology,Japan,12,-6%,22
20780,Techno Quartz Inc.,JASDAQ:5217,Information Technology,Japan,34,-2%,21
21234,Techno Smart Corp.,TSE:6246,Information Technology,Japan,13,8%,25
20615,"Technol Seven Co., Ltd.",JASDAQ:6852,Information Technology,Japan,34,5%,20
21236,Teijin Ltd.,TSE:3401,Information Technology,Japan,7,0%,14
17076,Teiken Ltd. ,Private:Teid. ,Information Technology,Japan,51,5%,5
20618,"Teikoku Electric Mfg.Co.,Ltd.",TSE:6333,Information Technology,Japan,7,2%,12
21514,"Teikoku Sen-i Co., Ltd.",TSE:3302,Information Technology,Japan,53,0%,12
17331,"Teikoku Tsushin Kogyo Co., Ltd.",TSE:6763,Information Technology,Japan,50,-5%,10
10391,"Tein, Inc.",JASDAQ:7217,Information Technology,Japan,48,4%,25
10439,Tekken Corporation,TSE:1815,Information Technology,Japan,63,-7%,18
15127,"TelecomCredit.Co.,Ltd.","Private:TelecomCr.Co.,Ltd.",Information Technology,Japan,32,-6%,24
10533,"Tella, Inc.",JASDAQ:2191,Information Technology,Japan,77,0%,10
10539,Tenox Corporation,JASDAQ:1905,Information Technology,Japan,72,7%,9
10543,Tenox Kyusyu Corporation,Private:Tenox Kyurporation,Information Technology,Japan,34,5%,23
15716,"Tenryu Saw Mfg. Co., Ltd.",JASDAQ:5945,Information Technology,Japan,75,-1%,11
13146,"Tensho Electric Industries Co., Ltd.",TSE:6776,Information Technology,Japan,100,4%,8
10853,Tera Probe Inc.,TSE:6627,Information Technology,Japan,59,-3%,17
10872,Terato K.K.,Private:Terato Kato K.K.,Information Technology,Japan,30,8%,17
14992,"Terilogy Co., Ltd.",JASDAQ:3356,Information Technology,Japan,74,-1%,16
13155,Terumo Corporation,TSE:4543,Information Technology,Japan,83,4%,22
10883,T-Gaia Corporation,TSE:3738,Information Technology,Japan,38,-8%,24
10884,"The Chugoku Electric Power Co.,Inc.",TSE:9504,Information Technology,Japan,14,-6%,10
11084,"The Hanshin Diesel Works, Ltd.",TSE:6018,Information Technology,Japan,46,-8%,18
11189,The Japan Ministry of Defense,Private:The Japa Defense,Information Technology,Japan,94,-8%,17
11255,"The Japan Steel Works, Ltd.",TSE:5631,Information Technology,Japan,56,0%,6
11258,"The Kaneshita Construction Co.,Ltd.",TSE:1897,Information Technology,Japan,71,-5%,12
11265,"The Kansai Electric Power Company, Incorporated",TSE:9503,Information Technology,Japan,88,-7%,11
11286,"The Keihin Co., Ltd.",TSE:9312,Information Technology,Japan,1,3%,18
11290,The Kiichi Tools Company Ltd.,Private:Thetd.,Information Technology,Japan,41,2%,9
15302,"The Kinki Sharyo Co., Ltd.",TSE:7122,Information Technology,Japan,61,-4%,16
11368,"The Kodensha Co., Ltd.",TSE:1948,Information Technology,Japan,18,2%,24
11369,"THE NIPPON ROAD Co., Ltd.",TSE:1884,Information Technology,Japan,95,5%,24
11384,"The Nisshin OilliO Group, Ltd.",TSE:2602,Information Technology,Japan,33,8%,22
11385,"The Ogaki Kyoritsu Bank, Ltd.",TSE:8361,Information Technology,Japan,3,-5%,18
11461,"The Shibusawa Warehouse Co., Ltd.",TSE:9304,Information Technology,Japan,25,1%,10
15278,"The Takigami Steel Construction Co., Ltd.",TSE:5918,Information Technology,Japan,58,1%,12
11532,"The Yokohama Rubber Company, Limited",TSE:5101,Information Technology,Japan,21,-8%,15
11534,"The Yonkyu Co., Ltd.",JASDAQ:9955,Information Technology,Japan,26,5%,5
11646,THine Electronics Inc.,JASDAQ:6769,Information Technology,Japan,73,6%,7
11648,"THK Co., Ltd.",TSE:6481,Information Technology,Japan,72,7%,10
11652,"Three F Co., Ltd.",TSE:7544,Information Technology,Japan,90,0%,14
11833,Tigers Polymer Corporation,TSE:4231,Information Technology,Japan,72,-7%,24
11861,"TIS, Inc.",TSE:3626,Information Technology,Japan,13,7%,18
11872,TISC Co. Ltd.,NSE:4349,Information Technology,Japan,36,-4%,15
11878,"Titan Kogyo, Ltd.",TSE:4098,Information Technology,Japan,15,5%,24
15139,TMI Associates,Private:TMI Assocssociates,Information Technology,Japan,91,8%,23
11888,TOA Corporation,TSE:1885,Information Technology,Japan,52,-4%,22
15473,Toa Oil Co. Ltd.,TSE:5008,Information Technology,Japan,24,-8%,9
10952,Toa Road Corporation,TSE:1882,Materials,Japan,12,1%,11
10724,"Toa Seiko Co.,Ltd.","Private:Toa Seiko Co.,Ltd.",Materials,Japan,69,-4%,22
2646,Toa Valve Engineering Inc.,TSE:6466,Materials,Japan,42,7%,17
10730,"TOCALO Co., Ltd.",TSE:3433,Materials,Japan,8,2%,17
10676,Toda Corporation,TSE:1860,Materials,Japan,22,0%,10
10909,Toei Animation Co. Ltd.,JASDAQ:4816,Materials,Japan,7,-6%,17
10993,"Toei Co., Ltd.",TSE:9605,Materials,Japan,86,-2%,20
10728,Toenec Corporation,TSE:1946,Materials,Japan,56,3%,22
10703,"Togami Electric Mfg. Co., Ltd.",TSE:6643,Materials,Japan,95,1%,23
10834,Tohan Corporation,Private:Tohan Cration ,Materials,Japan,0,-2%,16
10893,"Tohbu Network Co., Ltd.",JASDAQ:9036,Materials,Japan,30,0%,18
11236,"Toho Co., Ltd.",TSE:8142,Materials,Japan,25,4%,21
10775,"Toho Holdings Co., Ltd.",TSE:8129,Materials,Japan,86,0%,15
10837,"Toho Lamac Co., Ltd.",JASDAQ:7422,Materials,Japan,80,4%,10
10711,"Toho System Science Co.,Ltd.",TSE:4333,Materials,Japan,67,7%,14
10964,Toho Titanium Co. Ltd.,TSE:5727,Materials,Japan,10,3%,25
10963,Tohoku Dcs K.K.,Private:Tohoku Dc Dcs K.K.,Materials,Japan,87,2%,15
10998,Tohoku Electric Power Co. Inc.,TSE:9506,Materials,Japan,39,1%,5
2603,"Tohoku Shiki Co., Ltd.","Private:Tohoku ShCo., Ltd.",Materials,Japan,52,6%,20
10716,"Tohoku Steel Co., Ltd.",JASDAQ:5484,Materials,Japan,19,7%,6
10976,Tohokushinsha Film Corporation,JASDAQ:2329,Materials,Japan,70,4%,22
6120,"Tokai Electronics Co.,Ltd.",NSE:8071,Materials,Japan,26,2%,12
10956,"Tokai Rika Co., Ltd.",TSE:6995,Materials,Japan,76,5%,23
10733,Tokai Senko K.K.,TSE:3577,Materials,Japan,80,1%,16
10838,"Tokai Trading Co., Ltd.","Private:Tokai TraCo., Ltd.",Materials,Japan,63,-7%,21
2642,"Tokan Co.,Ltd.",NSE:7648,Materials,Japan,14,8%,13
10897,Tokubetsuku Keiba Kumiai,Private:Tokubetsa Kumiai,Materials,Japan,80,5%,17
10732,"Tokuden Co., Ltd.",JASDAQ:3437,Materials,Japan,61,-7%,18
10835,"Tokushu Tokai Paper Co., Ltd.",TSE:3708,Materials,Japan,71,6%,5
10982,Tokuyama Corp.,TSE:4043,Materials,Japan,90,-4%,6
10769,Tokyo (City of),Private:Tokyoy of),Materials,Japan,95,8%,15
10294,"Tokyo Board Industries Co., Ltd.",TSE:7815,Materials,Japan,9,1%,18
10722,"Tokyo Broadcasting System Holdings, Inc.",TSE:9401,Materials,Japan,58,6%,20
10592,"Tokyo Computer Service Co., Ltd.",Private:Toktd.,Materials,Japan,37,-4%,6
10704,"Tokyo Electric Power Company Holdings, Incorporated",TSE:9501,Materials,Japan,90,0%,7
10705,Tokyo Electron Limited,TSE:8035,Materials,Japan,35,-3%,6
2167,Tokyo Energy & Systems Inc.,TSE:1945,Materials,Japan,61,1%,7
10718,Tokyo Gas Co. Ltd.,TSE:9531,Materials,Japan,42,-4%,21
10900,Tokyo Hikari Shoji KK,Private:Tokyo Hik Shoji KK,Materials,Japan,51,-8%,5
10962,Tokyo International Air Terminal Corporation,Private:Tokion,Materials,Japan,88,-8%,22
10919,TOKYO KEIKI INC.,TSE:7721,Materials,Japan,8,0%,22
10929,"Tokyo Kikai Seisakusho, Ltd.",TSE:6335,Materials,Japan,78,-5%,17
10768,"Tokyo Kohtetsu Co., Ltd.",JASDAQ:5448,Materials,Japan,22,3%,25
11015,Tokyo Metropolitan Nationl Health Insurance Organization,Private:Tokyo Metanization,Materials,Japan,39,0%,7
10898,Tokyo Metropolitan Police Department,Private:Tokyo Metepartment,Materials,Japan,48,-7%,22
10911,"Tokyo Nissan Computer System Co., Ltd.",JASDAQ:3316,Materials,Japan,23,2%,5
2638,Tokyo Ohka Kogyo Co. Ltd.,TSE:4186,Materials,Japan,12,-4%,5
2590,"Tokyo Radiator Mfg. Co., Ltd.",TSE:7235,Materials,Japan,15,5%,11
10677,"Tokyo Sangyo Co., Ltd.",TSE:8070,Materials,Japan,42,0%,22
15214,"Tokyo Soir Co., Ltd.",TSE:8040,Materials,Japan,52,2%,17
10978,"Tokyo Steel Manufacturing Co., Ltd.",TSE:5423,Materials,Japan,24,5%,11
10644,Tokyo Tekko Co. Ltd.,TSE:5445,Materials,Japan,5,-7%,9
10995,"Tokyo Women's Medical University, Educational Association",Private:Tokyo Womsociation,Materials,Japan,63,2%,23
11012,"Tokyotokeiba Co., Ltd.",TSE:9672,Materials,Japan,14,1%,23
10944,"Tokyu Construction Co., Ltd.",TSE:1720,Materials,Japan,0,-7%,12
10723,Tokyu Corporation,TSE:9005,Materials,Japan,31,-1%,5
10702,Tokyu Fudosan Holdings Corporation,TSE:3289,Materials,Japan,98,4%,6
10795,Tomen Devices Corporation,TSE:2737,Materials,Japan,97,6%,11
10701,"Tominaga Boeki Kaisha, Ltd.","Private:Tominagaha, Ltd.",Materials,Japan,56,-4%,8
10903,Tomoe Corporation,TSE:1921,Materials,Japan,85,-7%,19
2641,"Tone Co., Ltd.",TSE:5967,Materials,Japan,10,7%,19
10908,TonenGeneral Sekiyu k.k.,TSE:5012,Materials,Japan,71,6%,6
10907,"Toppan Forms Co., Ltd.",TSE:7862,Materials,Japan,18,3%,7
10894,"Toppan Printing Co., Ltd.",TSE:7911,Materials,Japan,78,5%,8
11556,Topre Corporation,TSE:5975,Materials,Japan,85,-6%,11
10943,Topy Industries Ltd.,TSE:7231,Materials,Japan,12,-8%,12
10896,"Toray Industries, Inc.",TSE:3402,Materials,Japan,27,-8%,12
11014,"Torii Pharmaceutical Co., Ltd.",TSE:4551,Materials,Japan,60,0%,8
10726,"Tose Co.,Ltd.",TSE:4728,Materials,Japan,47,-3%,7
11538,Toshiba Corporation,TSE:6502,Materials,Japan,41,1%,8
10695,Toshiba Plant Systems & Services Corp.,TSE:1983,Materials,Japan,98,-3%,12
10997,Toshin Corporation,JASDAQ:9444,Materials,Japan,71,3%,9
11579,"Tosho Printing Company, Limited",TSE:7913,Materials,Japan,72,4%,10
11653,"Totetsu Kogyo Co., Ltd.",TSE:1835,Materials,Japan,3,-6%,16
10720,"Totoku Electric Co., Ltd.",TSE:5807,Materials,Japan,76,-6%,9
10770,"TOTSU SANGYO CO., LTD. ","Private:TOTSU SANO., LTD. ",Materials,Japan,45,-1%,13
10744,"Tou Kewpie Co.,Ltd.","Private:Tou Kewpi Co.,Ltd.",Materials,Japan,26,-2%,23
10731,Tow Co. Ltd.,TSE:4767,Materials,Japan,86,1%,8
2756,Towa Bussan K.K.,Private:Towa Bussssan K.K.,Materials,Japan,12,-8%,8
10842,"Towa Pharmaceutical Co., Ltd.",TSE:4553,Materials,Japan,24,-1%,22
10699,"Toyama Jobiyaku Group, K.K.",Private:Toyam K.K.,Materials,Japan,12,5%,10
10734,"Toyo Construction Co.,Ltd.",TSE:1890,Materials,Japan,18,-3%,21
2613,TOYO Corporation,TSE:8151,Materials,Japan,74,-1%,7
11054,Toyo Denki Seizo k.k.,TSE:6505,Materials,Japan,63,2%,24
15263,"Toyo Drilube Co., Ltd.",JASDAQ:4976,Materials,Japan,6,-1%,12
10721,Toyo Engineering Corporation,TSE:6330,Materials,Japan,27,5%,24
10953,"Toyo Ink SC Holdings Co., Ltd.",TSE:4634,Materials,Japan,88,-3%,22
10296,"Toyo Kohan Co., Ltd.",TSE:5453,Materials,Japan,70,5%,20
2643,"Toyo Logistics Co., Ltd.",TSE:9306,Materials,Japan,4,8%,5
10717,Toyo Machinery & Metal Co. Ltd.,TSE:6210,Materials,Japan,96,-8%,18
10960,Toyo Sangyo K.K.,Private:Toyo Sangngyo K.K.,Materials,Japan,9,-8%,9
10945,"Toyo Seikan Group Holdings, Ltd.",TSE:5901,Materials,Japan,94,-4%,22
10980,"Toyo Sugar Refining Co., Ltd.",TSE:2107,Materials,Japan,22,2%,5
10951,Toyo Suisan Kaisha Ltd.,TSE:2875,Materials,Japan,79,1%,13
10973,"Toyo Tire & Rubber Co., Ltd.",TSE:5105,Materials,Japan,82,-5%,18
10981,"Toyoda Gosei Co., Ltd.",TSE:7282,Materials,Japan,8,5%,23
10955,"Toyoda Iron Works Co., Ltd.","Private:Toyoda IrCo., Ltd.",Materials,Japan,61,-5%,16
10969,Toyota Boshoku Corporation,TSE:3116,Materials,Japan,100,3%,8
15353,Toyota Industries Corporation,TSE:6201,Materials,Japan,1,-3%,16
10970,Toyota Motor Corporation,NYSE:TM,Materials,Japan,22,4%,13
15233,Toyota Tsusho Corporation,TSE:8015,Materials,Japan,29,0%,10
11293,"TPR Co., Ltd.",TSE:6463,Materials,Japan,53,5%,20
11041,"Trancom Co., Ltd.",TSE:9058,Materials,Japan,56,-6%,9
10967,"Trans Cosmos, Inc.",TSE:9715,Materials,Japan,16,1%,24
10979,Trans Genic Inc.,TSE:2342,Materials,Japan,25,-2%,24
10839,Trend Micro Inc.,TSE:4704,Materials,Japan,14,8%,20
11209,Tri Chemical Laboratories Inc.,JASDAQ:4369,Materials,Japan,54,3%,21
11557,Trinity Industrial Corporation,TSE:6382,Materials,Japan,30,-2%,18
11555,Tri-Stage Inc.,TSE:2178,Materials,Japan,51,3%,8
15277,Trusco Nakayama Corporation,TSE:9830,Materials,Japan,81,7%,13
2612,Trygroup Inc.,Private:Trygroup roup Inc.,Materials,Japan,83,-4%,12
10745,"TS TECH Co., Ltd.",TSE:7313,Materials,Japan,2,-5%,10
10966,"TSR Co.,LTD.","Private:TSR Co.,L Co.,LTD.",Materials,Japan,37,-1%,14
10777,"Tsubaki Nakashima Co., Ltd.",TSE:6464,Materials,Japan,63,3%,23
2632,Tsubakimoto Chain Co.,TSE:6371,Materials,Japan,87,-1%,19
10994,"Tsubakimoto Kogyo Co., Ltd.",TSE:8052,Materials,Japan,16,-5%,16
11559,Tsudakoma Corp.,TSE:6217,Materials,Japan,51,4%,21
10961,"Tsukamoto Sogyo Co.,Ltd.","Private:TsukamotCo.,Ltd.",Materials,Japan,68,-5%,19
6124,Tsukui Corporation,TSE:2398,Materials,Japan,89,-6%,21
10965,Tsumura & Co.,TSE:4540,Materials,Japan,100,-2%,11
10968,Tsuruha Holdings Inc.,TSE:3391,Materials,Japan,43,-2%,25
10675,"Tsuzuki Denki Co., Ltd.",TSE:8157,Materials,Japan,77,2%,10
10958,"TTK Co., Ltd.",TSE:1935,Materials,Japan,31,-3%,22
10959,TV Asahi Holdings Corporation,TSE:9409,Materials,Japan,20,-6%,10
10986,"Tv Shopping Laboratory Co., Ltd.","Private:Tv ShoppiCo., Ltd.",Materials,Japan,20,7%,11
2757,TV TOKYO Holdings Corporation,TSE:9413,Materials,Japan,50,8%,17
10832,TYK Corporation,TSE:5363,Materials,Japan,0,1%,9
10988,TYO Inc.,TSE:4358,Materials,Japan,30,1%,15
15270,Ubiquitous Corporation,JASDAQ:3858,Materials,Japan,4,0%,20
10697,"Ubiteq, Inc.",JASDAQ:6662,Materials,Japan,9,4%,7
11565,"UCC Holdings Co., Ltd.","Private:UCC HoldiCo., Ltd.",Materials,Japan,5,0%,22
10715,"Uchida Esco Co.,Ltd.",JASDAQ:4699,Materials,Japan,54,-4%,19
10737,"Uchida Yoko Co., Ltd.",TSE:8057,Materials,Japan,44,-1%,8
15697,UKC Holdings Corporation,TSE:3156,Materials,Japan,3,-3%,24
6126,"ULS Group, Inc.",JASDAQ:3798,Materials,Japan,97,-2%,10
17848,"ULVAC, Inc.",TSE:6728,Materials,Japan,76,-4%,17
21438,Umicore Shokubai,Private:Umicore Shokubai,Materials,Japan,50,-2%,10
20747,UMN Pharma Inc.,TSE:4585,Materials,Japan,58,1%,5
16903,"U-Next Co., Ltd.",TSE:9418,Materials,Japan,61,6%,14
18199,Unicafe Inc.,TSE:2597,Materials,Japan,60,-1%,18
20853,Unicharm Corporation,TSE:8113,Materials,Japan,6,2%,21
20855,Unicon Corporation,Private:Unicon Corporation,Materials,Japan,79,-1%,5
16913,"Union Trading Co.,Ltd.","Private:Union Tra Co.,Ltd.",Materials,Japan,7,5%,23
17724,Unipres Corporation,TSE:5949,Materials,Japan,84,-1%,13
17082,Uniroot Inc.,Private:Uniroot Iroot Inc.,Materials,Japan,88,-2%,13
17889,United Managers Japan Incorporated,Private:United Maorporated,Materials,Japan,66,7%,23
16082,Univance Corporation,TSE:7254,Materials,Japan,23,8%,25
10566,Universal Entertainment Corporation,JASDAQ:6425,Materials,Japan,60,-8%,21
10573,"UNY Group Holdings Co., Ltd.","Private:UNY Groo., Ltd.",Materials,Japan,94,5%,18
10574,"Uoriki Co., Ltd. ",TSE:7596,Materials,Japan,6,3%,22
10576,Urban Renaissance Agency,Private:Urban Ree Agency,Materials,Japan,11,4%,22
10694,U-Shin Ltd.,TSE:6985,Materials,Japan,91,-7%,20
10698,USS Co. Ltd.,TSE:4732,Materials,Japan,53,-1%,11
10706,"UT Group Co., Ltd.",JASDAQ:2146,Materials,Japan,59,-5%,9
10708,Utoc Corporation,TSE:9358,Materials,Japan,44,-1%,8
10712,V Technology Co. Ltd.,TSE:7717,Materials,Japan,60,-6%,18
10714,Vainqueur Corporation,Private:Vainqation,Materials,Japan,10,-8%,10
10719,Valtech LLC,Private:ValLLC,Materials,Japan,59,-4%,7
10735,ValueCommerce Co. Ltd,TSE:2491,Materials,Japan,70,1%,12
15279,"V-cube, Inc.",TSE:3681,Materials,Japan,66,6%,5
10736,Vector Inc.,TSE:6058,Materials,Japan,84,-4%,9
10740,VERISERVE Corporation,TSE:3724,Materials,Japan,1,5%,23
15715,VeriTrans Inc.,Private:VeriTransrans Inc.,Materials,Japan,17,2%,15
10774,"Village Vanguard CO.,LTD.",JASDAQ:2769,Materials,Japan,100,0%,8
10840,Vinx corp.,TSE:3784,Materials,Japan,100,7%,20
10841,"Virtualex Consulting, Inc.",TSE:6193,Materials,Japan,89,2%,24
15298,Vision Inc.,TSE:9416,Materials,Japan,49,-6%,9
15124,"Vital KSK Holdings,Inc.",TSE:3151,Materials,Japan,68,-5%,22
10942,"Vitec Holdings Co., Ltd.",TSE:9957,Materials,Japan,5,-8%,19
10972,Voltage Incorporation,TSE:3639,Materials,Japan,23,-6%,21
10977,"VOYAGE GROUP, Inc.",TSE:3688,Materials,Japan,26,-6%,22
10991,"Wakachiku Construction Co., Ltd.",TSE:1888,Materials,Japan,36,5%,16
11013,"Wakamoto Pharmaceutical Co., Ltd.",TSE:4512,Materials,Japan,15,-4%,20
11380,"Wakenyaku Co.,Ltd.","Private:WakenyakCo.,Ltd.",Materials,Japan,92,-4%,18
11411,"Warabeya Nichiyo Holdings Co., Ltd.",TSE:2918,Materials,Japan,54,7%,19
11570,Watakyu seimoa Corporation,Private:Watakyu poration,Materials,Japan,61,-7%,5
17466,"Watanabe Pipe Co., Ltd.","Private:Watanabeo., Ltd.",Others,Japan,50,7%,20
22339,"Watanabe Sato Co., Ltd.",JASDAQ:1807,Others,Japan,86,-4%,12
16195,Wellness Japan.,Private:Wellnesss Japan.,Others,Japan,81,6%,12
16300,Wellnet Corporation,TSE:2428,Others,Japan,21,-4%,13
22337,West Japan Railway Company,TSE:9021,Others,Japan,70,-3%,23
17705,West Nippon Expressway Company Limited,Private:West NiLimited,Others,Japan,8,-3%,12
21371,"Win Tec. Co.,Ltd.","Private:Win Tec.  Co.,Ltd.",Others,Japan,86,7%,17
22340,Wintest Corporation,TSE:6721,Others,Japan,93,2%,13
22342,"WirelessGate, Inc.",TSE:9419,Others,Japan,82,-8%,15
20421,"Wood One Co., Ltd.",TSE:7898,Others,Japan,97,-6%,8
17811,"Works Applications Co., Ltd.",Private:Works Ltd.,Others,Japan,81,7%,9
21319,W-SCOPE Corporation,TSE:6619,Others,Japan,15,-4%,11
17711,XNET Corporation,TSE:4762,Others,Japan,96,2%,18
17881,XYMAX Corporation,Private:XYMAXation,Others,Japan,89,-8%,14
17902,"Y.A.C. Co., Ltd.",TSE:6298,Others,Japan,51,-1%,17
16924,"Yachiyo Industry Co., Ltd.",JASDAQ:7298,Others,Japan,47,7%,7
21164,Yachiyo Micro Science Inc.,Private:Yachiyo Mence Inc.,Others,Japan,78,-1%,5
16923,"Yagikuma Co., Ltd.","Private:Yagikuma Co., Ltd.",Others,Japan,32,-4%,10
17728,"Yahagi Construction Co.,Ltd.",TSE:1870,Others,Japan,66,3%,18
16226,Yahoo Japan Corporation,TSE:4689,Others,Japan,71,-3%,21
22338,Yakult Honsha Co. Ltd.,TSE:2267,Others,Japan,34,6%,15
20456,Yamabiko Corporation,TSE:6250,Others,Japan,66,-5%,11
20419,"Yamada Denki Co., Ltd.",TSE:9831,Others,Japan,0,-2%,5
20425,"Yamada Sangyo Co.,Ltd.","Private:Yamad,Ltd.",Others,Japan,5,2%,25
20420,Yamaguchi Yakuhin Shokai Ltd.,Private:Yamaguchkai Ltd.,Others,Japan,39,-2%,18
22352,Yamaha Motor Co. Ltd.,TSE:7272,Others,Japan,68,-8%,20
21454,Yamami Company,JASDAQ:2820,Others,Japan,10,-7%,19
20674,Ya-Man Ltd.,TSE:6630,Others,Japan,90,-1%,24
20424,"Yamasa Co., Ltd.",Private:Yamasaco,Others,Japan,64,2%,11
17812,Yamashin-Filter CORP.,TSE:6240,Others,Japan,35,-8%,19
17138,"Yamashiro Co., Ltd.","Private:YamashiroCo., Ltd.",Others,Japan,50,6%,24
20465,"Yamashiro Kinzoku Co.,Ltd.","Private:Yamashiro Co.,Ltd.",Others,Japan,24,1%,8
17689,"Yamashita Machinery Co., LTD.","Private:YamashitaCo., LTD.",Others,Japan,89,-8%,18
20670,Yamato Autoworks Co. Ltd.,Private:Yamtdauto,Others,Japan,44,-8%,14
20476,"Yamato Holdings Co., Ltd.",TSE:9064,Others,Japan,13,-3%,12
17886,Yamato International Inc.,TSE:8127,Others,Japan,77,1%,25
21392,Yamawaki Sanso K.K.,Private:Yamawaki anso K.K.,Others,Japan,70,-2%,8
17710,Yamaya Corporation,TSE:9994,Others,Japan,13,-2%,22
11753,Yamazaki Baking Co. Ltd.,TSE:2212,Real Estate,Japan,40,2%,16
11062,"Yamazaki-Biscuits Co., Ltd.","Private:Yamazaki-Co., Ltd.",Real Estate,Japan,4,-7%,23
13141,Yamazen Corp.,TSE:8051,Real Estate,Japan,100,8%,23
2767,Yanmar Co. Ltd.,Private:Yanmar o. Ltd.,Real Estate,Japan,94,-8%,24
16915,Yaokin Corporation,Private:Yaokin ation,Real Estate,Japan,30,-3%,16
21381,"Yasaka Electric Wire Co.,Ltd.","Private:Yasaka El Co.,Ltd.",Real Estate,Japan,16,-3%,25
21412,"Yashima Denki Co.,Ltd.",TSE:3153,Real Estate,Japan,23,2%,25
21413,Yaskawa Electric Corp.,TSE:6506,Real Estate,Japan,31,-7%,21
20625,Yaskawa Information Systems Corp.,TSE:2354,Real Estate,Japan,54,-5%,7
17684,"Yasuda Co.,Ltd.","Private:Yasuda Co Co.,Ltd.",Real Estate,Japan,73,-5%,16
17748,Yasunaga Corporation,TSE:7271,Real Estate,Japan,86,-4%,17
19745,Yazaki Energy System Corporation,Private:Yazaki Eporation,Real Estate,Japan,92,6%,9
10332,"YBM Co., Ltd.","Private:YBM Co., Co., Ltd.",Real Estate,Japan,43,-4%,13
10348,Yellow Hat Ltd.,TSE:9882,Real Estate,Japan,39,5%,12
10555,YM loading,Private:YM loadinM loading,Real Estate,Japan,31,-7%,14
10559,"Yodobashi Camera Co.,Ltd.","Private:Yodobas,Ltd.",Real Estate,Japan,47,-7%,24
15283,"Yodogawa Steel Works, Ltd.",TSE:5451,Real Estate,Japan,74,-7%,6
11742,Yokogawa Electric Corp.,TSE:6841,Real Estate,Japan,95,-1%,12
11743,Yokohama (City of),Private:YokohamaCity of),Real Estate,Japan,84,0%,5
11745,"Yokota Manufacturing Co., Ltd.",JASDAQ:6248,Real Estate,Japan,32,-2%,8
11747,"Yomeishu Seizo Co., Ltd.",TSE:2540,Real Estate,Japan,9,8%,14
13153,"Yomiuri Shimbun Osaka Honsha, K.k.","Private:Yomiuri ha, K.k.",Real Estate,Japan,94,-4%,7
11756,Yondenko Corporation,TSE:1939,Real Estate,Japan,18,3%,13
11821,Yonex Co. Ltd.,TSE:7906,Telecommunication Services,Japan,79,-4%,22
11824,Yonkang Foundation,Private:Yonkang Foundation,Telecommunication Services,Japan,8,6%,9
11832,Yorozu Corporation,TSE:7294,Telecommunication Services,Japan,30,4%,19
10670,"Yoshicon Co.,Ltd.",JASDAQ:5280,Telecommunication Services,Japan,43,-6%,15
11823,Yoshindo Inc.,Private:Yoshindondo Inc.,Telecommunication Services,Japan,56,-7%,13
6630,"Yoshino Gypsum Co.,Ltd","Private:Yoshino  Co.,Ltd",Telecommunication Services,Japan,27,3%,18
20785,Yoshinobu Corp.,Private:Yoshinobuobu Corp.,Telecommunication Services,Japan,69,5%,14
11828,"Yoshinoya Holdings Co., Ltd.",TSE:9861,Telecommunication Services,Japan,79,3%,18
11829,Yoshitake Inc.,JASDAQ:6488,Telecommunication Services,Japan,63,-6%,12
11920,"Yotai Refractories Co., Ltd.",TSE:5357,Telecommunication Services,Japan,1,8%,10
11854,"Y-Square Co.,Ltd","Private:Y-Square e Co.,Ltd",Utilities,Japan,3,7%,6
10301,Yuasa Trading Co. Ltd.,TSE:8074,Utilities,Japan,83,4%,12
11849,Yugen Co. Ltd,Private:Yugen Co.n Co. Ltd,Utilities,Japan,83,-1%,19
11856,"Yuke's Co., Ltd.",JASDAQ:4334,Utilities,Japan,84,-5%,22
11853,"Yuki Gosei Kogyo Co., Ltd.",TSE:4531,Utilities,Japan,77,-1%,12
11847,Yurtec Corporation,TSE:1934,Utilities,Japan,59,8%,9
17899,Yutaka Foods Corporation,TSE:2806,Utilities,Japan,49,-1%,12
11065,"Yutaka Giken Co., Ltd.",JASDAQ:7229,Utilities,Japan,9,1%,6
11838,"Zakku, K.K.","Private:Zakku, Kku, K.K.",Utilities,Japan,60,-8%,12
11839,"Zappallas, Inc.",TSE:3770,Utilities,Japan,53,-5%,21
11840,ZEN-NOH Co. Ltd.,Private:ZEN-NOH Co. Ltd.,Utilities,Japan,43,-5%,13
11841,"Zenrin Co., Ltd.",TSE:9474,Utilities,Japan,66,-5%,9
11842,"Zensho Holdings Co., Ltd.",TSE:7550,Utilities,Japan,63,3%,9
11843,"Zenyaku Kogyo Co., Ltd. ","Private:Zenyaku Ko., Ltd. ",Utilities,Japan,22,2%,15
11844,ZEON Corporation,TSE:4205,Utilities,Japan,19,7%,19
11845,"ZERO Co., Ltd.",TSE:9028,Utilities,Japan,23,-1%,18
11846,Zojirushi Corporation,TSE:7965,Utilities,Japan,77,3%,25
11850,Zuiko Corporation,TSE:6279,Utilities,Japan,45,-7%,9
11851,"Zuken Elmic, Inc.",TSE:4770,Utilities,Japan,24,7%,14
22111,Arabia One for Clean Energy Investments PSC,Private:Arabia Onments PSC,Energy,Jordan,78,-6%,8
6093,Kakuzi Ltd.,NASE:KUKZ.O,Consumer Staples,Kenya,58,7%,11
6091,The Kenya Power and Lighting Company Limited,NASE:KPLC.O,Utilities,Kenya,95,-1%,20
16929,Kuwait Petroleum Corporation,Private:Kuwaiation,Energy,Kuwait,57,-8%,21
16410,Kuwait Government,Private:Kuwent,Government Institution,Kuwait,45,-4%,25
3829,Advanced Technology Company K.S.C.P.,KWSE:ATC,Healthcare,Kuwait,19,6%,16
16974,Kyrgyzaltyn JSC,Private:KyrJSC,Materials,Kyrgyzstan,85,3%,22
15204,Kolao Holdings,KOSE:A900140,Consumer Discretionary,Laos,59,8%,21
21525,Xe-Pian Xe-Namnoy Power Company Limited,Private:Xe-Pian Xy Limited,Utilities,Laos,99,-8%,19
16968,Merit Corporation,Private:Meritation,Consumer Discretionary,Lebanon,38,8%,19
6251,Adecoagro S.A.,NYSE:AGRO,Consumer Staples,Luxembourg,53,-7%,20
891,Tenaris S.A.,BIT:TEN,Energy,Luxembourg,30,-6%,24
17325,Vitol Holding II S.A.,Private:Vitol S.A.,Energy,Luxembourg,76,0%,5
21348,Kermadec S.A.,Private:Kermadec adec S.A.,Financials,Luxembourg,26,-1%,14
6338,Atento S.A.,NYSE:ATTO,Industrials,Luxembourg,37,-8%,18
7236,MagnaChip Semiconductor Corporation,NYSE:MX,Information Technology,Luxembourg,17,-5%,13
6866,Globant S.A.,NYSE:GLOB,Information Technology,Luxembourg,99,5%,8
7219,ArcelorMittal,NYSE:MT,Materials,Luxembourg,66,7%,21
16254,"MEDIAN Kliniken S.à r.l.,","Private:MEDIAr.l.,",Others,Luxembourg,72,7%,23
5047,Altisource Portfolio Solutions S.A.,NasdaqGS:ASPS,Real Estate,Luxembourg,76,-8%,6
17859,Seapower Trading Company Limited,Private:Seapower Limited,Consumer Discretionary,Macau,4,8%,25
4736,"Deswell Industries, Inc.",NasdaqGM:DSWL,Information Technology,Macau,41,8%,20
9083,Infinity Development Holdings Company Limited,SEHK:640,Materials,Macau,86,-4%,14
21626,"Macau Cement Manufacturing Co., Ltd.","Private:Macau CemCo., Ltd.",Materials,Macau,4,8%,21
15344,UMW Holdings Berhad,KLSE:UMW,Consumer Discretionary,Malaysia,38,-7%,20
16329,Perodua Sales Sdn. Bhd -> Perusahaan Otomobil Kedua Sdn Bhd,Private:PerBhd,Consumer Discretionary,Malaysia,53,-6%,15
3045,Ajinomoto Malaysia Bhd,KLSE:AJI,Consumer Staples,Malaysia,48,0%,6
15435,Focus Dynamics Group Berhad,KLSE:FOCUS,Consumer Staples,Malaysia,94,7%,22
3100,Shell Refining Company (Federation of Malaya) Berhad,KLSE:SHELL,Energy,Malaysia,84,-8%,13
13978,UMW Oil & Gas Corporation Berhad,KLSE:UMWOG,Energy,Malaysia,99,-3%,25
17387,Petroliam Nasional Berhad,Private:Petroerhad,Energy,Malaysia,45,-7%,5
16043,P.I.E. Industrial Berhad,KLSE:PIE,Industrials,Malaysia,84,2%,20
20926,Hitachi Electronic Products (Malaysia) Sdn. Bhd.,Private:Hitachi ESdn. Bhd.,Industrials,Malaysia,86,-1%,8
8575,"MOL Global, Inc.",OTCPK:MOLG.Y,Information Technology,Malaysia,55,5%,6
16008,CSC Steel Holdings Berhad,KLSE:CSCSTEL,Materials,Malaysia,28,-8%,19
3104,Tek Seng Holdings Bhd,KLSE:TEKSENG,Materials,Malaysia,88,0%,10
17741,Lotte Chemical Titan (M) Sdn. Bhd.,Private:Lotte Chdn. Bhd.,Materials,Malaysia,59,-1%,20
21166,Petronnic Sdn. Bhd.,Private:PetronnicSdn. Bhd.,Others,Malaysia,40,6%,18
20921,Sunway Berhad,Private:Sunway Beay Berhad,Real Estate,Malaysia,23,-1%,9
3105,Tenaga Nasional Berhad,KLSE:TENAGA,Utilities,Malaysia,69,-1%,12
7598,Seaspan Corporation,NYSE:SSW,Industrials,Marshall Islands,2,-1%,14
17016,Scorpio LR2 Pool Limited,Private:Scorpmited,Others,Marshall Islands,4,-5%,19
17003,Petróleos Mexicanos,Private:Petrocanos,Energy,Mexico,3,-1%,10
21630,"Biodist, S.A. De C.V.","Private:Biodist, . De C.V.",Healthcare,Mexico,20,1%,25
17582,Laboratorios Sanfer S.A. de C.V.,Private:Labor C.V.,Healthcare,Mexico,51,6%,17
964,Grupo Aeromexico SAB de CV,BMV:AEROMEX *,Industrials,Mexico,12,6%,24
982,Grupo México S.A.B. de C.V.,BMV:GMEXICO B,Materials,Mexico,85,-4%,21
991,"Mexichem, S.A.B. de C.V.",BMV:MEXCHEM *,Materials,Mexico,54,2%,11
17225,DTC Soluciones Inmobiliarias SA de CV,Private:DTC e CV,Others,Mexico,50,5%,6
17266,Industrias Energeticas S.A. de C.V.,Private:InduC.V.,Others,Mexico,54,7%,23
17314,Nuclear Waste Partnership,Private:Nuclership,Others,Mexico,42,-2%,15
968,Axtel S. A. B. De CV,BMV:AXTEL CPO,Telecommunication Services,Mexico,73,6%,23
6294,America Movil S.A.B. de C.V.,NYSE:AMX,Telecommunication Services,Mexico,78,-8%,9
6658,Dynagas LNG Partners LP,NYSE:DLNG,Energy,Monaco,94,2%,25
6867,GasLog Ltd.,NYSE:GLOG,Energy,Monaco,69,-7%,25
7279,Navios Maritime Acquisition Corporation,NYSE:NNA,Energy,Monaco,39,-4%,8
7606,Scorpio Tankers Inc.,NYSE:STNG,Energy,Monaco,86,3%,18
6543,Costamare Inc.,NYSE:CMRE,Industrials,Monaco,15,3%,5
7278,Navios Maritime Partners L.P.,NYSE:NMM,Industrials,Monaco,75,-7%,15
7523,"Safe Bulkers, Inc.",NYSE:SB,Industrials,Monaco,49,-5%,12
7276,Navios Maritime Holdings Inc.,NYSE:NM,Industrials,Monaco,60,-2%,10
17035,Scorpio Handymax Tanker Pool Limited,Private:Scorpmitedhandy,Industrials,Monaco,94,0%,13
22175,"Gyals Co.,Ltd","Private:Gyals Co.s Co.,Ltd",Healthcare,Mongolia,25,-2%,13
9161,Mongolian Mining Corporation,SEHK:975,Materials,Mongolia,2,7%,9
21831,La Compagnie Nationale Royal Air Maroc S.A.,Private:La Compagaroc S.A.,Industrials,Morocco,40,-2%,25
1774,Koninklijke Ahold Delhaize N.V.,ENXTAM:AH,Consumer Staples,Netherlands,100,5%,7
1828,Unilever N.V.,ENXTAM:UNA,Consumer Staples,Netherlands,45,-6%,21
6526,Core Laboratories NV,NYSE:CLB,Energy,Netherlands,11,7%,7
14309,Fugro N.V.,ENXTAM:FUR,Energy,Netherlands,2,-6%,23
1829,Royal Vopak NV,ENXTAM:VPK,Energy,Netherlands,93,2%,15
7462,Royal Dutch Shell plc,NYSE:RDS.A,Energy,Netherlands,88,5%,22
17072,Vitol Holding B.V.,Private:Vitol B.V.,Energy,Netherlands,23,-3%,9
17271,Coöperatieve Rabobank U.A.,Private:Coope U.A.,Financials,Netherlands,11,5%,15
5796,Qiagen NV,NasdaqGS:QGEN,Healthcare,Netherlands,28,4%,5
16746,Dutch Ophthalmic Research Center International B.V.,Private:Dut.V.,Healthcare,Netherlands,64,-6%,17
16930,Mediq B.V.,Private:Mediq B.V.,Healthcare,Netherlands,69,-4%,24
1831,Wolters Kluwer N.V.,ENXTAM:WKL,Industrials,Netherlands,24,-2%,12
1927,Airbus Group SE,ENXTPA:AIR,Industrials,Netherlands,15,-7%,10
7397,Koninklijke Philips N.V.,NYSE:PHG,Industrials,Netherlands,74,0%,20
21599,Diodes Holding B.V.,Private:Diodes Hoding B.V.,Industrials,Netherlands,47,5%,17
8305,AVG Technologies N.V.,OTCPK:AVGT.F,Information Technology,Netherlands,37,3%,15
5702,NXP Semiconductors NV,NasdaqGS:NXPI,Information Technology,Netherlands,80,2%,7
1781,ASM International NV,ENXTAM:ASM,Information Technology,Netherlands,57,0%,13
1776,Akzo Nobel N.V.,ENXTAM:AKZA,Materials,Netherlands,95,8%,23
16604,Acorn Holdings B.V.,Private:Acorn Hngs B.V.,Others,Netherlands,64,7%,17
16772,Carioca MV27 B.V.,Private:Car.V.27,Others,Netherlands,15,0%,19
16787,Cernambi Norte MV26 B.V.,Private:Cer.V.,Others,Netherlands,97,5%,8
16767,Farringford N.V.,Private:Farri N.V.,Others,Netherlands,0,-8%,25
17047,Tartaruga MV29 B.V.,Private:TARTA B.V.,Others,Netherlands,22,2%,6
17047,TARTARUGA MV29 B.V.,Private:TARTA B.V.,Others,Netherlands,80,2%,14
6021,VimpelCom Ltd.,NasdaqGS:VIP,Telecommunication Services,Netherlands,58,-5%,16
7920,Sanford Ltd.,NZSE:SAN,Consumer Staples,New Zealand,80,-4%,14
7918,The New Zealand Refining Company Limited,NZSE:NZR,Energy,New Zealand,8,2%,20
7934,Z Energy Limited,NZSE:ZEL,Energy,New Zealand,54,-8%,6
21680,Wiri Oil Services Limited,Private:Wiri Oil s Limited,Energy,New Zealand,2,5%,20
7926,South Port New Zealand Limited,NZSE:SPN,Industrials,New Zealand,1,3%,7
21678,Anyware Computer Accessories,Private:Anyware Ccessories,Information Technology,New Zealand,71,-6%,18
21147,Indorama Eleme Fertilizer and Chemicals Ltd,Private:Indorama icals Ltd,Industrials,Nigeria,76,-2%,5
21751,Marsti Holding As,Private:Marsti Hoolding As,Consumer Discretionary,Norway,87,2%,21
7607,Statoil ASA,NYSE:STO,Energy,Norway,34,0%,18
8042,TGS Nopec Geophysical Co. ASA,OB:TGS,Energy,Norway,58,-5%,15
8044,TTS Group ASA,OB:TTS,Industrials,Norway,66,-6%,21
21204,BW Gas AS,Private:BW Gaas AS,Industrials,Norway,89,7%,21
16200,Foreign Governments,Private:Foreents,Government Institution,Others,36,-6%,10
16201,Global Governments,Private:Glonts,Government Institution,Others,31,-4%,5
16199,Non U.S. Governments,Private:Nonnts,Government Institution,Others,41,4%,20
3020,Engro Fertilizers Limited,KASE:EFERT,Materials,Pakistan,47,-8%,25
14029,Engro Polymer and Chemicals Limited,KASE:EPCL,Materials,Pakistan,62,8%,12
3041,Sui Northern Gas Pipelines Ltd.,KASE:SNGP,Utilities,Pakistan,55,-7%,20
3042,"Sui Southern Gas Co., Ltd.",KASE:SSGC,Utilities,Pakistan,47,0%,15
20568,"Empresa General de Inversiones, S.A.","Private:Empresa Gnes, S.A.",Financials,Panama,94,-2%,6
6566,Copa Holdings SA,NYSE:CPA,Industrials,Panama,38,5%,13
22366,LAVENDER MARITIME S.A.,Private:LAVENDER TIME S.A.,Industrials,Panama,42,-7%,24
22295,VENUS OCEAN NAVIGATION S.A.,Private:VENUS OCETION S.A.,Industrials,Panama,59,7%,22
21444,Sunjin Philippines Corporation,Private:Sunjin Phrporation,Consumer Staples,Philippines,71,2%,12
8820,"Pepsi-Cola Products Philippines, Inc.",PSE:PIP,Consumer Staples,Philippines,59,7%,6
13528,Pilipinas Shell Petroleum Corporation,PSE:SHLPH,Energy,Philippines,92,3%,13
21567,Formosa Heavy Industries Inc,Private:Formosa Htries Inc,Industrials,Philippines,60,7%,12
21397,Trimsol Sp Z O O,Private:Trimsol S Sp Z O O,Consumer Discretionary,Poland,99,-2%,23
12934,Polskie Gornictwo Naftowe I Gazownictwo Spolka Akcyjna,WSE:PGN,Energy,Poland,73,5%,5
21825,Falken Trade Polska Sp Z O O Spolka Komandytowa,Private:Falken Trmandytowa,Industrials,Poland,34,0%,25
12889,KGHM Polska Miedz Spólka Akcyjna,WSE:KGH,Materials,Poland,57,-2%,17
15350,"Toyota Caetano Portugal, S.A.",ENXTLS:SCT,Consumer Discretionary,Portugal,20,1%,20
17000,Qatar Petroleum,Private:Qataroleum,Energy,Qatar,18,-7%,16
16671,"Gulf Bridge International, Inc","Private:Gulf , Inc",Telecommunication Services,Qatar,22,3%,9
1385,OMV Petrom SA,BVB:SNP,Energy,Romania,34,3%,12
21281,"Daltransflot, Ooo","Private:Daltransfflot, Ooo",Consumer Staples,Russia,18,-2%,24
4077,PAO NOVATEK,LSE:NVTK,Energy,Russia,100,-5%,20
4247,Public Joint Stock Company Gazprom,MISX:GAZP,Energy,Russia,46,-5%,11
8547,Public Joint Stock Company Oil Company LUKOIL,OTCPK:LUKO.Y,Energy,Russia,43,-1%,8
21683,"Titan, Oil ZAO","Private:Titan, ZAitan, ZAO",Energy,Russia,84,7%,22
4206,JSC VTB Bank,LSE:VTBR,Financials,Russia,17,3%,8
4288,Sberbank of Russia OJSC,MISX:SBER,Financials,Russia,25,-5%,23
16154,Russian Government,Private:Rusent,Government Institution,Russia,74,-8%,6
4097,OJSC Pharmstandard,LSE:PHST,Healthcare,Russia,9,-4%,6
17014,"Incuron, LLC","Private:Incur, LLC",Healthcare,Russia,69,3%,6
20685,Valenta Holding,Private:Valenta Ha Holding,Healthcare,Russia,79,4%,20
4299,Public Joint Stock Company United Aircraft Corporation,MISX:UNAC,Industrials,Russia,11,-1%,5
21516,"Oladon, Ooo","Private:Oladon, Oadon, Ooo",Industrials,Russia,91,-6%,16
17427,Open Joint Stock Company Russian Railways,Private:Open JoiRailways,Industrials,Russia,44,5%,18
21822,"Vtorresurs-Pererabotka, Ooo","Private:Vtorresurotka, Ooo",Industrials,Russia,81,-6%,18
9060,United Company RUSAL Plc,SEHK:486,Materials,Russia,13,-3%,12
4284,OAO Raspadskaya,MISX:RASP,Materials,Russia,53,-7%,12
21847,En+ Group Ltd.,Private:EnnGrouproup Ltd.,Materials,Russia,70,-3%,14
21851,Open Joint Stock Company Dmitrov Aluminium Rolling Mill,Private:Open Joinling Mill,Materials,Russia,63,2%,5
16735,BPC Engineering,Private:BPC Eering,Others,Russia,11,-7%,10
20707,Zakritoe Aktcionernoe Obshestvo Sibeltrans,Private:Zakritoe ibeltrans,Others,Russia,45,2%,15
16942,Megapolis Group,Private:Megoup,Real Estate,Russia,4,4%,14
13909,Public Joint Stock Company MegaFon,LSE:MFON,Telecommunication Services,Russia,55,7%,25
21762,Tatweer Education Holding Company,Private:Tatweer Eg Company,Consumer Discretionary,Saudi Arabia,65,-7%,17
17707,Saudi Aramco Products Trading Company,Private:Saudi Ar Company,Energy,Saudi Arabia,85,-2%,6
17033,Saudi Arabian Oil Company,Private:Saudimpany,Energy,Saudi Arabia,48,4%,19
21889,Al Subeaei Group,Private:Mohammed L Subeaei,Financials,Saudi Arabia,25,-6%,7
16413,Saudi Arabia (Kingdom of),Private:Saudi Argdom of),Government Institution,Saudi Arabia,43,-6%,6
20518,Abdulkadir Al Muhaidib and Sons Company,Private:Abdulkadis Company,Industrials,Saudi Arabia,62,8%,23
20925,Rashid Al- Rashid Group,Private:Rashid Alhid Group,Industrials,Saudi Arabia,70,3%,21
17023,Saudi Binladin Group Limited,Private:Saudimited,Industrials,Saudi Arabia,99,-2%,8
8846,Saudi Basic Industries Corporation,SASE:2010,Materials,Saudi Arabia,73,2%,6
17242,Saudi FAS Holding Company,Private:Saudiany,Others,Saudi Arabia,41,-5%,20
17430,Telekom Srbija a.d.,Private:Telekom ija a.d.,Telecommunication Services,Serbia,97,6%,6
21031,Cj International Asia Pte. Ltd.,Private:Cj InternPte. Ltd.,Others,Singapore,5,-6%,12
20993,Daimei Shouji (Singapore) Pte Ltd,Private:Daimei Sh) Pte Ltd,Others,Singapore,13,5%,8
17486,Giti Tire Global Trading Pte. Ltd.,Private:Giti Tirte. Ltd.,Consumer Discretionary,Singapore,94,-1%,25
9290,Accordia Golf Trust,SGX:ADQU,Consumer Discretionary,Singapore,70,-7%,5
9285,Indofood Agri Resources Ltd.,SGX:5JS,Consumer Staples,Singapore,37,7%,13
9344,Japfa Ltd.,SGX:UD2,Consumer Staples,Singapore,41,-5%,8
9295,GMG Global Ltd,SGX:AXJ,Consumer Staples,Singapore,56,2%,13
9314,Del Monte Pacific Limited,SGX:D03,Consumer Staples,Singapore,38,1%,25
9327,Dyna-Mac Holdings Ltd.,SGX:NO4,Energy,Singapore,79,-8%,13
21565,Winson Oil Trading Pte. Ltd,Private:Winson Oi Pte. Ltd,Energy,Singapore,30,-8%,13
21310,Great Orient Chemical Pte. Ltd.,Private:Great OriPte. Ltd.,Financials,Singapore,11,-1%,11
21791,Nuri Holdings (S) Pte. Ltd.,Private:Nuri HoldPte. Ltd.,Financials,Singapore,95,4%,13
16395,Government of Singapore,Private:Goverapore,Government Institution,Singapore,3,1%,25
6618,China Yuchai International Limited,NYSE:CYD,Industrials,Singapore,54,3%,23
9321,Hong Leong Asia Ltd.,SGX:H22,Industrials,Singapore,3,5%,25
21574,Alliance Concrete Singapore Pte. Ltd,Private:Alliance  Pte. Ltd,Industrials,Singapore,1,-7%,5
22081,Measurement & Metrology (S) Pte Ltd,Private:Measureme) Pte Ltd,Industrials,Singapore,7,8%,23
17716,R1 International Pte Ltd.,Private:R1 InterPte Ltd.,Industrials,Singapore,51,4%,19
9308,Keppel Corporation Limited,SGX:BN4,Industrials,Singapore,36,-5%,8
15470,Sembcorp Marine Ltd,SGX:S51,Industrials,Singapore,46,-5%,17
9335,Singapore Technologies Engineering Ltd,SGX:S63,Industrials,Singapore,42,-2%,25
5329,Flex Ltd.,NasdaqGS:FLEX,Information Technology,Singapore,11,-5%,24
5533,"Kulicke and Soffa Industries, Inc.",NasdaqGS:KLIC,Information Technology,Singapore,59,-7%,21
5062,Broadcom Limited,NasdaqGS:AVGO,Information Technology,Singapore,9,8%,16
17204,CIT Cosmeceutical Pte Ltd,Private:CIT Ce Ltd,Others,Singapore,71,-3%,14
16940,Nexcomm Asia Pte Ltd,Private:NexLtd,Others,Singapore,73,-5%,10
1442,Polaris Ltd.,Catalist:5BI,Telecommunication Services,Singapore,97,-2%,13
9349,Singapore Telecommunications Limited,SGX:Z74,Telecommunication Services,Singapore,60,3%,18
8686,Sound Global Ltd,OTCPK:SGXX.F,Utilities,Singapore,61,-4%,5
1331,Slovnaft AS,BSSE:1SLN01AE,Energy,Slovakia,13,-5%,16
21272,JMT Sk S.R.O.,Private:JMT Sk S.Sk S.R.O.,Information Technology,Slovakia,1,3%,15
21058,Human Medical Supply,Private:Human Medal Supply,Others,South Africa,78,-3%,17
2998,Standard Bank Group Limited,JSE:SBK,Financials,South Africa,3,8%,10
15382,Jasco Electronics Holdings Limited,JSE:JSC,Industrials,South Africa,85,2%,14
21227,Community Investment Holdings (Pty) Ltd.,Private:CommunityPty) Ltd.,Industrials,South Africa,34,-6%,8
22100,KK Pvt. Ltd. Co. ,Private:KK Pvt. LLtd. Co. ,Industrials,South Africa,13,-7%,12
2973,Datatec Limited,JSE:DTC,Information Technology,South Africa,55,1%,15
2960,AngloGold Ashanti Ltd.,JSE:ANG,Materials,South Africa,88,-4%,22
2977,Gold Fields Ltd.,JSE:GFI,Materials,South Africa,50,6%,15
2999,Sibanye Gold Limited,JSE:SGL,Materials,South Africa,90,6%,17
2989,MTN Group Limited,JSE:MTN,Telecommunication Services,South Africa,55,-3%,9
15531,21st Century Development Co. Ltd.,Private:21st Cent Co. Ltd.,Others,South Korea,64,12%,17
21060,"2nd Seoul-Incheon Linking Highway Co., Ltd.","Private:2nd SeoulCo., Ltd.",Others,South Korea,66,8%,7
20973,"A.Tion Fashion, Inc.","Private:A.Tion Faion, Inc.",Others,South Korea,60,-5%,16
21045,"Able C&C Co., Ltd.",KOSE:A078520,Others,South Korea,67,-1%,16
20971,"Ace Bed Co., Ltd.",KOSDAQ:A003800,Others,South Korea,97,-3%,12
21033,"ACT Co., Ltd.",KOSDAQ:A138360,Others,South Korea,65,-1%,25
21037,"ACT Co., Ltd.",KOSDAQ:A138360,Others,South Korea,25,-2%,7
21048,"AD Stainless Co., Ltd.","Private:AD StainlCo., Ltd.",Others,South Korea,5,1%,22
21017,"Adrich Co.,Ltd","Private:Adrich Coh Co.,Ltd",Others,South Korea,10,-4%,23
20984,"Ads Rail Co.,Ltd.","Private:Ads Rail  Co.,Ltd.",Others,South Korea,85,3%,11
21034,Advanced Institutes of Convergence Technology,Private:Advanced echnology,Others,South Korea,96,4%,25
21038,Advanced Process Systems Corporation,KOSDAQ:A054620,Others,South Korea,23,3%,22
21040,"Aekyung Co., Ltd.","Private:Aekyung CCo., Ltd.",Others,South Korea,85,-3%,20
21056,"Aekyung Devlopment Co., Ltd.","Private:Aekyung DCo., Ltd.",Others,South Korea,17,8%,9
20995,"Aekyung Petrochemical Co., Ltd",KOSE:A161000,Others,South Korea,65,3%,18
21036,"Aerogel Korea Co, Ltd","Private:Aerogel Ka Co, Ltd",Others,South Korea,74,0%,23
20966,"Aerospace Technology Of Korea, Inc.",KOSDAQ:A067390,Others,South Korea,74,4%,11
20994,"AfreecaTV Co., Ltd.",KOSDAQ:A067160,Others,South Korea,17,8%,10
21062,Agricultural corporation corporation,Private:Agriculturporation,Others,South Korea,84,-2%,10
21039,"AhnLab, Inc.",KOSDAQ:A053800,Others,South Korea,97,8%,9
21059,Aimhigh Global Corp.,KOSDAQ:A043580,Others,South Korea,62,-1%,19
20975,"Ainnos Co., Ltd.","Private:Ainnos CoCo., Ltd.",Others,South Korea,57,8%,15
20968,"Air Busan Co., Ltd.","Private:Air BusanCo., Ltd.",Others,South Korea,92,-4%,20
20962,"AJ Networks Co., Ltd.",KOSE:A095570,Others,South Korea,5,1%,9
21028,"AJ Rent A Car Co., Ltd.",KOSE:A068400,Others,South Korea,65,7%,12
21001,"AJIN industrial Co.,Ltd.",KOSDAQ:A013310,Others,South Korea,48,-7%,25
21015,"AJ-PARK Co., Ltd.","Private:AJ-PARK CCo., Ltd.",Others,South Korea,43,-3%,15
21053,"AK & MN BioFarm Co., Ltd.","Private:AK & MN BCo., Ltd.",Others,South Korea,89,-7%,22
21018,"AK Holdings, Inc.",KOSE:A006840,Others,South Korea,96,2%,5
20974,"ALD I Co., Ltd.","Private:ALD I Co.Co., Ltd.",Others,South Korea,59,2%,18
21026,ALTEOGEN Inc.,KOSDAQ:A196170,Others,South Korea,83,0%,9
20965,Alticast Corp.,KOSDAQ:A085810,Others,South Korea,80,0%,7
21025,"Aluko Co., Ltd.",KOSE:A001780,Others,South Korea,95,-4%,16
22415,"Alvogen Korea Co., Ltd.",KOSE:A002250,Others,South Korea,44,6%,7
21021,"Aminologics Co.,Ltd.",KOSDAQ:A074430,Others,South Korea,36,5%,13
21004,Amorepacific Corp.,KOSE:A090430,Others,South Korea,49,-1%,16
20972,AmorePacific Group,KOSE:A002790,Others,South Korea,23,4%,19
20980,"A-motion Co., Ltd.",KOSDAQ:A031860,Others,South Korea,54,0%,7
21049,AnaPass Inc.,KOSDAQ:A123860,Others,South Korea,42,6%,22
22411,"ANTS Co., Ltd.","Private:ANTS Co.,Co., Ltd.",Others,South Korea,24,-3%,7
20990,"A-One Alform Co., Ltd.","Private:A-One AlfCo., Ltd.",Others,South Korea,89,3%,7
20977,"Apple Tree D&I Co., Ltd.","Private:Apple TreCo., Ltd.",Others,South Korea,57,8%,12
21054,"Aprogen, Inc.","Private:Aprogen, gen, Inc.",Others,South Korea,8,2%,19
21057,"Areum CNA Co., Ltd.","Private:Areum CNACo., Ltd.",Others,South Korea,4,1%,14
20991,"Art Service Co., Ltd.","Private:Art ServiCo., Ltd.",Others,South Korea,16,4%,6
20963,"Asia Agricultural Machinery Co., Ltd.",KOSDAQ:A050860,Others,South Korea,47,5%,13
20992,"Asia MCT Co.,Ltd","Private:Asia MCT T Co.,Ltd",Others,South Korea,89,-2%,18
21006,Asia Pacific Satellite lnc.,KOSDAQ:A211270,Others,South Korea,52,5%,16
21011,"Asia Paper Manufacturing Co., Ltd.",KOSE:A002310,Others,South Korea,94,1%,11
20999,"AsiaCove, Inc","Private:AsiaCove,Cove, Inc",Others,South Korea,91,-3%,6
20961,"Asian Acetyls Co., Ltd","Private:Asian Ace Co., Ltd",Others,South Korea,35,-8%,24
20960,"Asiana Airlines, Inc.",KOSE:A020560,Others,South Korea,37,-3%,14
21020,AT Frontier Co. Ltd,Private:AT Frontir Co. Ltd,Others,South Korea,91,8%,11
21044,"AT semicon Co., Ltd.",KOSDAQ:A089530,Others,South Korea,32,5%,18
20981,"AT technology Co., Ltd.",KOSDAQ:A073570,Others,South Korea,28,0%,7
20976,Atec Co. Ltd.,KOSDAQ:A045660,Others,South Korea,49,3%,21
20964,"Atec System Co., Ltd.","Private:Atec SystCo., Ltd.",Others,South Korea,57,-8%,20
21013,"Atec T& Co., Ltd",KOSDAQ:A224110,Others,South Korea,60,-2%,9
20982,ATGen Co. Ltd.,KOSDAQ:A182400,Others,South Korea,36,-3%,18
21041,"ATLASBX Co., Ltd.",KOSDAQ:A023890,Others,South Korea,42,-8%,7
21012,AUK Corp.,KOSE:A017900,Others,South Korea,58,3%,21
21029,"Auros Technology Co., Ltd.","Private:Auros TecCo., Ltd.",Others,South Korea,24,0%,22
20996,Autech Corporation,KOSDAQ:A067170,Others,South Korea,59,2%,10
21042,Automobile & PCB Inc.,KOSE:A015260,Others,South Korea,7,1%,19
20978,"Avaco Co., Ltd.",KOSDAQ:A083930,Others,South Korea,91,2%,12
20969,"Avatec Co., Ltd.",KOSDAQ:A149950,Others,South Korea,87,0%,21
22414,Aztech WB Co. Ltd.,KOSDAQ:A032080,Others,South Korea,49,-5%,21
21027,"Baek Yang Co., Ltd","Private:Baek Yang Co., Ltd",Others,South Korea,84,8%,23
21030,"Baekkwang Mineral Products Co., Ltd.",KOSE:A014580,Others,South Korea,55,3%,22
21035,"BAIKSAN Co., Ltd.",KOSE:A035150,Others,South Korea,64,3%,24
21043,"Baiksan T&S Co., Ltd.","Private:Baiksan o., Ltd.",Others,South Korea,72,-7%,15
21046,"Baros, Inc.","Private:Baros, Inros, Inc.",Others,South Korea,23,3%,21
21022,Barunson E&A Corporation,KOSDAQ:A035620,Others,South Korea,50,7%,6
21019,"Beauty Island Group., Ltd","Private:Beauty Isoup., Ltd",Others,South Korea,42,2%,6
21005,"Best & Best Tech Co.,Ltd","Private:Best & Beh Co.,Ltd",Others,South Korea,4,8%,17
20988,Betagen Inc,Private:Betagen Itagen Inc,Others,South Korea,62,6%,23
20989,"BG T&A Co., Ltd.",KOSDAQ:A046310,Others,South Korea,40,-7%,10
3807,"BGFretail Co., Ltd.",KOSE:A027410,Consumer Discretionary,South Korea,68,2%,12
3595,"BHI Co., Ltd.",KOSDAQ:A083650,Consumer Discretionary,South Korea,47,-5%,17
3432,"BIEMT Co., Ltd.",KOSDAQ:A052900,Consumer Discretionary,South Korea,39,-4%,11
3137,"Binex Co., Ltd.",KOSDAQ:A053030,Consumer Discretionary,South Korea,22,-2%,5
15509,"Biocore Co., Ltd.","Private:Biocore CCo., Ltd.",Consumer Discretionary,South Korea,13,-7%,16
15495,"Biolog Device Co., Ltd.",KOSDAQ:A208710,Consumer Discretionary,South Korea,79,4%,9
15195,Bioneer Corporation,KOSDAQ:A064550,Consumer Discretionary,South Korea,45,-7%,23
3332,Biosmart Corporation,KOSDAQ:A038460,Consumer Discretionary,South Korea,53,2%,22
15593,"Biostar Korea Co., Ltd.","Private:Biostar KCo., Ltd.",Consumer Discretionary,South Korea,88,5%,24
15478,BIT Computer Co. Ltd.,KOSDAQ:A032850,Consumer Discretionary,South Korea,87,5%,21
3725,"BITPLEX Co., Ltd.","Private:BITPLEX o., Ltd.",Consumer Discretionary,South Korea,0,-8%,16
3575,"BlueOne Resort Co.,Ltd.","Private:BlueOne R Co.,Ltd.",Consumer Discretionary,South Korea,100,-3%,18
3257,"Bm Korea Co.,Ltd","Private:Bm Korea a Co.,Ltd",Consumer Discretionary,South Korea,88,-1%,21
15512,"BNC Korea Co.,Ltd.",Konex:226610,Consumer Discretionary,South Korea,51,4%,9
15657,"Bnct Co., Ltd.","Private:Bnct Co.,Co., Ltd.",Consumer Discretionary,South Korea,89,-1%,10
3143,Bohae Brewery Co. Ltd.,KOSE:A000890,Consumer Discretionary,South Korea,12,2%,14
3146,"Bokwang Ascon Co.,Ltd","Private:Bokwang An Co.,Ltd",Consumer Discretionary,South Korea,95,1%,22
3162,"Bokwang Ceramics Co.,Ltd","Private:Bokwang Cs Co.,Ltd",Consumer Discretionary,South Korea,49,7%,25
3697,"Bokwang Industry Co., Ltd.",KOSDAQ:A225530,Consumer Discretionary,South Korea,40,7%,7
15550,Bokwang Rmc,Private:Bokwang Rkwang Rmc,Consumer Discretionary,South Korea,52,-6%,10
3171,Bolak Company Limited,KOSE:A002760,Consumer Discretionary,South Korea,25,0%,14
3706,"Bongdong Agri Co., Ltd","Private:Bongdong  Co., Ltd",Consumer Discretionary,South Korea,46,3%,25
15510,"Bonglim Metal Co.,Ltd","Private:Bonglim Ml Co.,Ltd",Consumer Discretionary,South Korea,42,8%,18
3733,"Bookook Feed Mill Co., Ltd","Private:Bookook F Co., Ltd",Consumer Discretionary,South Korea,87,-7%,20
15609,"Boram Farm Co., Ltd.","Private:Boram FarCo., Ltd.",Consumer Discretionary,South Korea,77,1%,9
3236,"Boryeong LNG Terminal Co., Ltd.","Private:Boryeong Co., Ltd.",Consumer Discretionary,South Korea,67,0%,14
3743,"Boryung A&D Medical Co.,Ltd.","Private:Boryung A Co.,Ltd.",Consumer Discretionary,South Korea,93,-2%,19
15595,Boryung Biopharma Company Ltd.,Private:Boryung any Ltd.,Consumer Discretionary,South Korea,29,-3%,20
3505,Boryung Industry Co Ltd,Private:Boryung Iry Co Ltd,Consumer Discretionary,South Korea,18,7%,16
15566,"Boryung Medience Co., Ltd.",KOSDAQ:A014100,Consumer Discretionary,South Korea,56,-5%,20
3259,"Boryung Netcom Co.,Ltd","Private:Boryung Nm Co.,Ltd",Consumer Discretionary,South Korea,99,-6%,16
3229,"Boryung Pharmaceutical Co., Ltd.",KOSE:A003850,Consumer Discretionary,South Korea,20,-8%,10
3405,"Boryung Soonsoo Co., Ltd.","Private:Boryung SCo., Ltd.",Consumer Discretionary,South Korea,87,7%,10
3562,"BR Korea Co., Ltd.","Private:BR Korea Co., Ltd.",Consumer Discretionary,South Korea,22,-7%,24
15464,"Brain Contents CO.,LTD.",KOSDAQ:A066980,Consumer Discretionary,South Korea,32,8%,22
15360,"BS Shipping Co.,Ltd","Private:BS Shipp Co.,Ltd",Consumer Discretionary,South Korea,36,4%,13
3572,"Bubang Co., Ltd.",KOSDAQ:A014470,Consumer Discretionary,South Korea,64,-4%,7
15501,Bugs Corporation,KOSDAQ:A104200,Consumer Discretionary,South Korea,34,0%,8
15551,"Bukwang Industrial Co., Ltd.","Private:Bukwang ICo., Ltd.",Consumer Discretionary,South Korea,87,-6%,13
3286,"Burim Chemical Co., Ltd.","Private:Burim Cho., Ltd.",Consumer Discretionary,South Korea,4,1%,15
3331,"Busan City Gas Co., Ltd.",KOSE:A015350,Consumer Discretionary,South Korea,74,-7%,16
15186,Busan Eco Edu,Private:Busan Econ Eco Edu,Consumer Discretionary,South Korea,82,-1%,8
15643,"Busan Finance Center PFV Co., Ltd.","Private:Busan FinCo., Ltd.",Consumer Discretionary,South Korea,98,-2%,20
3605,"Busan Industrial Co., Ltd.",KOSE:A011390,Consumer Discretionary,South Korea,32,-2%,21
15507,Busan New Port Container Terminal Ltd.,Private:Busan Newinal Ltd.,Consumer Discretionary,South Korea,98,2%,15
3486,"Busan New Port Multipurpose Terminal Co.,Ltd.","Private:Busan New Co.,Ltd.",Consumer Discretionary,South Korea,54,-4%,6
3577,Busan Port Authority,Private:Busan Pouthority,Consumer Discretionary,South Korea,48,0%,22
15596,"Busan Shinho Solar Power Co., Ltd","Private:Busan Shi Co., Ltd",Consumer Discretionary,South Korea,29,-7%,9
3634,Busan Transportation Corporation,Private:Busan Trarporation,Consumer Discretionary,South Korea,17,-6%,17
3234,"Business On Communication Co.,Ltd.","Private:Business  Co.,Ltd.",Consumer Discretionary,South Korea,30,-7%,17
15642,BXT Global Corporation,Private:BXT Globporation,Consumer Discretionary,South Korea,24,-3%,15
3526,"BYC Co., Ltd.",KOSE:A001460,Consumer Discretionary,South Korea,51,1%,13
15654,"BYC Mart Co., Ltd.","Private:BYC Mart Co., Ltd.",Consumer Discretionary,South Korea,56,5%,6
3644,"Byeollae Energy Co., Ltd.","Private:Byeollae Co., Ltd.",Consumer Discretionary,South Korea,55,0%,21
3193,"BYON Co., Ltd.",KOSDAQ:A032980,Consumer Discretionary,South Korea,15,2%,15
3689,C&C Research Laboratories,Private:C&C Reseaoratories,Consumer Discretionary,South Korea,0,-3%,23
3732,"C&S Co.,Ltd","Private:C&S Co.,LS Co.,Ltd",Consumer Discretionary,South Korea,3,-7%,21
15646,C&S Corporation,KOSDAQ:A032040,Consumer Discretionary,South Korea,15,4%,19
15605,"C&s Tech Co., Ltd.","Private:C&s Tech Co., Ltd.",Consumer Discretionary,South Korea,67,2%,10
15611,Cambridge Filter Korea Company Ltd.,Private:Cambridgepany Ltd.,Consumer Discretionary,South Korea,9,4%,23
3641,CammSys Corp.,KOSDAQ:A050110,Consumer Discretionary,South Korea,14,7%,7
3766,Camus Engineering & Construction Inc.,KOSE:A013700,Consumer Discretionary,South Korea,72,0%,6
15565,"Candle Media Co., Ltd.",KOSDAQ:A066410,Consumer Discretionary,South Korea,9,-1%,14
15486,Cape Industries Ltd.,KOSDAQ:A064820,Consumer Discretionary,South Korea,24,-4%,10
3778,Capro Corporation,KOSE:A006380,Consumer Discretionary,South Korea,69,-1%,5
15568,"Caregen Co., Ltd.",KOSDAQ:A214370,Consumer Discretionary,South Korea,53,6%,13
3811,"Carver Korea Co., Ltd.","Private:Carver KoCo., Ltd.",Consumer Discretionary,South Korea,89,1%,18
15484,"CASTEC KOREA Co., Ltd.",KOSDAQ:A071850,Consumer Discretionary,South Korea,11,-7%,17
3134,"Castlex Jeju Golf Club Co., Ltd.","Private:Castlex JCo., Ltd.",Consumer Discretionary,South Korea,51,4%,19
3451,"Cell Biotech Co., Ltd.",KOSDAQ:A049960,Consumer Discretionary,South Korea,57,4%,5
15521,"Celltrion Healthcare Co.,Ltd.","Private:Celltrion Co.,Ltd.",Consumer Discretionary,South Korea,56,2%,9
3626,Celltrion Pharm Inc.,KOSDAQ:A068760,Consumer Discretionary,South Korea,65,-4%,16
15508,"Celltrion, Inc.",KOSDAQ:A068270,Consumer Discretionary,South Korea,6,-1%,5
3722,"Cellumed Co., Ltd.",KOSDAQ:A049180,Consumer Discretionary,South Korea,1,1%,15
3651,"CHA Biotech Co., Ltd.",KOSDAQ:A085660,Consumer Discretionary,South Korea,11,2%,10
3808,CHA Medical Group,Private:CHA MGroup,Consumer Discretionary,South Korea,76,7%,25
15455,Champ Vision Inc.,Private:Champ Viion Inc.,Consumer Discretionary,South Korea,99,-3%,15
3485,"Changhae Ethanol Co., Ltd.",KOSDAQ:A004650,Consumer Discretionary,South Korea,73,-6%,20
15389,Changhwa Steel Co. Ltd.,Private:Changhwa  Co. Ltd.,Consumer Discretionary,South Korea,81,-6%,6
15180,"Changsung Sangpum Co., Ltd.","Private:ChangsungCo., Ltd.",Consumer Discretionary,South Korea,75,4%,8
3501,"Charm Trading Co., Ltd","Private:Charm Tra Co., Ltd",Consumer Discretionary,South Korea,15,0%,8
3802,Charmfre Co. Ltd,Private:Charmfre Co. Ltd,Consumer Discretionary,South Korea,12,3%,8
3116,"Chasys Co., Ltd.",KOSE:A033250,Consumer Discretionary,South Korea,86,3%,20
3549,"Cheil Breeding Stock Co., Ltd.","Private:Cheil BreCo., Ltd.",Consumer Discretionary,South Korea,18,2%,8
15372,Cheil Electronics Co. Ltd.,Private:Cheil ElCo. Ltd.,Consumer Discretionary,South Korea,80,3%,20
3476,"Cheonan Environment Energy Co., Ltd.","Private:Cheonan ECo., Ltd.",Consumer Discretionary,South Korea,39,-2%,10
15622,"Cheongna Energy Co., Ltd.","Private:Cheongna Co., Ltd.",Consumer Discretionary,South Korea,0,-7%,12
3645,"Cheryong Electric Co.,Ltd.",KOSDAQ:A033100,Consumer Discretionary,South Korea,96,-5%,12
3217,Cheryong Industrial Co. Ltd.,KOSDAQ:A147830,Consumer Discretionary,South Korea,18,-4%,21
15543,Chin Yang Industry Co Ltd,KOSE:A003780,Consumer Discretionary,South Korea,31,1%,5
3691,"ChinHung International, Inc.",KOSE:A002780,Consumer Discretionary,South Korea,95,2%,9
3629,Chinyang Chemical Corporation,KOSE:A051630,Consumer Discretionary,South Korea,57,0%,16
3403,Chinyang Holdings Corp.,KOSE:A100250,Consumer Discretionary,South Korea,60,-2%,25
3538,"Chinyang Poly Urethane Co., Ltd.",KOSE:A010640,Consumer Discretionary,South Korea,99,6%,19
3477,"ChoA Pharmaceutical Co., Ltd.",KOSDAQ:A034940,Consumer Discretionary,South Korea,49,-1%,13
15555,Chobi Co. Ltd.,KOSE:A001550,Consumer Discretionary,South Korea,21,2%,16
3745,Choheung Corporation,KOSE:A002600,Consumer Discretionary,South Korea,14,-8%,21
3753,"Choil Aluminum Co., Ltd.",KOSE:A018470,Consumer Discretionary,South Korea,100,-8%,25
15432,"Chokwang Leather Co., Ltd.",KOSE:A004700,Consumer Discretionary,South Korea,7,0%,10
15645,Chong Kun Dang Healthcare Corp.,Private:Chong Kunare Corp.,Consumer Discretionary,South Korea,95,7%,5
3330,Chong Kun Dang Holdings Corp.,KOSE:A001630,Consumer Discretionary,South Korea,100,4%,23
3337,Chong Kun Dang Pharmaceutical Corp.,KOSE:A185750,Consumer Discretionary,South Korea,39,-1%,21
3438,"ChoongAng Ocean Co., Ltd.",KOSDAQ:A054180,Consumer Discretionary,South Korea,92,-6%,12
15524,Choongwae Information Techonology,Private:Choongwaechonology,Consumer Discretionary,South Korea,32,-5%,20
3157,"Chorocmaeul Co., Ltd.","Private:ChorocmaeCo., Ltd.",Consumer Discretionary,South Korea,38,0%,14
15594,"Chorokbaem Media Co., Ltd.",KOSDAQ:A047820,Consumer Discretionary,South Korea,28,-7%,11
3568,"Chosun Education Co.,Ltd","Private:Chosun Edn Co.,Ltd",Consumer Discretionary,South Korea,34,7%,7
3409,"Chosun Information Service Co., Ltd.","Private:Chosun InCo., Ltd.",Consumer Discretionary,South Korea,12,-1%,18
3775,"Chungdahm Learning, Inc.",KOSDAQ:A096240,Consumer Discretionary,South Korea,14,0%,13
3635,"Chungjin Project  Co., Ltd.","Private:Chungjin Co., Ltd.",Consumer Discretionary,South Korea,31,1%,13
3245,"Chungkwang Construction Co., Ltd.",Konex:140290,Consumer Discretionary,South Korea,32,6%,5
3650,Chungmoo Chemical Corporation,Private:Chungmoo rporation,Consumer Discretionary,South Korea,21,7%,19
3511,"CITECH Co., Ltd.",KOSE:A004920,Consumer Discretionary,South Korea,64,1%,13
3759,"Citi Lab Co., Ltd.","Private:Citi Lab Co., Ltd.",Consumer Discretionary,South Korea,61,8%,17
3671,"CJ CGV Co., Ltd.",KOSE:A079160,Consumer Discretionary,South Korea,35,2%,9
3224,CJ Cheiljedang Corporation,KOSE:A097950,Consumer Discretionary,South Korea,49,8%,19
3274,CJ Corporation,KOSE:A001040,Consumer Discretionary,South Korea,91,-4%,6
3314,CJ E&M Corporation,KOSDAQ:A130960,Consumer Discretionary,South Korea,30,-7%,9
15584,CJ Freshway Corporation,KOSDAQ:A051500,Consumer Discretionary,South Korea,35,4%,20
3139,"CJ Hellovision Co., Ltd.",KOSE:A037560,Consumer Discretionary,South Korea,57,-1%,22
3606,CJ korea express Corporation,KOSE:A000120,Consumer Discretionary,South Korea,92,0%,25
3178,"CJ O Shopping Co., Ltd",KOSDAQ:A035760,Consumer Discretionary,South Korea,4,2%,6
15627,CJ Seafood Corporation,KOSE:A011150,Consumer Discretionary,South Korea,63,3%,9
3639,"Cj Worldis Co., Ltd","Private:Cj Worldi Co., Ltd",Consumer Discretionary,South Korea,91,4%,16
3387,"CKCO Co., Ltd.","Private:CKCO Co.,Co., Ltd.",Consumer Discretionary,South Korea,6,-5%,13
3261,Ckd Bio Corporation,KOSE:A063160,Consumer Discretionary,South Korea,4,-2%,25
3746,Clestra Hauserman Ltd.,Private:Clestra Hrman Ltd.,Consumer Discretionary,South Korea,31,-1%,19
3390,"Clio Cosmetics Co., Ltd.",KOSDAQ:237880,Consumer Discretionary,South Korea,39,-7%,7
15571,"Clio Cosmetics Co., Ltd.",KOSDAQ:237880,Consumer Discretionary,South Korea,34,-8%,18
3621,clipservice Inc.,Private:clipservivice Inc.,Consumer Discretionary,South Korea,42,0%,19
3637,"Cm Tech Co.,Ltd.","Private:Cm Tech C Co.,Ltd.",Consumer Discretionary,South Korea,49,5%,12
3545,"CMG Pharmaceutical Co., Ltd.",KOSDAQ:A058820,Consumer Discretionary,South Korea,3,2%,8
3602,"CMJC Co., Ltd.","Private:CMJC Co.,Co., Ltd.",Consumer Discretionary,South Korea,77,3%,15
15492,"CMS LAB, INC","Private:CMS LAB,  LAB, INC",Consumer Discretionary,South Korea,33,7%,8
3573,"Co & Com Co.,Ltd","Private:Co & Com m Co.,Ltd",Consumer Discretionary,South Korea,79,-8%,15
3557,"Codes Combine Co., Ltd.",KOSDAQ:A047770,Consumer Discretionary,South Korea,74,6%,23
3221,"Comtec Informations Co., Ltd.","Private:Comtec InCo., Ltd.",Consumer Discretionary,South Korea,59,5%,6
15592,"Comtec Systems Company, Ltd.",KOSE:A031820,Consumer Discretionary,South Korea,46,6%,13
3730,"Consus KHB Co., Ltd.","Private:Consus KHCo., Ltd.",Consumer Discretionary,South Korea,80,4%,16
3187,Content Alliance Platform Inc.,Private:Content Aform Inc.,Consumer Discretionary,South Korea,86,3%,20
3253,Core Logic Inc.,KOSDAQ:A048870,Consumer Discretionary,South Korea,8,-8%,15
3272,"Corenso Korea Co., Ltd.","Private:Corenso KCo., Ltd.",Consumer Discretionary,South Korea,35,2%,17
3131,"Corentec Co., Ltd.",KOSDAQ:A104540,Consumer Discretionary,South Korea,85,2%,7
3154,Coset Inc.,Konex:189350,Consumer Discretionary,South Korea,83,7%,21
3156,"Cosmax BTI, Inc.",KOSE:A044820,Consumer Discretionary,South Korea,83,7%,17
3533,"Cosmax, Inc.",KOSE:A192820,Consumer Discretionary,South Korea,32,3%,20
15626,"Cosmecca Korea Co., Ltd.",KOSDAQ:A241710,Consumer Discretionary,South Korea,66,-4%,13
3770,Cosmo Genome Corporation,Private:Cosmo Genrporation,Consumer Discretionary,South Korea,60,-2%,10
15371,"Cosmo Wire Co., Ltd.","Private:Cosmo WirCo., Ltd.",Consumer Discretionary,South Korea,25,-8%,24
15628,"COSON Co., Ltd.",KOSDAQ:A069110,Consumer Discretionary,South Korea,64,7%,12
15629,"Cotton Club Co., Ltd.","Private:Cotton ClCo., Ltd.",Consumer Discretionary,South Korea,77,-2%,16
3269,"Coway Co., Ltd.",KOSE:A021240,Consumer Discretionary,South Korea,24,-7%,16
3703,"Coweaver Co., Ltd.",KOSDAQ:A056360,Consumer Discretionary,South Korea,55,0%,13
3254,"Cretec Co.,Ltd","Private:Cretec Coc Co.,Ltd",Consumer Discretionary,South Korea,89,-2%,23
3374,"CROWN Confectionery Co., LTD.",KOSE:A005740,Consumer Discretionary,South Korea,45,7%,23
15638,"Crucialtec Co., Ltd.",KOSDAQ:A114120,Consumer Discretionary,South Korea,91,-7%,14
15497,"CrystalGenomics, Inc.",KOSDAQ:A083790,Consumer Discretionary,South Korea,19,-4%,8
3659,"CS Holdings Co., Ltd.",KOSE:A000590,Consumer Discretionary,South Korea,31,6%,12
3119,"CTCBIO., Inc.",KOSDAQ:A060590,Consumer Discretionary,South Korea,74,7%,10
3643,"C-TRI Co., Ltd.",KOSDAQ:A047920,Consumer Discretionary,South Korea,94,-3%,7
3283,Cube Entertainment Inc.,KOSDAQ:A182360,Consumer Discretionary,South Korea,87,2%,14
3130,"Cubis Global Co.,Ltd","Private:Cubis Glol Co.,Ltd",Consumer Discretionary,South Korea,52,2%,20
3315,"Cuchen Co., Ltd.",KOSDAQ-BKT:225650,Consumer Discretionary,South Korea,75,-8%,22
15362,Curexo Inc,KOSDAQ:A060280,Consumer Discretionary,South Korea,28,6%,25
15554,"CURO HOLDINGS Co., Ltd.",KOSDAQ:A051780,Consumer Discretionary,South Korea,67,-5%,7
3677,CUROCOM.Co.Ltd.,KOSDAQ:A040350,Consumer Discretionary,South Korea,31,5%,14
3163,"Cynexzone Co., Ltd.","Private:CynexzoneCo., Ltd.",Consumer Discretionary,South Korea,41,-2%,16
15578,"DAE HWA Pharmaceutical Co., Ltd.",KOSDAQ:A067080,Consumer Discretionary,South Korea,49,3%,20
15720,Dae Hyun Co. Ltd.,KOSE:A016090,Consumer Discretionary,South Korea,74,-4%,13
15393,"Dae Il Yang Hang Co., Ltd.","Private:Dae Il YaCo., Ltd.",Consumer Discretionary,South Korea,80,-2%,16
3170,"Dae Young Packaging Co., Ltd.",KOSE:A014160,Consumer Discretionary,South Korea,22,-4%,8
15699,"Dae Young Tech Win Co., Ltd.","Private:Dae YoungCo., Ltd.",Consumer Discretionary,South Korea,72,2%,13
15724,"Dae Yu Core Co., Ltd.","Private:Dae Yu CoCo., Ltd.",Consumer Discretionary,South Korea,16,6%,9
15663,"Daebong LS CO., LTD.",KOSDAQ:A078140,Consumer Discretionary,South Korea,22,0%,13
3288,"DAECHANG Co.,Ltd.",KOSE:A012800,Consumer Discretionary,South Korea,37,0%,20
3293,"Daechang Forging Co., Ltd.",KOSE:A015230,Consumer Discretionary,South Korea,67,7%,19
15701,"Daechang Motors Co.,Ltd","Private:Daechang s Co.,Ltd",Consumer Discretionary,South Korea,35,1%,6
15158,"DaeChang Steel Co., Ltd.",KOSDAQ:A140520,Consumer Discretionary,South Korea,7,7%,21
16020,"Daedong Co., Ltd.",KOSDAQ:A012860,Consumer Discretionary,South Korea,20,-1%,21
15443,"Daedong Gear Co., Ltd.",KOSDAQ:A008830,Consumer Discretionary,South Korea,17,-4%,15
15208,"Daedong Industrial Co., Ltd.",KOSE:A000490,Consumer Discretionary,South Korea,53,0%,6
15163,"Daedong Korea Ginseng Co., Ltd.",Konex:178600,Consumer Discretionary,South Korea,99,-1%,14
15726,"Daedong Metals Co., Ltd.",KOSDAQ:A020400,Consumer Discretionary,South Korea,72,2%,8
3430,"Daeduck Electronics Co., Ltd.",KOSE:A008060,Consumer Discretionary,South Korea,99,4%,24
15727,"Daegu Green Energy Center Co., Ltd.","Private:Daegu GreCo., Ltd.",Consumer Discretionary,South Korea,7,-6%,12
15677,"DaeguGreenPowerCo.,Ltd.","Private:DaeguGreerCo.,Ltd.",Consumer Discretionary,South Korea,54,1%,14
15678,Daeha Corporation,Private:Daeha Corrporation,Consumer Discretionary,South Korea,62,5%,19
3471,"Daehae Shipbuilding Co.,Ltd","Private:Daehae Shg Co.,Ltd",Consumer Discretionary,South Korea,40,1%,6
3473,"Daehan Industry Co., Ltd.","Private:Daehan InCo., Ltd.",Consumer Discretionary,South Korea,86,-4%,13
3488,"Daehan Oil Pipeline Co., Ltd.","Private:Daehan OiCo., Ltd.",Consumer Discretionary,South Korea,1,-8%,19
3519,"Daehan Steel Co., Ltd.",KOSE:A084010,Consumer Discretionary,South Korea,70,-8%,22
15456,"Daehan Synthetic Fiber Co., Ltd.",KOSE:A003830,Consumer Discretionary,South Korea,94,5%,8
3560,"Daeho Industry Co., Ltd.","Private:Daeho IndCo., Ltd.",Consumer Discretionary,South Korea,37,6%,18
15710,Daehong Communications Inc.,Private:Daehong Cions Inc.,Consumer Discretionary,South Korea,87,-3%,20
15682,DAE-IL Corporation,KOSE:A092200,Consumer Discretionary,South Korea,61,0%,15
15732,"Daeil Tech Co., ltd","Private:Daeil Tec Co., ltd",Consumer Discretionary,South Korea,42,1%,13
13962,"Daejeon Clean Water Co., Ltd.","Private:Daejeon CCo., Ltd.",Consumer Discretionary,South Korea,96,5%,5
3678,"Daejoo Energy Innovation Technology Co., Ltd ",KOSE:A114920,Consumer Discretionary,South Korea,21,2%,10
15733,Daejoo KC Group,Private:Daejoo KC KC Group,Consumer Discretionary,South Korea,16,3%,13
15176,DaejooENT Corporation,Konex:114920,Consumer Discretionary,South Korea,84,-4%,17
3702,"Daekyung Machinery & Engineering Co., Ltd.",KOSE:A015590,Consumer Discretionary,South Korea,66,4%,14
15667,"Daelim B&Co Co., Ltd.",KOSE:A005750,Consumer Discretionary,South Korea,5,1%,13
15211,Daelim C&S Co. Ltd.,KOSE:A004440,Consumer Discretionary,South Korea,75,-4%,5
15685,"Daelim Industrial Co., Ltd.",KOSE:A000210,Consumer Discretionary,South Korea,96,0%,10
15712,"Daelim Paper Co., Ltd.",KOSDAQ:A017650,Consumer Discretionary,South Korea,16,2%,10
15462,"Daemyung Construction Co., Ltd.","Private:Daemyung Co., Ltd.",Consumer Discretionary,South Korea,92,-3%,7
15746,"Daemyung Corporation Co.,Ltd.",KOSDAQ:A007720,Consumer Discretionary,South Korea,99,4%,17
3748,"DAEMYUNG LEISURE INDUSTRY Co., Ltd.","Private:DAEMYUNGo., Ltd.",Consumer Discretionary,South Korea,64,3%,22
3755,"Daerim-Batos Co., Ltd.","Private:Daerim-BaCo., Ltd.",Consumer Discretionary,South Korea,61,1%,14
15431,"Daeryuk Can Co., Ltd.",KOSDAQ:A004780,Consumer Discretionary,South Korea,86,8%,13
15686,"Daeryun Power Co., Ltd.","Private:Daeryun PCo., Ltd.",Consumer Discretionary,South Korea,1,-4%,17
13960,"Daesan Logistics Co.,Ltd.","Private:Daesan Lo Co.,Ltd.",Consumer Discretionary,South Korea,77,8%,20
15178,Daesang Corporation,KOSE:A001680,Consumer Discretionary,South Korea,69,-8%,22
3783,"Daesang Holdings Co., Ltd.",KOSE:A084690,Consumer Discretionary,South Korea,77,5%,16
15465,"Daesung Celtic Co., Ltd.","Private:Daesung CCo., Ltd.",Consumer Discretionary,South Korea,87,-6%,10
3794,"Daesung Eltec Co., Ltd.",KOSDAQ:A025440,Consumer Discretionary,South Korea,87,8%,5
15468,"Daesung Energy Co., Ltd.",KOSE:A117580,Consumer Discretionary,South Korea,70,-2%,15
15423,"Daesung Group Partners.Co.,Ltd.",KOSE:A005620,Consumer Discretionary,South Korea,35,8%,9
15687,"Daesung Hi-Tech Co.,Ltd.","Private:Daesung H Co.,Ltd.",Consumer Discretionary,South Korea,67,-5%,21
3809,"Daesung Holdings Co., Ltd.",KOSE:A016710,Consumer Discretionary,South Korea,37,6%,12
3826,"Daesung Industrial Co., Ltd.",KOSE:A128820,Consumer Discretionary,South Korea,30,0%,19
21070,"Daesung Industrial Gases Co., Ltd.","Private:Daesung ICo., Ltd.",Consumer Discretionary,South Korea,43,-5%,11
20683,Daesung Microbiological Labs Co. Ltd.,KOSDAQ:A036480,Consumer Discretionary,South Korea,82,0%,19
22137,"Daewon Charactery Co.,Ltd","Private:Daewon Chy Co.,Ltd",Consumer Discretionary,South Korea,40,-8%,13
21064,"DAEWON Chemical Co., Ltd.",KOSE:A024890,Consumer Discretionary,South Korea,83,-6%,21
21189,"Daewon Co., Ltd.","Private:Daewon Co., Ltd.",Consumer Discretionary,South Korea,14,-4%,6
17522,Daewon Computer Co. Ltd.,Private:Daewon Co Co. Ltd.,Consumer Discretionary,South Korea,96,2%,25
21198,"Daewon Corporation Co., Ltd.","Private:Daewon CoCo., Ltd.",Consumer Discretionary,South Korea,46,-5%,13
20911,"Daewon Kang Up Co., Ltd.",KOSE:A000430,Consumer Discretionary,South Korea,12,-3%,22
17524,"Daewon Media Co., Ltd.",KOSDAQ:A048910,Consumer Discretionary,South Korea,90,1%,11
17523,"Daewoo Electronic Components Co., Ltd.",KOSE:A009320,Consumer Discretionary,South Korea,75,6%,11
21218,"Daewoo Engineering & Construction Co., Ltd.",KOSE:A047040,Consumer Discretionary,South Korea,68,-1%,6
20835,"Daewoo Shipbuilding & Marine Engineering Co., Ltd.","Private:Daewoo So., Ltd.",Consumer Discretionary,South Korea,10,-8%,25
21219,"Daewoong Co., Ltd.",KOSE:A003090,Consumer Discretionary,South Korea,85,-4%,17
20661,"Daewoong Pharmaceutical Co., Ltd.",KOSE:A069620,Consumer Discretionary,South Korea,43,-1%,11
22151,"Daeyang Electric Co., Ltd.",KOSDAQ:A108380,Consumer Discretionary,South Korea,4,6%,21
21231,"Daeyang Korea Co., Ltd.","Private:Daeyang KCo., Ltd.",Consumer Discretionary,South Korea,9,-4%,5
20838,"Daeyang Paper Mfg. Co., Ltd.",KOSDAQ:A006580,Consumer Discretionary,South Korea,25,-8%,11
21286,"Daeyou Core Co., Ltd.","Private:Daeyou CoCo., Ltd.",Consumer Discretionary,South Korea,2,0%,5
21597,"Daeyu Service Co., Ltd.","Private:Daeyu SerCo., Ltd.",Consumer Discretionary,South Korea,25,-1%,12
21240,Daidong Co. Ltd.,Private:Daidong C Co. Ltd.,Consumer Discretionary,South Korea,37,-7%,10
18863,Daidong Electronics Co. Ltd.,KOSE:A008110,Consumer Discretionary,South Korea,53,-7%,12
22135,"Daihan Ink Co.,Ltd.","Private:Daihan In Co.,Ltd.",Consumer Discretionary,South Korea,20,-2%,15
21249,"DAIHAN Scientific Co., Ltd.",KOSDAQ:A131220,Consumer Discretionary,South Korea,62,-5%,25
22134,Daito-Kisco Corporation,Private:Daito-Kisrporation,Consumer Discretionary,South Korea,25,-4%,9
20939,Daito-Kisco Corportion,Private:Daito-Kisorportion,Consumer Discretionary,South Korea,14,7%,6
20711,Dangjin Corporation,Private:Dangjin Crporation,Consumer Discretionary,South Korea,84,8%,24
20491,"Dansuk Industrial Co.,Ltd.","Private:Dansuk In Co.,Ltd.",Consumer Discretionary,South Korea,85,2%,19
21069,"Daol UCL Co., Ltd.","Private:Daol UCL Co., Ltd.",Consumer Discretionary,South Korea,36,-4%,25
18879,Daou Data Corp.,KOSDAQ:A032190,Consumer Discretionary,South Korea,53,6%,19
21067,"Daou Tech, Inc.",KOSE:A023590,Consumer Discretionary,South Korea,85,-8%,21
21257,"Daouincube, Inc.",KOSE:A020120,Consumer Discretionary,South Korea,14,-2%,20
21072,DAS Corp.,Private:DAS Corp.DAS Corp.,Consumer Discretionary,South Korea,5,-7%,16
20497,Dasan C I Co Ltd,Private:Dasan C I I Co Ltd,Consumer Discretionary,South Korea,71,-8%,16
20481,DASAN Networks Inc.,KOSDAQ:A039560,Consumer Discretionary,South Korea,6,5%,9
21266,"DASAN Zhone Solutions, Inc.",NasdaqCM:DZSI,Consumer Discretionary,South Korea,63,2%,19
22116,"Dawonsys Co.,Ltd.",KOSDAQ:A068240,Consumer Discretionary,South Korea,1,1%,8
21280,"Dayou A-Tech Co.,Ltd",KOSE:A002880,Consumer Discretionary,South Korea,26,0%,25
20621,"Dayou Plus Co., Ltd.",KOSE:A000300,Consumer Discretionary,South Korea,78,4%,7
20735,"Dayou Plus Co., Ltd.",KOSE:A000300,Consumer Discretionary,South Korea,2,-7%,14
22144,"Dayou Winia Co.,Ltd.",KOSDAQ:A071460,Consumer Discretionary,South Korea,36,-5%,10
21503,"DBK Co., Ltd.",KOSDAQ:A073190,Consumer Discretionary,South Korea,20,-8%,17
21075,"DBK Networks Co.,Ltd","Private:DBK Netwos Co.,Ltd",Consumer Discretionary,South Korea,33,-6%,24
21382,DE&T Co. Ltd.,KOSDAQ:A079810,Consumer Discretionary,South Korea,51,-1%,23
21084,"Deco-netishion Co., Ltd.",KOSDAQ:A017680,Consumer Discretionary,South Korea,94,8%,11
21082,Defense Acquisition Program Administration,Private:Defense Aistration,Consumer Discretionary,South Korea,91,-6%,22
21297,"Deok Construction Co., Ltd.","Private:Deok ConsCo., Ltd.",Consumer Discretionary,South Korea,36,8%,22
22138,Devsisters corporation,KOSDAQ:A194480,Consumer Discretionary,South Korea,98,-6%,24
22139,"Dexter Studios Co., Ltd.",KOSDAQ:A206560,Consumer Discretionary,South Korea,19,4%,20
20737,"Dgenx Co., Ltd.",KOSDAQ:A113810,Consumer Discretionary,South Korea,10,6%,25
21083,"DHP Korea Co., Ltd.",KOSDAQ:A131030,Consumer Discretionary,South Korea,79,7%,22
21302,Diagenex Co Ltd,Private:Diagenex ex Co Ltd,Consumer Discretionary,South Korea,74,4%,23
21303,DID Corporation,Private:DID Corporporation,Consumer Discretionary,South Korea,10,2%,5
22133,Digital Chosun Inc.,KOSDAQ:A033130,Consumer Discretionary,South Korea,77,4%,10
20597,Digital Graphics Incorporation,KOSDAQ:A043360,Consumer Discretionary,South Korea,89,-6%,22
21308,"Digital Optics Co., Ltd.",KOSDAQ:A106520,Consumer Discretionary,South Korea,33,-5%,8
22145,"DINC Co., Ltd.","Private:DINC Co.,Co., Ltd.",Consumer Discretionary,South Korea,67,8%,23
22117,DIO Corporation,KOSDAQ:A039840,Consumer Discretionary,South Korea,76,-5%,11
21312,"DIOMEDICAL Co., Ltd.",XKON:A212310,Consumer Discretionary,South Korea,51,3%,15
22143,"DK UIL Co., Ltd.",KOSDAQ:A049520,Consumer Discretionary,South Korea,27,3%,10
17471,DKDONGSHIN Industries co. Ltd.,Private:DKDONGSHI co. Ltd.,Consumer Discretionary,South Korea,92,1%,14
17787,"Dmd Co.,Ltd","Private:Dmd Co.,Ld Co.,Ltd",Consumer Discretionary,South Korea,67,5%,20
20935,"DMS Co., Ltd.",KOSDAQ:A068790,Consumer Discretionary,South Korea,23,3%,20
21318,DNC Daewoong Derma & Plastic Surgery Network Company,Private:DNC Daewok Company,Consumer Discretionary,South Korea,39,-5%,18
20654,"DNF Co.,Ltd.",KOSDAQ:A092070,Consumer Discretionary,South Korea,69,0%,20
21090,DNP Corp,Private:DNP CorpDNP Corp,Consumer Discretionary,South Korea,17,3%,13
21331,"Dong Ah Tire & Rubber Co., Ltd.",KOSE:A007340,Consumer Discretionary,South Korea,88,8%,5
21093,"Dong Hee Co., Ltd.","Private:Dong Heeo., Ltd.",Consumer Discretionary,South Korea,26,3%,15
20823,"Dong Myung Machinery Co.,Ltd","Private:Dong Myuny Co.,Ltd",Consumer Discretionary,South Korea,30,4%,13
20631,Dong San Industry Corporation,Private:Dong San rporation,Consumer Discretionary,South Korea,89,4%,12
21077,Dong Suh Companies Inc.,KOSDAQ:A026960,Consumer Discretionary,South Korea,61,0%,5
21336,"Dong Won Development Co., Ltd.",KOSDAQ:A013120,Consumer Discretionary,South Korea,53,-1%,22
21092,"Dong Won Fisheries Co., Ltd.",KOSE:A030720,Consumer Discretionary,South Korea,24,-3%,16
21088,"Dong Yang Steel Pipe Co., Ltd.",KOSE:A008970,Consumer Discretionary,South Korea,53,3%,17
22090,Dong-A Socio Holdings Co. Ltd.,KOSE:A000640,Consumer Discretionary,South Korea,75,-1%,7
21343,"Dong-A ST Co., Ltd.",KOSE:A170900,Consumer Discretionary,South Korea,8,-8%,6
20904,Dong-Ah Geological Engineering Company Ltd.,KOSE:A028100,Consumer Discretionary,South Korea,47,-2%,15
21344,DONGBANG AGRO Corporation,KOSE:A007590,Consumer Discretionary,South Korea,15,1%,6
20637,"Dongbang Transport Logistics Co., Ltd.",KOSE:A004140,Consumer Discretionary,South Korea,89,-5%,6
17647,Dongbu Corporation,KOSE:A005960,Consumer Discretionary,South Korea,77,1%,17
22087,Dongbu Daewoo Electronics Corporation,Private:Dongbu Darporation,Consumer Discretionary,South Korea,0,7%,24
20684,"Dongbu HiTek Co., Ltd.",KOSE:A000990,Consumer Discretionary,South Korea,35,4%,21
20850,Dongbu Inc.,KOSE:A012030,Consumer Discretionary,South Korea,9,1%,21
21450,"Dongbu Insurance Co., Ltd.",KOSE:A005830,Consumer Discretionary,South Korea,82,6%,13
17544,"Dongbu Lightec Co., Ltd.",KOSDAQ:A045890,Consumer Discretionary,South Korea,33,-7%,21
21350,"Dongbu Metal Co., Ltd.","Private:Dongbu MeCo., Ltd.",Consumer Discretionary,South Korea,46,0%,10
20880,"Dongbu Securities Co.,Ltd.",KOSE:A016610,Consumer Discretionary,South Korea,89,-3%,10
17520,"Dongbu Steel Co., Ltd.",KOSE:A016380,Consumer Discretionary,South Korea,42,3%,14
21396,"Dongbu Steel Co.,Ltd","Private:Dongbu Stl Co.,Ltd",Consumer Discretionary,South Korea,94,-5%,11
22136,Donggang Holdings,Private:Donggang  Holdings,Consumer Discretionary,South Korea,80,0%,7
22152,"Dong-Gwang Panji Co., Ltd.","Private:Dong-GwanCo., Ltd.",Consumer Discretionary,South Korea,9,-1%,5
21087,"Donghae Gas Ind. Co., Ltd.","Private:Donghae GCo., Ltd.",Consumer Discretionary,South Korea,76,-8%,17
17631,Donghwa Engineering & Construction Co Ltd,Private:Donghwa Eon Co Ltd,Consumer Discretionary,South Korea,24,-3%,9
21081,"Donghwa Housing Co., Ltd.","Private:Donghwa HCo., Ltd.",Consumer Discretionary,South Korea,41,0%,6
21071,Dongil Construction Co. Ltd.,Private:Dongil Co Co. Ltd.,Consumer Discretionary,South Korea,91,-2%,23
21374,"Dongil Metal Co., Ltd.",KOSDAQ:A109860,Consumer Discretionary,South Korea,18,-6%,16
21375,"Dongil Package Industrial Co.,Ltd.","Private:Dongil Pa Co.,Ltd.",Consumer Discretionary,South Korea,37,-5%,23
21378,Dongil Steel Co. Ltd.,KOSDAQ:A023790,Consumer Discretionary,South Korea,83,1%,14
20839,"Dongil Steel Mfg. Co.,Ltd.",KOSE:A002690,Consumer Discretionary,South Korea,99,-3%,8
21086,"Dongjin Construction Co., Ltd..","Private:Dongjin ., Ltd..",Consumer Discretionary,South Korea,78,8%,24
20903,"Dongjin Semichem Co., Ltd.",KOSDAQ:A005290,Consumer Discretionary,South Korea,31,-7%,5
20689,"Dongju Co.,Ltd.","Private:Dongju Co Co.,Ltd.",Consumer Discretionary,South Korea,90,-4%,11
20701,"Dongkook ind. Co., Ltd.",KOSE:A001620,Consumer Discretionary,South Korea,89,-3%,20
17897,"Dongkuk Industries Co., Ltd.",KOSDAQ:A005160,Consumer Discretionary,South Korea,50,-8%,20
21278,"Dongkuk Refractories & Steel Co., Ltd.",KOSDAQ:A075970,Consumer Discretionary,South Korea,27,3%,21
20686,"Dongkuk Steel Mill Co., Ltd.",KOSE:A001230,Consumer Discretionary,South Korea,66,2%,23
21091,"Dongkuk Structures and Construction Co., Ltd.",KOSDAQ:A100130,Consumer Discretionary,South Korea,74,2%,5
21405,Dongli Metal Indonesia PT,Private:Dongli Meonesia PT,Consumer Discretionary,South Korea,54,-8%,8
17551,Dongnam Chemical Co. Ltd.,KOSE:A023450,Consumer Discretionary,South Korea,98,-7%,6
21435,"Dongnam Marine Crane Co., Ltd.",KOSDAQ:A101000,Consumer Discretionary,South Korea,91,-3%,17
21089,"Dongsan S&R Co.,Ltd","Private:Dongsan SR Co.,Ltd",Consumer Discretionary,South Korea,91,-5%,17
21085,Dong-Shin Co.Ltd.,Private:Dong-Shinn Co.Ltd.,Consumer Discretionary,South Korea,86,1%,23
21078,Dongsin Engineering & Construction,KOSDAQ:A025950,Consumer Discretionary,South Korea,93,2%,14
22141,"Dongsuh Industrial Co., Ltd.","Private:Dongsuh o., Ltd.",Consumer Discretionary,South Korea,20,3%,6
21094,"Dongsung Chemical Co., Ltd.",KOSE:A005190,Consumer Discretionary,South Korea,71,1%,9
20733,DongSung Corporation,KOSE:A102260,Consumer Discretionary,South Korea,40,4%,17
21068,"Dongsung FineTec Co., Ltd.",KOSDAQ:A033500,Consumer Discretionary,South Korea,36,0%,10
20944,"Dongsung Logistics Co.,Ltd","Private:Dongsung s Co.,Ltd",Consumer Discretionary,South Korea,47,6%,8
20727,"Dongsung Metal Co., Ltd.","Private:Dongsung Co., Ltd.",Consumer Discretionary,South Korea,74,0%,11
22147,"Dongwha Duty Free Shop Co., Ltd.","Private:Dongwha DCo., Ltd.",Consumer Discretionary,South Korea,6,-2%,18
20804,"Dongwha Pharm.Co.,Ltd",KOSE:A000020,Consumer Discretionary,South Korea,79,-3%,11
22146,"Dongwon Construction Industries Co., Ltd.","Private:Dongwon CCo., Ltd.",Consumer Discretionary,South Korea,73,7%,5
21472,"Dongwon Enterprise Co., Ltd.","Private:Dongwon ECo., Ltd.",Consumer Discretionary,South Korea,30,-3%,19
20950,"Dongwon F&B Co., Ltd.",KOSE:A049770,Consumer Discretionary,South Korea,25,-1%,22
21473,"Dongwon Industries Co., Ltd.",KOSE:A006040,Consumer Discretionary,South Korea,79,2%,12
21478,"Dongwon Metal Co., Ltd.",KOSE:A018500,Consumer Discretionary,South Korea,35,-8%,14
20901,Dongwon Systems Corporation,KOSE:A014820,Consumer Discretionary,South Korea,53,0%,25
21076,"Dongwon T&I Co., Ltd.","Private:Dongwon TCo., Ltd.",Consumer Discretionary,South Korea,40,-5%,19
21074,"DongWonSynthesis Construction Co., Ltd.","Private:DongWonSyCo., Ltd.",Consumer Discretionary,South Korea,3,7%,25
21481,"Dongwoo Co., Ltd.",KOSDAQ:A088910,Consumer Discretionary,South Korea,19,6%,9
22140,Dongyang Engineering & Construction Corp.,Private:Dongyang ion Corp.,Consumer Discretionary,South Korea,82,-8%,17
20698,"Dongyang Fabric Co.,Ltd","Private:Dongyang c Co.,Ltd",Consumer Discretionary,South Korea,16,0%,6
20483,"Dongyang Hitech Co., Ltd.","Private:Dongyang Co., Ltd.",Consumer Discretionary,South Korea,46,1%,20
21080,"Dooeul Scholarship Foundation Co.,Ltd","Private:Dooeul Scn Co.,Ltd",Consumer Discretionary,South Korea,34,-7%,16
18876,Doosan Bobcat Inc.,KOSE:A241560,Consumer Discretionary,South Korea,94,3%,11
21489,"Doosan Capital Co., Ltd.","Private:Doosan CaCo., Ltd.",Consumer Discretionary,South Korea,99,7%,11
20484,Doosan Corporation,KOSE:A000150,Consumer Discretionary,South Korea,98,-5%,21
17515,"Doosan Engine Co., Ltd.",KOSE:A082740,Consumer Discretionary,South Korea,57,0%,10
20828,"Doosan Engineering & Construction Co., Ltd.",KOSE:A011160,Consumer Discretionary,South Korea,71,2%,10
21500,"Doosan Heavy Industries & Construction Co., Ltd.",KOSE:A034020,Consumer Discretionary,South Korea,20,-3%,16
21383,Doosan Infracore Co. Ltd.,KOSE:A042670,Consumer Discretionary,South Korea,23,8%,15
20650,"DOUBLEUGAMES Co., Ltd.",KOSDAQ:A192080,Consumer Discretionary,South Korea,6,7%,22
20824,"Dragonfly GF Co., Ltd",KOSDAQ:A030350,Consumer Discretionary,South Korea,15,-1%,15
21666,"DRB Holding Co., Ltd.",KOSE:A004840,Consumer Discretionary,South Korea,88,-2%,13
21522,"Dreamtec Co., Ltd.","Private:Dreamtec Co., Ltd.",Consumer Discretionary,South Korea,16,-5%,8
20495,"Ds Power Co., Ltd.","Private:Ds Power Co., Ltd.",Consumer Discretionary,South Korea,68,1%,20
21523,DSR Corp.,KOSE-A-BLX:155660,Consumer Discretionary,South Korea,68,1%,24
21532,DSR Wire Corp.,KOSE:A069730,Consumer Discretionary,South Korea,88,2%,22
21533,"DST Robot Co., Ltd.",KOSDAQ:A090710,Consumer Discretionary,South Korea,100,1%,23
20808,"DUAL Co.,Ltd.",KOSE:A016740,Consumer Discretionary,South Korea,21,-1%,22
20667,"Duckyang Ind. Co., Ltd.",KOSE:A024900,Consumer Discretionary,South Korea,48,0%,11
21535,"Dura Foods Co.,Ltd.","Private:Dura Food Co.,Ltd.",Consumer Discretionary,South Korea,92,1%,9
20496,DY Corporation,KOSE:A013570,Consumer Discretionary,South Korea,99,-8%,9
21073,DY Power Corporation,KOSE-K-BLK:210540,Consumer Discretionary,South Korea,52,0%,19
20706,"E Investment&Development Co., Ltd.",KOSE:A093230,Consumer Discretionary,South Korea,55,3%,9
20705,"E.LAND Co., Ltd.","Private:E.LAND CoCo., Ltd.",Consumer Discretionary,South Korea,84,-6%,9
17673,E1 Corporation,KOSE:A017940,Consumer Discretionary,South Korea,99,6%,13
3806,"EASY BIO, Inc.",KOSDAQ:A035810,Consumer Staples,South Korea,4,-3%,11
3460,"Easy Farms Co., Ltd.","Private:Easy FarmCo., Ltd.",Consumer Staples,South Korea,31,6%,15
3124,"Echo Plus City Co.,Ltd","Private:Echo Plusy Co.,Ltd",Consumer Staples,South Korea,73,0%,24
3816,"EcoBio Holdings Co., Ltd.",KOSDAQ:A038870,Consumer Staples,South Korea,82,-2%,7
3666,Eco-City Corporation,Private:Eco-City rporation,Consumer Staples,South Korea,27,0%,8
3566,"E-Credible Co., Ltd.",KOSDAQ:A092130,Consumer Staples,South Korea,86,4%,14
15433,"ED Co., Ltd.",KOSDAQ:A033110,Consumer Staples,South Korea,37,4%,25
15429,"EDAILY Co., Ltd.","Private:EDAILY CoCo., Ltd.",Consumer Staples,South Korea,13,6%,17
15569,EG Corporation,KOSDAQ:A037370,Consumer Staples,South Korea,97,-2%,22
15387,EHWA Technologies Information Co. Ltd.,KOSDAQ:A024810,Consumer Staples,South Korea,85,-3%,7
15415,"Elcomtec Co., Ltd.",KOSDAQ:A037950,Consumer Staples,South Korea,68,-2%,13
3712,Elk Corporation,KOSDAQ:A094190,Consumer Staples,South Korea,56,-2%,15
3406,ELUON Corporation,KOSDAQ:A065440,Consumer Staples,South Korea,0,3%,8
3771,E-MART Inc.,KOSE:A139480,Consumer Staples,South Korea,43,-7%,11
15189,eMnet Inc.,KOSDAQ:A123570,Consumer Staples,South Korea,69,1%,15
3167,"eMoney, Inc.","Private:eMoney, Iney, Inc.",Consumer Staples,South Korea,14,-3%,21
15563,"EN3 Co., Ltd.",KOSE:A074610,Consumer Staples,South Korea,24,-5%,25
15480,"Energy Material Technology Co.,Ltd",Konex:232530,Consumer Staples,South Korea,90,2%,5
3584,"Enex Co.,Ltd",KOSE:A011090,Consumer Staples,South Korea,24,1%,22
3705,"ENF Technology Co., Ltd.",KOSDAQ:A102710,Consumer Staples,South Korea,64,0%,6
15453,eNtoB Corporation,Private:eNtoB Corrporation,Consumer Staples,South Korea,7,-4%,5
3799,"Envice Co.,Ltd","Private:Envice Coe Co.,Ltd",Consumer Staples,South Korea,76,-1%,23
3803,Environmental Management Corporation,Private:Environmerporation,Consumer Staples,South Korea,23,0%,6
15650,"Eojin Steel Co., Ltd.","Private:Eojin SteCo., Ltd.",Consumer Staples,South Korea,84,6%,16
3478,"Eon Co., LTD","Private:Eon Co.,  Co., LTD",Consumer Staples,South Korea,38,-5%,12
15597,"EQUISnZAROO CO.,LTD",KOSDAQ:A058530,Consumer Staples,South Korea,96,-1%,7
15541,"eSANG Networks Co., Ltd.",KOSDAQ:A080010,Consumer Staples,South Korea,46,-3%,8
3113,"Essen Tech Co., Ltd.",KOSDAQ:A043340,Consumer Staples,South Korea,75,-8%,19
3600,"Essture Co.,Ltd.","Private:Essture C Co.,Ltd.",Consumer Staples,South Korea,55,-6%,8
3571,e-Starco Company Ltd.,KOSE:A015020,Consumer Staples,South Korea,43,3%,12
3777,ESTec Corporation,KOSDAQ:A069510,Consumer Staples,South Korea,84,0%,18
3141,"EstechPharma Co., Ltd.",KOSDAQ:A041910,Consumer Staples,South Korea,38,1%,17
3607,eTec E&C Limited,KOSDAQ:A016250,Consumer Staples,South Korea,77,-1%,25
3551,"E-Tech System Co., Ltd.","Private:E-Tech So., Ltd.",Consumer Staples,South Korea,10,-4%,7
3586,"E-Tron Co., Ltd.",KOSDAQ:A096040,Consumer Staples,South Korea,90,-6%,10
3765,Eugene Corporation,KOSDAQ:A023410,Consumer Staples,South Korea,95,5%,7
3758,"Eugene Investment & Securities Co., Ltd.",KOSE:A001200,Consumer Staples,South Korea,54,2%,14
15390,"Eusu Holdings Co., Ltd.",KOSE:A000700,Consumer Staples,South Korea,77,-2%,7
15547,EVERDIGM Corp.,KOSDAQ:A041440,Consumer Staples,South Korea,88,0%,18
3127,"Ewon Comfortech Co.,Ltd.",KOSDAQ:A088290,Consumer Staples,South Korea,99,6%,16
3787,"Ewoosoft Co.,Ltd","Private:Ewoosoft t Co.,Ltd",Consumer Staples,South Korea,7,6%,16
15131,"E-World Co., Ltd.",KOSE:A084680,Consumer Staples,South Korea,71,5%,14
3514,EXA E&C Inc.,KOSDAQ:A054940,Consumer Staples,South Korea,16,4%,18
3523,"Exicon Co., Ltd.",KOSDAQ:A092870,Consumer Staples,South Korea,25,-1%,7
3813,"F&Co Co.,Ltd/Korea","Private:F&Co Co.,Ltd/Korea",Consumer Staples,South Korea,53,4%,7
15608,"F&F Co., Ltd.",KOSE:A007700,Consumer Staples,South Korea,90,-1%,8
15491,Farmsco,KOSE:A036580,Consumer Staples,South Korea,80,-3%,24
3801,"FarmStory Co., Ltd.",KOSDAQ:A027710,Consumer Staples,South Korea,8,0%,22
3327,Farmsworld GGP Agricultural Corporation,Private:Farmsworlrporation,Consumer Staples,South Korea,67,-1%,19
3530,"Fashion Group Hyungji Co., Ltd.","Private:Fashion GCo., Ltd.",Consumer Staples,South Korea,3,-4%,6
3540,"Fem Technology Co.,Ltd.","Private:Fem Techn Co.,Ltd.",Consumer Staples,South Korea,85,-1%,14
3474,"Fine Besteel Co., Ltd.",KOSE:A133820,Consumer Staples,South Korea,12,-4%,8
3735,"Fine DNC Co., Ltd.",KOSDAQ:A049120,Consumer Staples,South Korea,66,2%,22
15518,Fine Semitech Corp.,KOSDAQ:A036810,Consumer Staples,South Korea,53,8%,16
3574,"Finetechnix Co.,Ltd.",KOSDAQ-AM:106240,Consumer Staples,South Korea,0,-1%,22
3358,"Finetek Co., Ltd.",KOSDAQ:A131760,Consumer Staples,South Korea,65,6%,7
15572,"FNC ADD CULTURE. Co., Ltd.",KOSDAQ:A063440,Consumer Staples,South Korea,50,3%,11
15601,"Foosung Co., Ltd.",KOSE:A093370,Consumer Staples,South Korea,85,-3%,21
15591,"Forward Ventures Co.,Ltd.","Private:Forward V Co.,Ltd.",Consumer Staples,South Korea,42,-5%,8
15576,Fursys Inc.,KOSE:A016800,Consumer Staples,South Korea,63,-1%,17
15479,"Future Environmental Energy Co., Ltd","Private:Future En Co., Ltd",Consumer Staples,South Korea,18,1%,15
3699,G10 Entertainment Korea Corp.,Private:G10 Enterrea Corp.,Consumer Staples,South Korea,36,4%,10
3237,"Gabia, Inc.",KOSDAQ:A079940,Consumer Staples,South Korea,65,-1%,14
15552,GaeaSoft Corp.,KOSDAQ:A051160,Consumer Staples,South Korea,17,-7%,6
3240,"Galaxia Communications Co., Ltd.",KOSDAQ:A094480,Consumer Staples,South Korea,34,5%,20
3113,"Galaxia SM, Inc.",KOSE:A011420,Consumer Staples,South Korea,23,-3%,10
15723,Gangnam Severance Hospital,Private:Gangnam S Hospital,Consumer Staples,South Korea,27,-4%,10
15674,"GAON Cable Co., Ltd.",KOSE:A000500,Consumer Staples,South Korea,83,-7%,24
15319,"GemVax & Kael Co., Ltd.",KOSDAQ:A082270,Consumer Staples,South Korea,20,5%,9
15417,GeneOne Life Science Inc.,KOSE:A011000,Consumer Staples,South Korea,76,8%,17
15167,"Genexine, Inc.",KOSDAQ:A095700,Consumer Staples,South Korea,20,0%,11
3479,"Genic Co., Ltd.",KOSDAQ:A123330,Consumer Staples,South Korea,91,4%,22
15207,GensysworK,Private:GensysworensysworK,Consumer Staples,South Korea,74,8%,13
3558,"Gentic Resources Co., Ltd.","Private:Gentic ReCo., Ltd.",Consumer Staples,South Korea,92,2%,8
15398,"Geo-Young Co., Ltd.","Private:Geo-YoungCo., Ltd.",Consumer Staples,South Korea,67,8%,15
3598,"Geumhwa Plant Service & Construction Co., Ltd.",KOSDAQ:A036190,Consumer Staples,South Korea,65,-2%,5
3601,GH Advanced Materials Inc.,KOSDAQ:A130500,Consumer Staples,South Korea,46,2%,8
15408,GIIR Inc.,KOSE:A035000,Consumer Staples,South Korea,96,5%,14
15403,"Global Auto Trading Co.,Ltd","Private:Global Aug Co.,Ltd",Consumer Staples,South Korea,41,-3%,16
3739,"Global Display Co., Ltd.",KOSDAQ:A155960,Consumer Staples,South Korea,33,-1%,6
3740,"Global Industrial Co., Ltd.","Private:Global InCo., Ltd.",Consumer Staples,South Korea,55,-8%,19
15177,"Global P&T Co.,Ltd","Private:Global P&T Co.,Ltd",Consumer Staples,South Korea,44,6%,19
3793,Global SM Tech Limited,KOSDAQ:A900070,Consumer Staples,South Korea,75,-1%,21
15133,"Global Standard Technology Co., Ltd",KOSDAQ:A083450,Consumer Staples,South Korea,23,4%,14
21180,GMB Korea Corporation,KOSE:A013870,Consumer Staples,South Korea,66,8%,10
21183,"GMP Co., Ltd.",KOSDAQ:A018290,Consumer Staples,South Korea,16,1%,5
21194,GMT Construction Co Ltd,Private:GMT Conston Co Ltd,Consumer Staples,South Korea,13,3%,8
20643,"Gmtest Co., Ltd.","Private:Gmtest CoCo., Ltd.",Consumer Staples,South Korea,31,-4%,10
21105,"Golden Blue Co., Ltd.","Private:Golden BlCo., Ltd.",Consumer Staples,South Korea,27,1%,12
20936,"Good Steel Partners Co., Ltd.","Private:Good SteeCo., Ltd.",Consumer Staples,South Korea,16,-2%,18
21200,"Goodcen Co., Ltd.",Konex:243870,Consumer Staples,South Korea,49,4%,18
20690,"Grand Department Store Co., Ltd.",KOSDAQ:A019010,Consumer Staples,South Korea,26,-3%,7
20932,"Gravity Co., Ltd",NasdaqCM:GRVY,Consumer Staples,South Korea,94,8%,25
20642,Green Cross Cell corporation,KOSDAQ:A031390,Consumer Staples,South Korea,3,-2%,17
17453,Green Cross Corp.,KOSE:A006280,Consumer Staples,South Korea,0,3%,13
21208,Green Cross Holdings Corporation,KOSE:A005250,Consumer Staples,South Korea,16,1%,12
21216,Green Cross Lab Cell Corporation,KOSDAQ:A144510,Consumer Staples,South Korea,76,-7%,23
21100,Green Cross Laboratories,Private:Green Crooratories,Consumer Staples,South Korea,49,-2%,16
21101,"Green Plus Co., Ltd.",Konex:186230,Consumer Staples,South Korea,76,3%,20
21309,"Green Technology Co.,Ltd","Private:Green Tecy Co.,Ltd",Consumer Staples,South Korea,23,-2%,14
21289,"GreenChips Co., Ltd.","Private:GreenChipCo., Ltd.",Consumer Staples,South Korea,55,8%,12
20836,GreenCross Medical Science Corp.,KOSDAQ:A142280,Consumer Staples,South Korea,24,4%,6
22158,Gretech Corporation,Private:Gretech Crporation,Consumer Staples,South Korea,17,-5%,6
22098,GS Caltex Corp.,Private:GS Calteex Corp.,Consumer Staples,South Korea,20,-7%,12
20942,"GS Chem Co., Ltd.","Private:GS Chem CCo., Ltd.",Consumer Staples,South Korea,12,-7%,19
22083,GS Engineering & Construction Corporation,KOSE:A006360,Consumer Staples,South Korea,21,8%,11
20666,GS Global Corp.,KOSE:A001250,Consumer Staples,South Korea,65,3%,5
21311,GS Holdings Corp.,KOSE:A078930,Consumer Staples,South Korea,27,8%,25
20943,GS Home Shopping Inc.,KOSDAQ:A028150,Consumer Staples,South Korea,4,1%,24
21106,"GS Power Co., Ltd.","Private:GS Power Co., Ltd.",Consumer Staples,South Korea,60,-1%,10
21103,"G-Smatt Global Co., Ltd.",KOSDAQ:A114570,Consumer Staples,South Korea,54,1%,10
22156,"GSRetail Co., Ltd.",KOSE:A007070,Consumer Staples,South Korea,35,3%,15
21338,"Guangdong Living Health Co.,Ltd.","Private:Guangdong Co.,Ltd.",Consumer Staples,South Korea,95,6%,24
22095,"Gumho Farming  Association Co.,Ltd","Private:Gumho Farn Co.,Ltd",Consumer Staples,South Korea,6,-6%,21
20663,"GumSung Tech Co.,Ltd.",KOSDAQ:A058370,Consumer Staples,South Korea,98,-4%,7
17916,Gunjang New Port Terminal Co. Ltd.,Private:Gunjang N Co. Ltd.,Consumer Staples,South Korea,47,6%,14
17891,"Gunsan Container Terminal Co., Ltd","Private:Gunsan Co Co., Ltd",Consumer Staples,South Korea,7,7%,8
21098,Gurum Company Inc.,Konex:223220,Consumer Staples,South Korea,14,-2%,21
21366,"Guyoung Tech. Co., Ltd.",KOSDAQ:A053270,Consumer Staples,South Korea,35,1%,6
21400,"Gwanak Construction and Equipment Service Co., Ltd.",Konex:224760,Consumer Staples,South Korea,100,4%,8
21403,"Gwangjang Auto Motive Co.,Ltd.","Private:Gwangjang Co.,Ltd.",Consumer Staples,South Korea,43,-5%,8
20502,"Gwangju Clean Water Co., Ltd.","Private:Gwangju CCo., Ltd.",Consumer Staples,South Korea,63,-2%,11
20900,"Gwangju Shinsegae Co., Ltd.",KOSE:A037710,Consumer Staples,South Korea,11,-8%,6
20815,Gwangyang Free Economic Zone Authority,Private:GwangyangAuthority,Consumer Staples,South Korea,46,2%,5
21099,Gyeonggi Urban Innovation Corporation,Private:Gyeonggiporation,Consumer Staples,South Korea,46,-4%,10
21102,"Gyeongnam Highway Co., Ltd.","Private:GyeongnamCo., Ltd.",Consumer Staples,South Korea,9,5%,24
21422,H&S Hightech Corp.,Konex:044990,Consumer Staples,South Korea,92,-1%,16
21424,Hae Sung Ltd.,Private:Hae Sung Sung Ltd.,Consumer Staples,South Korea,3,1%,9
21425,"Haengcheon Co.,Ltd","Private:Haengcheon Co.,Ltd",Consumer Staples,South Korea,12,5%,7
17905,"Haengnam Household & Health Care, Inc.",KOSDAQ:A008800,Consumer Staples,South Korea,40,-3%,16
21441,"Haesung Industrial Co., Ltd.",KOSDAQ:A034810,Consumer Staples,South Korea,62,-1%,14
21097,"Haesung Optics Co., Ltd.",KOSDAQ:A076610,Consumer Staples,South Korea,29,-2%,12
21095,"Haitai Confectionery and Foods Co., Ltd.",KOSE:A101530,Consumer Staples,South Korea,49,-8%,15
20709,Haiyo Corporation,Private:Haiyo Corrporation,Consumer Staples,South Korea,36,6%,20
20710,Hakkyo & Mirae Co. Ltd.,Private:Hakkyo &  Co. Ltd.,Consumer Staples,South Korea,72,3%,12
21459,Haksan Publishing Co. Ltd.,Private:Haksan Pu Co. Ltd.,Consumer Staples,South Korea,83,3%,6
20937,"Halim Store Co.,Ltd","Private:Halim Stoe Co.,Ltd",Consumer Staples,South Korea,34,-1%,22
20927,Halla Corporation,KOSE:A014790,Consumer Staples,South Korea,43,6%,22
18799,Halla Holdings Corp.,KOSE:A060980,Consumer Staples,South Korea,40,4%,9
21096,"Han Kook Steel & Mill Co., Ltd.","Private:Han Kook Co., Ltd.",Consumer Staples,South Korea,78,-2%,18
21494,"Han Yang CC Co., Ltd.","Private:Han Yang Co., Ltd.",Consumer Staples,South Korea,25,3%,8
22157,Hana Financial Group Inc.,KOSE:A086790,Consumer Staples,South Korea,25,-3%,6
22128,"Hana Tourist Co., Ltd.","Private:Hana TourCo., Ltd.",Consumer Staples,South Korea,67,-3%,19
21537,"HanAll Biopharma Co., Ltd.",KOSE:A009420,Consumer Staples,South Korea,98,-5%,5
22159,Hanatour Service Inc.,KOSE:A039130,Educational Institution,South Korea,51,-3%,25
22160,"HanbitSoft, Inc.",KOSDAQ:A047080,Educational Institution,South Korea,81,-7%,21
20629,"Hanchang Industry Co., Ltd.",KOSDAQ:A079170,Educational Institution,South Korea,24,-7%,22
20633,"Hancheong Corrugated Board Co., Ltd.","Private:HancheongCo., Ltd.",Educational Institution,South Korea,23,1%,18
3785,Hancom GMD Inc.,KOSDAQ:A077280,Energy,South Korea,91,-2%,18
3764,Hancom Inc.,KOSDAQ:A030520,Energy,South Korea,88,-7%,17
3277,Hancom Secure Inc.,KOSDAQ:A054920,Energy,South Korea,38,-6%,12
3120,Handok Inc.,KOSE:A002390,Energy,South Korea,48,-4%,12
3690,Han-Dong Development Co. Ltd.,Private:Han-Dong  Co. Ltd.,Energy,South Korea,51,-4%,13
3636,Hands Corporation Ltd.,KOSE:A143210,Energy,South Korea,47,1%,15
17699,HANDSOME Corp.,KOSE:A020000,Energy,South Korea,18,-3%,15
3534,"HANDYSOFT, Inc.",KOSDAQ:A220180,Energy,South Korea,4,-4%,5
3546,Hanil C&F Co Ltd,Private:Hanil C&F&F Co Ltd,Energy,South Korea,100,2%,23
3115,Hanil C&f Company Ltd.,Private:Hanil C&fpany Ltd.,Energy,South Korea,76,-8%,20
21201,"Hanil Cement Co., Ltd.",KOSE:A003300,Energy,South Korea,35,3%,5
22079,"Hanil Chemical Ind. Co., Ltd.",KOSDAQ:A007770,Energy,South Korea,77,-5%,22
21107,Hanil Development Co. Ltd.,Private:Hanil Dev Co. Ltd.,Energy,South Korea,17,8%,12
15426,Hanil Forging Industrial Co. Ltd.,KOSDAQ:A024740,Financials,South Korea,56,-5%,9
15394,Hanil General Hospital,Private:Hanil Gen Hospital,Financials,South Korea,87,1%,14
3147,"Hanil Networks Co., Ltd.",KOSDAQ:A046110,Financials,South Korea,56,-2%,21
15617,Hanil Remicon Co. Ltd.,Private:Hanil Rem Co. Ltd.,Financials,South Korea,29,-5%,7
3192,Hanil Steel Corporation,Private:Hanil Sterporation,Financials,South Korea,38,6%,21
15610,Hanjin Heavy Industries & Construction Co. Ltd.,KOSE:A097230,Financials,South Korea,31,7%,5
15399,"Hanjin Heavy Industries & Construction Holdings Co., Ltd.",KOSE:A003480,Financials,South Korea,57,-3%,19
3179,Hanjin Kal Corp.,KOSE:A180640,Financials,South Korea,85,3%,16
15707,"Hanjin Printing & Chemical Co., Ltd.",KOSDAQ:A061460,Financials,South Korea,18,6%,7
15396,"Hanjin Shipping Co., Ltd.",KOSE:A117930,Financials,South Korea,5,0%,20
15708,"Hanjin Transportation Co., Ltd.",KOSE:A002320,Financials,South Korea,96,-5%,18
15742,"Hanjoo Metal Co., Ltd.",Konex:198940,Financials,South Korea,46,3%,18
15452,"Hanjung Ncs. Co., Ltd.","Private:Hanjung NCo., Ltd.",Financials,South Korea,7,-8%,18
15199,"Hankook Cosmetics Co., Ltd.",KOSE:A123690,Financials,South Korea,22,4%,15
15397,"Hankook Cosmetics Manufacturing Co., Ltd",KOSE:A003350,Financials,South Korea,53,-1%,5
15202,"Hankook In Precision Industry Co., Ltd.","Private:Hankook ICo., Ltd.",Financials,South Korea,35,-5%,15
3721,Hankook Shell Oil Co. Ltd.,KOSE:A002960,Financials,South Korea,9,-2%,13
15461,"Hankook Steel Co., Ltd.",KOSE:A025890,Financials,South Korea,19,1%,7
3744,"Hankook Tire Co., Ltd.",KOSE:A161390,Financials,South Korea,43,3%,11
15420,"Hankuk Carbon Co., Ltd.",KOSE:A017960,Financials,South Korea,23,3%,20
15410,Hankuk Chain Ind Co,Private:Hankuk Chin Ind Co,Financials,South Korea,97,8%,21
3790,"HANKUK FIBER GLASS Co, Ltd.","Private:HANKUK FI Co, Ltd.",Financials,South Korea,31,-2%,9
21261,Hankuk Glass Industries Inc.,KOSE:A002000,Financials,South Korea,50,-5%,5
17435,Hankuk Heavy Machinery,Private:Hankuk HeMachinery,Financials,South Korea,34,7%,12
21321,"Hankuk Industrial Enigeering Co.,Ltd","Private:Hankuk Ing Co.,Ltd",Financials,South Korea,60,-3%,17
21335,Hankuk Package Co. Ltd.,KOSDAQ:A037230,Financials,South Korea,19,1%,15
16211,"Hankuk Paper Mfg. Co., Ltd",KOSE:A002300,Financials,South Korea,67,7%,14
21110,"Hankyung  BP Co.,Ltd","Private:Hankyung P Co.,Ltd",Financials,South Korea,11,-5%,19
17643,"Hankyung Magazine Co.,Ltd","Private:Hankyung e Co.,Ltd",Financials,South Korea,13,1%,19
21408,"Hanla IMS Co., Ltd.",KOSDAQ:A092460,Financials,South Korea,16,7%,12
21477,"Hanmi Pharm. Co., Ltd.",KOSE:A128940,Financials,South Korea,61,-1%,17
20848,"Hanmi Science Co., Ltd.",KOSE:A008930,Financials,South Korea,86,3%,21
21501,"Hannet Co., Ltd.",KOSDAQ:A052600,Financials,South Korea,96,-5%,8
16434,Hanon Systems,KOSE:A018880,Government Institution,South Korea,22,-6%,12
20814,"Hanpoong Pharm & Foods Co.,Ltd","Private:Hanpoong s Co.,Ltd",Government Institution,South Korea,19,7%,24
22165,"Hansae Co., Ltd.",KOSE:A105630,Government Institution,South Korea,54,-1%,11
20896,"Hansae Yes24 Holdings Co., Ltd",KOSE:A016450,Government Institution,South Korea,62,1%,10
20724,"Hansaeng Cosmetics Co., Ltd","Private:Hansaeng  Co., Ltd",Government Institution,South Korea,76,-2%,24
20716,"Hanshin Engineering & Construction Co., Ltd.",KOSE:A004960,Government Institution,South Korea,80,-3%,12
16409,"Hanshin Industrial Co.,Ltd.","Private:Hanshin I Co.,Ltd.",Government Institution,South Korea,51,-5%,21
16440,"Hansol Artone Paper Co., Ltd.",KOSE:A007190,Government Institution,South Korea,77,6%,12
20913,"Hansol Chemical Co., Ltd.",KOSE:A014680,Government Institution,South Korea,5,-4%,17
3435,"Hansol CNP Co., Ltd.",KOSDAQ:A221610,Healthcare,South Korea,47,-5%,18
3372,"Hansol E & P Co., Ltd.","Private:Hansol E Co., Ltd.",Healthcare,South Korea,86,3%,17
3181,"Hansol EME Co., Ltd.","Private:Hansol Eo., Ltd.",Healthcare,South Korea,60,-2%,24
3411,"Hansol Holdings Co., Ltd.",KOSE:A004150,Healthcare,South Korea,17,-5%,9
3230,Hansol Homedeco Co. Ltd.,KOSE:A025750,Healthcare,South Korea,4,1%,20
3812,"Hansol Inticube Co., Ltd.",KOSDAQ:A070590,Healthcare,South Korea,0,-7%,7
3550,Hansol Lighting Investment Inc.,Private:Hansol Liment Inc.,Healthcare,South Korea,74,7%,7
3184,"Hansol Logistics Co., Ltd.",KOSE:A009180,Healthcare,South Korea,23,-1%,6
15483,"Hansol Paper Co., Ltd.",KOSE:A213500,Healthcare,South Korea,93,-1%,7
15639,"Hansol PNS Co.,Ltd.",KOSE:A010420,Healthcare,South Korea,76,6%,25
3751,"Hansol SeenTec Co., Ltd.",KOSDAQ:A099660,Healthcare,South Korea,74,-1%,7
3232,"Hansol Technics Co., Ltd.",KOSE:A004710,Healthcare,South Korea,73,3%,5
3317,"HansolNexG Co., Ltd.",KOSDAQ:A081970,Healthcare,South Korea,64,-5%,11
3299,"Hansung Cleantech Co., Ltd.","Private:Hansung CCo., Ltd.",Healthcare,South Korea,41,-1%,11
3351,"Hansung Enterprise Co.,Ltd",KOSE:A003680,Healthcare,South Korea,26,-7%,8
3300,"Hansung Fisheries Co.,Ltd.","Private:Hansung F Co.,Ltd.",Healthcare,South Korea,57,2%,15
3354,Hansung Remicon Co. Ltd.,Private:Hansung R Co. Ltd.,Healthcare,South Korea,56,6%,23
3258,"Hantech Co., Ltd.","Private:Hantech CCo., Ltd.",Healthcare,South Korea,11,-4%,11
3349,Hanwell Co. Ltd.,Private:Hanwell C Co. Ltd.,Healthcare,South Korea,97,6%,12
3524,Hanwha Chemical Corp.,KOSE:A009830,Healthcare,South Korea,69,-1%,9
3255,Hanwha Corp.,KOSE:A000880,Healthcare,South Korea,44,7%,15
15182,"Hanwha Galleria Timeworld Co., Ltd.",KOSE:A027390,Healthcare,South Korea,70,0%,14
3784,"Hanwha General Chemical Co., Ltd.","Private:Hanwha GeCo., Ltd.",Healthcare,South Korea,7,8%,8
3500,"Hanwha General Insurance Co., Ltd.",KOSE:A000370,Healthcare,South Korea,14,-2%,19
15600,"Hanwha Investment & Securities Co., Ltd.",KOSE:A003530,Healthcare,South Korea,93,3%,20
3325,"Hanwha Life Insurance Co., Ltd.",KOSE:A088350,Healthcare,South Korea,13,-6%,22
3195,"Hanwha Q CELLS Co., Ltd.",NasdaqGS:HQCL,Healthcare,South Korea,23,2%,15
3448,"Hanwha Techwin Co., Ltd.",KOSE:A012450,Healthcare,South Korea,73,2%,15
3114,"Hanwha Total Petrochemical Co., Ltd.","Private:Hanwha ToCo., Ltd.",Healthcare,South Korea,81,-8%,16
3590,"Hanyang Construction Co., Ltd","Private:Hanyang C Co., Ltd",Healthcare,South Korea,25,2%,20
3209,"Hanyang Hitao Co., Ltd.",KOSDAQ:A064090,Healthcare,South Korea,17,-3%,8
3804,"Happynarae Co., Ltd.","Private:HappynaraCo., Ltd.",Healthcare,South Korea,81,-5%,24
3490,HARIM CORPORATION,KOSDAQ:A136480,Healthcare,South Korea,66,5%,12
15532,"Harim Holdings Co., Ltd.",KOSDAQ:A024660,Healthcare,South Korea,74,8%,13
3306,"HAVE & BE Co., Ltd.","Private:HAVE & BECo., Ltd.",Healthcare,South Korea,83,-7%,18
15656,HDC Shilla Duty Free Ltd.,Private:HDC ShillFree Ltd.,Healthcare,South Korea,42,-3%,7
15192,"HDPRO Co., Ltd.",KOSDAQ:A214870,Healthcare,South Korea,55,4%,25
15414,"Healience Co., Ltd.","Private:HealienceCo., Ltd.",Healthcare,South Korea,12,0%,12
3622,"Health Chosun Co.,Ltd","Private:Health Chn Co.,Ltd",Healthcare,South Korea,16,-4%,14
15402,"Helikorea Co., Ltd.","Private:HelikoreaCo., Ltd.",Healthcare,South Korea,26,-5%,5
3319,"Heung-A Shipping Co., Ltd.",KOSE:A003280,Healthcare,South Korea,80,-8%,18
3385,"HFR, Inc","Private:HFR, IncHFR, Inc",Healthcare,South Korea,66,-3%,21
3536,"High Tech Pharm Co.,Ltd.",KOSDAQ:A106190,Healthcare,South Korea,55,-3%,15
3388,"Hisem Co.,Ltd",KOSDAQ:A200470,Healthcare,South Korea,68,6%,18
3615,"Hitech Co.,Ltd","Private:Hitech Coh Co.,Ltd",Healthcare,South Korea,52,-2%,17
3795,"HITEJINRO Co., Ltd.",KOSE:A000080,Healthcare,South Korea,30,-3%,24
3431,"Hitejinro Holdings Co., Ltd.",KOSE:A000140,Healthcare,South Korea,70,1%,15
15647,Hitron Systems Inc.,KOSE:A019490,Healthcare,South Korea,34,-6%,18
3483,"Hizeaero Co., Ltd.",KOSDAQ:A221840,Healthcare,South Korea,92,0%,15
15570,HK Corporation,Private:HK Corporrporation,Healthcare,South Korea,91,2%,8
3418,"HLB Co., Ltd.",KOSDAQ:A028300,Healthcare,South Korea,47,1%,8
3267,"HLB Life Science Co.,Ltd.",KOSDAQ:A067630,Healthcare,South Korea,77,-2%,17
3391,"HMC Investment Securities Co., Ltd.",KOSE:A001500,Healthcare,South Korea,92,6%,11
3379,HnG Cosmetics Corporation,Private:HnG Cosmerporation,Healthcare,South Korea,0,-8%,24
15653,"HNK Machine Tool Co., Ltd.",KOSDAQ:A101680,Healthcare,South Korea,96,-3%,18
3198,"Hoban Construction Co., Ltd.","Private:Hoban ConCo., Ltd.",Healthcare,South Korea,18,-4%,22
15621,"Home & Shopping Co.,Ltd","Private:Home & Shg Co.,Ltd",Healthcare,South Korea,10,8%,16
3183,"Home Center Holdings Co., Ltd.",KOSDAQ:A060560,Healthcare,South Korea,46,-6%,23
3434,"Home Choice Co.,Ltd","Private:Home Choie Co.,Ltd",Healthcare,South Korea,52,-7%,10
3620,"Homeplus Co., Ltd.","Private:Homeplus Co., Ltd.",Healthcare,South Korea,87,-3%,7
3528,"Honam Shany Co., Ltd.","Private:Honam ShaCo., Ltd.",Healthcare,South Korea,76,-1%,15
3296,"Hongjin Industrial Co., Ltd","Private:Hongjin I Co., Ltd",Healthcare,South Korea,40,4%,15
3191,"Hotel Lotte Co., Ltd.","Private:Hotel LotCo., Ltd.",Healthcare,South Korea,80,6%,5
20588,"Hotel Shilla Co.,Ltd",KOSE:A008770,Healthcare,South Korea,6,-6%,19
3263,"Hot-Tech Co., Ltd.",KOSE:A015540,Healthcare,South Korea,8,3%,13
3199,HRT Corp,Private:HRT CorpHRT Corp,Healthcare,South Korea,29,-8%,6
3453,Huchems Fine Chemical Corporation,KOSE:A069260,Healthcare,South Korea,36,-5%,12
15542,"Humax Co., Ltd.",KOSDAQ-AM:115160,Healthcare,South Korea,64,2%,13
3444,"Humax Holdings Co., Ltd.",KOSDAQ:A028080,Healthcare,South Korea,93,-6%,18
3223,HUMEDIX Co. Ltd.,KOSDAQ:A200670,Healthcare,South Korea,55,3%,18
15721,Humetroryx,Private:Humetroryumetroryx,Healthcare,South Korea,27,2%,17
15441,"Huons Co., Ltd.",KOSDAQ-AM:243070,Healthcare,South Korea,50,4%,12
15385,Huons Global Co Ltd.,KOSDAQ:A084110,Healthcare,South Korea,14,-6%,23
3329,Huvis Corporation,KOSE:A079980,Healthcare,South Korea,74,5%,7
15340,Hwacheon Machine Tool Co. Ltd.,KOSE:A000850,Healthcare,South Korea,14,3%,8
15164,"Hwacheon Machinery Co., Ltd.",KOSE:A010660,Healthcare,South Korea,64,5%,9
3469,Hwail Pharm Co. Ltd.,KOSDAQ:A061250,Healthcare,South Korea,30,8%,6
15366,"Hwangjae Remicon Co.,Ltd","Private:Hwangjae n Co.,Ltd",Healthcare,South Korea,25,4%,20
3480,"Hwang-Kum Steel & Technology Co., Ltd.",KOSE:A032560,Healthcare,South Korea,77,-1%,19
3512,"Hwaseong City Expressway Co., Ltd.",Private:Hwasung Upressway ,Healthcare,South Korea,54,-5%,24
16003,"Hwaseung Industries Co., Ltd.",KOSE:A006060,Healthcare,South Korea,72,4%,6
3521,"Hwaseung Networks Co.,Ltd","Private:Hwaseung s Co.,Ltd",Healthcare,South Korea,18,-6%,19
15730,"Hwaseung R&A Co., Ltd.",KOSE:A013520,Healthcare,South Korea,34,8%,12
15604,"Hwashin Co., Ltd.",KOSE:A010690,Healthcare,South Korea,60,2%,6
3684,"Hwashin Precision Engineering Co., Ltd.",KOSDAQ:A126640,Healthcare,South Korea,10,1%,8
3749,"Hwashin Tech Co., Ltd.",KOSDAQ:A086250,Healthcare,South Korea,42,7%,16
15747,"Hwasung Industrial Co., Ltd.",KOSE:A002460,Healthcare,South Korea,6,4%,13
3805,"HY Metal Procession Co., Ltd.","Private:HY Metal Co., Ltd.",Healthcare,South Korea,68,6%,20
15688,"HY P&M. Co., Ltd.","Private:HY P&M. CCo., Ltd.",Healthcare,South Korea,35,-2%,12
3814,Hydrex Ltd,Private:Hydrex Ltydrex Ltd,Healthcare,South Korea,19,-7%,15
21188,"Hydrotech Co., Ltd","Private:Hydrotech Co., Ltd",Healthcare,South Korea,63,-8%,7
20695,Hydrotek Co. Ltd.,Private:Hydrotek  Co. Ltd.,Healthcare,South Korea,20,5%,14
22110,Hyorim Industrial Inc.,Private:Hyorim Inrial Inc.,Healthcare,South Korea,29,-3%,25
21206,Hyosung Corp.,KOSE:A004800,Healthcare,South Korea,29,2%,22
21207,"HYOSUNG INFORMATION SYSTEMS Co., Ltd.","Private:HYOSUNG ICo., Ltd.",Healthcare,South Korea,44,-4%,8
17338,Hyosung ITX Co. Ltd.,KOSE:A094280,Healthcare,South Korea,53,-3%,24
21113,"Hyosung ONB Co.,Ltd",KOSDAQ:A097870,Healthcare,South Korea,35,6%,17
22185,Hyporkicheon farm Co.Ltd,Private:Hyporkichrm Co.Ltd,Healthcare,South Korea,79,-2%,6
22113,HYUNDAI AUTOEVER CORP.,Private:HYUNDAI AVER CORP.,Healthcare,South Korea,90,-7%,12
22177,"Hyundai BNG Steel Co., Ltd.",KOSE:A004560,Healthcare,South Korea,53,0%,17
21287,Hyundai C&F Inc.,KOSE:A227840,Healthcare,South Korea,65,7%,17
22082,"Hyundai Card Co., Ltd.","Private:Hyundai o., Ltd.",Healthcare,South Korea,46,2%,16
22096,"Hyundai Cement Co., Ltd.",KOSE:A006390,Healthcare,South Korea,4,4%,13
20723,Hyundai Corporation,KOSE:A011760,Healthcare,South Korea,97,6%,21
22085,"Hyundai Cosmo Petrochemical Co., Ltd.","Private:Hyundai CCo., Ltd.",Healthcare,South Korea,73,-5%,7
22180,"Hyundai Department Store Co., Ltd.",KOSE:A069960,Healthcare,South Korea,3,2%,15
21112,Hyundai Development Company Engineering & Construction,KOSE:A012630,Healthcare,South Korea,66,-7%,6
22183,"Hyundai Elevator Co., Ltd",KOSE:A017800,Healthcare,South Korea,49,-6%,5
20931,"Hyundai Engineering & Construction Co., Ltd.",KOSE:A000720,Healthcare,South Korea,52,6%,19
21355,"Hyundai Engineering Plastics Co., Ltd.",KOSE:A089470,Healthcare,South Korea,2,5%,8
20639,"Hyundai Glovis Co., Ltd.",KOSE:A086280,Healthcare,South Korea,1,-7%,6
20510,"Hyundai Green Food Co.,Ltd.",KOSE:A005440,Healthcare,South Korea,77,-5%,5
22172,"Hyundai HCN Co., Ltd.",KOSE:A126560,Healthcare,South Korea,91,5%,20
18546,"Hyundai Heavy Industries Co., Ltd.",KOSE:A009540,Healthcare,South Korea,2,-2%,20
20820,Hyundai Home Shopping Network Corporation,KOSE:A057050,Healthcare,South Korea,79,4%,23
20630,"Hyundai Industrial Co., Ltd.",KOSDAQ:A170030,Healthcare,South Korea,59,-8%,22
22114,"Hyundai Information Technology Co., Ltd.",KOSDAQ:A026180,Healthcare,South Korea,15,-7%,19
21457,"Hyundai Interior Fabrics Co., Ltd.","Private:Hyundai ICo., Ltd.",Healthcare,South Korea,35,0%,18
22179,Hyundai Livart Furniture Company Limited,KOSE:A079430,Healthcare,South Korea,23,-8%,12
22178,"Hyundai LNG Shipping Co., Ltd.","Private:Hyundai LNGg Co., Ltd.",Healthcare,South Korea,93,1%,11
20718,"Hyundai Logistics Co., Ltd.",KRX:040830,Healthcare,South Korea,12,7%,22
20657,Hyundai Merchant Marine Co. Ltd.,KOSE:A011200,Healthcare,South Korea,35,-8%,19
20660,"Hyundai Mipo Dockyard Co., Ltd.",KOSE:A010620,Healthcare,South Korea,75,-5%,9
22115,"Hyundai Mobis Co.,Ltd.",KOSE:A012330,Healthcare,South Korea,26,-8%,17
22171,Hyundai Motor Company,KOSE:A005380,Healthcare,South Korea,13,-7%,21
21379,"Hyundai Mseat Co.,Ltd.","Private:Hyundai Co.,Ltd.",Healthcare,South Korea,100,1%,24
21111,Hyundai Powertech Co. Ltd.,Private:Hyundai Co. Ltd.,Healthcare,South Korea,65,2%,10
20509,"Hyundai Pusan New-Port Terminal Co., Ltd.","Private:Hyundai PCo., Ltd.",Healthcare,South Korea,96,-8%,8
12984,Hyundai Rotem Company,KOSE:A064350,Healthcare,South Korea,83,4%,15
3363,"Hyundai Special Feed Ind Co., Ltd.","Private:Hyundai SCo., Ltd.",Industrials,South Korea,8,-8%,19
3496,Hyundai Steel Company,KOSE:A004020,Industrials,South Korea,29,8%,10
3694,"Hyundai Sungwoo Holdings Co.,Ltd.","Private:Hyundai S Co.,Ltd.",Industrials,South Korea,15,7%,9
15154,"Hyundai Ubiquitous & Information Technology Co., Ltd.","Private:Hyundai Ubiy Co., Ltd.",Industrials,South Korea,72,7%,6
3738,HYUNDAI WIA Corp.,KOSE:A011210,Industrials,South Korea,100,7%,21
3310,Hyundai-Kia Motor Company,Private:Hyundai-Kr Company,Industrials,South Korea,17,-7%,21
15599,Hyungji Elite Inc.,KOSE:A093240,Industrials,South Korea,12,0%,22
15197,HYUNGJI Innovation and Creative Company Limited,KOSDAQ:A011080,Industrials,South Korea,39,-1%,23
3307,"Hyunjin Materials Co.,Ltd.",KOSDAQ:A053660,Industrials,South Korea,68,6%,22
15539,"Hyunwoo Industrial Co., LTD",KOSDAQ:A092300,Industrials,South Korea,32,2%,17
3155,"Hyupsung Construction Co., Ltd.","Private:Hyupsung Co., Ltd.",Industrials,South Korea,63,5%,22
3508,I & TECH.INC.,Private:I & TECH.TECH.INC.,Industrials,South Korea,15,5%,16
3295,I Controls Inc.,KOSE:A039570,Industrials,South Korea,92,-6%,9
3494,"iA, Inc.",KOSDAQ:A038880,Industrials,South Korea,95,-8%,11
3729,Ib Capital Limited,Private:Ib Capital Limited,Industrials,South Korea,64,7%,14
3161,"i-Components Co.,Ltd.",KOSDAQ:A059100,Industrials,South Korea,29,-7%,10
3513,"IDIS Holdings Co., Ltd.",KOSDAQ:A054800,Industrials,South Korea,69,1%,23
15490,"Igaworks Co.,Ltd.","Private:Igaworks  Co.,Ltd.",Industrials,South Korea,82,7%,9
3624,IHQ Inc.,KOSE:A003560,Industrials,South Korea,88,-7%,13
3481,"i-KAIST Lab Co., Ltd.",KOSE:A007630,Industrials,South Korea,75,-4%,16
15502,"Il Jeong Industrial Co., Ltd.",KOSE:A008500,Industrials,South Korea,37,-4%,22
3148,"Il Kwang E&C Co.,Ltd","Private:Il Kwang C Co.,Ltd",Industrials,South Korea,10,6%,7
15500,"Ildong Holdings Co., Ltd.",KOSE:A000230,Industrials,South Korea,37,7%,24
3520,"Ildong Pharmaceutical Co., Ltd.",KOSE:A249420,Industrials,South Korea,9,6%,22
15530,"Ilji Technology Co., Ltd.",KOSDAQ:A019540,Industrials,South Korea,61,-3%,7
15644,Iljin Diamond Co. Ltd.,KOSE:A081000,Industrials,South Korea,73,-3%,25
3304,"ILJIN Display Co., Ltd.",KOSE:A020760,Industrials,South Korea,18,1%,11
15537,"ILJIN Partners Co., Ltd.","Private:ILJIN ParCo., Ltd.",Industrials,South Korea,35,2%,21
3422,"Iljin Power Co., Ltd.",KOSDAQ:A094820,Industrials,South Korea,4,-5%,22
3424,Ilkyung Inc.,KOSDAQ:A078940,Industrials,South Korea,88,-6%,11
3658,iloom Inc.,Private:iloom Incloom Inc.,Industrials,South Korea,43,6%,7
15515,"Ilshin Spinning Co., Ltd.",KOSE:A003200,Industrials,South Korea,66,0%,14
3792,"ilShinbiobase Co., Ltd.",KOSDAQ:A068330,Industrials,South Korea,25,-6%,10
3499,Ilshindang Printing & Packaging,Private:IlshindanPackaging,Industrials,South Korea,89,-1%,16
15588,"Ilsung Construction Co., Ltd.",KOSE:A013360,Industrials,South Korea,49,0%,6
3160,"ILYA Co., Ltd.",KOSDAQ:A058450,Industrials,South Korea,14,-2%,21
3166,"ILYA Nextec Co.,Ltd","Private:ILYA Nextc Co.,Ltd",Industrials,South Korea,24,5%,12
3204,"Ilyang Pharmaceutical Co.,Ltd",KOSE:A007570,Industrials,South Korea,58,7%,6
3321,IM Tech Inc.,KOSDAQ:A226350,Industrials,South Korea,25,-2%,22
3323,iMarketKorea Inc.,KOSE:A122900,Industrials,South Korea,71,-1%,7
3361,"iMBC Co., Ltd.",KOSDAQ:A052220,Industrials,South Korea,38,-6%,8
3543,"IMD WELL Co., Ltd.","Private:IMD WELL Co., Ltd.",Industrials,South Korea,83,-6%,9
3578,"Incheon Gangwha Industrial Complex Co.,Ltd","Private:Incheon Gx Co.,Ltd",Industrials,South Korea,12,-4%,19
15651,Incheon International Airport Corporation,Private:Incheon Irporation,Industrials,South Korea,42,4%,12
3318,Incheon North Port Terminal Co. Ltd.,Private:Incheon N Co. Ltd.,Industrials,South Korea,1,-5%,15
3247,"Incross Co., Ltd.",KOSDAQ:A216050,Industrials,South Korea,9,-5%,9
3503,INFAC Corporation,KOSE:A023810,Industrials,South Korea,25,-7%,10
3241,"INFAC Elecs Co., Ltd.","Private:INFAC EleCo., Ltd.",Industrials,South Korea,94,0%,21
3355,"Infinitt Healthcare Co., Ltd.",KOSDAQ:A071200,Industrials,South Korea,42,4%,6
3278,"Infraware Technology, Inc.",Konex:247300,Industrials,South Korea,74,7%,23
3517,"Infraware, Inc.",KOSDAQ:A041020,Industrials,South Korea,81,5%,9
15545,"INITECH Co., Ltd.",KOSDAQ:A053350,Industrials,South Korea,71,4%,5
15171,"Inje Autopia Co., Ltd.","Private:Inje AutoCo., Ltd.",Industrials,South Korea,14,-1%,15
3495,"Inner Plan Co., Ltd.","Private:Inner PlaCo., Ltd.",Industrials,South Korea,43,7%,5
15367,"INNOCEAN Worldwide, Inc.",KOSE:A214320,Industrials,South Korea,65,0%,24
3737,"Insung Information Co., Ltd",KOSDAQ:A033230,Industrials,South Korea,0,-4%,12
3394,"Intc Co.,Ltd","Private:Intc Co.,c Co.,Ltd",Industrials,South Korea,33,4%,14
15516,"Intelligent Digital Integrated Security Co., Ltd.",KOSDAQ:A143160,Industrials,South Korea,85,3%,18
3589,"Interflex Co., Ltd.",KOSDAQ:A051370,Industrials,South Korea,74,-3%,9
15606,"Intergis Co., Ltd.",KOSE:A129260,Industrials,South Korea,19,-8%,24
3667,"International Display Solutions Co., Ltd.","Private:InternatiCo., Ltd.",Industrials,South Korea,66,-2%,9
3768,International Vaccine Institute,Private:InternatiInstitute,Industrials,South Korea,37,0%,12
3734,"Interpark Bizmarket Co., Ltd.","Private:InterparkCo., Ltd.",Industrials,South Korea,74,7%,15
3482,Interpark Corporation,KOSDAQ:A108790,Industrials,South Korea,59,1%,5
15564,Interpark Holdings Corporation,KOSDAQ:A035080,Industrials,South Korea,30,-5%,17
15630,"iNtRON Biotechnology, Inc.",KOSDAQ:A048530,Industrials,South Korea,18,-3%,20
3516,"INVENIA Co., Ltd.",KOSDAQ:A079950,Industrials,South Korea,59,3%,14
3747,"INZENT Co.,Ltd.","Private:INZENT Co Co.,Ltd.",Industrials,South Korea,91,-3%,25
3773,"INZI Controls Co., Ltd.",KOSE:A023800,Industrials,South Korea,15,-1%,23
3200,"IOKCOMPANY Co., Ltd.",KOSDAQ:A078860,Industrials,South Korea,36,8%,22
15170,iRiver Limited,KOSDAQ:A060570,Industrials,South Korea,14,5%,5
3518,"IS DongSeo Co., Ltd.",KOSE:A010780,Industrials,South Korea,53,7%,6
15506,"ISC Co., Ltd.",KOSDAQ:A095340,Industrials,South Korea,93,-2%,9
3381,"i-SENS, Inc.",KOSDAQ:A099190,Industrials,South Korea,88,-2%,14
15374,Istyle24 Ltd.,Private:Istyle24 le24 Ltd.,Industrials,South Korea,61,-2%,23
3652,Isu Chemical Co. Ltd.,KOSE:A005950,Industrials,South Korea,55,-4%,12
3244,Isu Corp.,Private:Isu Corp.Isu Corp.,Industrials,South Korea,79,-1%,6
3228,"Isu System Co., Ltd.","Private:Isu SysteCo., Ltd.",Industrials,South Korea,6,8%,10
15529,"ISU Venture Capital Co., Ltd.","Private:ISU VentuCo., Ltd.",Industrials,South Korea,1,6%,13
15517,"Isupetasys Co., Ltd.",KOSE:A007660,Industrials,South Korea,73,-3%,24
3466,"Itcen Co., Ltd.",KOSDAQ-BLA:124500,Industrials,South Korea,11,-1%,14
3535,"It'S SKIN Co., Ltd.",KOSE:A226320,Industrials,South Korea,85,2%,6
15575,Ivy Club Co.,Private:Ivy Club  Club Co.,Industrials,South Korea,63,-7%,19
3727,"J Communications Co., Ltd.","Private:J Commu., Ltd.",Industrials,South Korea,97,4%,23
15577,"J way Co., Ltd.",KOSDAQ:A058420,Industrials,South Korea,26,2%,12
3238,"Jastech, Ltd.",KOSDAQ:A090470,Industrials,South Korea,81,-2%,21
3380,"JC Pharm Co., Ltd.","Private:JC Pharm Co., Ltd.",Industrials,South Korea,65,2%,7
13970,Jcontentree corp.,KOSDAQ:A036420,Industrials,South Korea,81,-4%,22
15454,"Jeen Yang Industrial Co., Ltd.","Private:Jeen YangCo., Ltd.",Industrials,South Korea,85,1%,5
3291,"Jeil Holdings Co., Ltd.","Private:Jeil HoldCo., Ltd.",Industrials,South Korea,9,-5%,12
15579,"Jeil Pharmaceutical Co., Ltd.",KOSE:A002620,Industrials,South Korea,56,-5%,15
3742,"Jeil Steel Mfg Co., Ltd.",KOSDAQ:A023440,Industrials,South Korea,74,-5%,6
15661,Jeilsangpum Co. Ltd.,Private:Jeilsangp Co. Ltd.,Industrials,South Korea,64,-1%,18
3489,"Jeju Air Co., Ltd.",KOSE:A089590,Industrials,South Korea,71,-7%,16
3713,"Jeju Fertilizer Co.,Ltd","Private:Jeju Fertr Co.,Ltd",Industrials,South Korea,97,7%,12
15513,"Jeju Samdasoo Co.,Ltd.","Private:Jeju Samd Co.,Ltd.",Industrials,South Korea,88,-7%,15
3824,Jeju Semiconductor Corp.,KOSDAQ:A080220,Industrials,South Korea,45,-3%,18
3632,"Jelly Fish Entertainment Co., Ltd.","Private:Jelly FisCo., Ltd.",Industrials,South Korea,27,8%,12
3554,Jeonbuk Envitech Co Ltd,Private:Jeonbuk Ech Co Ltd,Industrials,South Korea,70,-6%,25
3683,"Jeong Moon Information. Co., Ltd.",KOSDAQ:A033050,Industrials,South Korea,14,3%,7
3670,"Jeongsan Aikang Co.,Ltd.",KOSDAQ:A022220,Industrials,South Korea,6,-8%,19
3762,Jeonju Paper Corporation,Private:Jeonju Parporation,Industrials,South Korea,9,2%,19
3144,"JICO co., Ltd",KOSE:A010580,Industrials,South Korea,58,-6%,13
3760,"Jinro Distillers Co., Ltd.",KOSDAQ:A018120,Industrials,South Korea,24,8%,14
3135,"Jinsung Green Construction Co.,Ltd","Private:Jinsung Gn Co.,Ltd",Industrials,South Korea,52,1%,5
15533,"Jinsung Remicon Co.,Ltd","Private:Jinsung Rn Co.,Ltd",Industrials,South Korea,29,2%,21
3172,"Jinyoung Paper Industrial Co., Ltd","Private:Jinyoung  Co., Ltd",Industrials,South Korea,27,3%,16
3239,"JMT Co.,Ltd.",KOSDAQ:A094970,Industrials,South Korea,91,7%,16
3825,Jokwang ILI Co. Ltd.,KOSDAQ:A044060,Industrials,South Korea,28,-3%,19
3437,"Joong Ang Enervis Co.,Ltd.",KOSDAQ:A000440,Industrials,South Korea,18,4%,8
3756,"JoongAng Media Network Co., Ltd.","Private:JoongAng Co., Ltd.",Industrials,South Korea,91,-3%,10
3580,"Joongang Sisamedia Co.,Ltd","Private:Joongang a Co.,Ltd",Industrials,South Korea,23,-3%,23
3118,"Joongwon Co.,Ltd.","Private:Joongwon  Co.,Ltd.",Industrials,South Korea,0,-3%,18
3151,Joongwon Electronics Co.,Private:Joongwon onics Co.,Industrials,South Korea,98,-5%,14
3149,"Jooyon Tech Co., Ltd.",KOSE:A044380,Industrials,South Korea,89,-1%,24
3502,JoyCity Corporation,KOSDAQ:A067000,Industrials,South Korea,55,-3%,21
3682,"JOYMAX Co.,Ltd.",KOSDAQ:A101730,Industrials,South Korea,29,6%,18
3798,JS Corporation,KOSE:A194370,Industrials,South Korea,0,2%,8
3640,JT Corporation,KOSDAQ:A089790,Industrials,South Korea,24,2%,14
3767,JTBC,Private:JTBCJTBC,Industrials,South Korea,40,3%,16
15637,"JTBC Plus Co., Ltd.","Private:JTBC PlusCo., Ltd.",Industrials,South Korea,21,-1%,20
15623,"Jung Hwa Co.,Ltd","Private:Jung Hwa a Co.,Ltd",Industrials,South Korea,10,-4%,24
15489,"JUNGDAWN Co., Ltd.",KOSDAQ:A208140,Industrials,South Korea,0,3%,24
15369,"Jungdo Jinheung Enterprise Co., Ltd.","Private:Jungdo JiCo., Ltd.",Industrials,South Korea,73,7%,13
15421,"Jungheung Construction.Co.,Ltd.","Private:Jungheung.Co.,Ltd.",Industrials,South Korea,89,5%,22
3455,Jungseok Enterprise Co. Ltd.,Private:Jungseok  Co. Ltd.,Industrials,South Korea,35,7%,5
15520,"Jungwon Engineering Co., Ltd.","Private:Jungwon ECo., Ltd.",Industrials,South Korea,8,-6%,18
3646,"Jvm Co., Ltd.",KOSDAQ:A054950,Industrials,South Korea,52,6%,24
15648,"JW Chemitown Co.,Ltd","Private:JW Chemitn Co.,Ltd",Industrials,South Korea,75,1%,17
15640,JW Holdings Corporation,KOSE:A096760,Industrials,South Korea,85,5%,9
3382,JW Life Science Co. Ltd.,KOSE:A234080,Industrials,South Korea,14,-7%,14
3772,JW Pharmaceutical Corporation,KOSE:A001060,Industrials,South Korea,71,-2%,8
3700,JW Shinyak Corporation,KOSDAQ:A067290,Industrials,South Korea,87,-5%,11
15553,K Natural Co. Ltd.,Private:K Natural Co. Ltd.,Industrials,South Korea,46,7%,14
3752,"K&C Co., Ltd.","Private:K&c Co., Co., Ltd.",Industrials,South Korea,14,0%,5
3623,"K&C Global Co., Ltd.","Private:K&C GlobaCo., Ltd.",Industrials,South Korea,49,-4%,12
3657,"K.E.T. International Co., Ltd.","Private:K.E.T. Io., Ltd.",Industrials,South Korea,45,1%,23
3322,Kabul Construction Co. Ltd.,Private:Kabul Con Co. Ltd.,Industrials,South Korea,61,-4%,10
15544,"Kabul Minja Co., Ltd.","Private:Kabul MinCo., Ltd.",Industrials,South Korea,62,0%,7
15631,"Kaesong Jeilsangpum Co.,Ltd","Private:Kaesong Jm Co.,Ltd",Industrials,South Korea,2,0%,10
3617,Kakao Corp.,KOSDAQ:A035720,Industrials,South Korea,20,-6%,10
3324,"Kanaan Co., Ltd.","Private:Kanaan CoCo., Ltd.",Industrials,South Korea,86,3%,12
3599,"KANGLIM Co., Ltd.",KOSDAQ:A014200,Industrials,South Korea,1,-7%,12
3786,"Kangnam Jevisco Co., Ltd.",KOSE:A000860,Industrials,South Korea,29,0%,21
3565,"KangSeo Fruit & Vegetable Co., Ltd.","Private:KangSeo FCo., Ltd.",Industrials,South Korea,61,8%,17
3583,"KAONi Co.,Ltd.","Private:KAONi Co. Co.,Ltd.",Industrials,South Korea,99,-1%,18
3165,"KB Financial Group, Inc.",KOSE:A105560,Industrials,South Korea,88,3%,17
3532,"KB Metal Co., Ltd.",KOSDAQ:A024840,Industrials,South Korea,30,-8%,7
15561,"KB Synthetic Co., Ltd.","Private:KB SyntheCo., Ltd.",Industrials,South Korea,33,-1%,5
3352,KC Cottrell Co Ltd,KOSE-K-BLK:119650,Industrials,South Korea,95,-5%,9
3656,"KC Green Holdings Co., Ltd.",KOSE:A009440,Industrials,South Korea,20,-4%,22
3707,KC&A,Private:KC&AKC&A,Industrials,South Korea,51,-7%,15
3303,KCC Corporation,KOSE:A002380,Industrials,South Korea,6,-5%,5
15481,"KCC Engineering & Construction Co., Ltd.",KOSDAQ:A021320,Industrials,South Korea,87,-4%,7
3780,KCI Limited,KOSDAQ:A036670,Industrials,South Korea,76,-2%,14
3462,KCTC Co. Ltd,KOSE:A009070,Industrials,South Korea,65,-7%,17
15526,"KD Construction Co., Ltd",KOSDAQ:A044180,Industrials,South Korea,92,4%,6
3673,"KD Information Technology Co.,Ltd","Private:KD Informy Co.,Ltd",Industrials,South Korea,12,-3%,7
15589,Kec Corporation,KOSE:A092220,Industrials,South Korea,3,8%,16
15636,"KEC Holdings Co., Ltd.",KOSE:A006200,Industrials,South Korea,77,5%,16
3290,"KEPCO Engineering & Construction Company, Inc.",KOSE:A052690,Industrials,South Korea,51,3%,7
15671,"KEPCO Plant Service & Engineering Co., Ltd.",KOSE:A051600,Industrials,South Korea,88,4%,7
3142,"Keukdong Precision Co., Ltd.","Private:Keukdong Co., Ltd.",Industrials,South Korea,19,1%,24
3153,"Keumkang Housing Co., Ltd.","Private:Keumkang Co., Ltd.",Industrials,South Korea,40,4%,21
15424,"Keyang Electric Machinery Co., Ltd.",KOSE:A012200,Industrials,South Korea,50,5%,15
3186,KG Chemical Corporation,KOSE:A001390,Industrials,South Korea,96,6%,6
15359,"KG Eco Technology Services Co., Ltd.",KOSDAQ:A151860,Industrials,South Korea,43,-3%,9
3197,KG Networks Inc. ,Private:KG Networrks Inc. ,Industrials,South Korea,8,-7%,20
15664,"KGinicis Co., Ltd.",KOSDAQ:A035600,Industrials,South Korea,2,-6%,9
15386,"KGMobilians Co., Ltd.",KOSDAQ:A046440,Industrials,South Korea,29,6%,20
15316,Kia Motors Corp.,KOSE:A000270,Industrials,South Korea,95,8%,22
15388,"Kimjeucom Co.,Ltd","Private:Kimjeucomm Co.,Ltd",Industrials,South Korea,59,1%,20
15363,"Kimjeukeom Co.,Ltd","Private:Kimjeukeom Co.,Ltd",Industrials,South Korea,41,0%,24
13969,"KINX, Inc.",KOSDAQ:A093320,Industrials,South Korea,65,-4%,18
15447,Kisco Corp.,KOSE:A104700,Industrials,South Korea,85,4%,22
15448,KISCO Holdings Corp.,KOSE:A001940,Industrials,South Korea,94,7%,19
15741,Kishin Corporation,KOSE:A092440,Industrials,South Korea,23,6%,15
15705,KisWire Ltd.,KOSE:A002240,Industrials,South Korea,67,-1%,5
15449,"Kiwoom Securities Co., Ltd.",KOSE:A039490,Industrials,South Korea,14,-6%,12
3475,KL-Net Corp.,KOSDAQ:A039420,Industrials,South Korea,5,5%,12
15430,"KM&I co., Ltd.","Private:KM&I co.o., Ltd.",Industrials,South Korea,100,8%,11
15728,KMH Co. Ltd.,KOSDAQ:A122450,Industrials,South Korea,71,-5%,22
3493,Kmw Inc.,KOSDAQ:A032500,Industrials,South Korea,29,0%,19
15729,Kodaco Co. Ltd.,KOSDAQ:A046070,Industrials,South Korea,46,-7%,25
3504,"KODI CO., LTD",KOSDAQ:A080530,Industrials,South Korea,44,5%,22
15709,Kodivac Ltd.,Private:Kodivac Livac Ltd.,Industrials,South Korea,44,0%,22
3522,"Koentec Co., Ltd.",KOSDAQ:A029960,Industrials,South Korea,96,7%,20
15690,"Kohsan Co., Ltd","Private:Kohsan Co Co., Ltd",Industrials,South Korea,41,2%,21
3542,"Koje Industry Co., Ltd.","Private:Koje InduCo., Ltd.",Industrials,South Korea,96,5%,5
3544,Kolen Co. Ltd.,KOSDAQ:A078650,Industrials,South Korea,73,3%,23
15335,"KolmarBNH Co., Ltd.",KOSDAQ:A200130,Industrials,South Korea,32,-5%,8
15200,"Kolon BASF innoPOM, Inc.","Private:Kolon BASPOM, Inc.",Industrials,South Korea,13,6%,18
3591,Kolon Corporation,KOSE:A002020,Industrials,South Korea,52,2%,16
15129,"Kolon E Engineering Co., Ltd.","Private:Kolon E ECo., Ltd.",Industrials,South Korea,71,-4%,22
3631,"Kolon Fashion Material, Inc.",KOSE:A144620,Industrials,South Korea,67,-6%,20
3633,"Kolon Fjords Processing Co., Ltd.","Private:Kolon FjoCo., Ltd.",Industrials,South Korea,77,1%,16
15711,Kolon Global Corporation,KOSE:A003070,Industrials,South Korea,97,4%,6
15323,"Kolon Industries, Inc.",KOSE-AM:120110,Industrials,South Korea,65,-2%,24
3647,Kolon Life Science Inc.,KOSDAQ:A102940,Industrials,South Korea,3,-1%,15
15459,"Kolon Pharmaceuticals, Inc.","Private:Kolon Phaals, Inc.",Industrials,South Korea,38,-1%,11
3654,"Kolon Plastics, Inc",KOSE:A138490,Industrials,South Korea,79,-4%,7
15391,"Kooksoondang Brewery Co.,Ltd.",KOSDAQ:A043650,Industrials,South Korea,14,-1%,11
15683,"KOPLA CO.,LTD.",KOSDAQ:A126600,Industrials,South Korea,78,-6%,18
15684,Korea Aerospace Industries Ltd.,KOSE:A047810,Industrials,South Korea,64,2%,12
15714,Korea Aerospace Research Institute,Private:Korea AerInstitute,Industrials,South Korea,42,-5%,6
3714,"Korea Airport Service Co., Ltd.",KOSE:A005430,Industrials,South Korea,2,-2%,7
3715,"Korea Alcohol Industrial Co., Ltd.",KOSDAQ:A017890,Industrials,South Korea,80,3%,13
3724,"Korea Asset In Trust Co., Ltd.",KOSE:A123890,Industrials,South Korea,78,0%,13
3736,Korea Asset Pricing Corporation,Private:Korea Asporation,Industrials,South Korea,66,0%,18
15212,Korea Atomic Energy Research Institute,Private:Korea AtoInstitute,Industrials,South Korea,90,-6%,5
15436,Korea Autoglass Corporation,KOSE:A152330,Industrials,South Korea,25,6%,21
15373,Korea Broadcast Advertising Corporation,Private:Korea Brorporation,Industrials,South Korea,60,-8%,14
3774,"Korea Business News Co., Ltd.",KOSDAQ:A039340,Industrials,South Korea,84,3%,5
15327,"Korea Cast Iron Pipe Ind. Co., Ltd.",KOSE:A000970,Industrials,South Korea,11,-2%,14
15375,"Korea Circuit Co., Ltd.",KOSE:A007810,Industrials,South Korea,61,-6%,23
3791,Korea Coast Guard,Private:Korea Coaast Guard,Industrials,South Korea,51,-5%,10
15181,Korea Communications Agency,Private:Korea Comns Agency,Industrials,South Korea,96,2%,15
15751,Korea Computer & Systems Inc.,KOSDAQ:A115500,Industrials,South Korea,49,0%,20
21135,Korea Computer Holdings Inc.,Private:Korea Comings Inc.,Industrials,South Korea,71,2%,6
21304,Korea Computer Inc.,KOSDAQ:A054040,Industrials,South Korea,42,4%,18
21116,Korea Computer Terminal Inc.,KOSDAQ:A089150,Industrials,South Korea,56,-1%,7
21181,Korea Defense Industry Association,Private:Korea Defsociation,Industrials,South Korea,50,-5%,5
20844,Korea Development Corporation,KOSE:A004200,Industrials,South Korea,93,0%,15
22194,Korea District Heating Corp.,KOSE:A071320,Industrials,South Korea,53,-1%,18
22209,Korea Dongah Flour Mills Co. Ltd.,Private:Korea DoCo. Ltd.,Industrials,South Korea,84,8%,10
20822,Korea Electric Power Corp.,KOSE:A015760,Industrials,South Korea,66,5%,10
20825,"Korea Electric Power Industrial Development Co., Ltd",KOSE-A-BLX:130660,Industrials,South Korea,96,-3%,8
21121,Korea Electric Power Research Institute,Private:Korea EleInstitute,Industrials,South Korea,4,5%,16
22080,"Korea Electric Terminal Co., Ltd.",KOSE:A025540,Industrials,South Korea,55,-4%,10
20715,Korea Engineering Consultants Corp.,KOSE:A023350,Industrials,South Korea,78,-4%,5
21372,Korea Environment Corporation,Private:Korea Envrporation,Industrials,South Korea,67,-6%,24
22231,Korea Ethanol Supplies Company,Private:Korea Et Company,Industrials,South Korea,68,-8%,12
20887,Korea Expressway Corporation,Private:Korea Exprporation,Industrials,South Korea,65,-5%,7
17464,"Korea Flange Co., Ltd.",KOSE:A010100,Industrials,South Korea,6,3%,21
20665,Korea Gas Corp.,KOSE:A036460,Industrials,South Korea,62,7%,16
20681,"Korea Green Paper Manufacturing Co., Ltd.",KOSE:A109070,Industrials,South Korea,13,4%,16
21203,"Korea Information & Communications Co., Ltd.",KOSDAQ:A025770,Industrials,South Korea,25,7%,21
21143,"Korea Information Engineering Services Co., Ltd.",KOSDAQ:A039740,Industrials,South Korea,54,8%,7
22216,Korea Institute of Geoscience and Mineral Resources,Private:Korea InsResources,Industrials,South Korea,86,8%,7
20682,Korea Institute of Nuclear Safety,Private:Korea Insar Safety,Industrials,South Korea,29,-6%,21
20829,"Korea Instrument Co., Ltd","Private:Korea Ins Co., Ltd",Industrials,South Korea,38,-1%,23
21123,Korea Internet Billing Company Ltd.,Private:Korea Intpany Ltd.,Industrials,South Korea,27,7%,16
20885,"Korea Kolmar Co., Ltd.",KOSE:A161890,Industrials,South Korea,40,0%,25
22221,"Korea Kolmar Holdings Co., Ltd.",KOSE:A024720,Industrials,South Korea,5,-2%,16
22234,Korea Land & Housing Corp.,Private:Korea Lang Corp.,Industrials,South Korea,18,1%,16
21145,Korea Line Corporation,KOSE:A005880,Industrials,South Korea,58,-2%,21
20899,Korea Literature Inc.,Private:Korea Litture Inc.,Industrials,South Korea,41,-1%,9
20517,"Korea LNG Trading Co., Ltd.","Private:Korea LNGCo., Ltd.",Industrials,South Korea,63,6%,8
22232,"Korea Marine Transport Co., Ltd.","Private:Korea MarCo., Ltd.",Industrials,South Korea,51,8%,8
22251,"Korea Pallet Pool Co., Ltd.","Private:Korea Pao., Ltd.",Industrials,South Korea,73,-6%,16
21239,"Korea Petrochemical Ind. Co., Ltd.",KOSE:A006650,Industrials,South Korea,87,-7%,9
21241,Korea Photonics Technology Institute,Private:Korea PhoInstitute,Industrials,South Korea,5,-7%,15
20810,"Korea Plasma Technology U Co.,Ltd",KOSDAQ:A054410,Industrials,South Korea,1,2%,12
22226,Korea Rail Network Authority,Private:Korea Rauthority,Industrials,South Korea,91,-4%,14
21243,Korea Railroad Corporation,Private:Korea Rairporation,Industrials,South Korea,57,-6%,17
21244,"Korea Ratings Co., Ltd.",KOSDAQ:A034950,Industrials,South Korea,72,4%,11
17438,Korea Research Institute Of Bioscience And Biotechnology,Private:Korea Resechnology,Industrials,South Korea,64,0%,16
20691,Korea Rural Community Corporation,Private:Korea Rurrporation,Industrials,South Korea,65,-4%,9
17919,Korea SE Corp.,KOSDAQ:A101670,Industrials,South Korea,0,5%,24
21063,"Korea Smart Card Co., Ltd.","Private:Korea SmaCo., Ltd.",Industrials,South Korea,57,7%,20
22388,"Korea Special Pipe Co., Ltd.","Private:Korea SpeCo., Ltd.",Industrials,South Korea,3,2%,22
22223,"Korea Steel Co., Ltd.","Private:Korea SteCo., Ltd.",Industrials,South Korea,4,-5%,25
22205,"Korea Steel Shapes Co., Ltd.",KOSE:A007280,Industrials,South Korea,88,3%,23
22217,"Korea Yakult Co., Ltd.","Private:Korea Yao., Ltd.",Industrials,South Korea,36,-2%,17
21124,Korea Zinc Co. Ltd.,KOSE:A010130,Industrials,South Korea,96,-8%,23
22229,Korean Air Lines Co. Ltd.,KOSE:A003490,Industrials,South Korea,72,3%,5
17714,Korean Red Cross,Private:Korean ReRed Cross,Industrials,South Korea,73,-8%,12
21436,KOREIT,KOSDAQ:A034830,Industrials,South Korea,50,7%,6
22250,"Korex Co.,Ltd","Private:Korex Co.x Co.,Ltd",Industrials,South Korea,37,4%,17
22092,"KORNIC GLORY Co., Ltd.",KOSDAQ:A094860,Industrials,South Korea,51,-5%,23
21125,Kortek Corporation,KOSDAQ:A052330,Industrials,South Korea,77,4%,24
22077,"KPIC Corporation Co., Ltd.","Private:KPIC CorpCo., Ltd.",Industrials,South Korea,90,-7%,14
21258,"KPX Chemical Co.,Ltd",KOSE:A025000,Industrials,South Korea,99,4%,19
22102,KPX Green Chemical Co. LTD,KOSE:A083420,Industrials,South Korea,36,-3%,9
21260,"KPX Holdings Co.,Ltd.",KOSE:A092230,Industrials,South Korea,12,-5%,6
22227,"KPX Life Science Co., Ltd.",KOSDAQ:A114450,Industrials,South Korea,11,-2%,11
21226,"KR Motors Co., Ltd.",KOSE:A000040,Industrials,South Korea,21,-6%,15
21133,"K-Realty Rental Housing Reit 2 Co., Ltd.","Private:K-Realty Co., Ltd.",Industrials,South Korea,26,3%,9
21524,KRTnet Corp.,KOSDAQ:A065530,Industrials,South Korea,69,0%,11
20628,"KSCB Co.,Ltd.",KOSDAQ:A065940,Industrials,South Korea,17,5%,8
21910,"KSP Co., Ltd",KOSDAQ:A073010,Industrials,South Korea,95,-1%,20
21288,KT Corp.,KOSE:A030200,Industrials,South Korea,4,8%,13
22195,KT Music Corporation,KOSDAQ:A043610,Industrials,South Korea,17,3%,6
21127,"KT Powertel Co., Ltd.","Private:KT Powero., Ltd.",Industrials,South Korea,32,-5%,23
21141,"KT Skylife Co., Ltd.",KOSE:A053210,Industrials,South Korea,9,-4%,10
21139,KTCS Corporation,KOSE:A058850,Industrials,South Korea,28,-3%,20
21294,"KTG Co.,Ltd","Private:KTG Co.,LG Co.,Ltd",Industrials,South Korea,66,-3%,5
22220,"KTHitel Co., Ltd.",KOSDAQ:A036030,Industrials,South Korea,45,-7%,21
21120,KTIS Corporation,KOSE:A058860,Industrials,South Korea,1,-2%,13
21131,"Kukbo Logistics Co., Ltd.",KOSE:A001140,Industrials,South Korea,20,-5%,24
22265,"Kukdong Chain Stor Mokcheon Department Co.,Ltd","Private:Kukdong Ct Co.,Ltd",Industrials,South Korea,92,1%,20
20871,"Kukdong Oil & Chemicals Co., Ltd.",KOSE:A014530,Industrials,South Korea,87,-4%,8
20719,"Kukil Metal Co., Ltd.",KOSDAQ:A060480,Industrials,South Korea,79,5%,14
22190,"Kukil Paper Mfg. Co.,Ltd.",KOSDAQ:A078130,Industrials,South Korea,69,5%,18
18328,"KukIn Co.,Ltd","Private:KukIn Co.n Co.,Ltd",Industrials,South Korea,8,-7%,11
21298,"KUKJE P&B CO.,LTD","Private:KUKJE P&BB CO.,LTD",Industrials,South Korea,92,-3%,25
20928,Kukje Pharmaceutical Industrial Co. Ltd.,KOSE:A002720,Industrials,South Korea,1,-2%,20
21301,Kumbi Corporation,KOSE:A008870,Industrials,South Korea,59,0%,18
20523,Kumbi Cosmetics,Private:Kumbi CosCosmetics,Industrials,South Korea,97,3%,17
22193,"Kumho Electric, Inc.",KOSE:A001210,Industrials,South Korea,6,3%,11
22275,"Kumho HT, Inc.",KOSE-K-BLK:214330,Industrials,South Korea,54,4%,17
22196,"Kumho Industrial Co., Ltd.",KOSE:A002990,Industrials,South Korea,68,-4%,17
20729,"Kumho Mitsui Chemicals, Inc.","Private:Kumho Mitals, Inc.",Industrials,South Korea,81,-8%,22
21542,"Kumho Petrochemical Co., Ltd.",KOSE:A011780,Industrials,South Korea,71,-1%,11
22199,"Kumho Tire Co., Inc.",KOSE:A073240,Industrials,South Korea,36,-7%,25
21314,"Kumkang Kind Co., Ltd.",KOSE:A014280,Industrials,South Korea,25,-4%,18
21543,Kumnamu Co. Ltd.,Private:Kumnamu C Co. Ltd.,Industrials,South Korea,42,-7%,11
21317,"Kwang Dong Pharmaceutical Co., Ltd.",KOSE:A009290,Industrials,South Korea,65,0%,25
21306,"Kwang Jin Ind. Co., Ltd.",KOSDAQ:A026910,Industrials,South Korea,28,-7%,23
22106,"Kwang Jin Wintec Co.,Ltd.",KOSDAQ:A090150,Industrials,South Korea,60,5%,9
22261,"Kwang Myung Electric Co.,Ltd",KOSE:A017040,Industrials,South Korea,18,6%,13
21322,"Kwang Myung SG Co., Ltd.","Private:Kwang Myo., Ltd.",Industrials,South Korea,68,-6%,9
21136,"Kwangshin Pangi Co.,Ltd","Private:Kwangshini Co.,Ltd",Industrials,South Korea,92,3%,23
22078,"Kyeong Nam Steel Co., Ltd.",KOSDAQ:A039240,Industrials,South Korea,7,0%,9
21332,"Kyeryong Construction Industrial Co., Ltd.",KOSE:A013580,Industrials,South Korea,55,-2%,6
22248,"Kyongbo Pharmaceutical Co., Ltd.",KOSE:A214390,Industrials,South Korea,16,-4%,12
22266,"Kyung Dong Co., LTD","Private:Kyung Don Co., LTD",Industrials,South Korea,52,5%,14
22213,"Kyung Dong Pharmaceutical Co., Ltd.",KOSDAQ:A011040,Industrials,South Korea,20,-7%,7
22214,"Kyung Nam Wool Textile Co., Ltd.","Private:Kyung NamCo., Ltd.",Industrials,South Korea,86,2%,15
22103,Kyung Nong Corporation,KOSE:A002100,Industrials,South Korea,55,-7%,14
21345,"Kyung Woo Co., Ltd","Private:Kyung Woo Co., Ltd",Industrials,South Korea,99,1%,9
20677,Kyungbang Ltd.,KOSE:A000050,Industrials,South Korea,94,-5%,10
20843,"Kyungdong City Gas Co., Ltd.",KOSE:A012320,Industrials,South Korea,30,1%,23
22198,"Kyunggi Railroad Co., Ltd.","Private:Kyunggi RCo., Ltd.",Industrials,South Korea,95,-3%,6
20898,"KyungIn Eco Chemical Co., Ltd.","Private:KyungIn ECo., Ltd.",Industrials,South Korea,55,-5%,20
22122,"Kyungin Synthetic Co., Ltd.",KOSE:A012610,Industrials,South Korea,14,-5%,7
20640,"Labfrontier Co., Ltd.","Private:LabfrontiCo., Ltd.",Industrials,South Korea,67,7%,12
21415,LDT Inc.,KOSDAQ:A096870,Industrials,South Korea,49,4%,10
20929,LEARN21 Inc.,Private:LEARN21 N21 Inc.,Industrials,South Korea,39,-3%,16
21352,"LED LITEK Co., Ltd.","Private:LED LITEKCo., Ltd.",Industrials,South Korea,81,0%,8
21353,"Lee Ku Industrial Co.,Ltd.",KOSE:A025820,Industrials,South Korea,23,-4%,23
20652,"Leechem Co., Ltd.",KOSDAQ:A131100,Industrials,South Korea,14,-4%,16
20870,"Leeku Trading Co.,ltd","Private:Leeku Trag Co.,ltd",Industrials,South Korea,45,-1%,6
20524,Leenos Corp.,KOSDAQ:A039980,Industrials,South Korea,78,-1%,14
17771,LF Corp.,KOSE:A093050,Industrials,South Korea,54,-1%,18
20623,LF Networks Corp.,Private:LF Networrks Corp.,Industrials,South Korea,0,6%,5
17757,"LG Chem, Ltd.",KOSE:A051910,Industrials,South Korea,24,-2%,9
21065,LG Corp.,KOSE:A003550,Industrials,South Korea,73,0%,17
20846,"LG Display Co., Ltd.",KOSE:A034220,Industrials,South Korea,4,4%,9
17729,LG Electronics Inc.,KOSE:A066570,Industrials,South Korea,89,-5%,8
20902,LG Hausys Ltd.,KOSE:A108670,Industrials,South Korea,22,6%,7
21146,"LG Household and Health Care, Ltd.",KOSE:A051900,Industrials,South Korea,38,0%,11
21122,"LG Innotek Co., Ltd.",KOSE:A011070,Industrials,South Korea,14,7%,11
20529,LG International Corp.,KOSE:A001120,Industrials,South Korea,82,4%,20
21132,"LG Life Sciences, Ltd.",KOSE:A068870,Industrials,South Korea,54,8%,24
21130,LG Uplus Corp.,KOSE:A032640,Industrials,South Korea,20,-1%,23
21363,"LIG Nex1 Co., Ltd.",KOSE:A079550,Industrials,South Korea,50,5%,8
17436,Liveplex Co. Ltd.,KOSDAQ:A050120,Industrials,South Korea,42,-7%,12
21365,Locojoy International Corporation,KOSDAQ:A109960,Industrials,South Korea,16,-2%,18
18326,Logisys Inc.,KOSDAQ:A067730,Industrials,South Korea,35,-7%,23
21138,LONGTU KOREA Inc.,KOSDAQ:A060240,Industrials,South Korea,33,-6%,22
22243,Lonstech Inc.,Private:Lonstechech Inc.,Industrials,South Korea,5,-6%,12
22207,"LOT Vacuum Co., Ltd.",KOSDAQ:A083310,Industrials,South Korea,99,-7%,19
21386,"Lotte Aluminium Co., Ltd.","Private:Lotte AluCo., Ltd.",Industrials,South Korea,49,1%,14
20845,Lotte Chemical Corporation,KOSE:A011170,Industrials,South Korea,80,8%,12
21114,"Lotte Chilsung Beverage Co., Ltd.",KOSE:A005300,Industrials,South Korea,97,6%,10
20687,Lotte Confectionery Co. Ltd.,KOSE:A004990,Industrials,South Korea,83,-5%,25
21140,Lotte Data Communication Company,Private:Lotte Da Company,Industrials,South Korea,98,-2%,11
22280,"Lotte Engineering & Construction Co., Ltd.","Private:Lotte EngCo., Ltd.",Industrials,South Korea,64,-6%,10
21389,"LOTTE ENGINEERING & MACHINERY MFG. CO., LTD.","Private:LOTTE ENO., LTD.",Industrials,South Korea,60,-2%,13
22269,"Lotte Fine Chemical Co., Ltd.",KOSE:A004000,Industrials,South Korea,30,-6%,17
20651,"Lotte Food Co.,Ltd.",KOSE:A002270,Industrials,South Korea,0,2%,19
22132,"LOTTE Himart Co.,Ltd.",KOSE:A071840,Industrials,South Korea,0,6%,13
20624,"Lotte Insurance Co., Ltd.",KOSE:A000400,Industrials,South Korea,20,2%,18
22210,LOTTE MRC CORP.,Private:LOTTE MRCMRC CORP.,Industrials,South Korea,30,5%,25
20888,"LOTTE rental co.,ltd.","Private:LOTTE ren co.,ltd.",Industrials,South Korea,75,-4%,10
21406,"Lotte Shopping Co., Ltd.",KOSE:A023530,Industrials,South Korea,76,8%,19
17496,"Lotte Tour Development Co., Ltd.",KOSE:A032350,Industrials,South Korea,59,-6%,10
21137,"Lotte Travel Service Co.,Ltd.","Private:Lotte Tra Co.,Ltd.",Industrials,South Korea,17,-3%,21
20664,LOTTE-Nestle (Korea) Co. Ltd.,Private:LOTTE-Nes Co. Ltd.,Industrials,South Korea,11,-3%,20
22224,LS Corp.,KOSE:A006260,Industrials,South Korea,41,-2%,24
21129,"LSIS Co., Ltd.",KOSE:A010120,Industrials,South Korea,72,8%,8
22228,"Lumens Co., Ltd.",KOSDAQ:A038060,Industrials,South Korea,24,1%,7
21417,"LumiMicro Co., Ltd.",KOSDAQ:A082800,Industrials,South Korea,67,-5%,11
22225,"M2Soft Co., Ltd.","Private:M2Soft CoCo., Ltd.",Industrials,South Korea,52,-5%,12
22099,Macrogen Inc.,KOSDAQ:A038290,Industrials,South Korea,50,2%,20
22274,"Maeil Dairy Industry Co., Ltd.",KOSDAQ:A005990,Industrials,South Korea,56,5%,24
22273,Mando Corporation,KOSE:A204320,Industrials,South Korea,94,-4%,10
20869,"Maniker Co., Ltd.",KOSE:A027740,Industrials,South Korea,48,7%,17
22262,"Maxsun Co., Ltd.","Private:Maxsun Co., Ltd.",Industrials,South Korea,0,-4%,12
21423,MBC Academy Corp.,Private:MBC Acadeemy Corp.,Industrials,South Korea,71,-1%,15
22206,"MBC Plus Media Co.,Ltd.","Private:MBC Plus  Co.,Ltd.",Industrials,South Korea,33,-1%,11
22204,MBC Production Co. Ltd.,Private:MBC Produ Co. Ltd.,Industrials,South Korea,47,7%,25
22211,MCC Logistics Korea Ltd.,Private:MCC Logisorea Ltd.,Industrials,South Korea,66,6%,22
22192,"MCircle Co., Ltd.","Private:MCircle CCo., Ltd.",Industrials,South Korea,35,-3%,5
21439,Mcnex Co.Limited,KOSDAQ:A097520,Industrials,South Korea,26,-3%,24
17440,"MDS Technology Co., Ltd.",KOSDAQ:A086960,Industrials,South Korea,37,4%,24
20884,"MDT Co.,Ltd","Private:MDT Co.,LT Co.,Ltd",Industrials,South Korea,84,-3%,15
22249,Medi Corp. Co. Ltd,Private:Medi Corp. Co. Ltd,Industrials,South Korea,17,7%,16
22230,"Media Create Co.,Ltd.","Private:Media Cre Co.,Ltd.",Industrials,South Korea,15,2%,22
21128,"Medico Apex Co.,Ltd","Private:Medico Apx Co.,Ltd",Industrials,South Korea,7,-2%,14
20714,"Medipharm Co., Ltd.","Private:MedipharmCo., Ltd.",Industrials,South Korea,41,4%,22
22271,"Mega Mart Co., Ltd.","Private:Mega MartCo., Ltd.",Industrials,South Korea,98,8%,9
20717,"MegaMD Co., Ltd.",KOSDAQ:A133750,Industrials,South Korea,23,7%,21
20908,"Meganext Co.,Ltd","Private:Meganext t Co.,Ltd",Industrials,South Korea,2,-5%,21
20708,Megastudy Co. Ltd.,KOSDAQ:A072870,Industrials,South Korea,49,-1%,21
20873,MegaStudyEdu Co. Ltd,KOSDAQ:A215200,Industrials,South Korea,97,4%,19
17759,MELFAS Inc.,KOSDAQ:A096640,Industrials,South Korea,46,5%,19
20805,Metaldyne Korea Ltd.,Private:Metaldyneorea Ltd.,Industrials,South Korea,9,-6%,5
20692,"Metropolitan Area Western Expressway Co., Ltd.","Private:MetropoliCo., Ltd.",Industrials,South Korea,70,1%,22
20617,"Mezzion Pharma Co.,Ltd.",KOSDAQ:A140410,Industrials,South Korea,75,-2%,14
20889,"MG MED, Inc.",KOSDAQ:A180400,Industrials,South Korea,61,-8%,16
21066,"MH Ethanol Co.,Ltd.",KOSE:A023150,Industrials,South Korea,84,-4%,21
21911,"Michang Oil industrial Co., Ltd.",KOSE:A003650,Industrials,South Korea,35,-4%,17
20736,Micro Office Company Ltd.,Private:Micro Offpany Ltd.,Industrials,South Korea,85,-7%,10
21466,"Midong & Cinema Co., Ltd.",KOSDAQ:A161570,Industrials,South Korea,85,6%,7
21467,"Midong Engineering & Construction Co., Ltd.","Private:Midong EnCo., Ltd.",Industrials,South Korea,27,0%,20
21126,"Mihwa Logistics Co., Ltd.","Private:Mihwa LogCo., Ltd.",Industrials,South Korea,13,3%,23
21468,"Milae Resources ML Co., Ltd.",Konex:233190,Industrials,South Korea,88,8%,13
21469,"Mileseum Co., Ltd.","Private:Mileseum Co., Ltd.",Industrials,South Korea,16,6%,12
21549,"Milsung Mosa Co.,Ltd","Private:Milsung Ma Co.,Ltd",Industrials,South Korea,66,-4%,19
20826,"Mirae Asset Daewoo Co., Ltd.",KOSE:A006800,Industrials,South Korea,50,-8%,8
22272,Mirae Corporation,KOSE:A025560,Industrials,South Korea,13,-7%,13
22233,"Mirae Hi-Tech Co.,Ltd","Private:Mirae Hi-h Co.,Ltd",Industrials,South Korea,92,4%,7
21476,"Mirae Technology Co., Ltd.",KOSDAQ:A213090,Industrials,South Korea,41,-8%,11
22268,"MiraeING.Co.,Ltd.",KOSE:A007120,Industrials,South Korea,83,8%,5
21325,"Miraeseum Jae-Ee-Cha Co., Ltd.","Private:MiraeseumCo., Ltd.",Industrials,South Korea,18,-8%,6
21479,"Misung Logistics Co.,Ltd","Private:Misung Los Co.,Ltd",Industrials,South Korea,99,-7%,24
22241,"Misung Mool San Co.,Ltd.","Private:Misung Mo Co.,Ltd.",Industrials,South Korea,36,-7%,22
22252,"Misung Trading Co., Ltd.","Private:Misung TrCo., Ltd.",Industrials,South Korea,82,-2%,5
17720,"Miwon Chemicals Co., Ltd.",KOSE:A134380,Industrials,South Korea,12,-5%,8
20726,"Miwon Commercial Co., Ltd.",KOSE:A002840,Industrials,South Korea,86,8%,15
22263,"Miwon Specialty Chemical Co., Ltd.",KOSE-BSKT:107590,Industrials,South Korea,75,-1%,7
21483,"MK Chem & Tech Co., Ltd.","Private:MK Chem &Co., Ltd.",Industrials,South Korea,74,-8%,19
22270,"MNTech Co., Ltd.",KOSDAQ:A095500,Industrials,South Korea,23,-6%,9
21487,Mobione Co. Ltd.,Private:Mobione C Co. Ltd.,Industrials,South Korea,32,-8%,11
17394,"MOD Co.,Ltd","Private:MOD Co.,LD Co.,Ltd",Industrials,South Korea,5,4%,25
22191,Mod Inc,Private:Mod IncMod Inc,Industrials,South Korea,0,-8%,8
22267,Modih Inc.,Private:Modih Incodih Inc.,Industrials,South Korea,63,2%,22
20803,MOGAM Biotechnology Research Institute,Private:MOGAM BioInstitute,Industrials,South Korea,78,1%,17
22219,"Moms Mom Co., Ltd.","Private:Moms Mom Co., Ltd.",Industrials,South Korea,4,1%,23
21117,"Monalisa Co., Ltd",KOSE:A012690,Industrials,South Korea,80,4%,21
20945,"MoonBae Steel Co., Ltd.",KOSE:A008420,Industrials,South Korea,99,2%,22
22237,"Moorim P&P Co., Ltd.",KOSE:A009580,Industrials,South Korea,74,-4%,19
22236,"Moorim Paper Co., Ltd.",KOSE:A009200,Industrials,South Korea,87,7%,14
20868,"Moorim SP Co., Ltd.",KOSDAQ:A001810,Industrials,South Korea,45,-6%,21
20678,Motonic Corporation,KOSE:A009680,Industrials,South Korea,80,-5%,15
22246,"MSC Co., Ltd.",KOSDAQ:A009780,Industrials,South Korea,97,-1%,5
22247,"MSS Global Co., Ltd.","Private:MSS GlobaCo., Ltd.",Industrials,South Korea,53,-5%,25
21134,"Muhak Co., Ltd.",KOSE:A033920,Industrials,South Korea,87,-2%,13
20849,Multicampus Corporation,KOSDAQ:A067280,Industrials,South Korea,40,1%,23
21506,"Multiwave Co.,ltd","Private:Multiwavee Co.,ltd",Industrials,South Korea,35,6%,7
21119,Munhwa Broadcasting Corporation,Private:Munhwa Bporation,Industrials,South Korea,90,5%,10
22091,Mybi Co. Ltd.,Private:Mybi Co.  Co. Ltd.,Industrials,South Korea,42,8%,9
22239,"Myung Shin Textiles Co., Ltd.","Private:Myung ShiCo., Ltd.",Industrials,South Korea,4,-6%,12
22240,"Myungmoon Pharm. Co., LTD.",KOSE:A017180,Industrials,South Korea,16,4%,15
22126,"Myungshin Co.,Ltd","Private:Myungshinn Co.,Ltd",Industrials,South Korea,86,-5%,6
22125,"N Media Platform Co., LTD.","Private:N Media PCo., LTD.",Industrials,South Korea,14,1%,21
22212,"Nabion Co., Ltd.","Private:Nabion CoCo., Ltd.",Industrials,South Korea,22,-7%,10
21115,"Nable Communications, Inc.",KOSDAQ:A153460,Industrials,South Korea,32,-3%,9
21142,"Najin Industry Co., Ltd.","Private:Najin IndCo., Ltd.",Industrials,South Korea,18,-8%,22
17738,"Najin Steel Co., Ltd.","Private:Najin SteCo., Ltd.",Industrials,South Korea,100,-7%,12
20697,Nam Ho Textile Co. Ltd.,Private:Nam Ho Te Co. Ltd.,Industrials,South Korea,47,7%,5
20696,Nam Hwa Construction Co. Ltd.,KOSDAQ:A091590,Industrials,South Korea,91,4%,22
20890,"Nam Young Lighting Co.,Ltd","Private:Nam Youngg Co.,Ltd",Industrials,South Korea,69,-5%,7
21530,"Namdong Remicon Co., Ltd.","Private:Namdong RCo., Ltd.",Industrials,South Korea,45,0%,8
22245,Namhae Chemical Corp.,KOSE:A025860,Industrials,South Korea,54,-1%,9
21118,Namhwa Corporation,Private:Namhwa Corporation,Industrials,South Korea,50,8%,12
22130,"Namkwang Engineering & Construction Co., Ltd.",KOSE:A001260,Industrials,South Korea,76,1%,14
22208,Namsun Aluminum Co. Ltd.,KOSE:A008350,Industrials,South Korea,94,-1%,21
20734,Namsung Corp.,KOSE:A004270,Industrials,South Korea,38,8%,15
4434,"Namuga Co., Ltd.",KOSDAQ:A190510,Information Technology,South Korea,7,7%,19
3708,"Namyang Development Co., Ltd.","Private:Namyang DCo., Ltd.",Information Technology,South Korea,1,-4%,20
5430,"Namyang Industry Co.,Ltd","Private:Namyang Iy Co.,Ltd",Information Technology,South Korea,68,-4%,12
3397,"Namyung Commercial Co., Ltd.","Private:Namyung CCo., Ltd.",Information Technology,South Korea,49,1%,12
3581,Nanobiosys Inc.,Konex:214610,Information Technology,South Korea,45,-5%,21
3757,"Nanum Lotto, Inc.","Private:Nanum Loto, Inc.",Information Technology,South Korea,68,1%,17
3450,"Narae Biotech, Inc.","Private:Narae Bioech, Inc.",Information Technology,South Korea,97,3%,16
15482,"Nasmedia Co., Ltd.",KOSDAQ:A089600,Information Technology,South Korea,81,1%,21
15560,National Agricultural Cooperative Federation,Private:Nationalderation,Information Technology,South Korea,71,-4%,11
15549,National Federation of Fisheries Cooperatives,Private:National peratives,Information Technology,South Korea,44,7%,13
3456,"National Plastic Co.,Ltd",KOSE:A004250,Information Technology,South Korea,64,5%,17
3201,"National Plus Co.,Ltd.","Private:National  Co.,Ltd.",Information Technology,South Korea,70,-7%,6
3454,"Natural story Co.,Ltd","Private:Natural sy Co.,Ltd",Information Technology,South Korea,81,0%,15
3203,"Naturalendo Tech Co., Ltd.",KOSDAQ:A168330,Information Technology,South Korea,57,7%,9
15559,"Nature Cell Co.,Ltd.",KOSDAQ:A007390,Information Technology,South Korea,65,-3%,23
3638,Naver Corporation,KOSE:A035420,Information Technology,South Korea,23,-4%,5
15498,"Neo Technical System Co., Ltd.",KOSDAQ:A085910,Information Technology,South Korea,9,7%,13
3373,"Neo Trans Co., Ltd.","Private:Neo TransCo., Ltd.",Information Technology,South Korea,42,0%,13
3781,"Neobiotech Co., Ltd.","Private:Neobioteo., Ltd.",Information Technology,South Korea,75,8%,15
3222,Neodin Medical Institute,Private:Neodin MeInstitute,Information Technology,South Korea,64,-5%,13
3282,"NEOFIDELITY, Inc.",KOSDAQ:A101400,Information Technology,South Korea,0,7%,20
15460,"Neooto Co.,Ltd.",KOSDAQ:A212560,Information Technology,South Korea,32,-5%,6
15632,"NeoPharm Co., Ltd.",KOSDAQ:A092730,Information Technology,South Korea,67,2%,14
15546,NEOWIZ Games Corporation,KOSDAQ:A095660,Information Technology,South Korea,99,1%,21
3446,Netmarble Games Corporation,Private:Netmarblerporation,Information Technology,South Korea,6,7%,14
15607,"Neuros Co., Ltd.",KOSDAQ:A126870,Information Technology,South Korea,34,-2%,16
3368,"Neven Co., Ltd","Private:Neven Co. Co., Ltd",Information Technology,South Korea,41,1%,25
3249,New Optics Ltd.,Private:New Optiics Ltd.,Information Technology,South Korea,69,-6%,18
3588,"New Seoul Petroleum Co.,Ltd","Private:New Seoulm Co.,Ltd",Information Technology,South Korea,13,-4%,14
3260,Nexen Corp.,KOSE:A005720,Information Technology,South Korea,91,-8%,5
3427,Nexen Tech Corporation,KOSDAQ:A073070,Information Technology,South Korea,78,-2%,23
15422,Nexen Tire Corp.,KOSE:A002350,Information Technology,South Korea,45,1%,22
3175,"Nexolon Co., Ltd.",KOSE:A110570,Information Technology,South Korea,74,-4%,23
3206,"Nexon GT Co., Ltd.",KOSDAQ:A041140,Information Technology,South Korea,85,4%,7
3364,"Nextbio Holdings Co., Ltd.",KOSDAQ:A051980,Information Technology,South Korea,55,-6%,5
3452,"NF Consortium Co., Ltd.","Private:NF ConsorCo., Ltd.",Information Technology,South Korea,95,6%,11
3287,NHN Entertainment Corp.,KOSE:A181710,Information Technology,South Korea,88,8%,21
15451,NHN KCP Corp.,KOSDAQ:A060250,Information Technology,South Korea,89,-7%,22
3220,"Nhtech Co.,Ltd","Private:Nhtech Coh Co.,Ltd",Information Technology,South Korea,54,1%,23
3648,"NI Steel Co., Ltd.",KOSE:A008260,Information Technology,South Korea,82,-6%,13
15505,"Nice D&B Co., Ltd.",KOSDAQ:A130580,Information Technology,South Korea,66,1%,21
3392,"NICE F&I Co., Ltd.","Private:NICE F&I Co., Ltd.",Information Technology,South Korea,99,7%,14
3308,"NICE Holdings Co., Ltd.",KOSE:A034310,Information Technology,South Korea,99,7%,17
3436,"Nice Information & Telecommunication, Inc.",KOSDAQ:A036800,Information Technology,South Korea,82,-3%,19
3177,"NICE Information Service Co., Ltd.",KOSDAQ:A030190,Information Technology,South Korea,97,-3%,21
3225,"NICE Total Cash Management Co., Ltd.",KOSDAQ:A063570,Information Technology,South Korea,78,2%,9
3421,"Nike Co., Ltd.","Private:Nike Co.,Co., Ltd.",Information Technology,South Korea,17,-2%,22
3360,"NK Co., Ltd.",KOSE:A085310,Information Technology,South Korea,66,-5%,25
3400,"Nkmax Co,.Ltd.","Private:Nkmax Co, Co,.Ltd.",Information Technology,South Korea,90,2%,5
15395,"NongShim Co., Ltd.",KOSE:A004370,Information Technology,South Korea,36,-2%,12
3342,"Nongshim Flour Mills Co., Ltd.","Private:Nongshim Co., Ltd.",Information Technology,South Korea,83,-1%,18
3210,"NongShim Holdings Co.,Ltd.",KOSE:A072710,Information Technology,South Korea,89,4%,21
3429,"NongWooBio Co., Ltd.",KOSDAQ:A054050,Information Technology,South Korea,22,-7%,17
3819,Noodle-Lovers Inc.,Private:Noodle-Lovers Inc.,Information Technology,South Korea,10,-8%,25
3377,"Noroo Bee Chemical Co., Ltd.","Private:Noroo BeeCo., Ltd.",Information Technology,South Korea,24,-7%,7
3688,"NOROO Holdings Co., Ltd.",KOSE:A000320,Information Technology,South Korea,59,-8%,22
15172,"NOROO Paint & Coatings Co., Ltd.",KOSE:A090350,Information Technology,South Korea,53,4%,18
3449,"NOROO Resin & Coating Specialties Co., Ltd.","Private:NOROO ResCo., Ltd.",Information Technology,South Korea,71,8%,23
15159,"NPC Seating Co., Ltd","Private:NPC Seati Co., Ltd",Information Technology,South Korea,87,2%,20
15487,NPI Co. Ltd,Private:NPI Co. LI Co. Ltd,Information Technology,South Korea,48,-3%,24
3425,"NPK Co., Ltd.",KOSDAQ:A048830,Information Technology,South Korea,86,-4%,10
3169,"NS Co., Ltd.",KOSDAQ-BLK:217820,Information Technology,South Korea,83,-8%,14
15514,"NS Shopping Co., Ltd",KOSE:A138250,Information Technology,South Korea,22,7%,14
3207,"NSCompany Co., Ltd.",Konex:076340,Information Technology,South Korea,46,-2%,6
3276,"NSV Corporation, LTD.",KOSDAQ:A095300,Information Technology,South Korea,34,-8%,7
3243,"nTels Co., LTD.",KOSDAQ:A069410,Information Technology,South Korea,38,-2%,8
3782,"Nuriplan Co., Ltd.",KOSDAQ:A069140,Information Technology,South Korea,47,-2%,10
15557,"NutriBiotech Co., Ltd.",KOSDAQ:A222040,Information Technology,South Korea,11,-1%,12
3292,Nuvotec Co. Ltd.,KOSDAQ:A060260,Information Technology,South Korea,35,-4%,18
3386,NVH Korea Inc.,KOSDAQ:A067570,Information Technology,South Korea,89,-5%,9
3367,Nwl Pacific Inc.,Private:Nwl Pacifific Inc.,Information Technology,South Korea,43,5%,9
3302,OCI Company Ltd,KOSE:A010060,Information Technology,South Korea,81,5%,16
3226,OCI Corporation,Private:OCI Corporporation,Information Technology,South Korea,24,2%,8
15616,"Okpos Co.,Ltd","Private:Okpos Co.s Co.,Ltd",Information Technology,South Korea,7,8%,8
15488,"OMNISYSTEM Co., Ltd",KOSDAQ:A057540,Information Technology,South Korea,94,4%,8
15652,"ONDA Entertainment Co., Ltd.",KOSDAQ:A196450,Information Technology,South Korea,80,3%,8
3188,"Online Pharm. Co., Ltd.","Private:Online PhCo., Ltd.",Information Technology,South Korea,74,4%,25
15635,"Optipharm Co., Ltd.","Private:OptipharmCo., Ltd.",Information Technology,South Korea,85,1%,17
3470,"Opto Electronics Co.,Ltd","Private:Opto Elecs Co.,Ltd",Information Technology,South Korea,87,1%,20
3176,OPTOPAC Inc.,KOSDAQ:A123010,Information Technology,South Korea,7,-2%,18
3350,Optrontec Inc.,KOSDAQ:A082210,Information Technology,South Korea,26,-6%,10
3328,"Orbitech Co., Ltd.",KOSDAQ:A046120,Information Technology,South Korea,59,0%,23
3264,"Organic Bio Tech Co.,Ltd","Private:Organic Bh Co.,Ltd",Information Technology,South Korea,96,-6%,15
15582,Oricom Inc.,KOSDAQ:A010470,Information Technology,South Korea,83,0%,13
3208,ORIENT BIO Inc.,KOSE:A002630,Information Technology,South Korea,47,3%,14
15633,"Orient Co.,Ltd","Private:Orient Cot Co.,Ltd",Information Technology,South Korea,7,1%,15
3262,"Orient Plastic Co.,Ltd","Private:Orient Plc Co.,Ltd",Information Technology,South Korea,40,-8%,15
3182,Orient Precision Industries Inc.,KOSDAQ:A065500,Information Technology,South Korea,76,6%,16
3789,"Oriental Precision & Engineering Co., Ltd.",KOSDAQ:A014940,Information Technology,South Korea,100,8%,9
3458,"Oriental Precision Machinery Co., Ltd.","Private:Oriental Co., Ltd.",Information Technology,South Korea,31,2%,10
15535,Orion Corporation,KOSE:A001800,Information Technology,South Korea,74,-1%,19
3174,Orpum Co. Ltd.,Private:Orpum Co. Co. Ltd.,Information Technology,South Korea,70,-2%,18
3348,OTO Ltd.,Private:OTO Ltd.OTO Ltd.,Information Technology,South Korea,41,0%,24
3219,Ottogi Corporation,KOSE:A007310,Information Technology,South Korea,5,-7%,23
3359,Ottogi Logistics Service,Private:Ottogi Los Service,Information Technology,South Korea,56,7%,16
15528,"Ottogi Ramyon Co., Ltd.","Private:Ottogi RaCo., Ltd.",Information Technology,South Korea,44,-8%,10
3371,"Ottogi Seafood Co., Ltd.","Private:Ottogi SeCo., Ltd.",Information Technology,South Korea,55,7%,10
3447,"P & P Co., Ltd.","Private:P & P Co.Co., Ltd.",Information Technology,South Korea,0,5%,16
15427,"Paldo Co., Ltd.","Private:Paldo Co.Co., Ltd.",Information Technology,South Korea,79,5%,20
3132,"Pan Ocean Co., Ltd.",KOSE:A028670,Information Technology,South Korea,4,7%,17
3717,"Panax E-Tec Co., Ltd.","Private:Panax E-TCo., Ltd.",Information Technology,South Korea,13,-7%,24
15457,PaperCorea Inc.,KOSE:A001020,Information Technology,South Korea,58,-2%,24
3515,Paratech Company Limited,KOSDAQ:A033540,Information Technology,South Korea,71,-5%,21
3246,"Paris Croissant Co., Ltd.","Private:Paris Cro., Ltd.",Information Technology,South Korea,14,7%,20
3133,"PARK & OPC Co., Ltd.",KOSDAQ:A028040,Information Technology,South Korea,60,6%,25
3412,"Partron Co., Ltd.",KOSDAQ:A091700,Information Technology,South Korea,16,4%,24
3369,PATI Games Corporation,KOSDAQ:A194510,Information Technology,South Korea,79,-6%,5
3265,Petit International Inc.,Private:Petit Intonal Inc.,Information Technology,South Korea,74,-5%,7
15548,Petroconery,Private:Petroconetroconery,Information Technology,South Korea,4,4%,18
3618,Phoenix Holdings Inc.,KOSE:A037270,Information Technology,South Korea,65,-4%,5
15493,"Pine Resort Co., Ltd.","Private:Pine ResoCo., Ltd.",Information Technology,South Korea,30,5%,10
3593,"Piolink, Inc.",KOSDAQ:A170790,Information Technology,South Korea,40,3%,9
3312,PJ Electronics Co. Ltd.,KOSDAQ:A006140,Information Technology,South Korea,16,-3%,6
3376,"PJ Metal Co., Ltd.",KOSDAQ:A128660,Information Technology,South Korea,92,0%,22
3273,"Plasco S Co., Ltd.","Private:Plasco S Co., Ltd.",Information Technology,South Korea,74,-7%,10
3375,Plus International Corp,Private:Plus Inteonal Corp,Information Technology,South Korea,80,6%,6
3347,"PNC Technologies Co., Ltd.",KOSDAQ:A237750,Information Technology,South Korea,28,6%,13
3423,Pohang Accelerator Laboratory,Private:Pohang Acaboratory,Information Technology,South Korea,19,-1%,6
12983,Polaris Shipping Co. Ltd.,Private:Polaris S Co. Ltd.,Information Technology,South Korea,48,-8%,12
3428,PolyMirae Company Ltd.,Private:PolyMiraepany Ltd.,Information Technology,South Korea,98,2%,9
3779,"Poonglim Foods Co., Ltd.","Private:Poonglim Co., Ltd.",Information Technology,South Korea,76,-7%,5
15522,Poongsan Corporation,KOSE-BSKT:103140,Information Technology,South Korea,67,5%,17
15425,Poongsan Holdings Corporation,KOSE:A005810,Information Technology,South Korea,47,5%,16
3788,POSCO,NYSE:PKX,Information Technology,South Korea,62,-5%,11
15503,Posco Chemtech Company Ltd.,KOSDAQ:A003670,Information Technology,South Korea,23,-2%,20
3214,"POSCO Coated & Color Steel Co., Ltd.",KOSE:A058430,Information Technology,South Korea,90,-8%,7
15496,POSCO DAEWOO Corporation,KOSE:A047050,Information Technology,South Korea,55,6%,17
3125,"POSCO Engineering & Construction Co., Ltd.","Private:POSCO Eno., Ltd.",Information Technology,South Korea,97,-3%,25
3242,Posco ICT Company Ltd.,KOSDAQ:A022100,Information Technology,South Korea,7,-1%,10
15641,"Posco M-Tech Co., Ltd.",KOSDAQ:A009520,Information Technology,South Korea,34,1%,8
3443,"PowerLogics Co., Ltd.",KOSDAQ:A047310,Information Technology,South Korea,88,-6%,7
15574,"PPS Co.,Ltd","Private:PPS Co.,LS Co.,Ltd",Information Technology,South Korea,6,-1%,23
3338,Province Of Jeollabukdo,Private:Province ollabukdo,Information Technology,South Korea,29,3%,12
3763,"PS Plasma Co.,Ltd","Private:PS Plasmaa Co.,Ltd",Information Technology,South Korea,67,8%,13
15155,"PS TEC Co., Ltd.",KOSDAQ:A002230,Information Technology,South Korea,63,-4%,6
3414,"PSMC Co, Ltd",KOSDAQ:A024850,Information Technology,South Korea,26,-8%,7
15525,Public Procurement Service,Private:Public P Service,Information Technology,South Korea,97,-7%,7
3212,"Pumyang Construction Co., Ltd.",KOSE:A002410,Information Technology,South Korea,22,2%,11
15587,"Pusan Cast Iron Co., Ltd.",KOSE:A005030,Information Technology,South Korea,56,-3%,13
3275,"Pusan Construction Co.,Ltd","Private:Pusan Conn Co.,Ltd",Information Technology,South Korea,39,6%,22
15523,"Pyeong Hwa Automotive Co., Ltd.",KOSDAQ:A043370,Information Technology,South Korea,73,-2%,17
3284,"Pyeongchang Wind Power Co., Ltd","Private:Pyeongcha Co., Ltd",Information Technology,South Korea,22,-4%,7
3344,Pyeongtaek Logistics Co. Ltd.,Private:Pyeongtae Co. Ltd.,Information Technology,South Korea,21,-4%,12
3248,"Pyung Hwa Holdings Co., Ltd.",KOSE:A010770,Information Technology,South Korea,79,-7%,12
15538,Pyung Hwa Industrial Co. Ltd.,KOSE:A090080,Information Technology,South Korea,52,-7%,12
3343,"Q Capital Partners Co., Ltd.",KOSDAQ:A016600,Information Technology,South Korea,51,-6%,20
15511,"R Bio Co.,Ltd.","Private:R Bio Co. Co.,Ltd.",Information Technology,South Korea,46,4%,25
3439,"Raon Tech Co.,Ltd","Private:Raon Techh Co.,Ltd",Information Technology,South Korea,27,0%,13
15494,"Rayence Co., Ltd.",KOSDAQ:A228850,Information Technology,South Korea,12,-5%,21
15562,Reakosys Inc.,Private:Reakosys osys Inc.,Information Technology,South Korea,78,-7%,22
4465,"RMC Co.,Ltd","Private:RMC Co.,LC Co.,Ltd",Information Technology,South Korea,95,-4%,12
3442,Rorze Systems Corporation,KOSDAQ:A071280,Information Technology,South Korea,77,-6%,25
3326,RP Corp Inc.,Private:RP Corp ICorp Inc.,Information Technology,South Korea,11,-3%,23
3294,"RSUPPORT Co., Ltd.",KOSDAQ:A131370,Information Technology,South Korea,17,-1%,13
3433,"Ryukil C&S Co., Ltd.",KOSDAQ:A191410,Information Technology,South Korea,45,-6%,13
3407,"S&K Polytec Co., Ltd.",KOSDAQ:A091340,Information Technology,South Korea,16,3%,21
3440,S&S TECH Corporation,KOSDAQ:A101490,Information Technology,South Korea,9,5%,13
15499,S&T Dynamics Co. Ltd.,KOSE:A003570,Information Technology,South Korea,58,2%,5
3383,"S&T Holdings Co., Ltd.",KOSE:A036530,Information Technology,South Korea,20,-3%,5
3413,"S&T Motiv Co., Ltd.",KOSE:A064960,Information Technology,South Korea,54,1%,20
3398,S&W Corporation,KOSDAQ:A103230,Information Technology,South Korea,21,-2%,17
15586,"S.J. Elecom Co., Ltd.","Private:S.J. ElecCo., Ltd.",Information Technology,South Korea,53,1%,20
15634,"S.M. Entertainment Co., Ltd.",KOSDAQ:A041510,Information Technology,South Korea,46,-1%,25
3365,S-1 Corporation,KOSE:A012750,Information Technology,South Korea,95,2%,14
3218,Sae Dong Co. Ltd.,KOSDAQ:A053060,Information Technology,South Korea,43,4%,9
3563,"SAE-AN Engineering Co.,Ltd","Private:SAE-AN Eng Co.,Ltd",Information Technology,South Korea,11,6%,16
3718,Saedleman Agricultural Corporation,Private:Saedlemanrporation,Information Technology,South Korea,61,5%,17
3128,Saehan STEEL CO.LTD.,Private:Saehan STL CO.LTD.,Information Technology,South Korea,13,5%,8
3608,Saeron Automotive Corp.,KOSE:A075180,Information Technology,South Korea,47,-5%,23
3761,"Sajo C&C Co.,Ltd.","Private:Sajo C&C  Co.,Ltd.",Information Technology,South Korea,16,-6%,11
3235,"Sajo Farms Co.,Ltd. ","Private:Sajo FarmCo.,Ltd. ",Information Technology,South Korea,2,-4%,8
3251,"Sajo Fine Korea Co., Ltd","Private:Sajo Fine Co., Ltd",Information Technology,South Korea,14,1%,10
3604,SAJO HAEPYO Corporation,KOSE:A079660,Information Technology,South Korea,52,4%,21
15585,Sajo Industries Company Limited,KOSE:A007160,Information Technology,South Korea,85,4%,9
15157,Sajo Oyang Corporation,KOSE:A006090,Information Technology,South Korea,46,2%,7
3233,"Sajo Seafood Co., Ltd.",KOSE:A014710,Information Technology,South Korea,63,-1%,7
15655,Sajo Systems Co. Ltd.,Private:Sajo Syst Co. Ltd.,Information Technology,South Korea,96,3%,12
3168,Sajodaerim Corporation,KOSE:A003960,Information Technology,South Korea,35,1%,19
15602,"Sajodongaone Co.,Ltd.",KOSE:A008040,Information Technology,South Korea,12,-1%,9
3686,"Sam Chun Dang Pharm. Co.,Ltd",KOSDAQ:A000250,Information Technology,South Korea,49,-8%,7
15567,"Sam Shin Precision Co., Ltd","Private:Sam Shin  Co., Ltd",Information Technology,South Korea,20,0%,12
15619,"Sam Yang Steel Co.,Ltd","Private:Sam Yang l Co.,Ltd",Information Technology,South Korea,30,-6%,20
15590,"Sam Young Chemical Co., Ltd.",KOSE:A003720,Information Technology,South Korea,86,-8%,10
3366,"Sam Young Electronics Co., Ltd.",KOSE:A005680,Information Technology,South Korea,13,-2%,10
3316,"Sam-A Pharm. Co., Ltd",KOSDAQ:A009300,Information Technology,South Korea,67,1%,6
3227,Sama Venture Corp,Private:Sama Ventture Corp,Information Technology,South Korea,81,-8%,8
3280,"Sambo Corrugated Board Co., Ltd.",KOSDAQ:A023600,Information Technology,South Korea,71,-1%,8
3231,"Sambo Motors Co., Ltd",KOSDAQ:A053700,Information Technology,South Korea,55,-5%,14
15649,"Sambon Precision & Electronics Co., Ltd.",KOSDAQ:A111870,Information Technology,South Korea,72,-4%,7
3576,"Samchully Co.,Ltd.",KOSE:A004690,Information Technology,South Korea,31,1%,6
15583,"Samchuly Bicycle Co., Ltd",KOSDAQ:A024950,Information Technology,South Korea,90,5%,7
3164,SAMHO international. co. LTD.,KOSE:A001880,Information Technology,South Korea,4,-5%,8
3173,"Samhwa Crown & Closure Co., Ltd.",KOSE:A004450,Information Technology,South Korea,52,-4%,12
3180,"Samhyop Construction Co., Ltd.","Private:Samhyop o., Ltd.",Information Technology,South Korea,83,0%,25
15739,"Samhyun Engineering Co., Ltd.","Private:Samhyun ECo., Ltd.",Information Technology,South Korea,43,-3%,11
15740,"Samick Musical Instruments Co., Ltd.",KOSE:A002450,Information Technology,South Korea,46,-8%,10
15428,"Samick THK Co., Ltd.",KOSE:A004380,Information Technology,South Korea,55,7%,12
3194,"Samil Co.,Ltd.",KOSDAQ:A032280,Information Technology,South Korea,30,2%,13
3196,Samil Megatec Co. Ltd.,Private:Samil Meg Co. Ltd.,Information Technology,South Korea,75,-3%,23
15698,"Samji Electronics Co., Ltd.",KOSDAQ:A037460,Information Technology,South Korea,84,0%,24
15700,"Samjin LND Co., Ltd.",KOSDAQ:A054090,Information Technology,South Korea,84,-6%,25
15193,"Samjung Housing Co., Ltd.","Private:Samjung HCo., Ltd.",Information Technology,South Korea,85,-1%,25
3202,"Samkee Automotive Co., Ltd.",KOSDAQ:A122350,Information Technology,South Korea,97,-5%,8
3252,"SamkwangGlass Co.,Ltd.",KOSE:A005090,Information Technology,South Korea,62,-5%,9
3268,"Samnam Petrochemical Co., Ltd.","Private:Samnam PeCo., Ltd.",Information Technology,South Korea,88,7%,20
15412,"Sam-Oh Pharm Co., Ltd.","Private:Sam-Oh PhCo., Ltd.",Information Technology,South Korea,100,-6%,8
3271,Sampyo Corporation,Private:Sampyo Corporation,Information Technology,South Korea,40,1%,10
15440,"SAMPYO Elementary Material Co., Ltd.","Private:SAMPYO ElCo., Ltd.",Information Technology,South Korea,64,-6%,15
15662,"Sampyo Ind. Co.,Ltd.","Private:Sampyo In Co.,Ltd.",Information Technology,South Korea,24,7%,11
3279,"Samsung Biologics Co., Ltd.",KOSE:A207940,Information Technology,South Korea,8,-7%,14
3281,Samsung C&T Corporation,KOSE:A028260,Information Technology,South Korea,55,-4%,18
15442,"Samsung Card Co., Ltd.",KOSE:A029780,Information Technology,South Korea,55,-1%,19
15673,"Samsung Climate Control Co., Ltd.",KOSE:A006660,Information Technology,South Korea,70,-1%,5
15438,Samsung Electro-Mechanics Co. Ltd.,KOSE:A009150,Information Technology,South Korea,95,-2%,9
15725,Samsung Electronics Co. Ltd.,KOSE:A005930,Information Technology,South Korea,83,5%,8
16044,"Samsung Engineering Co., Ltd.",KOSE:A028050,Information Technology,South Korea,77,7%,23
15330,"Samsung Heavy Industries Co., Ltd.",KOSE:A010140,Information Technology,South Korea,89,6%,13
3334,"Samsung Life Insurance Co., Ltd.",KOSE:A032830,Information Technology,South Korea,52,-1%,7
15702,Samsung SDI Co. Ltd.,KOSE:A006400,Information Technology,South Korea,44,-3%,17
15675,"Samsung SDS Co., Ltd.",KOSE:A018260,Information Technology,South Korea,8,4%,22
15317,"SAMT Co., Ltd.",KOSDAQ:A031330,Information Technology,South Korea,14,-2%,14
3345,"Samwha Capacitor Co., Ltd",KOSE:A001820,Information Technology,South Korea,32,4%,10
15160,"Samwha Electric Co., Ltd.",KOSE:A009470,Information Technology,South Korea,14,-3%,13
15703,"Samwha Paper Co., Ltd.","Private:Samwha PaCo., Ltd.",Information Technology,South Korea,0,-1%,21
3346,"Samwon Tech Co.,Ltd.",KOSDAQ:A073640,Information Technology,South Korea,69,7%,8
15444,"SAMWONSTEEL Co.,Ltd.",KOSE:A023000,Information Technology,South Korea,81,3%,8
15364,"SamwooEms co., Ltd",KOSDAQ:A082660,Information Technology,South Korea,46,0%,16
15445,Samyang Chemical Ind. Ltd.,Private:Samyang CInd. Ltd.,Information Technology,South Korea,45,-3%,6
15665,Samyang Corporation,KOSE:A145990,Information Technology,South Korea,68,-5%,10
15161,Samyang Fine Technology Corporation,Private:Samyang Frporation,Information Technology,South Korea,74,-8%,24
15365,Samyang Holdings Corporation,KOSE:A000070,Information Technology,South Korea,35,4%,22
15446,"Samyang Metal Ind. Co., Ltd.","Private:Samyang MCo., Ltd.",Information Technology,South Korea,36,2%,11
15669,"Samyung ENC Co., Ltd.",KOSDAQ:A065570,Information Technology,South Korea,79,-7%,9
15194,"Sandpharm Co.,Ltd","Private:Sandpharmm Co.,Ltd",Information Technology,South Korea,53,4%,19
3393,Sangmi Foods Company Limited,Private:Sangmi Foy Limited,Information Technology,South Korea,7,-1%,21
3395,"SaraminHR Co.,LTD",KOSDAQ:A143240,Information Technology,South Korea,97,7%,15
15676,"SB Chemical Co., Ltd.","Private:SB ChemicCo., Ltd.",Information Technology,South Korea,60,2%,5
13968,"SBS Contents Hub Co.,Ltd.",KOSDAQ:A046140,Information Technology,South Korea,22,5%,20
15476,SBS Culture Foundation,Private:SBS Cultuoundation,Information Technology,South Korea,69,-7%,19
15196,"SBS E Plus Co., Ltd.","Private:SBS E PluCo., Ltd.",Information Technology,South Korea,92,0%,14
15666,"SBS Media Holdings Co., Ltd.",KOSE:A101060,Information Technology,South Korea,75,3%,16
3416,SBS-Viacom Ltd ,Private:SBS-Viacoacom Ltd ,Information Technology,South Korea,74,0%,7
15320,"SC Engineering Co., Ltd",KOSE:A023960,Information Technology,South Korea,65,6%,22
15418,"SCD Co., Ltd.",KOSDAQ:A042110,Information Technology,South Korea,65,5%,15
15450,"Schnell Biopharmaceuticals, Inc.",KOSE:A003060,Information Technology,South Korea,86,4%,25
15321,Scott North Asia Ltd,Private:Scott Nor Asia Ltd,Information Technology,South Korea,13,3%,20
15679,"SD System Co., Ltd.",KOSDAQ:A121890,Information Technology,South Korea,64,-2%,14
15168,SeAH Besteel Corporation,KOSE:A001430,Information Technology,South Korea,57,5%,13
3467,SeAH Holdings Corp.,KOSE:A058650,Information Technology,South Korea,81,-8%,24
3468,"SeAH Special Steel Co., Ltd.",KOSE:A019440,Information Technology,South Korea,84,4%,21
3472,SeAH Steel Corporation,KOSE:A003030,Information Technology,South Korea,53,6%,10
3491,"Sean Ind. Co.,Ltd.","Private:Sean Ind. Co.,Ltd.",Information Technology,South Korea,42,0%,18
3497,"Seatek Co., Ltd.","Private:Seatek CoCo., Ltd.",Information Technology,South Korea,29,-4%,15
15169,"sebang Co., Ltd.",KOSE:A004360,Information Technology,South Korea,4,-2%,6
15407,"Sebang Global Battery Co., Ltd.",KOSE:A004490,Information Technology,South Korea,80,-4%,22
15409,"Secucen Co.,Ltd.","Private:Secucen C Co.,Ltd.",Information Technology,South Korea,23,2%,23
15201,"Security Zone Co., Ltd.","Private:Security Co., Ltd.",Information Technology,South Korea,62,-4%,8
15325,"Seda Co., Ltd.","Private:Seda Co.,Co., Ltd.",Information Technology,South Korea,27,0%,8
3695,"Seegene, Inc.",KOSDAQ:A096530,Information Technology,South Korea,0,3%,10
3726,"Seetech Co., Ltd.","Private:Seetech CCo., Ltd.",Information Technology,South Korea,47,-6%,24
15203,"Seil Industry Co., Ltd.","Private:Seil InduCo., Ltd.",Information Technology,South Korea,12,-7%,19
15713,"Seil Mteck Co., Ltd.","Private:Seil MtecCo., Ltd.",Information Technology,South Korea,18,2%,19
15179,Sejin Electron Inc.,KOSDAQ:A080440,Information Technology,South Korea,82,-6%,17
22303,"Sejin Heavy Industries Co., Ltd.",KOSE:A075580,Information Technology,South Korea,9,3%,11
20567,"Sejong Industrial Co., Ltd.",KOSE:A033530,Information Technology,South Korea,46,-5%,9
22109,"Sejung Co., Ltd.","Private:Sejung CoCo., Ltd.",Information Technology,South Korea,99,-1%,10
20659,"Sekonix Co., Ltd.",KOSDAQ:A053450,Information Technology,South Korea,76,2%,20
22299,Selvas AI Inc.,KOSDAQ:A108860,Information Technology,South Korea,70,-2%,19
21228,"Selvas Co.,Ltd","Private:Selvas Cos Co.,Ltd",Information Technology,South Korea,82,-6%,15
20947,"Semicon Light Co., Ltd.",KOSDAQ:A214310,Information Technology,South Korea,79,-3%,25
20842,"Semocon Co.,Ltd","Private:Semocon Cn Co.,Ltd",Information Technology,South Korea,75,1%,22
21153,Sempio Company,KOSE:A007540,Information Technology,South Korea,76,7%,6
3486,"Semyung Electric Machinery Co., Ltd.",KOSDAQ:A017510,Information Technology,South Korea,88,7%,10
22298,"Senior Partner Co.,Ltd","Private:Senior Par Co.,Ltd",Information Technology,South Korea,37,-5%,5
21259,Seoam Machinery Industry Company Ltd.,KOSDAQ:A100660,Information Technology,South Korea,70,4%,6
21274,"Seobu T&D Co., Ltd.",KOSDAQ:A006730,Information Technology,South Korea,13,1%,16
21275,"Seohan Const. & Eng. Co., Ltd.",KOSDAQ:A011370,Information Technology,South Korea,76,8%,21
17532,"Seohan Enp Co.,Ltd","Private:Seohan Enp Co.,Ltd",Information Technology,South Korea,63,-5%,25
20537,"Seohan Industries Co.,Ltd","Private:Seohan Ins Co.,Ltd",Information Technology,South Korea,12,7%,8
21154,"Seohee Construction Co., Ltd.",KOSDAQ:A035890,Information Technology,South Korea,8,4%,6
22093,Seohwa Telecom Co.,KOSDAQ:A033790,Information Technology,South Korea,73,-2%,5
20702,"Seojeon Electric Machinery Co.,Ltd. ",KOSDAQ:A189860,Information Technology,South Korea,67,4%,18
21290,"Seong An co., Ltd",KOSE:A011300,Information Technology,South Korea,38,5%,5
20535,Seongil Industrial Co. Ltd.,Private:Seongil I Co. Ltd.,Information Technology,South Korea,44,-8%,22
20534,Seoul Broadcasting System,KOSE:A034120,Information Technology,South Korea,75,-5%,8
21544,"Seoul City Development Co., Ltd.","Private:Seoul CitCo., Ltd.",Information Technology,South Korea,21,-6%,18
22302,"Seoul City Gas Co., Ltd.",KOSE:A017390,Information Technology,South Korea,96,0%,25
20704,"Seoul Compressed Natural Gas Co., Ltd.","Private:Seoul ComCo., Ltd.",Information Technology,South Korea,17,-6%,7
21333,"Seoul Electronics & Telecom Co., Ltd.",KOSDAQ:A027040,Information Technology,South Korea,20,-2%,11
20906,"Seoul Integrated Freight Terminal Asset Management Co., Ltd.","Private:Seoul IntCo., Ltd.",Information Technology,South Korea,73,5%,15
22097,"Seoul Metal Co., Ltd.","Private:Seoul MetCo., Ltd.",Information Technology,South Korea,100,-6%,13
21351,Seoul Metro,Private:Seoul Metoul Metro,Information Technology,South Korea,96,7%,18
21354,Seoul Metropolitan Government,Private:Seoul Metovernment,Information Technology,South Korea,26,-2%,21
20938,Seoul Metropolitan Rapid Transit Corporation,Private:Seoul Metrporation,Information Technology,South Korea,34,-5%,19
17730,Seoul National University,Private:Seoul Natniversity,Information Technology,South Korea,99,7%,6
17878,Seoul National University Hospital,Private:Seoul Nat Hospital,Information Technology,South Korea,29,4%,8
20872,"Seoul Tunnel Co., Ltd.","Private:Seoul TunCo., Ltd.",Information Technology,South Korea,87,-2%,9
21376,"Seouleaguer Co., Ltd.",Private:Seoul Ltd.,Information Technology,South Korea,92,1%,14
20589,"Seowon Co., Ltd.",KOSE:A021050,Information Technology,South Korea,71,3%,24
21401,"Seoyeon Co., Ltd.",KOSE:A007860,Information Technology,South Korea,17,7%,18
18304,"Seoyon E-Hwa Co., Ltd.",KOSE:A200880,Information Technology,South Korea,0,-1%,22
17852,"Seoyon Topmetal Co., Ltd.",KOSDAQ:A019770,Information Technology,South Korea,91,6%,22
21270,"Seunghwa Pretech Co., Ltd.","Private:Seunghwa Co., Ltd.",Information Technology,South Korea,3,-5%,7
20728,Seungil Co.Ltd,KOSDAQ:A049830,Information Technology,South Korea,73,6%,8
21449,"Sewon Cellontech Co., Ltd.",KOSE:A091090,Information Technology,South Korea,18,2%,25
20948,Sewon Corporation,KOSDAQ:A024830,Information Technology,South Korea,33,-2%,12
21150,Sewon Engineering Industry Co. Ltd.,Private:Sewon Eng Co. Ltd.,Information Technology,South Korea,64,0%,7
21464,"SEWON Precision Industry Co., Ltd.",KOSE:A021820,Information Technology,South Korea,24,-2%,13
22300,"Sewon Technology Co., Ltd","Private:Sewon Tec Co., Ltd",Information Technology,South Korea,52,1%,5
17330,"SFA Semicon Co., Ltd.",KOSDAQ:A036540,Information Technology,South Korea,52,-3%,20
22301,"S-FORM Co., Ltd.",KOSDAQ:A018310,Information Technology,South Korea,69,2%,21
21651,"SG Choongbang Co., Ltd.",KOSE:A001380,Information Technology,South Korea,37,2%,10
20882,"SG Golf Co.,Ltd","Private:SG Golf Cf Co.,Ltd",Information Technology,South Korea,61,7%,20
21485,SG Koryo Co. Ltd.,Private:SG Koryo  Co. Ltd.,Information Technology,South Korea,95,-3%,25
21152,SG&G Corporation,KOSDAQ:A040610,Information Technology,South Korea,68,2%,12
17439,"SGA Co., Ltd.",KOSDAQ:A049470,Information Technology,South Korea,25,7%,24
21151,"SGA Co.,Ltd","Private:SGA Co.,LA Co.,Ltd",Information Technology,South Korea,27,-1%,15
20626,"SGA Solutions Co.,Ltd.",KOSDAQ:A184230,Information Technology,South Korea,4,3%,22
17393,"SGA Systems Co., Ltd.",Konex:232290,Information Technology,South Korea,70,-2%,15
21515,"SH Energy & Chemical Co., Ltd.",KOSE:A002360,Information Technology,South Korea,51,4%,17
22112,"Shanghai Caregen Trading co,. Ltd. ","Private:Shanghai o,. Ltd. ",Information Technology,South Korea,75,7%,9
22304,"Shany Co., Ltd.","Private:Shany Co.Co., Ltd.",Information Technology,South Korea,63,-7%,15
21527,"Shenzhen Jhong Times Technical Co.,Ltd.","Private:Shenzhen  Co.,Ltd.",Information Technology,South Korea,78,1%,13
17715,Shin Daehan Panji Company Limited,Private:Shin Daehy Limited,Information Technology,South Korea,79,-7%,13
21534,"Shin Han Spinning Co., Ltd.","Private:Shin Han Co., Ltd.",Information Technology,South Korea,80,7%,24
3211,Shin Hwa Silup Co. Ltd.,KOSE:A001770,Materials,South Korea,3,3%,8
3585,"Shin Pyeongtaek Power Co., LTD.","Private:Shin PyeoCo., LTD.",Materials,South Korea,77,8%,17
15370,"Shinchang Connector Co., Ltd.","Private:ShinchangCo., Ltd.",Materials,South Korea,94,-7%,20
3487,Shinchon Severance Hospital,Private:Shinchon  Hospital,Materials,South Korea,93,-8%,16
3559,Shindaewon Engineering ,Private:Shindaewoineering ,Materials,South Korea,35,1%,13
15527,"Shindaeyang Paper Co., Ltd.",KOSE:A016590,Materials,South Korea,48,3%,14
3741,"Shinhan Eddie Peace Co.,Ltd","Private:Shinhan Ee Co.,Ltd",Materials,South Korea,12,7%,12
15173,Shinhan Financial Group Company Limited,KOSE:A055550,Materials,South Korea,9,1%,20
3587,Shinil Industrial Co. Ltd.,KOSE:A002700,Materials,South Korea,24,4%,23
3298,"Shinjin FS Co., Ltd.","Private:Shinjin FCo., Ltd.",Materials,South Korea,67,-3%,18
3441,Shinsegae Engineering & Construction Inc.,KOSE:A034300,Materials,South Korea,57,-7%,10
15458,"Shinsegae Food Co., Ltd.",KOSE:A031440,Materials,South Korea,82,4%,10
3616,Shinsegae Inc.,KOSE:A004170,Materials,South Korea,47,-1%,10
3122,"SHINSEGAE Information & Communication Co., LTD",KOSE:A035510,Materials,South Korea,74,-6%,15
3619,"Shinsegae International Co., Ltd.",KOSE:A031430,Materials,South Korea,68,5%,7
3625,"Shinsegae Simon Co., Ltd.","Private:ShinsegaeCo., Ltd.",Materials,South Korea,99,3%,24
3333,"Shinsung Delta Tech Co., Ltd",KOSDAQ:A065350,Materials,South Korea,57,5%,8
3680,Shinsung ENG Co. Ltd.,KOSE:A104110,Materials,South Korea,82,8%,22
3660,"Shinsung FA Co., Ltd.",KOSE:A104120,Materials,South Korea,18,-1%,25
3341,"Shinsung Solar Energy Co., Ltd.",KOSE:A011930,Materials,South Korea,31,4%,11
15485,"Shinsung Tongsang Co., Ltd.",KOSE:A005390,Materials,South Korea,44,7%,7
3797,Shinwha Intertek Corporation,KOSDAQ:A056700,Materials,South Korea,57,5%,23
3701,"SHINWON Construction co.,Ltd.",KOSDAQ:A017000,Materials,South Korea,89,8%,17
3531,"Shinyang Auracom Display Co., Ltd.",KOSDAQ:A086830,Materials,South Korea,86,4%,10
3389,"SI Construction Co., Ltd.","Private:SI ConstrCo., Ltd.",Materials,South Korea,19,-7%,16
3569,Signetics Corporation,KOSDAQ:A033170,Materials,South Korea,3,-6%,10
3653,"Silicon Works Co., Ltd.",KOSDAQ:A108320,Materials,South Korea,87,6%,25
3525,"SILLA Co., Ltd",KOSE:A004970,Materials,South Korea,39,1%,8
3159,Silla Engineering Co. Ltd.,Private:Silla Eng Co. Ltd.,Materials,South Korea,72,-5%,17
3750,"Silla Holdings Co.,Ltd","Private:Silla Hols Co.,Ltd",Materials,South Korea,89,1%,23
3509,"SILLA SG Co., Ltd",KOSDAQ:A025870,Materials,South Korea,60,-6%,19
3150,Silla Textile Co. Ltd.,KOSDAQ:A001000,Materials,South Korea,16,0%,20
3796,"Simmons-K. Co., Ltd.","Private:Simmons-KCo., Ltd.",Materials,South Korea,49,-8%,6
3579,"SimmTech Co., Ltd.",KOSDAQ:A222800,Materials,South Korea,31,0%,7
3570,"Simmtech Holdings Co., Ltd.",KOSDAQ:A036710,Materials,South Korea,62,7%,21
3506,Simone Accessories Collection Ltd,Private:Simone Acction Ltd,Materials,South Korea,86,-3%,5
3185,"Sincetimes Co., Ltd.",KOSDAQ:A056000,Materials,South Korea,58,-5%,11
3492,Sinchang Connector Co Ltd,Private:Sinchang or Co Ltd,Materials,South Korea,58,8%,9
3498,"Sindongyang Construction Co., Ltd.","Private:SindongyaCo., Ltd.",Materials,South Korea,92,8%,11
15536,"Sinokor Merchant Marine Co., Ltd.","Private:Sinokor MCo., Ltd.",Materials,South Korea,12,2%,20
3696,"Sion Medical Co., Ltd.","Private:Sion MediCo., Ltd.",Materials,South Korea,43,6%,6
3661,Sisajunior Co. Ltd.,Private:Sisajunio Co. Ltd.,Materials,South Korea,55,5%,22
3596,"Si-Sa-Young-O-Sa, Inc.","Private:Si-Sa-You-Sa, Inc.",Materials,South Korea,82,-7%,22
3539,"SJM Co., Ltd.",KOSE:A123700,Materials,South Korea,23,7%,8
15624,"SJM Holdings Co., Ltd.",KOSE:A025530,Materials,South Korea,37,6%,12
3419,"SK Chemicals Co.,Ltd",KOSE:A006120,Materials,South Korea,43,5%,10
3266,"SK Communications Co., Ltd.",KOSDAQ:A066270,Materials,South Korea,42,4%,9
3553,SK D&D Co. Ltd.,KOSE:A210980,Materials,South Korea,60,1%,24
3710,SK E&C Co. Ltd.,Konex:003340,Materials,South Korea,15,5%,19
3457,"SK Gas Co., Ltd.",KOSE:A018670,Materials,South Korea,67,-8%,19
3668,"SK Holdings Co., Ltd.",KOSE:A034730,Materials,South Korea,19,-4%,13
3555,SK Hynix Inc.,KOSE:A000660,Materials,South Korea,81,-1%,16
3822,"SK Innovation Co., Ltd.",KOSE:A096770,Materials,South Korea,31,-2%,21
3129,SK Materials Co. Ltd.,KOSDAQ:A036490,Materials,South Korea,38,-1%,22
3719,SK Networks Company Ltd.,KOSE:A001740,Materials,South Korea,92,-3%,11
3445,"SK Securities Co., Ltd.",KOSE:A001510,Materials,South Korea,96,-8%,14
3709,SK Telecom Co. Ltd.,KOSE:A017670,Materials,South Korea,2,-8%,6
3313,"SK Telink Co., Ltd.",Konex:043880,Materials,South Korea,67,-5%,23
3507,"SKbioland Co., Ltd.",KOSDAQ:A052260,Materials,South Korea,9,1%,24
3610,"SKC Co., Ltd.",KOSE:A011790,Materials,South Korea,75,8%,8
15346,"SKC Hass Display Film Co.,Ltd","Private:SKC Hass m Co.,Ltd",Materials,South Korea,89,-8%,19
3285,"SKC solmics Co., Ltd.",KOSDAQ:A057500,Materials,South Korea,78,5%,10
3594,"SKCKOLONPI, Inc.",KOSDAQ:A178920,Materials,South Korea,36,2%,16
15658,SLW Automotive Inc,Private:SLW Automotive Inc,Materials,South Korea,41,-2%,13
15439,"SM Culture & Contents Co., Ltd.",KOSDAQ:A048550,Materials,South Korea,63,-7%,8
3627,"SM Power Tech Co.,Ltd","Private:SM Power h Co.,Ltd",Materials,South Korea,61,-6%,15
3611,"Smart F & D Co., Ltd.","Private:Smart F &Co., Ltd.",Materials,South Korea,69,7%,12
3614,"Smart Medialab Co.,Ltd","Private:Smart Medb Co.,Ltd",Materials,South Korea,74,0%,8
15620,"Smartrail co., ltd","Private:Smartrail co., ltd",Materials,South Korea,22,4%,22
3823,Smr Hyosang Automotive Ltd.,Private:Smr Hyosive Ltd.,Materials,South Korea,47,2%,8
3776,SMT Chemical Co. Ltd.,Private:SMT Chemi Co. Ltd.,Materials,South Korea,58,-5%,8
3698,"SMT Korea Co.,Ltd","Private:SMT Koreaa Co.,Ltd",Materials,South Korea,95,5%,14
3630,"SNI Co.,Ltd","Private:SNI Co.,LI Co.,Ltd",Materials,South Korea,18,-2%,12
15404,"SNNC Co., Ltd","Private:SNNC Co., Co., Ltd",Materials,South Korea,92,-2%,25
15573,"SNS CO,LTD.","Private:SNS CO,LTS CO,LTD.",Materials,South Korea,72,-4%,14
15613,"SNTEK Co., Ltd.",KOSDAQ:A160600,Materials,South Korea,64,-3%,25
3404,"SoftCamp Co., Ltd.",Konex:210610,Materials,South Korea,14,6%,20
3693,"Softcen Co., Ltd.",KOSDAQ:A032680,Materials,South Korea,77,0%,16
15580,S-Oil Corporation,KOSE:A010950,Materials,South Korea,15,-8%,20
15603,Solacia Corp.,KOSDAQ:A070300,Materials,South Korea,39,8%,17
3649,"Solborn, Inc.",KOSDAQ:A035610,Materials,South Korea,36,-2%,23
3800,"Solueta Co., Ltd.",KOSDAQ:A154040,Materials,South Korea,82,1%,16
3592,"Solution Advanced Technology Co., Ltd.",Konex:158300,Materials,South Korea,93,2%,20
3510,Songdo U-Life Llc,Private:Songdo U--Life Llc,Materials,South Korea,1,1%,16
15581,"Sony Pictures Television Networks Korea, Ltd.","Private:Sony Pictrea, Ltd.",Materials,South Korea,68,6%,22
3396,"Sooin Pharma Co.,Ltd","Private:Sooin Phaa Co.,Ltd",Materials,South Korea,91,-4%,25
3416,"Soosung Lift Mfg. Co., Ltd.",KOSDAQ:A084180,Materials,South Korea,65,8%,20
15339,Sorin Information Technology Corporation,Private:Sorin Infrporation,Materials,South Korea,91,6%,9
15660,"Soulbrain Co.,Ltd.",KOSDAQ:A036830,Materials,South Korea,8,-7%,14
3664,South Korea Government,Private:Koreagovernment,Materials,South Korea,1,1%,6
15135,"Southcape Co., Ltd.","Private:SouthcapeCo., Ltd.",Materials,South Korea,23,-8%,11
3665,"South-Seoul LRT Co., Ltd.","Private:South-SeoCo., Ltd.",Materials,South Korea,81,6%,13
3613,"Sowha Service Co., Ltd.","Private:Sowha SerCo., Ltd.",Materials,South Korea,69,-5%,19
3189,"SPC Samlip Co., Ltd.",KOSE:A005610,Materials,South Korea,53,-5%,19
3123,SPECO Ltd.,KOSDAQ:A013810,Materials,South Korea,93,7%,16
3582,Spenocom Co. Ltd.,Private:Spenocom  Co. Ltd.,Materials,South Korea,55,-1%,10
3301,"SPG Co., Ltd.",KOSDAQ:A058610,Materials,South Korea,86,8%,5
3410,"Spicy Color,Inc.","Private:Spicy Cololor,Inc.",Materials,South Korea,21,2%,12
3769,"SPL Co.,Ltd","Private:SPL Co.,LL Co.,Ltd",Materials,South Korea,17,-6%,18
15618,"SR I-TECH Co, Ltd","Private:SR I-TECHH Co, Ltd",Materials,South Korea,26,2%,21
3676,"Ss Auto Co.,Ltd.","Private:Ss Auto C Co.,Ltd.",Materials,South Korea,94,-8%,24
15419,"Ssangyong Cement Industrial Co., Ltd.",KOSE:A003410,Materials,South Korea,30,2%,7
3117,Ssangyong Information & Communications Corp.,KOSDAQ:A010280,Materials,South Korea,50,-4%,25
15175,Ssangyong Materials Corp.,KOSE:A047400,Materials,South Korea,81,-7%,6
3548,"SsangYong Motor Co., Ltd.",KOSE:A003620,Materials,South Korea,67,-6%,17
3552,"SSK Tool Co., Ltd.","Private:SSK Tool Co., Ltd.",Materials,South Korea,42,-3%,12
3556,"ST Co.,Ltd","Private:ST Co.,LtT Co.,Ltd",Materials,South Korea,51,-1%,5
3567,ST Pharm Co. Ltd.,KOSDAQ:A237690,Materials,South Korea,70,0%,20
15324,"ST&I Co., Ltd","Private:ST&I Co.Co., Ltd",Materials,South Korea,13,6%,18
15614,"Star House Co.,Ltd","Private:Star House Co.,Ltd",Materials,South Korea,45,7%,6
3126,"Star Investment Development Co., Ltd.","Private:Star InveCo., Ltd.",Materials,South Korea,43,-8%,13
3597,"Steel Flower Co., Ltd.",KOSDAQ:A087220,Materials,South Korea,100,4%,16
3152,"STI Co., Ltd.",KOSDAQ:A039440,Materials,South Korea,61,-5%,5
15055,"sTraffic Co., Ltd.","Private:sTraffic Co., Ltd.",Materials,South Korea,78,7%,25
3297,STX Corporation,KOSE:A011810,Materials,South Korea,13,2%,13
15540,"STX Engine Co., Ltd.",KOSE:A077970,Materials,South Korea,33,2%,17
3401,"STX Heavy Industries Co., Ltd.",KOSE:A071970,Materials,South Korea,94,-7%,17
3704,"STX Offshore & Shipbuilding Co., Ltd.",Private:STX O Ltd.,Materials,South Korea,57,-4%,24
3289,"Sun Technologies Co., Ltd.",KOSDAQ:A122800,Materials,South Korea,96,5%,14
3817,SundayToz Corporation,KOSDAQ:A123420,Materials,South Korea,29,1%,11
3335,Sung Bo Chemicals Co. Ltd.,KOSE:A003080,Materials,South Korea,86,2%,13
3216,Sung Sim Medical Supply Co. Ltd.,Private:Sung Sim  Co. Ltd.,Materials,South Korea,57,-4%,12
15519,"Sungan Co., Ltd.","Private:Sungan CoCo., Ltd.",Materials,South Korea,1,3%,8
3459,"Sungchang Autotech Co., Ltd.",KOSDAQ:A080470,Materials,South Korea,62,1%,22
3642,Sungdo Engineering & Construction Co. Ltd.,KOSDAQ:A037350,Materials,South Korea,27,6%,13
15556,"Sunggwang Co.,Ltd.","Private:Sunggwang Co.,Ltd.",Materials,South Korea,87,6%,11
3121,"Sunghwa Co., Ltd.",Private:Sungh Ltd.,Materials,South Korea,9,5%,24
3336,"Sunghwa Food Co., Ltd.","Private:Sunghwa o., Ltd.",Materials,South Korea,23,6%,22
15534,"Sungil Chemical Co., Ltd.","Private:Sungil ChCo., Ltd.",Materials,South Korea,58,2%,13
3711,"Sungjee Construction Co., Ltd.",KOSE:A005980,Materials,South Korea,100,-3%,23
3529,sungjoo group,Private:sungjoo gjoo group,Materials,South Korea,52,-1%,11
15504,Sungkwang Medical Foundation,Private:Sungkwangoundation,Materials,South Korea,50,-3%,19
3527,"Sungshin Cement Co., Ltd",KOSE:A004980,Materials,South Korea,38,6%,24
3340,"Sungshin Co., Ltd.","Private:Sungshin Co., Ltd.",Materials,South Korea,92,2%,15
15625,Sungshin tech,Private:Sungshin shin tech,Materials,South Korea,53,4%,11
3408,"Sungwoo Hitech Co., Ltd.",KOSDAQ:A015750,Materials,South Korea,98,5%,10
3136,"Sungwoo Mulsan Co.,Ltd","Private:Sungwoo Mn Co.,Ltd",Materials,South Korea,8,0%,5
3603,SUNILINDUSTRIAL Co. Ltd,Private:SUNILINDUL Co. Ltd,Materials,South Korea,36,0%,16
3662,"Sunjin Co.,Ltd.",KOSE:A136490,Materials,South Korea,45,-2%,25
3205,Sunjin Hanmaeul Co. Ltd.,Private:Sunjin HCo. Ltd.,Materials,South Korea,18,-8%,23
15358,"Sunjinham Co.,Ltd","Private:Sunjinhamm Co.,Ltd",Materials,South Korea,86,1%,16
3158,Sunny Electronics Corp.,KOSE:A004770,Materials,South Korea,56,-2%,10
15672,"Sunwoo Crankshaft Co., Ltd.","Private:Sunwoo CrCo., Ltd.",Materials,South Korea,77,0%,5
15156,Suprema HQ Inc.,KOSDAQ:A094840,Materials,South Korea,40,1%,13
15361,Suprema Inc.,KOSDAQ:A236200,Materials,South Korea,77,7%,17
15722,"System Engineering Mega Solution Co., Ltd.",XKFB:042380,Materials,South Korea,85,1%,22
16019,"T&L Co.,Ltd","Private:T&L Co.,LL Co.,Ltd",Materials,South Korea,2,2%,6
15162,"Tae Kwang Power Holdings Co., Ltd.","Private:Tae KwangCo., Ltd.",Materials,South Korea,6,7%,12
15318,Tae Kyung Chemical Co. Ltd.,KOSE:A006890,Materials,South Korea,8,-3%,19
3370,"Tae Won Mulsan Co., Ltd.",KOSE:A001420,Materials,South Korea,58,-7%,15
15704,Taechang Corporation,Private:Taechang rporation,Materials,South Korea,51,-2%,16
15165,Taegu Broadcasting Corporation,KOSDAQ:A033830,Materials,South Korea,43,3%,19
15166,Taeheung Corporation,Private:Taeheung rporation,Materials,South Korea,94,1%,19
15341,"Taekwang Industrial Co., Ltd.",KOSE:A003240,Materials,South Korea,55,-6%,20
15680,"TaeKyung Industrial Co., Ltd.",KOSE:A015890,Materials,South Korea,86,1%,8
15322,"Taesang Co., Ltd","Private:Taesang C Co., Ltd",Materials,South Korea,71,2%,13
15743,"Taeshin Inpack Co., Ltd.","Private:Taeshin ICo., Ltd.",Materials,South Korea,89,-4%,13
15209,Taesung Industrial Co. Ltd.,Private:Taesung I Co. Ltd.,Materials,South Korea,73,1%,17
15681,Taewang E&C Co. Ltd.,Private:Taewang E Co. Ltd.,Materials,South Korea,34,-5%,14
15198,Taewoong Co. Ltd.,KOSDAQ:A044490,Materials,South Korea,84,2%,8
15744,TAEYANG Corporation,KOSDAQ:A053620,Materials,South Korea,9,4%,23
15338,"Taeyang Metal Industrial Co., Ltd.",KOSE:A004100,Materials,South Korea,85,5%,15
15368,"Taeyoung Engineering & Construction Co.,Ltd.",KOSE:A009410,Materials,South Korea,96,-4%,8
3541,Taeyoung Industry Corp.,Private:Taeyoung try Corp.,Materials,South Korea,7,-7%,7
15405,Tai Sung Industrial Company Ltd.,Private:Tai Sung pany Ltd.,Materials,South Korea,6,8%,14
15731,"Taihan Copper Tech Co., Ltd.","Private:Taihan CoCo., Ltd.",Materials,South Korea,13,-7%,8
3564,"Taihan Electric Wire Co., Ltd.",KOSE:A001440,Materials,South Korea,52,7%,12
15668,Taihan Fiberoptics Co. Ltd.,KOSDAQ:A010170,Materials,South Korea,26,3%,19
3609,"Taihan Textile Co., Ltd.",KOSE:A001070,Materials,South Korea,42,3%,19
3628,"Tailim Packaging Co., Ltd.",KOSE:A011280,Materials,South Korea,67,-4%,25
3655,"Tailim Paper Co., Ltd.","Private:Tailim PaCo., Ltd.",Materials,South Korea,0,0%,23
3663,"TCC Engineering Co.,Ltd","Private:TCC Enging Co.,Ltd",Materials,South Korea,81,1%,16
15130,"TCC Metal Co.,Ltd","Private:TCC Metall Co.,Ltd",Materials,South Korea,13,-6%,18
15326,TCC Steel Corp.,KOSE:A002710,Materials,South Korea,79,-1%,5
15463,TCC Trading Corp.,Private:TCC Tradiing Corp.,Materials,South Korea,3,8%,21
15416,Techcross Inc.,Private:Techcrossross Inc.,Materials,South Korea,15,-8%,6
15659,"Techpack Solutions Co., Ltd.","Private:Techpack Co., Ltd.",Materials,South Korea,48,2%,7
15213,"TechWing, Inc.",KOSDAQ:A089030,Materials,South Korea,19,-5%,5
15134,"Teems, Inc.",KOSE:A134790,Materials,South Korea,81,2%,10
3818,"Teesy Co., Ltd.","Private:Teesy Co.Co., Ltd.",Materials,South Korea,58,-7%,9
3820,Telcoin Company Limited,Private:Telcoin Cy Limited,Materials,South Korea,3,-8%,8
3821,"Telcon Co., Ltd.",KOSDAQ:A200230,Materials,South Korea,51,-6%,25
7409,"Telcoware Co., Ltd.",KOSE:A078000,Materials,South Korea,7,-1%,5
21179,Tera Semicon Corporation,KOSDAQ:A123100,Materials,South Korea,0,4%,12
21157,"TES Co, Ltd.",KOSDAQ:A095610,Materials,South Korea,32,-3%,24
20655,"Texcell-NetCom Co., Ltd.",KOSDAQ:A038540,Materials,South Korea,73,-5%,13
21192,"The Asia Business Daily Co., Ltd.",KOSDAQ:A127710,Materials,South Korea,19,6%,18
21155,"The Chosun Ilbo Co., Ltd.","Private:The Choso., Ltd.",Materials,South Korea,72,-7%,14
17525,"The Chosun News Press Co., Ltd.","Private:The ChosuCo., Ltd.",Materials,South Korea,76,6%,22
21159,"The E&M Co., Ltd.",KOSDAQ:A089230,Materials,South Korea,20,-7%,13
20951,The Export-Import Bank of Korea,Private:The Expor of Korea,Materials,South Korea,3,8%,15
21233,The Korea Economic Daily,Private:The Koreamic Daily,Materials,South Korea,14,-6%,6
21242,"The Korea Information Certificate Authority, Incorporated",KOSDAQ:A053300,Materials,South Korea,50,2%,25
21245,The Korean Agency For Defense Development,Private:The Koreavelopment,Materials,South Korea,97,8%,5
20546,"The Military Mutual Aid Association Co., Ltd.","Private:The MilitCo., Ltd.",Materials,South Korea,15,-7%,14
21246,The Province of Chungcheongnam-do,Private:The Proviongnam-do,Materials,South Korea,71,-6%,18
20558,"The Sports Seoul Co., Ltd.",KOSDAQ:A039670,Materials,South Korea,75,8%,9
20693,"Theragen Etex Co.,Ltd.",KOSDAQ:A066700,Materials,South Korea,94,4%,13
21253,THT Corporation,Private:THT Corporporation,Materials,South Korea,73,3%,21
20712,"TigerElec Co., Ltd.",KOSDAQ:A219130,Materials,South Korea,35,6%,7
21254,TK Chemical Corporation,KOSDAQ:A104480,Materials,South Korea,5,3%,15
20840,TLi Inc.,KOSDAQ:A062860,Materials,South Korea,21,-2%,16
21255,"Tong Yang A&D Co., Ltd","Private:Tong Yang Co., Ltd",Materials,South Korea,17,6%,24
21327,"Tong Yang Moolsan Co., Ltd.",KOSE:A002900,Materials,South Korea,92,0%,21
21162,Tongdo Logistics Co.-Ltd,Private:Tongdo Los Co.-Ltd,Materials,South Korea,80,0%,16
21160,TONGYANG Cement & Energy Corporation,KOSDAQ:A038500,Materials,South Korea,39,-5%,5
21295,Tongyang Inc.,KOSE:A001520,Materials,South Korea,85,7%,24
20946,TONGYANG NETWORKS Corporation,KOSE:A030790,Materials,South Korea,32,1%,11
20647,Tongyang Pile Inc.,KOSDAQ:A228340,Materials,South Korea,31,3%,5
21296,"TONYMOLY Co.,Ltd.",KOSE:A214420,Materials,South Korea,83,3%,9
20656,Top Engineering Co. Ltd.,KOSDAQ:A065130,Materials,South Korea,38,-1%,18
21299,Toray Chemical Korea Inc.,KOSE:A008000,Materials,South Korea,44,-7%,18
21300,"Total Solutions & Power Co., Ltd.","Private:Total SolCo., Ltd.",Materials,South Korea,18,5%,25
20807,"TPC Co., Ltd.",KOSDAQ:A130740,Materials,South Korea,24,-6%,23
21315,Tribons Corporation,Private:Tribons Crporation,Materials,South Korea,40,-1%,17
21163,Truwin Company Limited,KOSDAQ:A105550,Materials,South Korea,31,-1%,12
21337,"TSD Co., Ltd.","Private:TSD Co., Co., Ltd.",Materials,South Korea,27,8%,9
21339,"Tse Co., Ltd.",KOSDAQ:A131290,Materials,South Korea,17,-8%,15
20837,"Uamco., Ltd.","Private:Uamco., Lco., Ltd.",Materials,South Korea,48,1%,8
21416,UANGEL Corporation,KOSE:A072130,Materials,South Korea,11,0%,22
21161,"UBCare Co., Ltd.",KOSDAQ:A032620,Materials,South Korea,38,-3%,14
20644,"UbiNS Co., Ltd.","Private:UbiNS Co.Co., Ltd.",Materials,South Korea,69,-7%,5
21357,Ubiquoss Inc.,KOSDAQ:A078070,Materials,South Korea,55,2%,19
20699,Uclick Co. Ltd.,Private:Uclick Co Co. Ltd.,Materials,South Korea,39,5%,13
21359,"UIM Entertainment Co., Ltd.",KOSDAQ:A043220,Materials,South Korea,9,-4%,16
21361,"UJU Electronics Co., Ltd.",KOSDAQ:A065680,Materials,South Korea,33,2%,5
21364,"Ulsan DongBang I Port Co., Ltd.","Private:Ulsan DonCo., Ltd.",Materials,South Korea,20,-3%,16
20548,"Ulsan Harbor Bridge Co.,Ltd","Private:Ulsan Hare Co.,Ltd",Materials,South Korea,59,-3%,21
20818,Ulsan Port Authority,Private:Ulsan PorAuthority,Materials,South Korea,38,2%,23
20662,"Uni-Chem Co., Ltd.",KOSE:A011330,Materials,South Korea,10,2%,5
21407,"Unicity Korea, Co., Ltd.","Private:Unicity KCo., Ltd.",Materials,South Korea,91,7%,5
20545,UNICK Corporation,KOSDAQ:A011320,Materials,South Korea,6,-7%,6
20816,"Unicorn Co.,Ltd","Private:Unicorn Cn Co.,Ltd",Materials,South Korea,73,-5%,7
21430,UNID Company Ltd.,KOSE:A014830,Materials,South Korea,10,-3%,25
21440,Unidus Corp.,KOSDAQ:A044480,Materials,South Korea,62,1%,12
21455,Union Corporation,KOSE:A000910,Materials,South Korea,95,-2%,14
21456,UNIPOINT Corp.,Private:UNIPOCorp.,Materials,South Korea,78,2%,6
20653,Uniquest Corporation,KOSE:A077500,Materials,South Korea,30,-7%,18
20634,Unison Co. Ltd.,KOSDAQ:A018000,Materials,South Korea,29,-7%,10
20941,"United Bio Co.,Ltd","Private:United Bio Co.,Ltd",Materials,South Korea,57,-3%,9
21458,University Of Ulsan,Private:Universit Of Ulsan,Materials,South Korea,8,6%,12
21156,Upo World Agriculture Corporation Incorporated,Private:Upo Worldorporated,Materials,South Korea,87,-4%,17
21462,"Valeo Pyeong Hwa Co.,Ltd.","Private:Valeo Pye Co.,Ltd.",Materials,South Korea,34,6%,20
20821,"Valeo Samsung Thermal Systems Co., Ltd.","Private:Valeo SamCo., Ltd.",Materials,South Korea,81,-5%,12
20909,"Value Added Technology Co., Ltd.",KOSDAQ:A043150,Materials,South Korea,7,0%,17
21482,Vatech America INC.,Private:Vatech Amrica INC.,Materials,South Korea,48,5%,9
21488,"Vatech Dental
 Manufacturing Ltd.",Private:Vatech Dering Ltd.,Materials,South Korea,56,2%,20
20867,"Vatech Global Co., Ltd.","Private:Vatech GlCo., Ltd.",Materials,South Korea,25,-8%,9
20847,"Vatech Korea Co., Ltd.","Private:Vatech KoCo., Ltd.",Materials,South Korea,12,-7%,20
21492,Vatech Networks,Private:Vatech Ne Networks,Materials,South Korea,72,6%,16
21493,"Very Good Leisure Co., Ltd.",KOSDAQ:A094850,Materials,South Korea,59,4%,23
21495,VirtualTek Corporation,KOSDAQ:A036620,Materials,South Korea,29,-2%,22
21496,"VITZRO C&C Co., Ltd.","Private:VITZRO C&Co., Ltd.",Materials,South Korea,24,-3%,5
21497,"Vitzro Media Co.,Ltd.","Private:Vitzro Me Co.,Ltd.",Materials,South Korea,14,6%,10
21502,"Vitzro Wetech Co.,Ltd.","Private:Vitzro We Co.,Ltd.",Materials,South Korea,4,2%,7
20924,"VitzroSys. Co., Ltd",KOSDAQ:A054220,Materials,South Korea,14,6%,15
20833,"VP Korea Co., Ltd.","Private:VP Korea Co., Ltd.",Materials,South Korea,49,-8%,14
21529,"Wallsan Co., Ltd.","Private:Wallsan CCo., Ltd.",Materials,South Korea,34,6%,12
20442,"Waps Co., Ltd.",KOSDAQ:A196700,Materials,South Korea,22,-5%,10
22326,"Wave Electronics Co., Ltd.",KOSDAQ:A095270,Others,South Korea,84,5%,24
22327,Webzen Inc.,KOSDAQ:A069080,Others,South Korea,98,-5%,7
17516,Welcron Company Limited,KOSDAQ:A065950,Others,South Korea,87,-7%,5
20883,"Welcron Hantec Co., Ltd.",KOSDAQ:A076080,Others,South Korea,45,-1%,6
17443,"Welcron Kangwon Co., Ltd.",KOSDAQ:A114190,Others,South Korea,69,4%,18
22322,"WeMade Entertainment Co., Ltd.",KOSDAQ:A112040,Others,South Korea,22,1%,16
20478,"WeMade Online Co., Ltd.","Private:WeMade OnCo., Ltd.",Others,South Korea,11,-4%,21
17795,West Pyeongtaek Tank Terminal,Private:West Pyeo Terminal,Others,South Korea,53,-8%,18
22343,"Widwin Holdings Co.,Ltd.","Private:Widwin Ho Co.,Ltd.",Others,South Korea,61,-5%,11
22328,"Winhitech Co.,Ltd.",KOSDAQ:A192390,Others,South Korea,32,-2%,19
22333,WINPAC Inc.,KOSDAQ:A097800,Others,South Korea,15,4%,24
22324,Wiscom Co. Ltd.,KOSE:A024070,Others,South Korea,57,5%,9
20940,"WONIK Co., LTD.",KOSDAQ:A032940,Others,South Korea,12,-7%,12
22325,Wonik Cube Corp.,KOSDAQ:A014190,Others,South Korea,100,-5%,17
17660,"Wonik Holdings Co., Ltd.",KOSDAQ:A030530,Others,South Korea,9,-8%,8
20459,"Wonik IPS Co., Ltd.",KOSDAQ:A240810,Others,South Korea,15,6%,14
22108,"Wonik Materials Co., Ltd.",KOSDAQ:A104830,Others,South Korea,69,-1%,18
22318,Wonik QnC Corporation,KOSDAQ:A074600,Others,South Korea,75,-3%,19
22323,"Wonike L&D Co., Ltd.","Private:Wonike L&Co., Ltd.",Others,South Korea,3,2%,25
22329,Wonil Special Steel Co. Ltd.,KOSDAQ:A012620,Others,South Korea,3,-4%,20
22336,"Wonil T&I Co., Ltd.","Private:Wonil T&ICo., Ltd.",Others,South Korea,63,-2%,22
22101,"Wonpoong C&s Co., Ltd.","Private:Wonpoongo., Ltd.",Others,South Korea,68,2%,11
20676,Wonpoong Corporation,KOSDAQ:A008370,Others,South Korea,66,3%,8
21393,Woobang Corp.,Private:Woobang Cang Corp.,Others,South Korea,34,-3%,12
20449,"Woobang Industrial Co., Ltd.","Private:Woobang ICo., Ltd.",Others,South Korea,74,-7%,6
20916,"Woobo Tech Co., Ltd.","Private:Woobo TecCo., Ltd.",Others,South Korea,60,8%,18
22331,Wooil Chemical Company Ltd.,Private:Wooil Chepany Ltd.,Others,South Korea,62,1%,22
22094,"Woojin Mechanical And Electric Co., Ltd.","Private:Woojin MeCo., Ltd.",Others,South Korea,55,-3%,18
22320,"Woongjin Co., Ltd.",KOSE:A016880,Others,South Korea,83,-4%,9
20679,"Woongjin Energy Co., Ltd.",KOSE:A103130,Others,South Korea,10,-2%,7
20632,"Woongjin Polysilicon Co., Ltd.","Private:Woongjin Co., Ltd.",Others,South Korea,100,-1%,7
22332,"Woongjin Thinkbig Co., Ltd.",KOSE:A095720,Others,South Korea,89,-8%,22
22335,"Woonong Co.,Ltd","Private:Woonong Cg Co.,Ltd",Others,South Korea,96,6%,6
22341,"Wooree E&L Co., Ltd.",KOSDAQ:A153490,Others,South Korea,44,-8%,12
20479,"Wooree ETI Co., Ltd.",KOSDAQ:A082850,Others,South Korea,38,-8%,14
22346,"Wooree Lighting Co., Ltd.",KOSDAQ:A037400,Others,South Korea,95,-7%,19
22321,"Woori Bank Co., Ltd.",KOSE:A000030,Others,South Korea,69,8%,16
20922,Wooridul Huebrain Ltd.,KOSE:A118000,Others,South Korea,75,4%,5
20949,Wooridul Pharmaceutical Limited,KOSE:A004720,Others,South Korea,78,-2%,15
22334,"WooriNet, Inc.",KOSDAQ:A115440,Others,South Korea,6,-3%,7
20458,"WOORIRO Co., Ltd.",KOSDAQ:A046970,Others,South Korea,20,3%,22
22319,"Woorison F&G Co., Ltd.",KOSDAQ:A073560,Others,South Korea,9,-2%,23
22131,"Woory Industrial Holdings Co.,Ltd.",KOSDAQ:A072470,Others,South Korea,71,-1%,19
20636,Wooshin industry,Private:Wooshin i industry,Others,South Korea,92,5%,7
22330,"Woosu AMS Co., Ltd.",KOSDAQ:A066590,Others,South Korea,17,-2%,15
3810,"Woosu Precision Co.,Ltd","Private:Woosu Pren Co.,Ltd",Real Estate,South Korea,19,-6%,14
3138,Woosung Chemistry Corp.,Private:Woosung Ctry Corp.,Real Estate,South Korea,97,-1%,23
15612,"Woosung Co.,Ltd.","Private:Woosung C Co.,Ltd.",Real Estate,South Korea,32,0%,17
3669,"Woosung Feed Co., Ltd.",KOSE:A006980,Real Estate,South Korea,47,-1%,6
3190,"Xenia Co.,Ltd","Private:Xenia Co.a Co.,Ltd",Real Estate,South Korea,89,6%,18
15467,"Y.B.M Sisa Co., Ltd.","Private:Y.B.M SisCo., Ltd.",Real Estate,South Korea,37,1%,8
20559,"Yangpo Foods Co.,Ltd","Private:Yangpo Fos Co.,Ltd",Real Estate,South Korea,52,5%,7
20886,Yangsan Seokgye Industrial Complex Company,Private:Yangsan Sx Company,Real Estate,South Korea,16,-2%,15
17519,YBM Inc.,Private:YBM Inc.YBM Inc.,Real Estate,South Korea,47,-4%,20
21202,"YBM Net, Inc.",KOSDAQ:A057030,Real Estate,South Korea,66,-7%,5
21170,YBM SisaT&E,Private:YBM SisaTM SisaT&E,Real Estate,South Korea,33,2%,7
21177,"YeaRimDang Publishing Co., Ltd.",KOSDAQ:A036000,Real Estate,South Korea,69,2%,21
20445,"Yegrina Co.,Ltd","Private:Yegrina Ca Co.,Ltd",Real Estate,South Korea,86,2%,9
21176,"Y-Entec Co., Ltd.",KOSDAQ:A067900,Real Estate,South Korea,47,3%,25
22076,"YEOCHUN NCC CO., LTD.","Private:YEOCHUN NCO., LTD.",Real Estate,South Korea,60,-2%,14
21175,"Yeong Hwa Metal Co., Ltd.",KOSE:A012280,Real Estate,South Korea,95,-3%,8
17663,"Yeongcheon-Sangju Expressway Co., Ltd.","Private:YeongcheoCo., Ltd.",Real Estate,South Korea,75,0%,23
21545,YES24 Inc.,KOSDAQ:A053280,Real Estate,South Korea,10,-3%,8
20560,"YESCO Co., Ltd.",KOSE:A015360,Real Estate,South Korea,57,-1%,25
20658,YG Entertainment Inc.,KOSDAQ:A122870,Real Estate,South Korea,32,-8%,16
20446,"YG-1 Co., Ltd.",KOSDAQ:A019210,Real Estate,South Korea,42,-6%,25
17627,Yik Corporation,Private:Yik Corpporation,Real Estate,South Korea,97,6%,9
22124,"YL Instrument Co., Ltd","Private:YL Instru Co., Ltd",Real Estate,South Korea,27,2%,23
22088,YMSA Company Limited,Private:YMSA Compy Limited,Real Estate,South Korea,35,4%,22
20819,"Yongin Hwasung Ganggun Co.,Ltd","Private:Yongin Hwn Co.,Ltd",Real Estate,South Korea,9,6%,25
21168,Yongsan Industrial Company Ltd.,Private:Yongsan Ipany Ltd.,Real Estate,South Korea,33,4%,10
22086,Yonsei Adc,Private:Yonsei Adonsei Adc,Real Estate,South Korea,10,-6%,15
21172,Yonsei University Health System,Private:Yonsei Unth System,Real Estate,South Korea,64,3%,21
21174,"Yonwoo Co., Ltd.",KOSDAQ:A115960,Real Estate,South Korea,59,-8%,6
21486,"Yoosung Enterprise Co., Ltd.",KOSE:A002920,Real Estate,South Korea,4,0%,16
21171,"YooSung TNS Co., Ltd.",KOSDAQ:A024800,Real Estate,South Korea,22,-5%,14
20812,"Yougent Co., Ltd.","Private:Yougent CCo., Ltd.",Real Estate,South Korea,91,6%,13
21173,"Youl Chon Chemical Co., Ltd.",KOSE:A008730,Real Estate,South Korea,2,-7%,25
21169,Young An Hat Co. Ltd.,Private:Young An  Co. Ltd.,Real Estate,South Korea,31,-1%,5
21167,Young Dong Construction Co. Ltd.,Private:Young Don Co. Ltd.,Real Estate,South Korea,21,1%,22
15598,"Young in Frontier Co., Ltd.",KOSDAQ:A036180,Telecommunication Services,South Korea,87,4%,16
15558,"Young In Scientific Co., Ltd.","Private:Young In Co., Ltd.",Telecommunication Services,South Korea,58,-7%,5
3311,"Young Polymer Co.,Ltd.","Private:Young Pol Co.,Ltd.",Telecommunication Services,South Korea,47,-5%,24
17433,Young Poong Corp.,KOSE:A000670,Telecommunication Services,South Korea,47,6%,9
3685,"Young Poong Development Co., Ltd.","Private:Young PooCo., Ltd.",Telecommunication Services,South Korea,81,5%,16
3716,Young Poong Precision Corporation,KOSDAQ:A036560,Telecommunication Services,South Korea,94,7%,12
3720,Young Wha Scientific Co. Ltd.,Private:Young Wha Co. Ltd.,Telecommunication Services,South Korea,22,7%,10
15437,"Youngbo Chemical Co., Ltd.",KOSE:A014440,Utilities,South Korea,65,-2%,18
3672,Youngcheong Sangju Expressway,Private:Youngcheoxpressway,Utilities,South Korea,2,1%,6
3426,"Youngheung Iron & Steel Co., Ltd.",KOSE:A012160,Utilities,South Korea,17,-6%,9
3681,"Youngin Supply Networks Co.,Ltd","Private:Youngin Ss Co.,Ltd",Utilities,South Korea,18,-7%,8
3561,"Youngjin Global Co., Ltd.","Private:Youngjin Co., Ltd.",Utilities,South Korea,46,4%,22
3731,Youngone Corporation,KOSE:A111770,Utilities,South Korea,35,7%,18
3815,"Youngone Holdings Co., Ltd.",KOSE:A009970,Utilities,South Korea,67,-8%,22
3213,"Youngpong Co.,Ltd","Private:Youngpongg Co.,Ltd",Utilities,South Korea,49,-2%,9
15615,"YoungWoo DSP Co., Ltd.",KOSDAQ:A143540,Utilities,South Korea,89,-7%,14
15210,"Youwang Co., Ltd.","Private:Youwang CCo., Ltd.",Utilities,South Korea,77,0%,15
15745,"YTN Co., Ltd.",KOSDAQ:A040300,Utilities,South Korea,4,8%,12
3674,"YTN DMB Co., Ltd.","Private:YTN DMB CCo., Ltd.",Utilities,South Korea,74,5%,21
3687,YTN Radio Co. Ltd.,Private:YTN Radio Co. Ltd.,Utilities,South Korea,74,2%,8
3754,Yuhan Corp.,KOSE:A000100,Utilities,South Korea,51,0%,7
15466,"Yujin Precision Co.,Ltd","Private:Yujin Pren Co.,Ltd",Utilities,South Korea,68,-6%,21
21205,"YURA Co., Ltd.","Private:YURA Co.,Co., Ltd.",Utilities,South Korea,24,4%,9
21215,YURA Corporation,Private:YURA Corprporation,Utilities,South Korea,25,-5%,19
21178,"Yura Tech. Co., Ltd.",KOSDAQ:A048430,Utilities,South Korea,100,-4%,16
21238,"YUYANG D&U Co.,Ltd.",KOSE:A011690,Utilities,South Korea,25,8%,5
20827,ZAROO I Inc.,Private:ZAROO I O I Inc.,Utilities,South Korea,7,-8%,10
21293,Zero To Seven Inc,KOSDAQ-BLA:159580,Utilities,South Korea,5,-2%,8
20809,Zungwon En-Sys Inc.,KOSDAQ:A045510,Utilities,South Korea,94,-6%,11
924,"Cie Automotive, S.A.",BME:CIE,Consumer Discretionary,Spain,57,4%,17
21682,Merida Bikes SWE SA,Private:Merida Bies SWE SA,Consumer Discretionary,Spain,18,0%,17
8259,"Repsol, S.A.",OTCBB:REPYY,Energy,Spain,52,-1%,8
914,"Almirall, S.A.",BME:ALM,Healthcare,Spain,90,-5%,5
5393,"Grifols, S.A.",NasdaqGS:GRFS,Healthcare,Spain,61,-4%,7
17609,"Chemo Iberica, S.A.",Private:Chemo S.A.,Healthcare,Spain,40,-5%,7
20878,Vatech Spain SL,Private:Vatech Sp Spain SL,Healthcare,Spain,13,-6%,20
17768,"Gtd Ingenieria De Sistemas Y Software, S.A.","Private:Gtd Ingere, S.A.",Others,Spain,84,1%,14
7651,"Telefónica, S.A.",NYSE:TEF,Telecommunication Services,Spain,8,-5%,16
916,"Acciona, S.A.",BME:ANA,Utilities,Spain,3,1%,21
938,"Iberdrola, S.A.",BME:IBE,Utilities,Spain,68,-8%,8
16438,Democratic Socialist Republic of Sri Lanka,Private:Democratri Lanka,Government Institution,Sri Lanka,92,-3%,12
22120,"General Medicines Co.,Ltd.","Private:General M Co.,Ltd.",Industrials,Sudan,4,8%,20
6281,"Autoliv, Inc.",NYSE:ALV,Consumer Discretionary,Sweden,41,-1%,7
8242,AB Electrolux (publ),OTCBB:ELUXY,Consumer Discretionary,Sweden,86,-3%,11
8247,Husqvarna AB (publ),OTCBB:HSQVY,Consumer Discretionary,Sweden,32,8%,14
17086,Voxson Carl-L Eriksson AB,Private:Voxsoon AB,Consumer Discretionary,Sweden,83,8%,5
8119,Getinge AB,OM:GETI B,Healthcare,Sweden,13,-7%,22
8208,Swedish Orphan Biovitrum AB,OM:SOBI,Healthcare,Sweden,48,6%,21
8066,Atlas Copco AB,OM:ATCO A,Industrials,Sweden,62,-4%,7
8197,SAS AB (publ),OM:SAS,Industrials,Sweden,87,-5%,13
8262,SKF AB,OTCBB:SKFRY,Industrials,Sweden,16,-5%,5
8269,AB Volvo (publ),OTCBB:VOLVY,Industrials,Sweden,22,-7%,12
4525,"Neonode, Inc.",NasdaqCM:NEON,Information Technology,Sweden,83,0%,22
5290,Telefonaktiebolaget LM Ericsson (publ),NasdaqGS:ERIC,Information Technology,Sweden,88,-8%,17
8117,G5 Entertainment AB (publ),OM:G5EN,Information Technology,Sweden,79,4%,25
9658,Autoneum Holding AG,SWX:AUTN,Consumer Discretionary,Switzerland,91,-6%,16
5394,Garmin Ltd.,NasdaqGS:GRMN,Consumer Discretionary,Switzerland,27,0%,22
8257,Nestlé S.A.,OTCBB:NSRGY,Consumer Staples,Switzerland,98,4%,18
17568,Firmenich International SA.,Private:Firmenicl SA.,Consumer Staples,Switzerland,50,-5%,5
7481,Transocean Ltd.,NYSE:RIG,Energy,Switzerland,78,3%,7
7832,Weatherford International plc,NYSE:WFT,Energy,Switzerland,1,3%,8
7743,UBS Group AG,NYSE:UBS,Financials,Switzerland,3,-2%,24
9671,Basilea Pharmaceutica Ltd.,SWX:BSLN,Healthcare,Switzerland,15,-6%,24
7313,Novartis AG,NYSE:NVS,Healthcare,Switzerland,83,7%,8
16805,Debiopharm Group,Private:DebioGroup,Healthcare,Switzerland,44,1%,21
16663,Ferring Holding SA,Private:Ferring SA,Healthcare,Switzerland,54,5%,9
17373,Hoffmann-La Roche Inc.,Private:Hoffm Inc.,Healthcare,Switzerland,75,-7%,14
16957,Octapharma AG,Private:Oct AG,Healthcare,Switzerland,25,0%,21
9730,Roche Holding AG,SWX:ROG,Healthcare,Switzerland,71,2%,5
9735,Siegfried Holding AG,SWX:SFZN,Healthcare,Switzerland,86,0%,25
9690,Flughafen Zürich AG,SWX:FHZN,Industrials,Switzerland,93,0%,20
4214,Wolseley plc,LSE:WOS,Industrials,Switzerland,37,1%,13
19373,Liebherr-International AG,Private:Liebherr-tional AG,Industrials,Switzerland,92,-8%,9
17722,MKS (Switzerland) SA,Private:MKS (Swiland) SA,Industrials,Switzerland,38,5%,17
16964,MSC Mediterranean Shipping Company S.A.,Private:MSC M S.A.,Industrials,Switzerland,30,-4%,6
17032,Pilatus Aircraft Ltd,Private:Pilatt Ltd,Industrials,Switzerland,20,2%,15
21384,Verope Ag,Private:Verope AgVerope Ag,Industrials,Switzerland,35,-4%,15
9682,DKSH Holding Ltd.,SWX:DKSH,Industrials,Switzerland,94,3%,23
9762,WISeKey International Holding Ltd,SWX:WIHN,Information Technology,Switzerland,81,-7%,8
7133,"Luxoft Holding, Inc.",NYSE:LXFT,Information Technology,Switzerland,96,-6%,14
7605,STMicroelectronics NV,NYSE:STM,Information Technology,Switzerland,26,-2%,19
8555,Micronas Semiconductor Holding AG,OTCPK:MCNS.F,Information Technology,Switzerland,64,-6%,20
1866,Nyrstar NV,ENXTBR:NYR,Materials,Switzerland,92,4%,5
3976,Glencore Plc,LSE:GLEN,Materials,Switzerland,13,5%,19
21330,INEOS AG,Private:INEOS AGINEOS AG,Materials,Switzerland,99,-1%,7
20433,SICPA HOLDING SA,Private:SICPANG SA,Materials,Switzerland,94,7%,20
9750,Syngenta AG,SWX:SYNN,Materials,Switzerland,22,5%,16
17340,Quadra Commodities SA,Private:Quadres SA,Others,Switzerland,62,-4%,24
9734,Swisscom AG,SWX:SCMN,Telecommunication Services,Switzerland,23,5%,21
21693,"ABICO FS Co., Ltd.",GTSM:8071,Others,Taiwan,79,-8%,19
21689,"Ability Enterprise Co.,Ltd.",TSEC:2374,Others,Taiwan,96,-5%,19
21690,Ablytek Co. Ltd,GTSM:6511,Others,Taiwan,79,4%,9
2177,Abnova (Taiwan) Corporation,TSEC:4133,Consumer Discretionary,Taiwan,63,4%,16
2176,"Acter Co., Ltd.",GTSM:5536,Consumer Discretionary,Taiwan,68,2%,25
12014,"ADATA Technology Co., Ltd.",GTSM:3260,Consumer Discretionary,Taiwan,78,0%,18
11954,Adimmune Corporation,TSEC:4142,Consumer Discretionary,Taiwan,76,1%,18
11948,Advanced Ceramic X Corporation,GTSM:3152,Consumer Discretionary,Taiwan,88,-5%,19
12093,Advanced Microelectronic Products Inc.,GTSM:6287,Consumer Discretionary,Taiwan,44,-4%,15
12007,Advanced Power Electronics Corp.,TSEC:8261,Consumer Discretionary,Taiwan,26,-5%,24
12209,Advanced Semiconductor Engineering Inc.,NYSE:ASX,Consumer Discretionary,Taiwan,0,-2%,18
11971,"Advanced Semiconductor Engineering, Inc.",TSEC:2311,Consumer Discretionary,Taiwan,2,7%,15
11958,Aerospace Industrial Development Corporation,TSEC:2634,Consumer Discretionary,Taiwan,27,3%,12
11957,AGV Products Corporation,TSEC:1217,Consumer Discretionary,Taiwan,73,5%,16
12010,"Allis Electric Co., Ltd.",TSEC:1514,Consumer Discretionary,Taiwan,9,2%,24
11965,Alltek Technology Corp.,TSEC:3209,Consumer Discretionary,Taiwan,34,-3%,12
12009,"Alpha Networks, Inc.",TSEC:3380,Consumer Discretionary,Taiwan,99,-2%,16
12004,"Amacrox Technology Co.,Ltd.","Private:Amacrox T Co.,Ltd.",Consumer Discretionary,Taiwan,43,-3%,7
12005,"Amaran Biotechnology, Inc","Private:Amara, Inc",Consumer Discretionary,Taiwan,7,-6%,15
2242,"AMPAK Technology, Inc.",GTSM:6546,Consumer Discretionary,Taiwan,39,1%,19
12229,"Ampire Co., Ltd.",GTSM:8049,Consumer Discretionary,Taiwan,21,-3%,22
12000,"Ampoc Far-East Co., Ltd.",TSEC:2493,Consumer Discretionary,Taiwan,32,3%,11
2325,"AmTRAN Technology Co.,Ltd.",TSEC:2489,Consumer Discretionary,Taiwan,51,2%,12
12072,Anderson Industrial Corp.,TSEC:1528,Consumer Discretionary,Taiwan,59,-7%,23
11953,"An-shin Food Services Co.,Ltd.",GTSM:1259,Consumer Discretionary,Taiwan,23,-2%,19
11949,Apex Biotechnology Corp.,TSEC:1733,Consumer Discretionary,Taiwan,82,-1%,21
11963,Arima Communications Corp.,TSEC:8101,Consumer Discretionary,Taiwan,44,1%,11
11951,Asia Cement Corp.,TSEC:1102,Consumer Discretionary,Taiwan,84,-2%,7
2183,ASMedia Technology Inc.,TSEC:5269,Consumer Discretionary,Taiwan,32,-1%,15
12062,"ASUSTeK Computer, Inc.",TSEC:2357,Consumer Discretionary,Taiwan,3,-6%,8
12171,AU Optronics Corp.,NYSE:AUO,Consumer Discretionary,Taiwan,2,-1%,18
12055,Audix Corporation,TSEC:2459,Consumer Discretionary,Taiwan,75,4%,17
15290,"AURAS Technology Co.,Ltd.",GTSM:3324,Consumer Discretionary,Taiwan,58,-1%,15
15285,Aurora Corporation,TSEC:2373,Consumer Discretionary,Taiwan,11,6%,10
15782,AVY Precision Technology Inc.,GTSM:5392,Consumer Discretionary,Taiwan,27,-4%,15
2239,"Awea Mechantronic Co., Ltd.",TSEC:1530,Consumer Discretionary,Taiwan,36,2%,23
15755,Axis Corporation,GTSM:6292,Consumer Discretionary,Taiwan,62,5%,7
2241,BenQ Materials Corporation,TSEC:8215,Consumer Discretionary,Taiwan,65,-4%,17
16049,BES Engineering Corporation,TSEC:2515,Consumer Discretionary,Taiwan,82,2%,15
22055,"Bestchain Healthtaiwan Co., Ltd","Private:Bestchain Co., Ltd",Consumer Discretionary,Taiwan,54,-7%,8
21604,Bionime Corporation,TSEC:4737,Consumer Discretionary,Taiwan,62,-3%,14
17552,"Bora Pharmaceuticals Co., Ltd.",GTSM:6472,Consumer Discretionary,Taiwan,85,-2%,21
21612,Bright LED Electronics Corp.,TSEC:3031,Consumer Discretionary,Taiwan,6,8%,14
17652,"Cameo Communications, Inc.",TSEC:6142,Consumer Discretionary,Taiwan,26,2%,13
21755,CastleNet Technology Inc.,GTSM:8059,Consumer Discretionary,Taiwan,29,-6%,9
22047,"Caswell, Inc.",GTSM:6416,Consumer Discretionary,Taiwan,48,-4%,8
22037,"Cathay Real Estate Development Co.,Ltd.",TSEC:2501,Consumer Discretionary,Taiwan,58,-2%,21
21757,Central Union Oil Corp.,Private:Central il Corp.,Consumer Discretionary,Taiwan,28,-5%,13
21754,"Century Iron And Steel Industrial Co., Ltd",TSEC:9958,Consumer Discretionary,Taiwan,53,-2%,10
20490,Chander Electronics Corp.,GTSM:8068,Consumer Discretionary,Taiwan,13,0%,16
22056,Chang Gung Memorial Hospital,Private:Chang Gun Hospital,Consumer Discretionary,Taiwan,56,6%,15
21633,Chang Wah Electromaterials Inc.,TSEC:8070,Consumer Discretionary,Taiwan,39,-8%,21
15766,"Channel Well Technology Co., Ltd.",GTSM:3078,Consumer Discretionary,Taiwan,57,6%,10
16023,CHC Resources Corporation,TSEC:9930,Consumer Discretionary,Taiwan,23,0%,6
15767,"Cheng Fwa Industrial Co., Ltd.",GTSM:5426,Consumer Discretionary,Taiwan,56,6%,9
11947,Cheng Loong Corp.,TSEC:1904,Consumer Discretionary,Taiwan,15,8%,24
16048,"Cheng Uei Precision Industry Co., Ltd.",TSEC:2392,Consumer Discretionary,Taiwan,46,2%,16
11950,"Chenlong Motor Co.,Ltd.","Private:Chenlong  Co.,Ltd.",Consumer Discretionary,Taiwan,32,-5%,9
11952,"Chi Lin Optoelectronics Co.,Ltd.","Private:Chi Lin O Co.,Ltd.",Consumer Discretionary,Taiwan,20,-6%,18
15997,Chia Hsin Cement Corp.,TSEC:1103,Consumer Discretionary,Taiwan,74,1%,16
15768,Chia Hsin RMC Corp.,Private:Chia HsinRMC Corp.,Consumer Discretionary,Taiwan,62,-4%,12
16018,"Chian Hsing Forging Industrial Co., Ltd.",GTSM:4528,Consumer Discretionary,Taiwan,37,0%,6
11964,"Chicony Electronics Co., Ltd.",TSEC:2385,Consumer Discretionary,Taiwan,74,-8%,24
12006,"Chien Shing Stainless Steel Co., Ltd.",TSEC:2025,Consumer Discretionary,Taiwan,26,4%,17
12038,"Chin Poon Industrial Co., Ltd.",TSEC:2355,Consumer Discretionary,Taiwan,45,-3%,19
12059,China Container Terminal Corp.,TSEC:2613,Consumer Discretionary,Taiwan,71,7%,25
15778,China Development Financial Holding Corporation,TSEC:2883,Consumer Discretionary,Taiwan,43,3%,7
12222,China Ecotek Corporation,TSEC:1535,Consumer Discretionary,Taiwan,60,0%,7
12227,China Electric Mfg. Corporation,TSEC:1611,Consumer Discretionary,Taiwan,80,-5%,16
16051,China General Plastics Corporation,TSEC:1305,Consumer Discretionary,Taiwan,40,3%,17
15183,China Man-Made Fiber Corporation,TSEC:1718,Consumer Discretionary,Taiwan,37,-1%,23
11933,China Motor Corporation,TSEC:2204,Consumer Staples,Taiwan,60,-7%,17
11932,"China Ocean Service Co.,Ltd.","Private:China Oce Co.,Ltd.",Consumer Staples,Taiwan,93,1%,5
11931,China Petrochemical Development Corp.,TSEC:1314,Consumer Staples,Taiwan,34,-6%,21
11930,China Steel Chemical Corporation,TSEC:1723,Consumer Staples,Taiwan,63,8%,22
2195,China Steel Corp.,TSEC:2002,Consumer Staples,Taiwan,51,-3%,19
11935,"China Steel Structure Co., Ltd.",TSEC:2013,Consumer Staples,Taiwan,56,-4%,18
2275,China Synthetic Rubber Corporation,TSEC:2104,Consumer Staples,Taiwan,0,-5%,14
11934,Chinese Maritime Transport Ltd.,TSEC:2612,Consumer Staples,Taiwan,84,-1%,5
2226,ChipMOS TECHNOLOGIES INC.,NasdaqGS:IMOS,Consumer Staples,Taiwan,53,-8%,23
2236,"Chuan Lian Enterprise Co., Ltd.","Private:Chuan LiaCo., Ltd.",Consumer Staples,Taiwan,56,-6%,12
17460,"Chun Yu Works & Co., Ltd.",TSEC:2012,Consumer Staples,Taiwan,56,-8%,17
21676,"Chun Yuan Construction Co.,Ltd.","Private:Chun Yuan Co.,Ltd.",Consumer Staples,Taiwan,94,7%,9
17708,"Chun Yuan Steel Industry Co., Ltd.",TSEC:2010,Consumer Staples,Taiwan,10,7%,18
21779,Chung Hung Steel Corporation,TSEC:2014,Consumer Staples,Taiwan,16,-6%,23
21611,"Chunghwa Picture Tubes, Ltd.",TSEC:2475,Consumer Staples,Taiwan,16,-3%,25
11928,"Chunghwa Telecom Co., Ltd.",TSEC:2412,Consumer Staples,Taiwan,53,7%,15
11929,City of Kaohsiung Taiwan.,Private:City of Kg Taiwan.,Consumer Staples,Taiwan,10,0%,13
15770,City of Taipei Taiwan,Private:City of Tei Taiwan,Consumer Staples,Taiwan,27,2%,17
11982,Cleanaway Company Limited,TSEC:8422,Consumer Staples,Taiwan,49,5%,17
12109,C-Media Electronics Inc.,GTSM:6237,Consumer Staples,Taiwan,23,-7%,9
16344,Coasia Microelectronics Corp.,GTSM:8096,Educational Institution,Taiwan,56,-7%,19
12210,"Compal Electronics, Inc.",TSEC:2324,Energy,Taiwan,94,8%,16
21596,Continental Holdings Corporation,TSEC:3703,Energy,Taiwan,16,-7%,14
21575,"Contrel Technology Co., Ltd.",GTSM:8064,Energy,Taiwan,23,-5%,12
22068,County of Taitung Taiwan,Private:County ofng Taiwan,Financials,Taiwan,81,2%,16
15774,"CPC Corporation, Taiwan","Private:CPC Corpon, Taiwan",Financials,Taiwan,19,6%,16
12106,"CSBC Corporation, Taiwan",TSEC:2208,Financials,Taiwan,23,-2%,10
22026,"CTBC Financial Holding Co., Ltd.",TSEC:2891,Government Institution,Taiwan,20,3%,14
22059,CTCI Corporation,TSEC:9933,Government Institution,Taiwan,89,0%,20
22027,Cub Elecparts Inc.,TSEC:2231,Government Institution,Taiwan,19,-4%,12
21566,"CyberTAN Technology, Inc.",TSEC:3062,Government Institution,Taiwan,31,-7%,13
22029,Darwin Precisions Corporation,TSEC:6120,Government Institution,Taiwan,95,2%,14
16415,"Davicom Semiconductor, Inc.",TSEC:3094,Government Institution,Taiwan,95,-8%,25
22058,Daxin Materials Corporation,TSEC:5234,Government Institution,Taiwan,24,6%,19
2194,Delta Electronics Inc.,TSEC:2308,Healthcare,Taiwan,99,-1%,7
12161,Department of Rapid Transit Systems,Private:Department Systems,Healthcare,Taiwan,41,0%,8
2229,"Detai Iron & Steel Co.,Ltd.","Private:Detai Iro Co.,Ltd.",Healthcare,Taiwan,93,5%,20
2299,"DFI, Inc.",TSEC:2397,Healthcare,Taiwan,7,-2%,22
2247,"Dimension Computer Technology Co., Ltd.",GTSM:6140,Healthcare,Taiwan,76,4%,8
2298,"DIVA Laboratories, Ltd",GTSM:4153,Healthcare,Taiwan,47,-3%,21
11984,D-Link Corporation,TSEC:2332,Healthcare,Taiwan,34,5%,7
2227,DrayTek Corporation,TSEC:6216,Healthcare,Taiwan,7,-1%,13
2234,Dynamic Medical Technologies Inc.,GTSM:4138,Healthcare,Taiwan,83,-8%,18
2300,E United Group,Private:E United ted Group,Healthcare,Taiwan,100,-1%,17
2245,"EBM Technologies, Inc.",GTSM:8409,Healthcare,Taiwan,52,-6%,15
2178,Eclat Textile Corporation Ltd.,TSEC:1476,Healthcare,Taiwan,12,4%,6
2232,Edison Opto Corporation,TSEC:3591,Healthcare,Taiwan,13,4%,13
2237,"EDOM Technology Co., Ltd.",TSEC:3048,Healthcare,Taiwan,68,-4%,9
11985,ELAN Microelectronics Corporation,TSEC:2458,Healthcare,Taiwan,43,8%,23
12163,"Emerald Battery Technology Co., Ltd.",Private:Emera Ltd.,Healthcare,Taiwan,28,-3%,19
11983,Emerging Display Technologies Corp.,TSEC:3038,Healthcare,Taiwan,55,1%,8
2231,"Empower Motor Co., Ltd.","Private:Empower MCo., Ltd.",Healthcare,Taiwan,62,-5%,19
2302,Enterex International Limited,TSEC:1592,Healthcare,Taiwan,95,2%,9
12166,Episil Holdings Inc.,GTSM:3707,Healthcare,Taiwan,89,5%,10
2301,EPISTAR corporation,TSEC:2448,Healthcare,Taiwan,78,-3%,9
12162,Epoch Chemtronics Corp.,GTSM:3633,Healthcare,Taiwan,25,8%,22
2223,Eva Airways Corp.,TSEC:2618,Healthcare,Taiwan,33,-1%,16
2224,Evergreen International Corp.,Private:Evergreennal Corp.,Healthcare,Taiwan,58,-2%,8
2225,Evergreen International Storage & Transport Corp.,TSEC:2607,Healthcare,Taiwan,71,-6%,21
15305,Evergreen Marine Corporation (Taiwan) Ltd,TSEC:2603,Healthcare,Taiwan,37,0%,14
2228,Everlight Electronics Co. Ltd.,TSEC:2393,Healthcare,Taiwan,21,-5%,10
2235,Excelsior Biopharma Inc.,GTSM:6496,Healthcare,Taiwan,39,-3%,24
16010,"Excelsior Medical Co.,Ltd.",TSEC:4104,Healthcare,Taiwan,30,4%,23
2238,Export Processing Zone Administration,Private:Export Pristration,Healthcare,Taiwan,65,-2%,18
2281,EZconn Corporation,TSEC:6442,Healthcare,Taiwan,19,-5%,14
16036,"F.C.F. Fishery Co., Ltd.","Private:F.C.F. Fo., Ltd.",Healthcare,Taiwan,57,1%,9
2305,Far East General Contractor Inc.,Private:Far East ctor Inc.,Healthcare,Taiwan,79,2%,19
16050,Far Eastern New Century Corporation,TSEC:1402,Healthcare,Taiwan,94,-1%,24
2323,"Far EasTone Telecommunications Co., Ltd.",TSEC:4904,Healthcare,Taiwan,1,-1%,5
16776,Faraday Technology Corp.,TSEC:3035,Healthcare,Taiwan,8,7%,5
21548,"Farcent Enterprise Co., Ltd",TSEC:1730,Healthcare,Taiwan,82,2%,25
21610,"Feng Hsin Iron & Steel Co., Ltd.",TSEC:2015,Healthcare,Taiwan,42,2%,5
22062,Fine Blanking & Tool Co. Ltd.,GTSM:4535,Healthcare,Taiwan,28,7%,11
21573,"Firich Enterprises Co., Ltd.",GTSM:8076,Healthcare,Taiwan,77,2%,14
17683,"Fitipower Integrated Technology, Inc.",GTSM:4961,Healthcare,Taiwan,54,-5%,21
15413,"Forest Water Environmental Engineering Co., Ltd.",TSEC:8473,Healthcare,Taiwan,37,7%,6
2182,"Formosa Advanced Technologies Co., Ltd.",TSEC:8131,Industrials,Taiwan,39,-4%,25
12091,Formosa Chemicals & Fibre Corporation,TSEC:1326,Industrials,Taiwan,86,7%,23
11966,Formosa Electronic Industries Inc.,GTSM:8171,Industrials,Taiwan,50,2%,12
11973,Formosa Oilseed Processing Co. Ltd.,TSEC:1225,Industrials,Taiwan,44,3%,10
2280,Formosa Petrochemical Corp.,TSEC:6505,Industrials,Taiwan,43,1%,14
12111,Formosa Plastics Corporation,TSEC:1301,Industrials,Taiwan,21,-8%,14
11992,Formosa Sumco Technology Corporation,TSEC:3532,Industrials,Taiwan,1,-7%,18
2296,"Formosa Taffeta Co., Ltd.",TSEC:1434,Industrials,Taiwan,90,8%,9
2273,Formosan Union Chemical Corp.,TSEC:1709,Industrials,Taiwan,36,0%,18
12085,"Fortune Electric Co., Ltd.",TSEC:1519,Industrials,Taiwan,91,0%,24
12086,"Fortune Motors Co., Ltd.","Private:Fortune o., Ltd.",Industrials,Taiwan,40,-8%,5
2208,"Foxconn Technology Co., Ltd.",TSEC:2354,Industrials,Taiwan,81,-5%,6
12147,Foxsemicon Integrated Technology Inc.,TSEC:3413,Industrials,Taiwan,15,3%,15
12008,FSP Power Solution GmbH,Private:FSP Powertion GmbH,Industrials,Taiwan,99,1%,9
11961,FSP Technology Inc.,TSEC:3015,Industrials,Taiwan,17,2%,7
2289,"Fu Hsun Fiber Industries Co., Ltd.","Private:Fu Hsun FCo., Ltd.",Industrials,Taiwan,88,-7%,11
12114,"Fu Ta Material Technology Co., Ltd.",GTSM:4402,Industrials,Taiwan,50,6%,10
12225,Fulltech Fiber Glass Corp.,GTSM:1815,Industrials,Taiwan,32,6%,7
2277,"Fwusow Industry Co., Ltd.",TSEC:1219,Industrials,Taiwan,0,7%,15
12223,Game Flier International,Private:Game Fliernational,Industrials,Taiwan,92,-3%,10
12079,"Gemtek Technology Co., Ltd.",TSEC:4906,Industrials,Taiwan,20,8%,16
12078,Genesis Photonics Inc.,TSEC:3383,Industrials,Taiwan,46,-6%,17
12158,Genome International Biomedical Co. Ltd,GTSM:6130,Industrials,Taiwan,2,-1%,9
12084,"Genomics BioSci & Tech Co.,Ltd.",GTSM:4195,Industrials,Taiwan,40,-6%,24
2308,"Giantplus Technology Co., Ltd.",TSEC:8105,Industrials,Taiwan,77,0%,24
12087,Giga Solar Materials Corp.,GTSM:3691,Industrials,Taiwan,91,5%,14
2327,Gigastorage Corporation,TSEC:2406,Industrials,Taiwan,7,-7%,6
12232,Gintech Energy Corporation,TSEC:3514,Industrials,Taiwan,26,0%,19
12186,"Gir Gai Trading Co., Ltd.","Private:Gir Gai TCo., Ltd.",Industrials,Taiwan,57,-7%,10
11962,Global Brands Manufacture Ltd.,TSEC:6191,Industrials,Taiwan,71,7%,12
11968,GlycoNex Inc.,GTSM:4168,Industrials,Taiwan,88,-4%,20
12081,GMI Technology Inc.,TSEC:3312,Industrials,Taiwan,54,5%,12
2264,Gold Circuit Electronics Ltd.,TSEC:2368,Industrials,Taiwan,49,-8%,9
2243,Gold Rain Enterprises Corp.,GTSM:4503,Industrials,Taiwan,46,8%,5
12090,"Good Will Instrument Co., Ltd.",TSEC:2423,Industrials,Taiwan,63,-3%,11
2307,Goodway Machine Corp.,TSEC:1583,Industrials,Taiwan,100,-8%,20
12097,Government of Taiwan,Private:Governmef Taiwan,Industrials,Taiwan,71,7%,14
2274,"Grain Media, Inc.","Private:Grain Meddia, Inc.",Industrials,Taiwan,14,-7%,25
12083,"Great Wall Enterprise Co., Ltd.",TSEC:1210,Industrials,Taiwan,24,5%,9
11967,Greatek Electronics Inc.,TSEC:2441,Industrials,Taiwan,97,-8%,12
11993,GSK Corporation,Private:GSK Corporporation,Industrials,Taiwan,17,6%,23
12052,Gsk Technologies Inc.,Private:Gsk Techies Inc.,Industrials,Taiwan,36,3%,18
12181,G-TECH Optoelectronics Corporation,TSEC:3149,Industrials,Taiwan,44,-2%,24
12094,HannStar Board Corporation,TSEC:5469,Industrials,Taiwan,13,2%,21
12098,HannStar Display Corporation,TSEC:6116,Industrials,Taiwan,18,7%,19
12165,HannsTouch Solution Incorporated,TSEC:3049,Industrials,Taiwan,14,4%,11
12067,Harmony Electronics Corp,GTSM:8182,Industrials,Taiwan,45,2%,17
2181,Harvatek Corporation,TSEC:6168,Industrials,Taiwan,25,-4%,12
15756,"Health Ever Biotech Co., Ltd.",GTSM:6453,Industrials,Taiwan,42,-2%,22
2257,Hematech Biotherapeutics Inc,Private:Hematech utics Inc,Industrials,Taiwan,73,-2%,14
16053,"Hezhao Industrial Co.,Ltd.","Private:Hezhao In Co.,Ltd.",Industrials,Taiwan,65,4%,21
2283,"Hi-Light Tek Co., Ltd.",GTSM:3522,Industrials,Taiwan,92,-6%,19
15151,"Himax Technologies, Inc.",NasdaqGS:HIMX,Industrials,Taiwan,88,-5%,19
22025,Ho Tung Chemical Corp.,TSEC:1714,Industrials,Taiwan,22,0%,23
22050,"Hon Hai Precision Industry Co., Ltd.",TSEC:2317,Industrials,Taiwan,6,-1%,10
22064,Honey Hope Honesty Enterprise Co. Ltd.,GTSM:8043,Industrials,Taiwan,79,0%,24
22069,"Hotai Motor Co., Ltd.",TSEC:2207,Industrials,Taiwan,15,-3%,5
22028,"Hsin Sin Textile Co., Ltd.",GTSM:4406,Industrials,Taiwan,82,-6%,13
21601,HTM International Holding Ltd.,GTSM:4924,Industrials,Taiwan,7,7%,15
22292,"Hua Eng Wire & Cable Co., Ltd.",TSEC:1608,Industrials,Taiwan,81,5%,19
20511,"Huilian Motor Co.,Ltd.","Private:Huilian M Co.,Ltd.",Industrials,Taiwan,89,-1%,7
22031,"Hung Chou Fiber Ind. Co., Ltd",TSEC:1413,Industrials,Taiwan,43,0%,12
21553,Huxen Corporation,TSEC:2433,Industrials,Taiwan,56,-7%,5
21685,HwaCom Systems Inc.,GTSM:6163,Industrials,Taiwan,33,-7%,7
22033,"I Yuan Precision Industrial Co., Ltd.",GTSM:2235,Industrials,Taiwan,69,-4%,11
22073,IC Plus Corp.,GTSM:8040,Industrials,Taiwan,35,-2%,17
22066,"ICP Das Co., Ltd.",GTSM:3577,Industrials,Taiwan,60,7%,24
21803,"I-HWA Industrial Co., Ltd.",TSEC:1456,Industrials,Taiwan,27,6%,10
21570,I-Mei Foods Company Limited,Private:I-Mei Fooy Limited,Industrials,Taiwan,46,-1%,10
21684,Innolux Corporation,TSEC:3481,Industrials,Taiwan,93,-2%,20
21588,Intech Biopharm Corporation,GTSM:6461,Industrials,Taiwan,14,-4%,6
22038,ITE Tech. Inc.,TSEC:3014,Industrials,Taiwan,9,-4%,18
21654,"JaBon International Co.,Ltd.",GTSM:1566,Industrials,Taiwan,42,-4%,8
22065,Jazz Hipster Corporation,GTSM:6247,Industrials,Taiwan,8,-3%,22
22049,"Jean Co., Ltd.",TSEC:2442,Industrials,Taiwan,86,-8%,14
18323,"Jing Hong Biotechnology Co.,Ltd.","Private:Jing Hong Co.,Ltd.",Industrials,Taiwan,75,7%,20
21799,"JMC Electronics Co., Ltd.",TSEC:6552,Industrials,Taiwan,66,5%,22
22067,"Jochu Technology Co., Ltd.",GTSM:3543,Industrials,Taiwan,42,-4%,10
21550,"Kaori Heat Treatment Co., Ltd.",TSEC:8996,Industrials,Taiwan,59,-6%,23
21569,"Kau Du Automobile Co., Ltd.","Private:Kau Du AuCo., Ltd.",Industrials,Taiwan,32,3%,20
22061,KD Holding Corporation,GTSM:6803,Industrials,Taiwan,80,2%,16
21628,Kedge Construction Co. Ltd.,TSEC:2546,Industrials,Taiwan,54,4%,25
22072,"Key Ware Electronics Co., Ltd.",GTSM:5498,Industrials,Taiwan,40,-3%,11
11945,Kian Shen Corporation,TSEC:1525,Industrials,Taiwan,34,4%,19
11960,Kindom Construction Corp.,TSEC:2520,Industrials,Taiwan,15,2%,23
11970,"King Yuan ELECTRONICS CO., LTD.",TSEC:2449,Industrials,Taiwan,99,-8%,22
15357,Kings Ground Biotech Co Ltd,Private:Kings Grh Co Ltd,Industrials,Taiwan,30,0%,21
11972,Kingston Solutions Inc.,Private:Kingston ions Inc.,Industrials,Taiwan,36,-2%,19
16052,"Kinpo Electronics, Inc.",TSEC:2312,Industrials,Taiwan,0,7%,25
16022,Kinsus Interconnect Technology Corp.,TSEC:3189,Industrials,Taiwan,47,-4%,19
12088,"Koryo Electronics Co., Ltd.",GTSM:8032,Industrials,Taiwan,76,7%,12
12095,Kung Sing Engineering Corporation,TSEC:5521,Industrials,Taiwan,84,2%,8
12096,"Kunshan Dingxin Electronic Co.,Ltd.","Private:Kunshan D Co.,Ltd.",Industrials,Taiwan,91,-1%,9
12164,"Kuo Toong International Co., Ltd.",GTSM:8936,Industrials,Taiwan,2,-8%,12
15998,"Kwang Ming Silk Mill Co., Ltd.",GTSM:4420,Industrials,Taiwan,78,2%,18
13253,"L&K Engineering Co., Ltd.",TSEC:6139,Industrials,Taiwan,24,4%,23
15781,"Lanyang Motor Co.,Ltd.","Private:Lanyang M Co.,Ltd.",Industrials,Taiwan,48,4%,16
2211,"Largan Precision Co., Ltd.",TSEC:3008,Information Technology,Taiwan,52,7%,25
5888,"Laser Tek Taiwan Co.,Ltd",GTSM:6207,Information Technology,Taiwan,81,5%,11
12133,"Lealea Enterprise Co., Ltd.",TSEC:1444,Information Technology,Taiwan,17,7%,20
12029,"Leo Systems, Inc.",GTSM:5410,Information Technology,Taiwan,76,-1%,10
12023,Lextar Electronics Corporation,TSEC:3698,Information Technology,Taiwan,28,-1%,12
12221,Li Peng Enterprise Co. Ltd.,TSEC:1447,Information Technology,Taiwan,70,-6%,13
12048,"Lien Chang Electronic Enterprise Co., Ltd.",TSEC:2431,Information Technology,Taiwan,56,-2%,25
12128,Lien Hwa Industrial Corp.,TSEC:1229,Information Technology,Taiwan,54,-8%,16
2259,Lilontex Corporation,TSEC:1469,Information Technology,Taiwan,89,5%,12
2222,Lite-On Semiconductor Corp,TSEC:5305,Information Technology,Taiwan,69,1%,25
2209,Lite-On Technology Corp.,TSEC:2301,Information Technology,Taiwan,51,1%,12
12180,Litrax Technology ,Private:Litrogy ,Information Technology,Taiwan,77,-6%,5
12213,"Liwanli Innovation Co., Ltd.",TSEC:3054,Information Technology,Taiwan,71,7%,12
2249,LongDa Construction & Development Corporation,TSEC:5519,Information Technology,Taiwan,31,-6%,8
2188,"Loyalty Founder Enterprise Co.,Ltd.",GTSM:5465,Information Technology,Taiwan,1,8%,17
12202,LuxNet Corporation,GTSM:4979,Information Technology,Taiwan,58,-2%,25
12047,Macronix International Co. Ltd.,TSEC:2337,Information Technology,Taiwan,23,-4%,9
12146,"Magnate Technology Co., Ltd.",GTSM:4541,Information Technology,Taiwan,100,-4%,25
2246,Mai-Liao Harbor Administration Corp.,Private:Mai-Liao ion Corp.,Information Technology,Taiwan,26,-8%,8
12178,"Makalot Industrial Co., Ltd.",TSEC:1477,Information Technology,Taiwan,63,-1%,9
12060,Materials Analysis Technology Inc.,GTSM:3587,Information Technology,Taiwan,38,-8%,15
12044,Mayer Steel Pipe Corporation,TSEC:2020,Information Technology,Taiwan,96,8%,23
12050,Maywufa Company Ltd.,TSEC:1731,Information Technology,Taiwan,68,-4%,22
2278,"MedFirst Healthcare Services, Inc.",GTSM:4175,Information Technology,Taiwan,74,8%,22
12219,MediaTek Inc.,TSEC:2454,Information Technology,Taiwan,33,-4%,7
12152,Medigen Biotechnology Corp.,GTSM:3176,Information Technology,Taiwan,8,-6%,14
2297,"Megawin Technology Co., Ltd.",GTSM:3122,Information Technology,Taiwan,91,-1%,22
2205,"Mei Lan Lei Co.,Ltd.","Private:Mei Lan L Co.,Ltd.",Information Technology,Taiwan,66,8%,12
12119,Merida Industry Co. Ltd.,TSEC:9914,Information Technology,Taiwan,41,-5%,12
12122,MetaTech (AP) Inc.,GTSM:3224,Information Technology,Taiwan,33,2%,18
12041,"Microbio Co., Ltd.",GTSM:4128,Information Technology,Taiwan,46,8%,11
2288,Mildex Optical Inc.,GTSM:4729,Information Technology,Taiwan,67,6%,14
12016,"Min Aik Precision Industrial Co., Ltd.",TSEC:4545,Information Technology,Taiwan,8,0%,7
2276,"Min Aik Technology Co., Ltd.",TSEC:3060,Information Technology,Taiwan,33,3%,11
12170,MiTAC Holdings Corporation,TSEC:3706,Information Technology,Taiwan,32,-5%,17
12169,momo.com Inc.,TSEC:8454,Information Technology,Taiwan,15,7%,9
12136,MPI corporation,GTSM:6223,Information Technology,Taiwan,91,-6%,18
2286,Munsin Garment Corp.,GTSM:2916,Information Technology,Taiwan,62,5%,13
2180,Mycenax Biotech Inc.,GTSM:4726,Information Technology,Taiwan,67,-7%,20
12021,Nan Chung Petrochemical Corporation,Private:Nan Chungrporation,Information Technology,Taiwan,82,-4%,6
12053,"Nan Liu Enterprise Co., Ltd.",TSEC:6504,Information Technology,Taiwan,30,4%,20
12217,Nan Ya Plastics Corporation,TSEC:1303,Information Technology,Taiwan,96,5%,14
12215,"Nanguan Tire Co., Ltd.","Private:Nanguan TCo., Ltd.",Information Technology,Taiwan,93,0%,6
6341,"NanKang Rubber Tire Corp., Ltd.",TSEC:2101,Information Technology,Taiwan,26,-5%,6
2210,Nanya Technology Corporation,TSEC:2408,Information Technology,Taiwan,22,3%,18
16001,National Aerospace Fasteners Corporation,TSEC:3004,Information Technology,Taiwan,23,-6%,23
12172,"National Petroleum Co., Ltd.",TSEC:9937,Information Technology,Taiwan,12,1%,11
12042,"Neng Tyi Precision Industries Co., Ltd.",GTSM:3512,Information Technology,Taiwan,81,3%,16
12156,Netmarble Joybomb Inc.,GTSM:6468,Information Technology,Taiwan,22,-3%,22
2213,New Asia Construction & Development Corp.,TSEC:2516,Information Technology,Taiwan,54,-6%,5
12116,"Newmax Technology Co., Ltd.",GTSM:3630,Information Technology,Taiwan,0,-4%,12
5465,Niceco International Corporation,Private:Niceco Inrporation,Information Technology,Taiwan,77,5%,14
12198,Nichidenbo Corporation,TSEC:3090,Information Technology,Taiwan,2,-1%,14
2230,Niching Industrial Corporation,GTSM:3444,Information Technology,Taiwan,6,-7%,19
12130,"Niko Semiconductor Co., Ltd.",GTSM:3317,Information Technology,Taiwan,100,1%,16
12066,Novatek Microelectronics Corp.,TSEC:3034,Information Technology,Taiwan,33,2%,21
2316,Nuvoton Technology Corporation,TSEC:4919,Information Technology,Taiwan,12,-3%,17
2218,"Nyquest Technology Co., Ltd.",GTSM:6494,Information Technology,Taiwan,78,-2%,20
12220,"OBI Pharma, Inc.",GTSM:4174,Information Technology,Taiwan,67,-7%,18
12185,Ocean Plastics Co Ltd.,TSEC:1321,Information Technology,Taiwan,8,-3%,7
2313,OFCO Industrial Corporation,GTSM:5011,Information Technology,Taiwan,73,6%,10
12207,"OK Biotech Co., Ltd.",GTSM:4155,Information Technology,Taiwan,49,0%,20
4496,"Oneness Biotech Co., Ltd",GTSM:4743,Information Technology,Taiwan,82,5%,15
12174,"Optivision Technology, Inc.",GTSM:3666,Information Technology,Taiwan,57,1%,8
12160,Opto Tech Corporation,TSEC:2340,Information Technology,Taiwan,26,4%,21
2207,"Orient Europharma Co., Ltd.",GTSM:4120,Information Technology,Taiwan,63,-6%,7
2216,Orient Semiconductor Electronics Ltd.,TSEC:2329,Information Technology,Taiwan,2,5%,15
12134,Oriental Union Chemical Corporation,TSEC:1710,Information Technology,Taiwan,15,0%,11
12142,"Pacific Engineers & Constructors, Ltd","Private:Pacific Etors, Ltd",Information Technology,Taiwan,84,2%,6
2255,Pan Asia Chemical Corporation,GTSM:4707,Information Technology,Taiwan,65,1%,11
2192,Pan-International Industrial Corp.,TSEC:2328,Information Technology,Taiwan,9,-5%,16
12199,Panion & Bf Biotech Inc.,GTSM:1760,Information Technology,Taiwan,5,0%,12
2200,Partner Tech Corp,GTSM:3097,Information Technology,Taiwan,23,-3%,11
2314,Pegatron Corporation,TSEC:4938,Information Technology,Taiwan,92,0%,22
2190,PharmaEngine Inc.,GTSM:4162,Information Technology,Taiwan,27,-8%,18
5420,PharmaEssentia Corporation,GTSM:6446,Information Technology,Taiwan,100,-4%,19
2266,Phison Electronics Corp.,GTSM:8299,Information Technology,Taiwan,86,-7%,9
12025,Phoenix International Holding Inc.,Private:Phoenix Iding Inc.,Information Technology,Taiwan,12,6%,23
2293,PhytoHealth Corporation,TSEC:4108,Information Technology,Taiwan,59,-3%,10
12191,"Pili International Multimedia Co., Ltd",GTSM:8450,Information Technology,Taiwan,80,-3%,19
2315,Polytronics Technology Corporation,TSEC:6224,Information Technology,Taiwan,36,-1%,23
15147,"Portwell, Inc.",GTSM:6105,Information Technology,Taiwan,64,3%,6
12056,Pou Chen Corporation,TSEC:9904,Information Technology,Taiwan,10,-5%,23
12071,Powertec Energy Corporation,Private:Poweration,Information Technology,Taiwan,33,0%,21
12131,Powertech Technology Inc.,TSEC:6239,Information Technology,Taiwan,1,-1%,17
2252,President Chain Store Corp.,TSEC:2912,Information Technology,Taiwan,41,-3%,11
12143,"ProbeLeader Co., Ltd.",Private:Protd.,Information Technology,Taiwan,1,6%,8
12020,Prohubs International Corp,Private:Prohubs Ional Corp,Information Technology,Taiwan,32,8%,19
2290,Prolific Technology Inc.,GTSM:6233,Information Technology,Taiwan,39,7%,14
12141,ProLight Opto Technology Corporation,GTSM:5277,Information Technology,Taiwan,99,-3%,20
12187,"Promate Electronic Co., Ltd.",TSEC:6189,Information Technology,Taiwan,66,8%,14
12216,"Prosperity Dielectrics Co., Ltd.",GTSM:6173,Information Technology,Taiwan,13,-7%,13
12173,Qisda Corporation,TSEC:2352,Information Technology,Taiwan,16,7%,8
12113,"Quang Viet Enterprise Co., Ltd.",TSEC:4438,Information Technology,Taiwan,58,-7%,23
12177,"Quanta Computer, Inc.",TSEC:2382,Information Technology,Taiwan,59,-6%,20
2261,"Radium Life Technology Co., Ltd.",TSEC:2547,Information Technology,Taiwan,32,-2%,16
12058,Raydium Semiconductor Corporation,GTSM:3592,Information Technology,Taiwan,24,3%,17
2219,Realtek Semiconductor Corp.,TSEC:2379,Information Technology,Taiwan,2,7%,19
12203,ReaLy Development & Construction Corp.,GTSM:2596,Information Technology,Taiwan,57,-6%,21
12046,"Ri Yi Cultural Co.,Ltd.","Private:Ri Yi Cul Co.,Ltd.",Information Technology,Taiwan,52,-6%,15
12218,RichWave Technology Corp.,TSEC:4968,Information Technology,Taiwan,48,3%,23
12037,Ring Line Corp.,Private:Ring Lineine Corp.,Information Technology,Taiwan,36,8%,12
2206,Rossmax International Ltd.,GTSM:4121,Information Technology,Taiwan,66,-3%,6
12061,Rsea Engineering Group,Private:Rsea Engiing Group,Information Technology,Taiwan,83,1%,17
12183,"Ruentex Engineering & Construction Co., Ltd.",TSEC:2597,Information Technology,Taiwan,7,5%,15
12211,Sagittarius Life Science Corp,GTSM:3205,Information Technology,Taiwan,33,8%,20
12184,"San Chih Semiconductor Co., ltd.",TSEC:3579,Information Technology,Taiwan,66,-8%,22
12153,"San Fang Chemical Industry Co., Ltd.",TSEC:1307,Information Technology,Taiwan,81,-4%,16
2270,"San fu Chemical Co., Ltd.",TSEC:4755,Information Technology,Taiwan,93,-5%,19
2267,"Sanyang Motor Co., Ltd.",TSEC:2206,Information Technology,Taiwan,28,1%,9
2312,"ScinoPharm Taiwan, Ltd.",TSEC:1789,Information Technology,Taiwan,18,-4%,20
12135,SemiLEDs Corporation,NasdaqCM:LEDS,Information Technology,Taiwan,48,2%,9
2294,"Senao International Co., Ltd.",TSEC:2450,Information Technology,Taiwan,17,5%,12
12140,Sentronic International Corp.,GTSM:3232,Information Technology,Taiwan,11,-3%,21
2309,"Shan-Loong Transportation Co., Ltd.",TSEC:2616,Information Technology,Taiwan,92,-3%,16
2269,"Sheh Kai Precision Co., Ltd.",GTSM:2063,Information Technology,Taiwan,94,2%,17
15670,Sheng Yu Steel Co. Ltd.,TSEC:2029,Information Technology,Taiwan,62,-8%,11
2189,"Shian Yih Electronic Industry Co.,Ltd",GTSM:3531,Information Technology,Taiwan,76,-6%,16
15753,"Shih Hsin Storage & Transportation Co., Ltd.","Private:Shih HsinCo., Ltd.",Information Technology,Taiwan,89,0%,12
15152,"Shih-Kuen Plastics Co., Ltd.",GTSM:4305,Information Technology,Taiwan,6,-6%,9
16021,"Shihlin Paper Co., Ltd.",TSEC:1903,Information Technology,Taiwan,34,7%,11
2197,"ShineMore Technology Materials Co., Ltd",GTSM:8291,Information Technology,Taiwan,18,-4%,25
2199,"Shinih Enterprise Co., Ltd.",TSEC:9944,Information Technology,Taiwan,13,-8%,18
2201,Shining Biomedical Company Ltd.,Private:Shining Bpany Ltd.,Information Technology,Taiwan,67,6%,24
2203,Shinkong Synthetic Fibers Corporation,TSEC:1409,Information Technology,Taiwan,20,7%,8
2204,"Shinkong Textile Co.,Ltd.",TSEC:1419,Information Technology,Taiwan,48,7%,13
15153,Shun On Electronic Co Ltd,TSEC:6283,Information Technology,Taiwan,7,-5%,20
2212,Shung Ye Motor Corp.,Private:Shung Ye tor Corp.,Information Technology,Taiwan,60,-4%,20
15695,Sigurd Microelectronics Corporation,TSEC:6257,Information Technology,Taiwan,50,2%,12
2217,Silicon Motion Technology Corp.,NasdaqGS:SIMO,Information Technology,Taiwan,100,-2%,7
15754,Siliconware Precision Industries Co. Ltd.,NasdaqGS:SPIL,Information Technology,Taiwan,49,2%,9
15149,"Simosa Oil Co., Ltd","Private:Simosa Oi Co., Ltd",Information Technology,Taiwan,89,-8%,7
15315,"Simpal Electronics Co., Ltd.",Private:Simtd.,Information Technology,Taiwan,53,0%,7
16039,"SINBON Electronics Co., Ltd.",TSEC:3023,Information Technology,Taiwan,45,4%,16
16040,Sincere Navigation Corporation,TSEC:2605,Information Technology,Taiwan,12,4%,20
15758,"Sino-American Electronics Co., Ltd.",GTSM:6107,Information Technology,Taiwan,92,-4%,13
2258,Sino-American Silicon Products,GTSM:5483,Information Technology,Taiwan,43,4%,10
15987,"Sinphar Pharmaceutical Co., Ltd.",TSEC:1734,Information Technology,Taiwan,55,4%,11
2263,Softstar Entertainment Inc.,GTSM:6111,Information Technology,Taiwan,58,-7%,17
2268,Soft-World International Corp.,GTSM:5478,Information Technology,Taiwan,53,-7%,14
16046,Solartech Energy Corp.,TSEC:3561,Information Technology,Taiwan,83,-6%,11
15988,"Solid State System Co.,Ltd",GTSM:3259,Information Technology,Taiwan,15,8%,11
15759,"SolidWizard Technology Co.,Ltd.",GTSM:8416,Information Technology,Taiwan,14,0%,15
16017,"Song Ho Industrial Co., Ltd.",GTSM:5016,Information Technology,Taiwan,99,-5%,14
2295,Southeast Cement Corporation,TSEC:1110,Information Technology,Taiwan,89,7%,19
15719,Speedtech Corp.,GTSM:5457,Information Technology,Taiwan,76,-1%,21
16026,Spirox Corporation,TSEC:3055,Information Technology,Taiwan,41,-4%,23
15355,Sporton International Inc.,GTSM:6146,Information Technology,Taiwan,66,0%,7
2304,"Star Comgistic Capital Co., Ltd.",TSEC:4930,Information Technology,Taiwan,33,3%,14
15760,"Stark Technology, Inc.",TSEC:2480,Information Technology,Taiwan,51,-6%,21
2310,"Sunamper Electronic Co., Ltd.","Private:Sunamper Co., Ltd.",Information Technology,Taiwan,80,2%,22
16027,"Sunfar Computer Co., Ltd",GTSM:6154,Information Technology,Taiwan,60,3%,11
2311,Sunjet Components Corps,Private:Sunrps,Information Technology,Taiwan,82,2%,23
15990,"SuperAlloy Industrial Co., Ltd",GTSM:1563,Information Technology,Taiwan,92,-1%,9
14218,"Superiority Steel Co.,Ltd.","Private:Superiori Co.,Ltd.",Information Technology,Taiwan,28,-2%,21
2317,"Supreme Electronics Co., Ltd.",TSEC:8112,Information Technology,Taiwan,92,-5%,11
2318,"Syncore Biotechnology Co., Ltd.",GTSM:4192,Information Technology,Taiwan,84,-1%,14
2321,Synmosa Biopharma Corp.,GTSM:4114,Information Technology,Taiwan,81,4%,6
5915,Synnex Technology International Corporation,TSEC:2347,Information Technology,Taiwan,13,-6%,25
6332,Sysage Technology Co. Ltd,TSEC:6112,Information Technology,Taiwan,52,7%,9
7720,Sysgration  Ltd.,GTSM:5309,Information Technology,Taiwan,18,3%,20
21546,T.S. Lines Ltd.,Private:T.S. Lineines Ltd.,Information Technology,Taiwan,23,-8%,13
21622,"Ta Ya Electric Wire & Cable Co., Ltd.",TSEC:1609,Information Technology,Taiwan,96,4%,24
17031,"Ta Yih Industrial Co.,Ltd.",TSEC:1521,Information Technology,Taiwan,93,-1%,25
17002,Tah Hsin Industrial Corporation,TSEC:1315,Information Technology,Taiwan,22,2%,24
21563,Tah Kong Chemical Industrial Corporation,GTSM:4706,Information Technology,Taiwan,6,3%,9
17103,Taichung Veterans General Hospital,Private:Taichung  Hospital,Information Technology,Taiwan,38,4%,18
17152,"Taicrystal International Technology Co.,Ltd.","Private:Taicrysta Co.,Ltd.",Information Technology,Taiwan,79,7%,20
21521,"Tainan Spinning Co., Ltd.",TSEC:1440,Information Technology,Taiwan,50,-3%,13
12011,Taipei Medical University,Private:Taipei Miversity,Information Technology,Taiwan,99,8%,22
12012,"Taipei Motor Co., Ltd.","Private:Taipei MoCo., Ltd.",Information Technology,Taiwan,79,6%,8
12013,Taipei Veterans General Hospital,Private:Taipei VHospital,Information Technology,Taiwan,9,2%,12
12018,"Taisun Enterprise Co., Ltd.",TSEC:1218,Information Technology,Taiwan,65,4%,17
12019,"Taita Chemical Company, Limited",TSEC:1309,Information Technology,Taiwan,66,7%,16
12022,"TAI-TECH Advanced Electronics Co., Ltd.",GTSM:3357,Information Technology,Taiwan,53,6%,18
12024,"Taiwan Acetate Co.,Ltd.","Private:Taiwan Ac Co.,Ltd.",Information Technology,Taiwan,24,0%,25
12026,"Taiwan Building Materials Co., Ltd.",TSEC:2504,Information Technology,Taiwan,44,-7%,18
12028,Taiwan Cement Corp.,TSEC:1101,Information Technology,Taiwan,52,-3%,25
12031,Taiwan Cogeneration Corporation,TSEC:8926,Information Technology,Taiwan,36,6%,12
16045,"Taiwan FamilyMart Co., Ltd.",GTSM:5903,Information Technology,Taiwan,91,-5%,12
12033,"Taiwan Green Alcohol Co.,Ltd.","Private:Taiwan Gr Co.,Ltd.",Information Technology,Taiwan,26,2%,21
12035,"Taiwan Hon Chuan Enterprise Co., Ltd.",TSEC:9939,Information Technology,Taiwan,4,6%,21
12043,Taiwan IC Packaging Corporation,GTSM:3372,Information Technology,Taiwan,94,0%,21
15772,"Taiwan International Ports Corporation, Ltd.","Private:Taiwan Ion, Ltd.",Information Technology,Taiwan,68,4%,9
12045,Taiwan Kong King Co Ltd,GTSM:3093,Information Technology,Taiwan,47,2%,14
12057,Taiwan Land Development Corporation,TSEC:2841,Information Technology,Taiwan,27,7%,9
15773,"Taiwan Liposome Company, Ltd.",GTSM:4152,Information Technology,Taiwan,91,2%,13
12063,Taiwan Mask Corp.,TSEC:2338,Information Technology,Taiwan,50,-7%,15
12065,"Taiwan Mobile Co., Ltd",TSEC:3045,Information Technology,Taiwan,59,6%,12
12069,"Taiwan Navigation Co., Ltd.",TSEC:2617,Information Technology,Taiwan,10,1%,18
12073,"Taiwan Pcb Techvest Co., Ltd.",TSEC:8213,Information Technology,Taiwan,0,4%,16
15351,"Taiwan Pelican Express Co., Ltd.",TSEC:2642,Information Technology,Taiwan,100,6%,9
15150,Taiwan Power Company,Private:Taiwan P Company,Information Technology,Taiwan,96,7%,17
15775,Taiwan Semiconductor Manufacturing Company Limited,NYSE:TSM,Information Technology,Taiwan,15,1%,23
12120,"Taiwan Steel Union Co., Ltd",GTSM:6581,Information Technology,Taiwan,88,0%,17
12121,Taiwan Styrene Monomer Corporation,TSEC:1310,Information Technology,Taiwan,92,-1%,5
12123,Taiwan Surface Mounting Technology Corp.,TSEC:6278,Information Technology,Taiwan,98,-4%,12
12124,"Taiwan TAKISAWA Technology Co., Ltd.",GTSM:6609,Information Technology,Taiwan,80,0%,17
15148,"Taiwan Taoyuan International Airport Co., Ltd.","Private:Taiwan TaCo., Ltd.",Information Technology,Taiwan,42,-3%,11
12125,Taiwan Water Corporation,Private:Taiwan Warporation,Information Technology,Taiwan,95,5%,5
12126,Taiwan's Ministry of Communications Highway Administration,Private:Taiwan's istration,Information Technology,Taiwan,42,-4%,20
15776,"Tang Eng Iron Works Co., Ltd.",GTSM:2035,Information Technology,Taiwan,48,3%,15
12129,"Tau Miau Motor Co., Ltd.","Private:Tau Miau Co., Ltd.",Information Technology,Taiwan,1,-8%,25
12132,Ta-Yuan Cogeneration Company Ltd,GTSM:8931,Information Technology,Taiwan,68,-3%,14
12138,TECO Electric & Machinery Co. Ltd.,TSEC:1504,Information Technology,Taiwan,40,-2%,12
12148,"Tex-Ray Industrial Co., Ltd.",TSEC:1467,Information Technology,Taiwan,44,4%,16
16012,"Thermaltake Technology Co., Ltd.",GTSM:3540,Information Technology,Taiwan,35,-2%,19
15777,ThinFlex Corporation,GTSM:3144,Information Technology,Taiwan,83,8%,10
12157,"Tian Cheng Concrete Industry Co.,Ltd.","Private:Tian Chen Co.,Ltd.",Information Technology,Taiwan,52,0%,7
15779,"T-Mac Techvest PCB Co., Ltd.",GTSM:5480,Information Technology,Taiwan,48,3%,19
12188,Ton Yi Industrial Corp.,TSEC:9907,Information Technology,Taiwan,68,-7%,25
12190,Tong-Hwa Synthetic Fiber Company Limited,TSEC:1418,Information Technology,Taiwan,99,-6%,20
12197,"Tongtai Machine & Tool Co., Ltd.",TSEC:4526,Information Technology,Taiwan,43,5%,13
12200,Top Form Construction Ltd.,Private:Top Form tion Ltd.,Information Technology,Taiwan,16,3%,10
12206,"Topco Quartz Products Co., Ltd","Private:Topco Qua Co., Ltd",Information Technology,Taiwan,14,5%,18
15989,"TOPCO Scientific Co., Ltd.",TSEC:5434,Information Technology,Taiwan,30,5%,21
12214,Topoint Technology Co. Ltd.,TSEC:8021,Information Technology,Taiwan,11,-6%,7
11977,Transasia Airways Corporation,TSEC:6702,Materials,Taiwan,57,0%,12
11925,"Transcend Information, Inc.",TSEC:2451,Materials,Taiwan,28,2%,10
11990,Triumph Motor Service Corporation,Private:Triumph Mrporation,Materials,Taiwan,37,-1%,15
11989,Tsann Kuen Enterprise Co. Ltd.,TSEC:2430,Materials,Taiwan,10,1%,12
11996,TSEC Corporation,TSEC:6443,Materials,Taiwan,69,5%,19
11936,TSH Biopharm Corporation Limited,GTSM:8432,Materials,Taiwan,39,-6%,6
11979,TTET Union Corporation,TSEC:1232,Materials,Taiwan,39,4%,11
11991,TTY Biopharm Company Limited,GTSM:4105,Materials,Taiwan,28,3%,9
11994,Tung Ho Steel Enterprise Corporation,TSEC:2006,Materials,Taiwan,83,-2%,11
11942,Turvo International Co Ltd.,GTSM:2233,Materials,Taiwan,44,6%,14
12175,"TWi Pharmaceuticals, Inc.",GTSM:4180,Materials,Taiwan,79,4%,22
11926,TXC Corp.,TSEC:3042,Materials,Taiwan,24,-4%,19
2328,"TYC Brother Industrial Co., Ltd.",TSEC:1522,Materials,Taiwan,55,8%,25
11927,UBI Pharma Inc.,GTSM:6562,Materials,Taiwan,45,1%,10
11946,Ubright Optronics Corporation,GTSM:4933,Materials,Taiwan,41,8%,13
11924,U-Ming Marine Transport Corporation,TSEC:2606,Materials,Taiwan,72,-2%,5
12228,Unic Technology Corp.,GTSM:5452,Materials,Taiwan,3,-6%,9
11939,"Unicon Optical Co., Ltd.",GTSM:4150,Materials,Taiwan,18,5%,10
12167,Uniflex Technology Inc.,TSEC:3321,Materials,Taiwan,79,-1%,23
2244,Unimicron Technology Corp.,TSEC:3037,Materials,Taiwan,37,3%,11
11940,Uni-President Enterprises Corporation,TSEC:1216,Materials,Taiwan,77,7%,10
12231,"Unitech Computer Co., Ltd.",TSEC:2414,Materials,Taiwan,80,-5%,8
12233,"United BioPharma, Inc.",GTSM:6471,Materials,Taiwan,98,-1%,12
11980,United Microelectronics Corporation,TSEC:2303,Materials,Taiwan,71,2%,6
11938,Universal Cement Corporation,TSEC:1104,Materials,Taiwan,26,7%,25
11976,Universal Incorporation,TSEC:1325,Materials,Taiwan,64,-1%,19
2306,"USERJOY Technology Co.,Ltd.",GTSM:3546,Materials,Taiwan,78,5%,11
11981,Vanguard International Semiconductor Corp.,GTSM:5347,Materials,Taiwan,58,-4%,23
15142,"Vate Technology Co., Ltd.",GTSM:5344,Materials,Taiwan,20,-8%,22
16047,VFMOTOR Taiwan Ltd.,Private:VFMOTOR Tiwan Ltd.,Materials,Taiwan,28,4%,24
15757,VIA Technologies Inc.,TSEC:2388,Materials,Taiwan,30,1%,22
15141,Viking Tech Corporation,GTSM:3624,Materials,Taiwan,89,-5%,16
20552,Wafer Works Corporation,GTSM:6182,Materials,Taiwan,39,-5%,19
21617,Wagon Shipping Corporation,Private:Wagon Shirporation,Materials,Taiwan,26,-4%,10
15763,Wah Hong Industrial Corp.,GTSM:8240,Materials,Taiwan,9,5%,5
11937,Wah Lee Industrial Corp.,TSEC:3010,Materials,Taiwan,14,0%,11
15764,Walsin Lihwa Corporation,TSEC:1605,Materials,Taiwan,85,-8%,11
15765,Walton Advanced Engineering Inc.,TSEC:8110,Materials,Taiwan,17,-7%,9
11941,Wayi International Digital Entertainment Co.,GTSM:3086,Materials,Taiwan,6,6%,16
15769,"Ways Technical Corp., Ltd.",GTSM:3508,Materials,Taiwan,8,-5%,25
15771,"Weikeng Industrial Co., Ltd.",TSEC:3033,Materials,Taiwan,71,-4%,14
11987,"Well Shin Technology Co., Ltd.",TSEC:3501,Materials,Taiwan,53,-4%,24
11988,"Weltrend Semiconductor, Inc.",TSEC:2436,Materials,Taiwan,69,-3%,25
11995,Winbond Electronics Corp.,TSEC:2344,Materials,Taiwan,4,6%,25
11997,Wintek Corporation,Private:Wintek Corporation,Materials,Taiwan,45,0%,11
15736,"Wisdom Marine Lines Co., Limited",TSEC:2637,Materials,Taiwan,12,-5%,21
11998,"Wonderful Hi-tech Co., Ltd.",GTSM:6190,Materials,Taiwan,72,8%,6
12002,WPG Holdings Limited,TSEC:3702,Materials,Taiwan,88,0%,25
12077,"WT Microelectronics Co., Ltd.",TSEC:3036,Materials,Taiwan,54,4%,8
15738,Xintec Inc.,GTSM:3374,Materials,Taiwan,10,-5%,11
22052,"X-Legend Entertainment Co., Ltd",TSEC:4994,Others,Taiwan,17,-1%,8
17746,Y.C.C. Parts MFG. Co. Ltd.,TSEC:1339,Others,Taiwan,84,0%,6
16267,Yageo Corporation,TSEC:2327,Others,Taiwan,0,7%,20
20467,Yang Ming Marine Transport Corporation,TSEC:2609,Others,Taiwan,7,7%,14
22105,"Yao Sheng Electronic Co., Ltd.",GTSM:3207,Others,Taiwan,65,7%,25
18181,Yeh-Chiang Technology Corp.,GTSM:6124,Others,Taiwan,86,7%,13
22057,"Yen Hsing Textile Co., Ltd.","Private:Yen HsingCo., Ltd.",Others,Taiwan,100,2%,5
20462,"YFMOTOR Taiwan Co.,Ltd.","Private:YFMOTOR T Co.,Ltd.",Others,Taiwan,44,3%,25
22071,Yi Jinn Industrial Co. Ltd.,TSEC:1457,Others,Taiwan,91,3%,14
22051,"Yieh Hsing Enterprise Co., Ltd.",TSEC:2007,Others,Taiwan,85,-3%,20
17452,"Yieh Phui Enterprise Co., Ltd.",TSEC:2023,Others,Taiwan,54,-8%,6
12102,Yieh United Steel Corp.,GTSM:9957,Real Estate,Taiwan,78,1%,6
15986,Yili Holdings Limited,Private:Yili Hol Limited,Real Estate,Taiwan,42,3%,11
12076,"Yixin Industry Co.,Ltd.","Private:Yixin Ind Co.,Ltd.",Real Estate,Taiwan,96,-4%,25
12080,Youngtek Electronics Corp.,GTSM:6261,Real Estate,Taiwan,33,7%,6
12082,"Yuan Jen Enterprises Co., Ltd.",TSEC:1725,Real Estate,Taiwan,74,-5%,13
2285,"Yuan Loong Motor Co., Ltd.","Private:Yuan LoonCo., Ltd.",Telecommunication Services,Taiwan,28,2%,8
12049,Yulon Motor Co. Ltd.,TSEC:2201,Telecommunication Services,Taiwan,56,-2%,12
13259,Yulon Nissan Motor Co. Ltd.,TSEC:2227,Telecommunication Services,Taiwan,39,-8%,18
12168,"Yung Chi Paint & Varnish Mfg. Co.,Ltd.",TSEC:1726,Telecommunication Services,Taiwan,73,3%,25
12224,Zen Voce Corporation,GTSM:3581,Utilities,Taiwan,84,1%,17
16005,"Zero One Technology Co., Ltd.",TSEC:3029,Utilities,Taiwan,75,-4%,25
17927,Zig Sheng Industrial Co. Ltd.,TSEC:1455,Utilities,Taiwan,64,7%,13
21572,Zippy Technology Corp.,TSEC:2420,Utilities,Taiwan,16,-6%,22
20970,"KZ Pranda Co., Ltd.","Private:KZ PrandaCo., Ltd.",Others,Thailand,37,-1%,6
15356,Luckytex (Thailand) Public Company Limited,SET:LTX-R,Consumer Discretionary,Thailand,42,1%,22
9233,Nation Broadcasting Corporation Public Company Limited,SET:NBC,Consumer Discretionary,Thailand,14,1%,23
15750,Thai Union Group Public Company Limited,SET:TU,Consumer Staples,Thailand,20,-5%,15
9242,PTT Public Company Limited,SET:PTT,Energy,Thailand,94,-8%,7
9243,PTT Exploration and Production Public Company Limited,SET:PTTEP,Energy,Thailand,44,6%,23
22276,"J.B.T. INDUSTRIAL CO.,LTD.","Private:J.B.T. IN CO.,LTD.",Industrials,Thailand,54,-2%,21
22215,"Rachada Chemicals Co.,Ltd","Private:Rachada Cs Co.,Ltd",Industrials,Thailand,51,-4%,24
13374,Italian-Thai Development Public Company Limited,SET:ITD,Industrials,Thailand,82,2%,7
9194,Cal-Comp Electronics (Thailand) Public Company Limited,SET:CCET,Information Technology,Thailand,100,1%,17
21437,Kohsan Industry Company Limited,Private:Kohsan Iny Limited,Materials,Thailand,96,8%,25
15748,POSCO-Thainox Public Company Limited,SET:INOX,Materials,Thailand,95,4%,18
9244,PTT Global Chemical Public Company Limited,SET:PTTGC,Materials,Thailand,53,3%,19
17110,Vulcan Energy Corporation,Private:Vulcaation,Others,Thailand,22,1%,9
9174,Advanced Info Service Public Company Limited,SET:ADVANC,Telecommunication Services,Thailand,75,6%,16
9275,True Corporation Public Company Limited,SET:TRUE,Telecommunication Services,Thailand,1,-2%,25
2460,Türkiye Petrol Rafinerileri A.S.,IBSE:TUPRS,Energy,Turkey,39,4%,14
22075,Istanbul Strait Road Crossing Project ,Private:Istanbul  Project ,Government Institution,Turkey,58,7%,5
20646,Assan Hanil Otomotiv Sanayi Ve Ticaret Anonim Sirketi,Private:Assan Hanm Sirketi,Industrials,Turkey,20,6%,10
22238,Ilkogen Ilac San ve Tic AS,Private:Ilkogen Ive Tic AS,Industrials,Turkey,9,-4%,20
21144,Republic Of Turkey,Private:Republic Of Turkey,Industrials,Turkey,29,-2%,21
22218,Tekno Takim Makine ve Kesici Takim AS,Private:Tekno Tak Takim AS,Industrials,Turkey,27,5%,11
16430,"United States Agency for International Development, Ukraine",Private:United S Ukraine,Government Institution,Ukraine,36,5%,6
21922,Yuzhnyi Gorno Obogatitelnyi Kombinat OAO,Private:Yuzhnyi Gbinat OAO,Industrials,Ukraine,61,0%,22
18778,Abu Dhabi National Oil Company,Private:Abu Dhabil Company,Energy,United Arab Emirates,1,8%,10
16442,Emirates Nuclear Energy Corporation,Private:Emiratesporation,Government Institution,United Arab Emirates,36,-7%,20
16165,U.A.E. Government,Private:U.Aent,Government Institution,United Arab Emirates,64,5%,7
21886,United Arab Emirates Federal Authority For Nuclear Regulation,Private:United Aregulation,Government Institution,United Arab Emirates,93,-1%,11
21838,Government of Dubai,Private:Governmen of Dubai,Industrials,United Arab Emirates,8,-3%,22
16773,The Emirates Group,Private:The Emies Group,Industrials,United Arab Emirates,46,8%,21
16704,Dubai Supply Authority,Private:Dubaiority,Others,United Arab Emirates,58,1%,21
17383,Golden Dragon Auto Spare Parts LLC,Private:Goldes LLC,Others,United Arab Emirates,71,-1%,18
17198,Al Hamra Group,Private:Al HaGroup,Real Estate,United Arab Emirates,82,8%,16
4,Emirates Telecommunications Group Company PJSC,ADX:ETISALAT,Telecommunication Services,United Arab Emirates,6,4%,16
17509,Thuraya Telecommunications Company,Private:Thuraya  Company,Telecommunication Services,United Arab Emirates,22,-4%,15
21738,ALC (Superholdco) Limited,Private:ALC (Supe) Limited,Others,United Kingdom,40,1%,25
21722,Ascent Flight Training (Management) Company Limited,Private:Ascent Fly Limited,Others,United Kingdom,90,-3%,14
6659,Delphi Automotive PLC,NYSE:DLPH,Consumer Discretionary,United Kingdom,79,0%,23
4187,Torotrak plc,LSE:TRK,Consumer Discretionary,United Kingdom,17,-1%,17
7145,Manchester United plc,NYSE:MANU,Consumer Discretionary,United Kingdom,100,-1%,21
7077,Michael Kors Holdings Limited,NYSE:KORS,Consumer Discretionary,United Kingdom,28,7%,25
308,Sprue Aegis PLC,AIM:SPRP,Consumer Discretionary,United Kingdom,60,7%,9
3894,Burberry Group plc,LSE:BRBY,Consumer Discretionary,United Kingdom,68,8%,21
3922,Compass Group PLC,LSE:CPG,Consumer Discretionary,United Kingdom,29,-1%,16
3975,GKN plc,LSE:GKN,Consumer Discretionary,United Kingdom,44,-7%,11
4216,WPP plc,LSE:WPP,Consumer Discretionary,United Kingdom,46,-6%,7
5549,Liberty Global plc,NasdaqGS:LBTY.A,Consumer Discretionary,United Kingdom,59,-6%,25
6776,Fiat Chrysler Automobiles N.V.,NYSE:FCAU,Consumer Discretionary,United Kingdom,45,-6%,24
7000,International Game Technology PLC,NYSE:IGT,Consumer Discretionary,United Kingdom,72,7%,16
20731,Audio-Technica Ltd,Private:Audio-Technica Ltd,Consumer Discretionary,United Kingdom,29,4%,21
17183,McLaren Technology Group Limited.,Private:McLarited.,Consumer Discretionary,United Kingdom,1,-2%,11
22035,"Merida UK Co.,Ltd.","Private:Merida UK Co.,Ltd.",Consumer Discretionary,United Kingdom,17,-2%,22
21187,Sw Global Resourcing Limited,Private:Sw Globalg Limited,Consumer Discretionary,United Kingdom,66,-2%,19
18944,The Premier League Limited,Private:The Pmited,Consumer Discretionary,United Kingdom,94,5%,22
21510,University of Oxford,Private:Universitof Oxford,Consumer Discretionary,United Kingdom,100,2%,14
3879,British American Tobacco p.l.c.,LSE:BATS,Consumer Staples,United Kingdom,93,3%,24
4007,Imperial Brands PLC,LSE:IMB,Consumer Staples,United Kingdom,93,2%,19
4138,J Sainsbury plc,LSE:SBRY,Consumer Staples,United Kingdom,88,4%,20
4188,Tesco PLC,LSE:TSCO,Consumer Staples,United Kingdom,61,0%,20
6485,Coca-Cola European Partners Plc,NYSE:CCE,Consumer Staples,United Kingdom,88,-4%,12
16728,Co-operative Group Limited,Private:Co-ted,Consumer Staples,United Kingdom,68,7%,18
16576,SABMiller Limited,Private:SABMill Limited,Consumer Staples,United Kingdom,41,6%,24
17223,United Foods International Limited,Private:United mited,Consumer Staples,United Kingdom,23,3%,14
7533,Seadrill Partners LLC,NYSE:SDLP,Energy,United Kingdom,55,4%,7
6749,Ensco plc,NYSE:ESV,Energy,United Kingdom,83,-1%,7
7482,Transocean Partners LLC,NYSE:RIGP,Energy,United Kingdom,77,-3%,13
6430,BP p.l.c.,NYSE:BP,Energy,United Kingdom,62,-1%,22
7071,KNOT Offshore Partners LP,NYSE:KNOP,Energy,United Kingdom,70,-5%,14
7254,Noble Corporation plc,NYSE:NE,Energy,United Kingdom,7,2%,16
4000,Hunting plc,LSE:HTG,Energy,United Kingdom,10,3%,14
3920,Cairn Energy plc,LSE:CNE,Energy,United Kingdom,25,4%,22
4099,Premier Oil plc,LSE:PMO,Energy,United Kingdom,0,-8%,5
4176,Tullow Oil plc,LSE:TLW,Energy,United Kingdom,84,0%,19
16146,Integrated Aviation Consortium,Private:Integrateonsortium,Energy,United Kingdom,38,-8%,19
15205,STM Group Plc,AIM:STM,Financials,United Kingdom,3,-7%,19
3878,Barclays PLC,LSE:BARC,Financials,United Kingdom,24,4%,12
4022,Jardine Lloyd Thompson Group plc,LSE:JLT,Financials,United Kingdom,36,-7%,14
4036,Lloyds Banking Group plc,LSE:LLOY,Financials,United Kingdom,85,-1%,18
4161,Standard Chartered PLC,LSE:STAN,Financials,United Kingdom,71,8%,11
6059,Willis Towers Watson Public Limited Company,NasdaqGS:WLTW,Financials,United Kingdom,93,3%,7
6302,Aon plc,NYSE:AON,Financials,United Kingdom,66,7%,14
6342,Aviva plc,NYSE:AV,Financials,United Kingdom,64,-2%,8
6971,HSBC Holdings plc,NYSE:HSBC,Financials,United Kingdom,42,8%,23
16743,Capsicum Reinsurance Brokers LLP,Private:CapLLP,Financials,United Kingdom,97,-8%,14
16401,U.K. Government,Private:U.Kent,Government Institution,United Kingdom,50,6%,19
7191,Mallinckrodt Public Limited Company,NYSE:MNK,Healthcare,United Kingdom,91,-5%,20
5652,Mylan N.V.,NasdaqGS:MYL,Healthcare,United Kingdom,62,-1%,16
139,Genedrive plc,AIM:GDR,Healthcare,United Kingdom,52,2%,13
257,Proteome Sciences plc,AIM:PRM,Healthcare,United Kingdom,4,0%,21
4854,Oxford Immunotec Global PLC,NasdaqGM:OXFD,Healthcare,United Kingdom,37,-4%,15
12,Abcam Plc,AIM:ABC,Healthcare,United Kingdom,75,2%,25
78,Clinigen Group Plc,AIM:CLIN,Healthcare,United Kingdom,78,0%,11
16007,PHSC plc,AIM:PHSC,Healthcare,United Kingdom,54,1%,7
6362,AstraZeneca PLC,NYSE:AZN,Healthcare,United Kingdom,91,-4%,9
6899,GlaxoSmithKline plc,NYSE:GSK,Healthcare,United Kingdom,52,1%,15
4153,Senior plc,LSE:SNR,Industrials,United Kingdom,23,5%,14
3876,Babcock International Group plc,LSE:BAB,Industrials,United Kingdom,6,0%,24
163,Havelock Europa plc,AIM:HVE,Industrials,United Kingdom,48,-2%,12
255,Proton Power Systems Plc,AIM:PPS,Industrials,United Kingdom,24,-4%,17
3875,BAE Systems plc,LSE:BA.,Industrials,United Kingdom,98,3%,23
3868,WS Atkins plc,LSE:ATK,Industrials,United Kingdom,23,2%,19
3881,Balfour Beatty plc,LSE:BBY,Industrials,United Kingdom,62,6%,14
74,Cohort PLC,AIM:CHRT,Industrials,United Kingdom,72,-2%,25
3916,Carillion plc,LSE:CLLN,Industrials,United Kingdom,23,-3%,20
4159,Serco Group plc,LSE:SRP,Industrials,United Kingdom,61,6%,8
3923,Capita plc,LSE:CPI,Industrials,United Kingdom,89,1%,14
4111,QinetiQ Group Plc,LSE:QQ.,Industrials,United Kingdom,12,8%,15
3873,Avon Rubber p.l.c.,LSE:AVON,Industrials,United Kingdom,91,6%,24
67,Camellia PLC,AIM:CAM,Industrials,United Kingdom,4,-3%,10
100,Dart Group plc,AIM:DTG,Industrials,United Kingdom,28,8%,10
3956,easyJet plc,LSE:EZJ,Industrials,United Kingdom,55,-8%,19
4002,"International Consolidated Airlines Group, S.A.",LSE:IAG,Industrials,United Kingdom,54,2%,6
4131,Rolls Royce Holdings plc,LSE:RR.,Industrials,United Kingdom,16,0%,16
6547,CNH Industrial N.V.,NYSE:CNHI,Industrials,United Kingdom,45,-5%,9
7464,RELX PLC,NYSE:RELX,Industrials,United Kingdom,63,-4%,24
21815,Airtanker Services Ltd,Private:Airtankervices Ltd,Industrials,United Kingdom,70,-4%,7
21814,Lewisham Schools For The Future Lep Limited,Private:Lewisham p Limited,Industrials,United Kingdom,72,1%,11
21811,Lewisham Schools For The Future Spv Limited,Private:Lewisham v Limited,Industrials,United Kingdom,36,0%,14
20694,Norkem Limited,Private:Norkem Lim Limited,Industrials,United Kingdom,49,-1%,15
20611,RUTRONIK UK ltd,Private:RUTRONIK IK UK ltd,Industrials,United Kingdom,54,-8%,17
20514,RW Machines Ltd,Private:RW Machinhines Ltd,Industrials,United Kingdom,45,-3%,6
21828,Turbo-Union Limited,Private:Turbo-Unin Limited,Industrials,United Kingdom,78,0%,25
17106,Virgin.com Limited,Private:Virgimited,Industrials,United Kingdom,35,-3%,16
13010,Dialog Semiconductor Plc,XTRA:DLG,Information Technology,United Kingdom,12,0%,25
105,Eckoh Plc,AIM:ECK,Information Technology,United Kingdom,16,3%,14
12683,Dynex Power Inc.,TSXV:DNX,Information Technology,United Kingdom,68,0%,5
324,Tracsis Plc,AIM:TRCS,Information Technology,United Kingdom,81,6%,7
184,IQE plc,AIM:IQE,Information Technology,United Kingdom,27,4%,18
4089,Paysafe Group Plc,LSE:PAYS,Information Technology,United Kingdom,14,0%,11
16656,PLE,Private:AppLtd,Information Technology,United Kingdom,71,8%,11
16721,Eurocoin Limited,Private:Eurocmited,Information Technology,United Kingdom,68,8%,17
3952,EVRAZ plc,LSE:EVR,Materials,United Kingdom,45,1%,10
3994,Hochschild Mining PLC,LSE:HOC,Materials,United Kingdom,100,7%,5
4074,Nord Gold SE,LSE:NORD,Materials,United Kingdom,20,3%,7
4101,Petropavlovsk PLC,LSE:POG,Materials,United Kingdom,71,-4%,18
5397,Ferroglobe PLC,NasdaqGS:GSM,Materials,United Kingdom,88,-2%,10
7137,LyondellBasell Industries N.V.,NYSE:LYB,Materials,United Kingdom,64,-5%,22
3850,Anglo American plc,LSE:AAL,Materials,United Kingdom,19,-4%,23
4023,Johnson Matthey Plc,LSE:JMAT,Materials,United Kingdom,41,5%,17
4121,Rio Tinto plc,LSE:RIO,Materials,United Kingdom,0,4%,25
4148,DS Smith Plc,LSE:SMDS,Materials,United Kingdom,37,-6%,13
17912,Infineum International Limited,Private:Infineum Limited,Materials,United Kingdom,72,2%,18
20437,Meglobal Ltd.,Private:Meglo Ltd.,Materials,United Kingdom,54,4%,10
17013,Scott Timber Limited ,Private:Scoed ,Materials,United Kingdom,86,-2%,9
16248,Essex Bidco Ltd.,Private:Essex Ltd.,Others,United Kingdom,40,-7%,25
20713,Infinity Partnership Ltd,Private:Infinity rship Ltd,Others,United Kingdom,18,2%,22
17129,Starcom Worldwide Ltd.,Private:Starc Ltd.,Others,United Kingdom,59,-2%,5
4014,Inmarsat Plc,LSE:ISAT,Telecommunication Services,United Kingdom,72,8%,11
6445,BT Group plc,NYSE:BT,Telecommunication Services,United Kingdom,85,-7%,9
4100,Pennon Group Plc,LSE:PNN,Utilities,United Kingdom,22,8%,14
7264,National Grid plc,NYSE:NGG,Utilities,United Kingdom,39,-2%,25
21010,"AdCare Health Systems, Inc.",AMEX:ADK,Others,United States,90,8%,10
21702,"Adams Resources & Energy, Inc.",AMEX:AE,Others,United States,73,-4%,22
20987,Air Industries Group,AMEX:AIRI,Others,United States,95,6%,21
21714,Blonder Tongue Laboratories Inc.,AMEX:BDR,Others,United States,94,-3%,15
21703,"BioTime, Inc.",AMEX:BTX,Others,United States,59,-8%,9
21032,Bovie Medical Corporation,AMEX:BVX,Others,United States,79,-4%,10
21016,"CCA Industries, Inc.",AMEX:CAW,Others,United States,100,3%,16
20985,CompX International Inc.,AMEX:CIX,Others,United States,7,6%,9
16181,"Core Molding Technologies, Inc.",AMEX:CMT,Others,United States,48,1%,5
20986,Chicago Rivet & Machine Co.,AMEX:CVR,Others,United States,51,-3%,13
21052,"CPI Aerostructures, Inc.",AMEX:CVU,Others,United States,45,7%,7
21008,eMagin Corporation,AMEX:EMAN,Others,United States,66,1%,18
21023,Evolution Petroleum Corporation,AMEX:EPM,Others,United States,77,6%,18
21731,"Earthstone Energy, Inc.",AMEX:ESTE,Others,United States,73,5%,6
20959,"Friedman Industries, Incorporated",AMEX:FRD,Others,United States,54,5%,22
21721,"GigPeak, Inc.",AMEX:GIG,Others,United States,87,0%,25
21737,Gold Resource Corp,AMEX:GORO,Others,United States,23,-6%,14
16180,Gastar Exploration Inc.,AMEX:GST,Others,United States,0,-8%,17
5960,"GSE Systems, Inc.",AMEX:GVP,Consumer Discretionary,United States,45,-5%,7
7654,IEC Electronics Corp.,AMEX:IEC,Consumer Discretionary,United States,99,6%,10
6624,inTEST Corporation,AMEX:INTT,Consumer Discretionary,United States,81,2%,23
3465,"Inuvo, Inc.",AMEX:INUV,Consumer Discretionary,United States,55,7%,6
7697,"IsoRay, Inc.",AMEX:ISR,Consumer Discretionary,United States,61,1%,15
7096,Centrus Energy Corp.,AMEX:LEU,Consumer Discretionary,United States,2,2%,15
6915,Contango Oil & Gas Company,AMEX:MCF,Consumer Discretionary,United States,46,-7%,6
7194,"Mad Catz Interactive, Inc.",AMEX:MCZ,Consumer Discretionary,United States,46,1%,12
7248,"Mastech Digital, Inc.",AMEX:MHH,Consumer Discretionary,United States,21,1%,19
7775,"Midstates Petroleum Company, Inc.",AMEX:MPO,Consumer Discretionary,United States,49,-8%,10
6572,Emerson Radio Corp.,AMEX:MSN,Consumer Discretionary,United States,26,4%,25
7153,Mexco Energy Corporation,AMEX:MXC,Consumer Discretionary,United States,81,-2%,5
4902,"Navidea Biopharmaceuticals, Inc",AMEX:NAVB,Consumer Discretionary,United States,99,3%,19
7202,"Network-1 Technologies, Inc.",AMEX:NTIP,Consumer Discretionary,United States,2,2%,23
12510,"NTN Buzztime, Inc.",AMEX:NTN,Consumer Discretionary,United States,57,6%,25
5853,"Oragenics, Inc.",AMEX:OGEN,Consumer Discretionary,United States,23,-7%,8
4412,"Palatin Technologies, Inc.",AMEX:PTN,Consumer Discretionary,United States,91,0%,9
6507,"Ring Energy, Inc.",AMEX:REI,Consumer Discretionary,United States,8,-7%,25
8460,Castle Brands Inc.,AMEX:ROX,Consumer Discretionary,United States,61,-8%,19
16602,RELM Wireless Corporation,AMEX:RWC,Consumer Discretionary,United States,10,7%,19
5392,"SIFCO Industries, Inc.",AMEX:SIF,Consumer Discretionary,United States,4,6%,9
7274,"SunLink Health Systems, Inc.",AMEX:SSY,Consumer Discretionary,United States,89,2%,11
4612,"Servotronics, Inc.",AMEX:SVT,Consumer Discretionary,United States,60,2%,12
4574,TransAtlantic Petroleum Ltd.,AMEX:TAT,Consumer Discretionary,United States,47,-7%,19
426,Tel-Instrument Electronics Corp.,AMEX:TIK,Consumer Discretionary,United States,33,-2%,19
8282,Orchids Paper Products Company,AMEX:TIS,Consumer Discretionary,United States,79,-1%,13
4766,Trio-Tech International,AMEX:TRT,Consumer Discretionary,United States,6,7%,19
5100,United States Antimony Corporation,AMEX:UAMY,Consumer Discretionary,United States,37,-2%,8
441,"Unique Fabricating, Inc.",AMEX:UFAB,Consumer Discretionary,United States,24,-4%,17
5998,"UQM Technologies, Inc.",AMEX:UQM,Consumer Discretionary,United States,90,-8%,23
5938,"Versar, Inc.",AMEX:VSR,Consumer Discretionary,United States,22,5%,15
5970,WidePoint Corp.,AMEX:WYY,Consumer Discretionary,United States,50,8%,15
16314,Axway Software SA,ENXTPA:AXW,Consumer Discretionary,United States,58,-5%,9
7564,New Pride Corporation,KOSDAQ:A900100,Consumer Discretionary,United States,61,-3%,19
5632,Federated Equity Funds - Federated Kaufmann Fund,MutualFund:KAUB.X,Consumer Discretionary,United States,64,8%,17
4938,"Active Power, Inc.",NasdaqCM:ACPW,Consumer Discretionary,United States,0,8%,14
5450,"Acura Pharmaceuticals, Inc.",NasdaqCM:ACUR,Consumer Discretionary,United States,62,2%,25
16237,Aehr Test Systems,NasdaqCM:AEHR,Consumer Discretionary,United States,49,8%,18
8461,"Aethlon Medical, Inc.",NasdaqCM:AEMD,Consumer Discretionary,United States,53,5%,6
6080,"Air T, Inc.",NasdaqCM:AIRT,Consumer Discretionary,United States,57,-8%,7
6689,"Advanced Micro Devices, Inc.",NasdaqCM:AMD,Consumer Discretionary,United States,14,-7%,12
5249,"Apricus Biosciences, Inc.",NasdaqCM:APRI,Consumer Discretionary,United States,42,-4%,12
8645,Aradigm Corporation,NasdaqCM:ARDM,Consumer Discretionary,United States,90,2%,12
7738,Astrotech Corporation,NasdaqCM:ASTC,Consumer Discretionary,United States,60,-4%,10
4748,"Antares Pharma, Inc.",NasdaqCM:ATRS,Consumer Discretionary,United States,23,-7%,13
8514,"Accelerate Diagnostics, Inc.",NasdaqCM:AXDX,Consumer Discretionary,United States,10,5%,12
4907,"Bioanalytical Systems, Inc.",NasdaqCM:BASI,Consumer Discretionary,United States,3,-4%,20
5384,"BioDelivery Sciences International, Inc.",NasdaqCM:BDSI,Consumer Discretionary,United States,94,2%,23
481,"BIOLASE, Inc.",NasdaqCM:BIOL,Consumer Discretionary,United States,19,-6%,6
6449,"BioLife Solutions, Inc.",NasdaqCM:BLFS,Consumer Discretionary,United States,93,4%,22
7590,"Biostage, Inc.",NasdaqCM:BSTG,Consumer Discretionary,United States,40,-5%,22
7617,"CAS Medical Systems, Inc.",NasdaqCM:CASM,Consumer Discretionary,United States,37,-6%,22
5881,"Cleveland BioLabs, Inc.",NasdaqCM:CBLI,Consumer Discretionary,United States,90,-6%,11
6355,Clean Diesel Technologies Inc.,NasdaqCM:CDTI,Consumer Discretionary,United States,59,7%,20
8655,"Cancer Genetics, Inc.",NasdaqCM:CGIX,Consumer Discretionary,United States,97,-2%,9
8912,"ClearOne, Inc.",NasdaqCM:CLRO,Consumer Discretionary,United States,62,-8%,19
4389,Majesco Entertainment Company,NasdaqCM:COOL,Consumer Discretionary,United States,63,8%,10
5587,Corcept Therapeutics Incorporated,NasdaqCM:CORT,Consumer Discretionary,United States,32,-1%,25
6380,Capstone Turbine Corporation,NasdaqCM:CPST,Consumer Discretionary,United States,6,1%,11
4425,"Crown Crafts, Inc.",NasdaqCM:CRWS,Consumer Discretionary,United States,62,-4%,16
5154,CTI Industries Corporation,NasdaqCM:CTIB,Consumer Discretionary,United States,14,-5%,5
6917,"CUI Global, Inc.",NasdaqCM:CUI,Consumer Discretionary,United States,6,8%,12
4738,Differential Brands Group Inc.,NasdaqCM:DFBG,Consumer Discretionary,United States,16,-2%,18
4438,DLH Holdings Corp.,NasdaqCM:DLHC,Consumer Discretionary,United States,62,-2%,11
6500,"Diversicare Healthcare Services, Inc.",NasdaqCM:DVCR,Consumer Discretionary,United States,17,3%,8
5748,Dextera Surgical Inc.,NasdaqCM:DXTR,Consumer Discretionary,United States,87,-1%,14
7484,"Energy Focus, Inc.",NasdaqCM:EFOI,Consumer Discretionary,United States,88,1%,13
5372,Global Eagle Entertainment Inc.,NasdaqCM:ENT,Consumer Discretionary,United States,22,-2%,15
7200,"Empire Resources, Inc.",NasdaqCM:ERS,Consumer Discretionary,United States,62,2%,6
5185,Exact Sciences Corporation,NasdaqCM:EXAS,Consumer Discretionary,United States,100,2%,13
8527,"FalconStor Software, Inc.",NasdaqCM:FALC,Consumer Discretionary,United States,6,-6%,17
5418,"Fibrocell Science, Inc.",NasdaqCM:FCSC,Consumer Discretionary,United States,85,-1%,15
5589,The Female Health Company,NasdaqCM:FHCO,Consumer Discretionary,United States,89,4%,12
5406,Fonar Corporation,NasdaqCM:FONR,Consumer Discretionary,United States,89,-7%,8
6589,"Gevo, Inc.",NasdaqCM:GEVO,Consumer Discretionary,United States,25,7%,15
5882,Giga-tronics Incorporated,NasdaqCM:GIGA,Consumer Discretionary,United States,20,-7%,20
5507,"GenVec, Inc.",NasdaqCM:GNVC,Consumer Discretionary,United States,30,3%,10
16771,"Huttig Building Products, Inc.",NasdaqCM:HBP,Consumer Discretionary,United States,99,0%,23
432,Handy & Harman Ltd.,NasdaqCM:HNH,Consumer Discretionary,United States,4,-5%,24
5913,Heska Corporation,NasdaqCM:HSKA,Consumer Discretionary,United States,76,-6%,10
7103,"iCAD, Inc.",NasdaqCM:ICAD,Consumer Discretionary,United States,24,3%,12
4494,ImmuCell Corporation,NasdaqCM:ICCC,Consumer Discretionary,United States,37,7%,9
7316,Adesto Technologies Corporation,NasdaqCM:IOTS,Consumer Discretionary,United States,88,8%,22
16519,"Image Sensing Systems, Inc.",NasdaqCM:ISNS,Consumer Discretionary,United States,99,-3%,9
5550,"IZEA, Inc.",NasdaqCM:IZEA,Consumer Discretionary,United States,21,0%,21
8614,"Coffee Holding Company, Inc.",NasdaqCM:JVA,Consumer Discretionary,United States,55,4%,17
4410,"Keryx Biopharmaceuticals, Inc.",NasdaqCM:KERX,Consumer Discretionary,United States,87,5%,24
7668,Koss Corporation,NasdaqCM:KOSS,Consumer Discretionary,United States,49,-5%,23
7125,LRAD Corporation,NasdaqCM:LRAD,Consumer Discretionary,United States,22,-6%,25
482,Lightbridge Corporation,NasdaqCM:LTBR,Consumer Discretionary,United States,40,-5%,14
8629,"Lantronix, Inc.",NasdaqCM:LTRX,Consumer Discretionary,United States,92,-1%,5
7475,Luna Innovations Incorporated,NasdaqCM:LUNA,Consumer Discretionary,United States,54,0%,11
5493,Marine Petroleum Trust,NasdaqCM:MARP.S,Consumer Discretionary,United States,67,1%,21
4839,"Metabolix, Inc.",NasdaqCM:MBLX,Consumer Discretionary,United States,53,-7%,14
7835,"MoSys, Inc.",NasdaqCM:MOSY,Consumer Discretionary,United States,31,-7%,7
5497,"MRV Communications, Inc.",NasdaqCM:MRVC,Consumer Discretionary,United States,7,1%,7
6686,"Neogenomics, Inc.",NasdaqCM:NEO,Consumer Discretionary,United States,6,8%,22
8487,"Netlist, Inc.",NasdaqCM:NLST,Consumer Discretionary,United States,28,0%,24
5080,Nortech Systems Incorporated,NasdaqCM:NSYS,Consumer Discretionary,United States,75,6%,23
6593,"NetSol Technologies, Inc.",NasdaqCM:NTWK,Consumer Discretionary,United States,33,6%,14
12552,"Oculus Innovative Sciences, Inc.",NasdaqCM:OCLS,Consumer Discretionary,United States,33,2%,11
4639,"OpGen, Inc.",NasdaqCM:OPGN,Consumer Discretionary,United States,25,8%,21
5022,"Ocean Power Technologies, Inc.",NasdaqCM:OPTT,Consumer Discretionary,United States,41,-3%,20
5045,"Perma-Fix Environmental Services, Inc.",NasdaqCM:PESI,Consumer Discretionary,United States,4,-1%,13
5115,"Profire Energy, Inc.",NasdaqCM:PFIE,Consumer Discretionary,United States,62,-8%,19
5153,Plug Power Inc.,NasdaqCM:PLUG,Consumer Discretionary,United States,33,4%,12
5158,PrimeEnergy Corporation,NasdaqCM:PNRG,Consumer Discretionary,United States,12,3%,22
5167,"Pope Resources, A Delaware Limited Partnership",NasdaqCM:POPE,Consumer Discretionary,United States,58,4%,15
5191,"Peregrine Pharmaceuticals, Inc.",NasdaqCM:PPHM,Consumer Discretionary,United States,99,8%,23
5244,"Pioneer Power Solutions, Inc.",NasdaqCM:PPSI,Consumer Discretionary,United States,44,4%,13
5245,"ProPhase Labs, Inc.",NasdaqCM:PRPH,Consumer Discretionary,United States,84,0%,18
5307,"Rubicon Technology, Inc.",NasdaqCM:RBCN,Consumer Discretionary,United States,86,-3%,19
5342,"RLJ Entertainment, Inc.",NasdaqCM:RLJE,Consumer Discretionary,United States,12,-5%,11
5552,"Rentech, Inc.",NasdaqCM:RTK,Consumer Discretionary,United States,61,8%,20
5563,"Stellar Biotechnologies, Inc.",NasdaqCM:SBOT,Consumer Discretionary,United States,87,7%,9
5671,"Socket Mobile, Inc.",NasdaqCM:SCKT,Consumer Discretionary,United States,31,6%,19
5701,"Sevcon, Inc.",NasdaqCM:SEV,Consumer Discretionary,United States,75,7%,13
5708,SigmaTron International Inc.,NasdaqCM:SGMA,Consumer Discretionary,United States,37,-1%,22
5722,"Signal Genetics, Inc.",NasdaqCM:SGNL,Consumer Discretionary,United States,45,1%,14
5736,"Sino-Global Shipping America, Ltd.",NasdaqCM:SINO,Consumer Discretionary,United States,60,0%,24
5805,Smith Micro Software Inc.,NasdaqCM:SMSI,Consumer Discretionary,United States,67,0%,22
5879,"Sunesis Pharmaceuticals, Inc.",NasdaqCM:SNSS,Consumer Discretionary,United States,85,1%,25
5917,"Sonic Foundry, Inc.",NasdaqCM:SOFO,Consumer Discretionary,United States,47,-6%,21
6003,"Support.com, Inc.",NasdaqCM:SPRT,Consumer Discretionary,United States,56,-8%,12
6213,"Stemline Therapeutics, Inc.",NasdaqCM:STML,Consumer Discretionary,United States,25,-1%,20
6285,"Streamline Health Solutions, Inc.",NasdaqCM:STRM,Consumer Discretionary,United States,28,8%,8
6324,"Summer Infant, Inc.",NasdaqCM:SUMR,Consumer Discretionary,United States,51,-7%,18
6363,VASCO Data Security International Inc.,NasdaqCM:VDSI,Consumer Discretionary,United States,77,6%,9
6379,Vuzix Corporation,NasdaqCM:VUZI,Consumer Discretionary,United States,90,7%,6
6488,"WSI Industries, Inc.",NasdaqCM:WSCI,Consumer Discretionary,United States,94,-8%,24
6646,Willamette Valley Vineyards Inc.,NasdaqCM:WVVI,Consumer Discretionary,United States,22,-2%,8
6653,Xplore Technologies Corp.,NasdaqCM:XPLR,Consumer Discretionary,United States,9,0%,11
6656,"ZIOPHARM Oncology, Inc.",NasdaqCM:ZIOP,Consumer Discretionary,United States,17,2%,7
6716,"Applied Optoelectronics, Inc.",NasdaqGM:AAOI,Consumer Discretionary,United States,84,6%,18
6770,"AcelRx Pharmaceuticals, Inc.",NASDAQGM:ACRX,Consumer Discretionary,United States,86,2%,21
6838,"Achaogen, Inc.",NasdaqGM:AKAO,Consumer Discretionary,United States,89,0%,23
6852,"Alimera Sciences, Inc.",NasdaqGM:ALIM,Consumer Discretionary,United States,48,1%,12
6872,"ANI Pharmaceuticals, Inc.",NasdaqGM:ANIP,Consumer Discretionary,United States,32,-4%,19
6873,Array BioPharma Inc.,NasdaqGM:ARRY,Consumer Discretionary,United States,18,2%,17
6877,Arotech Corporation,NasdaqGM:ARTX,Consumer Discretionary,United States,61,-7%,7
6886,"Aware, Inc.",NasdaqGM:AWRE,Consumer Discretionary,United States,90,5%,24
6887,"Blueknight Energy Partners, L.P.",NasdaqGM:BKEP,Consumer Discretionary,United States,87,7%,19
6892,Bridgford Foods Corporation,NasdaqGM:BRID,Consumer Discretionary,United States,3,1%,13
6912,BSQUARE Corporation,NasdaqGM:BSQR,Consumer Discretionary,United States,93,-4%,7
6922,BioSpecifics Technologies Corp.,NasdaqGM:BSTC,Consumer Discretionary,United States,37,0%,10
6955,Concurrent Computer Corporation,NasdaqGM:CCUR,Consumer Discretionary,United States,24,5%,14
6991,Cerus Corporation,NasdaqGM:CERS,Consumer Discretionary,United States,1,-1%,22
7013,"Coherus Biosciences, Inc.",NasdaqGM:CHRS,Consumer Discretionary,United States,89,2%,22
7029,"Curis, Inc.",NasdaqGM:CRIS,Consumer Discretionary,United States,57,-7%,13
7046,CSP Inc.,NasdaqGM:CSPI,Consumer Discretionary,United States,6,-1%,18
7050,CyberOptics Corporation,NasdaqGM:CYBE,Consumer Discretionary,United States,42,1%,20
7085,Digirad Corporation,NasdaqGM:DRAD,Consumer Discretionary,United States,63,1%,21
7090,DURECT Corporation,NasdaqGM:DRRX,Consumer Discretionary,United States,22,-7%,10
7119,"The Dixie Group, Inc.",NasdaqGM:DXYN,Consumer Discretionary,United States,28,0%,15
7139,Erickson Incorporated,NasdaqGM:EAC,Consumer Discretionary,United States,78,3%,9
7140,"Eleven Biotherapeutics, Inc.",NasdaqGM:EBIO,Consumer Discretionary,United States,63,3%,17
7233,EMCORE Corporation,NasdaqGM:EMKR,Consumer Discretionary,United States,64,-5%,5
7272,"Enphase Energy, Inc.",NasdaqGM:ENPH,Consumer Discretionary,United States,17,-1%,12
7345,"Escalade, Incorporated",NasdaqGM:ESCA,Consumer Discretionary,United States,83,-5%,12
7401,"FuelCell Energy, Inc.",NasdaqGM:FCEL,Consumer Discretionary,United States,96,5%,21
7459,"Frequency Electronics, Inc.",NasdaqGM:FEIM,Consumer Discretionary,United States,80,-2%,13
7665,"Freshpet, Inc.",NasdaqGM:FRPT,Consumer Discretionary,United States,71,-4%,22
7675,"Gaia, Inc.",NasdaqGM:GAIA,Consumer Discretionary,United States,81,-3%,15
7702,"GenMark Diagnostics, Inc.",NasdaqGM:GNMK,Consumer Discretionary,United States,5,0%,13
7734,"Guidance Software, Inc.",NasdaqGM:GUID,Consumer Discretionary,United States,80,-3%,25
7837,"Harvard Bioscience, Inc.",NasdaqGM:HBIO,Consumer Discretionary,United States,30,-7%,25
7895,"I.D. Systems, Inc.",NasdaqGM:IDSY,Consumer Discretionary,United States,27,-4%,6
8361,Innodata Inc.,NasdaqGM:INOD,Consumer Discretionary,United States,7,0%,11
8546,"INSYS Therapeutics, Inc.",NasdaqGM:INSY,Consumer Discretionary,United States,14,-2%,13
8694,Intersections Inc.,NasdaqGM:INTX,Consumer Discretionary,United States,39,8%,24
8792,"Invuity, Inc.",NasdaqGM:IVTY,Consumer Discretionary,United States,80,-5%,10
21577,"Communications Systems, Inc.",NasdaqGM:JCS,Consumer Discretionary,United States,52,6%,5
16216,Key Tronic Corporation,NasdaqGM:KTCC,Consumer Discretionary,United States,55,-5%,25
16841,"Key Technology, Inc.",NasdaqGM:KTEC,Consumer Discretionary,United States,26,-1%,18
16834,"Loxo Oncology, Inc.",NasdaqGM:LOXO,Consumer Discretionary,United States,29,-1%,19
16179,"Lifeway Foods, Inc.",NasdaqGM:LWAY,Consumer Discretionary,United States,71,3%,13
21186,"Merrimack Pharmaceuticals, Inc.",NasdaqGM:MACK,Consumer Discretionary,United States,16,-3%,9
16748,Mattersight Corporation,NasdaqGM:MATR,Consumer Discretionary,United States,8,-6%,19
17462,MannKind Corporation,NasdaqGM:MNKD,Consumer Discretionary,United States,12,7%,6
17384,"Range Resources - Louisiana, Inc.",NasdaqGM:MRD,Consumer Discretionary,United States,11,-3%,16
18872,"Microvision, Inc.",NasdaqGM:MVIS,Consumer Discretionary,United States,76,3%,7
16659,"Natural Alternatives International, Inc.",NasdaqGM:NAII,Consumer Discretionary,United States,96,-7%,23
16835,NewLink Genetics Corporation,NasdaqGM:NLNK,Consumer Discretionary,United States,22,-6%,17
21237,"Nova Lifestyle, Inc.",NasdaqGM:NVFY,Consumer Discretionary,United States,25,2%,15
16780,"Omega Flex, Inc.",NasdaqGM:OFLX,Consumer Discretionary,United States,7,-1%,21
21602,"PGT, Inc.",NasdaqGM:PGTI,Consumer Discretionary,United States,49,3%,8
16651,"Perceptron, Inc.",NasdaqGM:PRCP,Consumer Discretionary,United States,44,0%,15
16730,Primo Water Corporation,NasdaqGM:PRMW,Consumer Discretionary,United States,4,-2%,12
16660,BSD Medical Corporation,NasdaqGM:PRSN,Consumer Discretionary,United States,29,-5%,15
17366,pSivida Corp.,NasdaqGM:PSDV,Consumer Discretionary,United States,24,2%,20
17622,"P.A.M. Transportation Services, Inc.",NasdaqGM:PTSI,Consumer Discretionary,United States,82,4%,14
17725,"Pernix Therapeutics Holdings, Inc.",NasdaqGM:PTX,Consumer Discretionary,United States,8,-1%,13
21763,QuickLogic Corporation,NasdaqGM:QUIK,Consumer Discretionary,United States,63,0%,11
20594,"RCM Technologies, Inc.",NasdaqGM:RCMT,Consumer Discretionary,United States,33,-8%,17
16662,"RadNet, Inc.",NasdaqGM:RDNT,Consumer Discretionary,United States,96,-7%,18
18867,Regulus Therapeutics Inc.,NasdaqGM:RGLS,Consumer Discretionary,United States,42,-8%,9
17677,"Rockwell Medical, Inc.",NasdaqGM:RMTI,Consumer Discretionary,United States,50,1%,19
17369,"Sucampo Pharmaceuticals, Inc.",NasdaqGM:SCMP,Consumer Discretionary,United States,60,-3%,18
20570,"Senomyx, Inc.",NasdaqGM:SNMX,Consumer Discretionary,United States,19,-8%,15
20746,"Span-America Medical Systems, Inc.",NasdaqGM:SPAN,Consumer Discretionary,United States,73,-3%,21
16939,STRATTEC Security Corporation,NasdaqGM:STRT,Consumer Discretionary,United States,31,7%,5
18888,"Synacor, Inc.",NasdaqGM:SYNC,Consumer Discretionary,United States,29,-5%,6
17247,Sypris Solutions Inc.,NasdaqGM:SYPR,Consumer Discretionary,United States,4,3%,7
16960,TransAct Technologies Incorporated,NasdaqGM:TACT,Consumer Discretionary,United States,8,-8%,6
16896,"Tandem Diabetes Care, Inc.",NasdaqGM:TNDM,Consumer Discretionary,United States,62,1%,19
16966,Ultralife Corporation,NasdaqGM:ULBI,Consumer Discretionary,United States,5,-6%,20
17618,"USA Technologies, Inc.",NasdaqGM:USAT,Consumer Discretionary,United States,99,-4%,24
16943,"Veracyte, Inc.",NasdaqGM:VCYT,Consumer Discretionary,United States,17,5%,21
16998,Westmoreland Coal Company,NasdaqGM:WLB,Consumer Discretionary,United States,89,7%,8
16784,"Willdan Group, Inc.",NasdaqGM:WLDN,Consumer Discretionary,United States,98,-5%,17
20874,"Wayside Technology Group, Inc.",NasdaqGM:WSTG,Consumer Discretionary,United States,70,-3%,11
17025,"Xcel Brands, Inc.",NasdaqGM:XELB,Consumer Discretionary,United States,52,2%,21
20620,Acceleron Pharma Inc.,NasdaqGM:XLRN,Consumer Discretionary,United States,60,-8%,23
16993,XOMA Corporation,NasdaqGM:XOMA,Consumer Discretionary,United States,52,7%,6
17190,"Zogenix, Inc.",NasdaqGM:ZGNX,Consumer Discretionary,United States,61,8%,21
16985,American Airlines Group Inc.,NasdaqGS:AAL,Consumer Discretionary,United States,59,4%,9
17029,Apple Inc.,NasdaqGS:AAPL,Consumer Discretionary,United States,80,-8%,15
16983,"Abaxis, Inc.",NasdaqGS:ABAX,Consumer Discretionary,United States,90,1%,25
17069,ACADIA Pharmaceuticals Inc.,NasdaqGS:ACAD,Consumer Discretionary,United States,70,2%,5
17038,Aceto Corporation,NasdaqGS:ACET,Consumer Discretionary,United States,19,-6%,24
17162,"Acadia Healthcare Company, Inc.",NasdaqGS:ACHC,Consumer Discretionary,United States,59,-8%,5
21761,"Acacia Communications, Inc.",NasdaqGS:ACIA,Consumer Discretionary,United States,6,-5%,14
17550,"Axcelis Technologies, Inc.",NasdaqGS:ACLS,Consumer Discretionary,United States,75,0%,23
17100,"Acorda Therapeutics, Inc.",NasdaqGS:ACOR,Consumer Discretionary,United States,21,8%,21
17097,"Aclaris Therapeutics, Inc.",NasdaqGS:ACRS,Consumer Discretionary,United States,41,-4%,14
18869,Adobe Systems Incorporated,NasdaqGS:ADBE,Consumer Discretionary,United States,61,-3%,23
17154,"Analog Devices, Inc.",NasdaqGS:ADI,Consumer Discretionary,United States,66,3%,11
17089,"Automatic Data Processing, Inc.",NasdaqGS:ADP,Consumer Discretionary,United States,53,1%,20
21924,"Autodesk, Inc.",NasdaqGS:ADSK,Consumer Discretionary,United States,81,1%,9
20743,"ADTRAN, Inc.",NasdaqGS:ADTN,Consumer Discretionary,United States,31,4%,17
20279,Addus HomeCare Corporation,NasdaqGS:ADUS,Consumer Discretionary,United States,26,6%,13
20786,"Advanced Energy Industries, Inc.",NasdaqGS:AEIS,Consumer Discretionary,United States,92,4%,18
17531,"Almost Family, Inc.",NasdaqGS:AFAM,Consumer Discretionary,United States,53,3%,5
17073,"AmTrust Financial Services, Inc.",NasdaqGS:AFSI,Consumer Discretionary,United States,90,7%,17
17050,"Agilysys, Inc.",NasdaqGS:AGYS,Consumer Discretionary,United States,44,-8%,18
17605,"Akorn, Inc.",NasdaqGS:AKRX,Consumer Discretionary,United States,73,-8%,20
17144,"Alico, Inc.",NasdaqGS:ALCO,Consumer Discretionary,United States,45,-1%,24
17332,"Alnylam Pharmaceuticals, Inc.",NasdaqGS:ALNY,Consumer Discretionary,United States,38,-4%,19
5180,Analogic Corporation,NasdaqGS:ALOG,Consumer Staples,United States,63,1%,19
7047,"Alexion Pharmaceuticals, Inc.",NasdaqGS:ALXN,Consumer Staples,United States,30,0%,11
4828,"AMAG Pharmaceuticals, Inc.",NasdaqGS:AMAG,Consumer Staples,United States,99,-6%,7
7456,"Applied Materials, Inc.",NasdaqGS:AMAT,Consumer Staples,United States,99,2%,16
7769,"Ambarella, Inc.",NasdaqGS:AMBA,Consumer Staples,United States,16,-7%,21
6505,Applied Micro Circuits Corporation,NasdaqGS:AMCC,Consumer Staples,United States,68,-3%,25
7782,"Amedisys, Inc.",NasdaqGS:AMED,Consumer Staples,United States,20,3%,20
7193,Amgen Inc.,NasdaqGS:AMGN,Consumer Staples,United States,71,7%,17
7424,"Amkor Technology, Inc.",NasdaqGS:AMKR,Consumer Staples,United States,73,7%,18
8502,"Amphastar Pharmaceuticals, Inc.",NasdaqGS:AMPH,Consumer Staples,United States,85,4%,23
16627,"Albany Molecular Research, Inc.",NasdaqGS:AMRI,Consumer Staples,United States,39,-3%,17
16603,"A-Mark Precious Metals, Inc.",NasdaqGS:AMRK,Consumer Staples,United States,90,6%,18
5569,American Superconductor Corporation,NasdaqGS:AMSC,Consumer Staples,United States,44,7%,23
5901,"American Software, Inc.",NasdaqGS:AMSW.A,Consumer Staples,United States,15,-8%,7
8582,American Woodmark Corporation,NasdaqGS:AMWD,Consumer Staples,United States,23,-8%,22
5565,"Amazon.com, Inc.",NasdaqGS:AMZN,Consumer Staples,United States,64,5%,22
474,"Anika Therapeutics, Inc.",NasdaqGS:ANIK,Consumer Staples,United States,17,-3%,9
7455,Alpha and Omega Semiconductor Limited,NasdaqGS:AOSL,Consumer Staples,United States,90,-8%,22
8692,"Archrock Partners, L.P.",NasdaqGS:APLP,Consumer Staples,United States,81,1%,18
5404,"Approach Resources, Inc.",NasdaqGS:AREX,Consumer Staples,United States,23,-6%,15
4811,"American Railcar Industries, Inc.",NasdaqGS:ARII,Consumer Staples,United States,72,-6%,20
372,"Arena Pharmaceuticals, Inc.",NasdaqGS:ARNA,Consumer Staples,United States,31,-6%,22
6725,ARRIS International plc,NasdaqGS:ARRS,Consumer Staples,United States,90,5%,15
6006,"Arrowhead Pharmaceuticals, Inc.",NasdaqGS:ARWR,Consumer Staples,United States,55,7%,11
5867,"Ascena Retail Group, Inc.",NasdaqGS:ASNA,Consumer Staples,United States,43,7%,20
7703,Astronics Corporation,NasdaqGS:ATRO,Consumer Staples,United States,84,-4%,9
5545,"Air Transport Services Group, Inc.",NasdaqGS:ATSG,Consumer Staples,United States,76,7%,12
4763,"Activision Blizzard, Inc.",NasdaqGS:ATVI,Consumer Staples,United States,41,5%,24
7331,"AeroVironment, Inc.",NasdaqGS:AVAV,Consumer Staples,United States,100,1%,10
5922,"AVEO Pharmaceuticals, Inc.",NasdaqGS:AVEO,Consumer Staples,United States,52,5%,9
4691,"Aviat Networks, Inc.",NasdaqGS:AVNW,Consumer Staples,United States,21,-4%,12
4863,"AXT, Inc.",NasdaqGS:AXTI,Consumer Staples,United States,65,2%,15
5145,"Blucora, Inc.",NasdaqGS:BCOR,Consumer Staples,United States,4,6%,21
7005,"Black Diamond, Inc.",NasdaqGS:BDE,Consumer Staples,United States,89,7%,14
6672,"BioTelemetry, Inc.",NasdaqGS:BEAT,Consumer Staples,United States,13,-2%,13
4993,"B/E Aerospace, Inc.",NasdaqGS:BEAV,Consumer Staples,United States,84,0%,10
5628,"Beacon Roofing Supply, Inc.",NasdaqGS:BECN,Consumer Staples,United States,28,1%,8
6714,Bel Fuse Inc.,NasdaqGS:BELF.B,Consumer Staples,United States,96,7%,17
5512,Biogen Inc.,NasdaqGS:BIIB,Consumer Staples,United States,49,-4%,24
7180,"BioScrip, Inc.",NasdaqGS:BIOS,Consumer Staples,United States,89,6%,24
8515,"Builders FirstSource, Inc.",NasdaqGS:BLDR,Consumer Staples,United States,96,-4%,11
6565,BioMarin Pharmaceutical Inc.,NasdaqGS:BMRN,Consumer Staples,United States,1,3%,12
6785,"Bob Evans Farms, Inc.",NasdaqGS:BOBE,Consumer Staples,United States,77,-7%,6
6525,"Popular, Inc.",NasdaqGS:BPOP,Consumer Staples,United States,31,-3%,17
16245,"Brocade Communications Systems, Inc.",NasdaqGS:BRCD,Consumer Staples,United States,12,-8%,17
16814,"Brooks Automation, Inc.",NasdaqGS:BRKS,Consumer Staples,United States,75,0%,13
7384,"Blue Buffalo Pet Products, Inc.",NasdaqGS:BUFF,Consumer Staples,United States,14,4%,7
7874,"Buffalo Wild Wings, Inc.",NasdaqGS:BWLD,Consumer Staples,United States,6,-1%,12
6968,"Cal-Maine Foods, Inc.",NasdaqGS:CALM,Consumer Staples,United States,94,4%,7
7063,CalAmp Corp.,NasdaqGS:CAMP,Consumer Staples,United States,90,-3%,7
8622,"Cascadian Therapeutics, Inc.",NasdaqGS:CASC,Consumer Staples,United States,39,1%,24
12273,Cardtronics plc,NasdaqGS:CATM,Consumer Staples,United States,63,-3%,20
7575,"Cavium, Inc.",NasdaqGS:CAVM,Consumer Staples,United States,15,5%,13
7392,CSI Compressco LP,NasdaqGS:CCLP,Consumer Staples,United States,13,4%,17
6643,Cabot Microelectronics Corporation,NasdaqGS:CCMP,Consumer Staples,United States,26,-4%,25
7179,"CDK Global, Inc.",NasdaqGS:CDK,Consumer Staples,United States,18,-1%,16
5840,CDW Corporation,NasdaqGS:CDW,Consumer Staples,United States,34,-1%,25
7721,"Codexis, Inc.",NasdaqGS:CDXS,Consumer Staples,United States,30,0%,5
7468,Celgene Corporation,NasdaqGS:CELG,Consumer Staples,United States,19,4%,24
6462,Central Garden & Pet Company,NasdaqGS:CENT,Consumer Staples,United States,47,8%,9
5568,Century Aluminum Co.,NasdaqGS:CENX,Consumer Staples,United States,82,-2%,13
6805,CEVA Inc.,NasdaqGS:CEVA,Consumer Staples,United States,12,-5%,24
6863,The Carlyle Group LP,NasdaqGS:CG,Consumer Staples,United States,52,7%,14
6567,Cognex Corporation,NasdaqGS:CGNX,Consumer Staples,United States,100,8%,7
5529,Churchill Downs Incorporated,NasdaqGS:CHDN,Consumer Staples,United States,77,-3%,14
6400,Cherokee Inc.,NasdaqGS:CHKE,Consumer Staples,United States,4,3%,22
7670,"Charter Communications, Inc.",NasdaqGS:CHTR,Consumer Staples,United States,54,2%,6
6732,"Celldex Therapeutics, Inc.",NasdaqGS:CLDX,Consumer Staples,United States,53,-4%,10
6536,Clean Energy Fuels Corp.,NasdaqGS:CLNE,Consumer Staples,United States,9,-3%,16
5598,Comcast Corporation,NasdaqGS:CMCS.A,Consumer Staples,United States,50,0%,21
7387,Comtech Telecommunications Corp.,NasdaqGS:CMTL,Consumer Staples,United States,80,7%,11
5122,"PC Connection, Inc.",NasdaqGS:CNXN,Consumer Staples,United States,22,7%,12
7554,"Coherent, Inc.",NasdaqGS:COHR,Consumer Staples,United States,41,7%,8
8731,Coca-Cola Bottling Co. Consolidated,NasdaqGS:COKE,Consumer Staples,United States,89,-1%,8
6974,"CommScope Holding Company, Inc.",NasdaqGS:COMM,Consumer Staples,United States,51,0%,13
8382,"Core-Mark Holding Company, Inc.",NasdaqGS:CORE,Consumer Staples,United States,62,8%,6
4490,Costco Wholesale Corporation,NasdaqGS:COST,Consumer Staples,United States,8,-3%,6
5113,Covisint Corporation,NasdaqGS:COVS,Consumer Staples,United States,27,5%,20
6301,Capella Education Company,NasdaqGS:CPLA,Consumer Staples,United States,35,1%,11
4450,Cray Inc.,NasdaqGS:CRAY,Consumer Staples,United States,67,-7%,12
8647,"Cree, Inc.",NasdaqGS:CREE,Consumer Staples,United States,50,3%,18
7613,"Cirrus Logic, Inc.",NasdaqGS:CRUS,Consumer Staples,United States,15,-6%,17
456,Carrizo Oil & Gas Inc.,NasdaqGS:CRZO,Consumer Staples,United States,73,5%,10
6045,"Cisco Systems, Inc.",NasdaqGS:CSCO,Consumer Staples,United States,70,-2%,11
4646,"CSG Systems International, Inc.",NasdaqGS:CSGS,Consumer Staples,United States,45,5%,12
5186,CSX Corporation,NasdaqGS:CSX,Consumer Staples,United States,47,8%,12
5223,"Computer Task Group, Incorporated",NasdaqGS:CTG,Consumer Staples,United States,69,0%,16
5643,"CytomX Therapeutics, Inc.",NasdaqGS:CTMX,Consumer Staples,United States,56,1%,22
6054,"Citrix Systems, Inc.",NasdaqGS:CTXS,Consumer Staples,United States,71,-5%,14
6395,"Commercial Vehicle Group, Inc.",NasdaqGS:CVGI,Consumer Staples,United States,33,6%,13
6609,"Calavo Growers, Inc.",NasdaqGS:CVGW,Consumer Staples,United States,0,2%,10
7073,"Commvault Systems, Inc.",NasdaqGS:CVLT,Consumer Staples,United States,7,-4%,19
7079,"Covenant Transportation Group, Inc.",NasdaqGS:CVTI,Consumer Staples,United States,40,2%,19
7267,Cypress Semiconductor Corporation,NasdaqGS:CY,Consumer Staples,United States,81,5%,25
7414,"Cytokinetics, Incorporated",NasdaqGS:CYTK,Consumer Staples,United States,87,1%,5
7633,"Depomed, Inc.",NasdaqGS:DEPO,Consumer Staples,United States,11,2%,17
7764,Diodes Incorporated,NasdaqGS:DIOD,Consumer Staples,United States,21,4%,13
7848,Dish Network Corporation,NasdaqGS:DISH,Consumer Staples,United States,95,-1%,11
8331,"Dollar Tree, Inc.",NasdaqGS:DLTR,Consumer Staples,United States,13,-7%,13
17518,Digimarc Corporation,NasdaqGS:DMRC,Consumer Staples,United States,79,4%,7
16714,"Dunkin' Brands Group, Inc.",NasdaqGS:DNKN,Consumer Staples,United States,95,1%,21
16785,Amdocs Limited,NasdaqGS:DOX,Consumer Staples,United States,51,4%,9
17508,"Dicerna Pharmaceuticals, Inc.",NASDAQGS:DRNA,Consumer Staples,United States,9,1%,16
20101,"DSP Group, Inc.",NasdaqGS:DSPG,Consumer Staples,United States,100,0%,17
16847,"DexCom, Inc.",NasdaqGS:DXCM,Consumer Staples,United States,39,-7%,17
17192,Electronic Arts Inc.,NasdaqGS:EA,Consumer Staples,United States,67,-1%,22
16811,eBay Inc.,NasdaqGS:EBAY,Consumer Staples,United States,31,4%,16
16147,"Electronics for Imaging, Inc.",NasdaqGS:EFII,Consumer Staples,United States,28,-6%,22
21780,NIC Inc.,NasdaqGS:EGOV,Consumer Staples,United States,50,-3%,23
17191,"eHealth, Inc.",NasdaqGS:EHTH,Consumer Staples,United States,62,0%,12
16755,Echelon Corporation,NasdaqGS:ELON,Consumer Staples,United States,57,1%,17
16559,"EnerNOC, Inc.",NasdaqGS:ENOC,Consumer Staples,United States,86,-4%,6
16559,"The Ensign Group, Inc.",NasdaqGS:ENSG,Consumer Staples,United States,44,1%,25
21519,"Enanta Pharmaceuticals, Inc.",NasdaqGS:ENTA,Consumer Staples,United States,98,5%,25
16969,"Entegris, Inc.",NasdaqGS:ENTG,Consumer Staples,United States,14,-4%,7
17026,"Energy Recovery, Inc.",NasdaqGS:ERII,Consumer Staples,United States,50,7%,13
19308,"Electro Scientific Industries, Inc.",NasdaqGS:ESIO,Consumer Staples,United States,22,-6%,19
17088,Essendant Inc.,NasdaqGS:ESND,Consumer Staples,United States,46,3%,5
20599,Express Scripts Holding Company,NasdaqGS:ESRX,Educational Institution,United States,57,6%,17
16340,"EV Energy Partners, L.P.",NasdaqGS:EVEP,Educational Institution,United States,73,3%,7
20422,"Exelixis, Inc.",NasdaqGS:EXEL,Educational Institution,United States,6,-6%,18
16342,"Expedia, Inc.",NasdaqGS:EXPE,Educational Institution,United States,10,6%,5
16346,"Extreme Networks, Inc.",NasdaqGS:EXTR,Educational Institution,United States,88,4%,24
8705,"Diamondback Energy, Inc.",NasdaqGS:FANG,Energy,United States,8,-3%,14
6340,"Facebook, Inc.",NasdaqGS:FB,Energy,United States,6,-6%,19
419,"F5 Networks, Inc.",NasdaqGS:FFIV,Energy,United States,60,-2%,11
471,Fifth Third Bancorp,NasdaqGS:FITB,Energy,United States,99,0%,16
6561,"FLIR Systems, Inc.",NasdaqGS:FLIR,Energy,United States,53,-2%,18
7286,"Financial Engines, Inc.",NasdaqGS:FNGN,Energy,United States,25,-8%,9
7360,Finisar Corporation,NasdaqGS:FNSR,Energy,United States,47,-3%,24
8468,"FormFactor, Inc.",NasdaqGS:FORM,Energy,United States,36,-6%,18
7245,"Twenty-First Century Fox, Inc.",NasdaqGS:FOXA,Energy,United States,71,3%,18
6710,"First Solar, Inc.",NasdaqGS:FSLR,Energy,United States,78,-5%,17
7509,"Fortinet, Inc.",NasdaqGS:FTNT,Energy,United States,10,7%,22
5624,"Great Elm Capital Group, Inc.",NasdaqGS:GEC,Energy,United States,3,6%,7
8538,Geron Corporation,NasdaqGS:GERN,Energy,United States,46,6%,9
404,"Genomic Health, Inc.",NasdaqGS:GHDX,Energy,United States,100,8%,18
4934,"Gulf Island Fabrication, Inc.",NasdaqGS:GIFI,Energy,United States,32,-1%,22
7846,"G-III Apparel Group, Ltd.",NasdaqGS:GIII,Energy,United States,55,-1%,24
6789,Gilead Sciences Inc.,NasdaqGS:GILD,Energy,United States,80,0%,21
6925,Glu Mobile Inc.,NasdaqGS:GLUU,Energy,United States,59,2%,21
6438,Gentex Corporation,NasdaqGS:GNTX,Energy,United States,67,-8%,22
7400,Gogo Inc.,NasdaqGS:GOGO,Energy,United States,0,7%,6
6995,Alphabet Inc.,NasdaqGS:GOOGL,Energy,United States,3,3%,19
6027,Gulfport Energy Corp.,NasdaqGS:GPOR,Energy,United States,60,-3%,20
7460,"GoPro, Inc.",NasdaqGS:GPRO,Energy,United States,95,7%,19
5030,"GSI Technology, Inc.",NasdaqGS:GSIT,Energy,United States,9,4%,8
6865,"The Hain Celestial Group, Inc.",NasdaqGS:HAIN,Energy,United States,94,4%,23
7829,"Halozyme Therapeutics, Inc.",NasdaqGS:HALO,Energy,United States,50,-3%,24
6949,"Hasbro, Inc.",NasdaqGS:HAS,Energy,United States,6,4%,8
7643,"Blackhawk Network Holdings, Inc.",NasdaqGS:HAWK,Energy,United States,82,7%,12
5371,"Hortonworks, Inc.",NasdaqGS:HDP,Energy,United States,32,3%,25
6665,"HD Supply Holdings, Inc.",NasdaqGS:HDS,Energy,United States,69,-2%,24
7466,Helen of Troy Limited,NasdaqGS:HELE,Energy,United States,97,-1%,23
6741,Harmonic Inc.,NasdaqGS:HLIT,Energy,United States,30,8%,22
5390,"Hologic, Inc.",NasdaqGS:HOLX,Energy,United States,18,-2%,15
6959,"Henry Schein, Inc.",NasdaqGS:HSIC,Energy,United States,74,-7%,24
7857,"Healthways, Inc.",NasdaqGS:HWAY,Energy,United States,70,6%,17
7541,IAC/InterActiveCorp,NasdaqGS:IAC,Energy,United States,72,5%,18
7649,"ICF International, Inc.",NasdaqGS:ICFI,Energy,United States,33,1%,17
6509,"Iconix Brand Group, Inc.",NasdaqGS:ICON,Energy,United States,7,0%,9
16219,"ICU Medical, Inc.",NasdaqGS:ICUI,Energy,United States,77,-5%,18
7338,"InterDigital, Inc.",NasdaqGS:IDCC,Energy,United States,44,3%,5
7480,"Integrated Device Technology, Inc.",NasdaqGS:IDTI,Energy,United States,53,2%,11
6845,Icahn Enterprises L.P.,NasdaqGS:IEP,Energy,United States,0,0%,6
6579,"Illumina, Inc.",NasdaqGS:ILMN,Energy,United States,41,-3%,7
8643,"ImmunoGen, Inc.",NasdaqGS:IMGN,Energy,United States,57,-4%,7
7885,"Intermolecular, Inc.",NasdaqGS:IMI,Energy,United States,47,-5%,7
6943,Immersion Corporation,NasdaqGS:IMMR,Energy,United States,61,-4%,10
7446,"Infinity Pharmaceuticals, Inc.",NasdaqGS:INFI,Energy,United States,30,3%,24
4550,"Inovio Pharmaceuticals, Inc.",NasdaqGS:INO,Energy,United States,42,-2%,16
7858,Inseego Corp.,NasdaqGS:INSG,Energy,United States,36,3%,18
7844,Intel Corporation,NasdaqGS:INTC,Energy,United States,64,-6%,15
6750,INTL FCStone Inc.,NasdaqGS:INTL,Energy,United States,40,0%,24
7880,"Ionis Pharmaceuticals, Inc.",NasdaqGS:IONS,Energy,United States,91,1%,19
8718,Innospec Inc.,NasdaqGS:IOSP,Energy,United States,49,-7%,6
7655,IPG Photonics Corporation,NasdaqGS:IPGP,Energy,United States,75,2%,6
6664,"Impax Laboratories, Inc.",NasdaqGS:IPXL,Energy,United States,28,5%,24
6289,iRobot Corporation,NasdaqGS:IRBT,Energy,United States,97,-3%,21
7385,"Ironwood Pharmaceuticals, Inc.",NasdaqGS:IRWD,Energy,United States,87,-7%,7
7537,International Speedway Corporation,NasdaqGS:ISCA,Energy,United States,20,-1%,7
425,Intersil Corporation,NasdaqGS:ISIL,Energy,United States,89,4%,13
433,"Innovative Solutions and Support, Inc.",NasdaqGS:ISSC,Energy,United States,35,-4%,13
5592,"Intevac, Inc.",NasdaqGS:IVAC,Energy,United States,5,7%,22
6317,IXYS Corporation,NasdaqGS:IXYS,Energy,United States,1,0%,19
6678,"JAKKS Pacific, Inc.",NasdaqGS:JAKK,Energy,United States,53,8%,6
8524,"John B. Sanfilippo & Son, Inc.",NasdaqGS:JBSS,Energy,United States,65,1%,15
4508,"Juniper Pharmaceuticals, Inc.",NasdaqGS:JNP,Energy,United States,49,6%,23
7363,Kaiser Aluminum Corporation,NasdaqGS:KALU,Energy,United States,85,-1%,18
6382,"Kimball Electronics, Inc.",NasdaqGS:KE,Energy,United States,49,-6%,10
6655,The KEYW Holding Corporation,NasdaqGS:KEYW,Energy,United States,93,6%,15
6724,The Kraft Heinz Company,NasdaqGS:KHC,Energy,United States,77,1%,6
6723,KLA-Tencor Corporation,NasdaqGS:KLAC,Energy,United States,31,-5%,9
8702,Kopin Corporation,NasdaqGS:KOPN,Energy,United States,45,6%,23
5740,"Kratos Defense & Security Solutions, Inc.",NasdaqGS:KTOS,Energy,United States,96,6%,14
6553,Multi-Color Corporation,NasdaqGS:LABL,Energy,United States,6,8%,20
7266,Lancaster Colony Corporation,NasdaqGS:LANC,Energy,United States,92,-1%,15
7386,"Lifetime Brands, Inc.",NasdaqGS:LCUT,Energy,United States,23,-1%,12
8539,"Liberty Expedia Holdings, Inc.",NasdaqGS:LEXE.A,Energy,United States,35,7%,22
8537,"Littelfuse, Inc.",NasdaqGS:LFUS,Energy,United States,81,-8%,17
5645,Legacy Reserves LP,NasdaqGS:LGCY,Energy,United States,11,3%,15
5300,"LHC Group, Inc.",NasdaqGS:LHCG,Energy,United States,63,3%,12
5904,"Lionbridge Technologies, Inc.",NasdaqGS:LIOX,Energy,United States,78,7%,20
389,Lumentum Holdings Inc.,NasdaqGS:LITE,Energy,United States,55,-4%,11
7443,Linear Technology Corporation,NasdaqGS:LLTC,Energy,United States,97,-8%,10
7833,The Liberty Media Group,NasdaqGS:LMCA,Energy,United States,65,3%,18
5310,"LMI Aerospace, Inc.",NasdaqGS:LMIA,Energy,United States,81,-7%,24
7881,Limoneira Company,NasdaqGS:LMNR,Energy,United States,71,-5%,19
6738,Luminex Corporation,NasdaqGS:LMNX,Energy,United States,47,5%,25
15137,"Snyder's-Lance, Inc.",NasdaqGS:LNCE,Energy,United States,82,4%,23
6568,Landec Corporation,NasdaqGS:LNDC,Energy,United States,72,-1%,18
7297,"LifePoint Health, Inc.",NasdaqGS:LPNT,Energy,United States,58,6%,20
7559,Lam Research Corporation,NasdaqGS:LRCX,Energy,United States,44,8%,5
6582,Lattice Semiconductor Corporation,NasdaqGS:LSCC,Energy,United States,2,4%,10
452,"Lexicon Pharmaceuticals, Inc.",NasdaqGS:LXRX,Energy,United States,60,-8%,15
7465,ManTech International Corporation,NasdaqGS:MANT,Energy,United States,21,-3%,19
6615,"Marriott International, Inc.",NasdaqGS:MAR,Energy,United States,27,2%,22
6708,Masimo Corporation,NasdaqGS:MASI,Energy,United States,68,-8%,21
7868,"Mattel, Inc.",NasdaqGS:MAT,Energy,United States,93,-3%,12
8717,"Mid-Con Energy Partners, LP",NasdaqGS:MCEP,Energy,United States,27,7%,6
7362,"Marchex, Inc.",NasdaqGS:MCHX,Energy,United States,86,7%,7
6533,The Medicines Company,NasdaqGS:MDCO,Energy,United States,3,0%,25
8313,"Mondelez International, Inc.",NasdaqGS:MDLZ,Energy,United States,78,-4%,22
7680,Memorial Production Partners LP,NasdaqGS:MEMP,Energy,United States,76,5%,5
7039,"Magellan Health, Inc.",NasdaqGS:MGLN,Energy,United States,68,3%,24
8666,"MacroGenics, Inc.",NasdaqGS:MGNX,Energy,United States,99,-1%,5
7757,"MKS Instruments, Inc.",NasdaqGS:MKSI,Energy,United States,53,3%,22
7379,"Herman Miller, Inc.",NasdaqGS:MLHR,Energy,United States,45,-8%,22
4554,"ModusLink Global Solutions, Inc.",NasdaqGS:MLNK,Energy,United States,100,-7%,25
7536,Martin Midstream Partners L.P.,NasdaqGS:MMLP,Energy,United States,28,0%,19
7532,Monster Beverage Corporation,NasdaqGS:MNST,Energy,United States,43,5%,9
431,"Motorcar Parts of America, Inc.",NasdaqGS:MPAA,Energy,United States,54,-4%,14
7842,"Mercury Systems, Inc.",NasdaqGS:MRCY,Energy,United States,15,2%,7
7856,"Marten Transport, Ltd.",NasdaqGS:MRTN,Energy,United States,82,-4%,19
5603,Microsemi Corporation,NasdaqGS:MSCC,Energy,United States,90,-5%,6
7232,Microsoft Corporation,NasdaqGS:MSFT,Energy,United States,86,-6%,10
5035,"Match Group, Inc.",NasdaqGS:MTCH,Energy,United States,32,0%,16
16266,"Mannatech, Incorporated",NasdaqGS:MTEX,Energy,United States,9,8%,10
7547,Matrix Service Company,NasdaqGS:MTRX,Energy,United States,89,-8%,5
7499,MTS Systems Corporation,NasdaqGS:MTSC,Energy,United States,29,2%,13
7678,"MACOM Technology Solutions Holdings, Inc.",NasdaqGS:MTSI,Energy,United States,0,4%,14
6733,"Micron Technology, Inc.",NasdaqGS:MU,Energy,United States,40,-8%,14
6928,"Maxim Integrated Products, Inc.",NasdaqGS:MXIM,Energy,United States,98,8%,25
7427,"Rightside Group, Ltd.",NasdaqGS:NAME,Energy,United States,57,3%,5
7326,Nanometrics Incorporated,NasdaqGS:NANO,Energy,United States,54,3%,23
6305,"NCI, Inc.",NasdaqGS:NCIT,Energy,United States,81,4%,15
7210,"Netflix, Inc.",NasdaqGS:NFLX,Energy,United States,80,-5%,21
6849,Nektar Therapeutics,NasdaqGS:NKTR,Energy,United States,56,2%,20
5199,"NN, Inc.",NasdaqGS:NNBR,Energy,United States,33,-7%,21
6026,Novanta Inc.,NasdaqGS:NOVT,Energy,United States,2,-1%,9
7099,"NetApp, Inc.",NasdaqGS:NTAP,Energy,United States,26,-1%,15
7265,"NETGEAR, Inc.",NasdaqGS:NTGR,Energy,United States,29,8%,5
7405,"Nutanix, Inc.",NasdaqGS:NTNX,Energy,United States,33,-7%,15
7761,NVIDIA Corporation,NasdaqGS:NVDA,Energy,United States,7,0%,13
7627,News Corporation,NasdaqGS:NWSA,Energy,United States,65,3%,25
7263,"Nxstage Medical, Inc.",NasdaqGS:NXTM,Energy,United States,73,3%,25
7121,"Oclaro, Inc.",NasdaqGS:OCLR,Energy,United States,14,3%,6
7534,"Office Depot, Inc.",NasdaqGS:ODP,Energy,United States,18,-6%,17
6497,Universal Display Corporation,NasdaqGS:OLED,Energy,United States,40,-4%,9
7303,"OncoMed Pharmaceuticals, Inc.",NasdaqGS:OMED,Energy,United States,85,5%,16
7300,Ophthotech Corporation,NasdaqGS:OPHT,Energy,United States,61,6%,5
6325,"Opko Health, Inc.",NasdaqGS:OPK,Energy,United States,45,-7%,22
6931,"Orexigen Therapeutics, Inc.",NasdaqGS:OREX,Energy,United States,18,7%,25
16725,"O'Reilly Automotive, Inc.",NasdaqGS:ORLY,Energy,United States,90,1%,17
5818,PACCAR Inc,NasdaqGS:PCAR,Energy,United States,2,-5%,25
4460,The Priceline Group Inc.,NasdaqGS:PCLN,Energy,United States,100,6%,10
8673,"Pacira Pharmaceuticals, Inc.",NasdaqGS:PCRX,Energy,United States,98,-2%,23
4687,"PDC Energy, Inc.",NasdaqGS:PDCE,Energy,United States,8,-1%,6
7850,"Patterson Companies, Inc.",NasdaqGS:PDCO,Energy,United States,23,4%,15
5134,"PDF Solutions, Inc.",NasdaqGS:PDFS,Energy,United States,6,2%,19
5814,"PDL BioPharma, Inc.",NasdaqGS:PDLI,Energy,United States,60,6%,7
7161,"Perry Ellis International, Inc.",NasdaqGS:PERY,Energy,United States,12,-7%,19
5554,Performant Financial Corporation,NasdaqGS:PFMT,Energy,United States,94,-2%,12
392,"Impinj, Inc.",NasdaqGS:PI,Energy,United States,60,4%,19
7722,"Premier, Inc.",NasdaqGS:PINC,Energy,United States,29,5%,5
5164,"Photronics, Inc.",NasdaqGS:PLAB,Energy,United States,13,-7%,24
355,ePlus inc.,NasdaqGS:PLUS,Energy,United States,31,-8%,7
6275,Plexus Corp.,NasdaqGS:PLXS,Energy,United States,59,4%,7
6306,"Power Integrations, Inc.",NasdaqGS:POWI,Energy,United States,26,8%,6
6313,The Providence Service Corporation,NasdaqGS:PRSC,Energy,United States,86,0%,6
6374,PAREXEL International Corporation,NasdaqGS:PRXL,Energy,United States,93,-4%,9
6446,"Pain Therapeutics, Inc.",NasdaqGS:PTIE,Energy,United States,24,2%,18
6467,"Portola Pharmaceuticals, Inc.",NasdaqGS:PTLA,Energy,United States,12,-2%,17
6606,QUALCOMM Incorporated,NasdaqGS:QCOM,Energy,United States,71,1%,15
6611,"Qorvo, Inc.",NasdaqGS:QRVO,Energy,United States,90,2%,14
6654,"Quantenna Communications, Inc.",NasdaqGS:QTNA,Energy,United States,53,-6%,20
6671,QVC Group,NasdaqGS:QVCA,Energy,United States,86,6%,22
6688,"FreightCar America, Inc.",NasdaqGS:RAIL,Energy,United States,43,-4%,16
6703,"Renewable Energy Group, Inc.",NasdaqGS:REGI,Energy,United States,66,3%,24
6730,"Regeneron Pharmaceuticals, Inc.",NasdaqGS:REGN,Energy,United States,79,-8%,7
6739,"Richardson Electronics, Ltd.",NasdaqGS:RELL,Energy,United States,76,2%,16
6753,Rex Energy Corporation,NasdaqGS:REXX,Energy,United States,20,0%,9
6914,Repligen Corporation,NasdaqGS:RGEN,Energy,United States,11,-1%,15
6926,"Royal Gold, Inc.",NasdaqGS:RGLD,Energy,United States,38,3%,15
7065,"Rigel Pharmaceuticals, Inc.",NasdaqGS:RIGL,Energy,United States,24,-8%,24
7167,Rambus Inc.,NasdaqGS:RMBS,Energy,United States,13,-8%,21
7201,"Gibraltar Industries, Inc.",NasdaqGS:ROCK,Energy,United States,29,-7%,16
7203,RBC Bearings Incorporated,NasdaqGS:ROLL,Energy,United States,41,6%,22
7341,RadiSys Corporation,NasdaqGS:RSYS,Energy,United States,13,-2%,8
7365,"RTI Surgical, Inc.",NasdaqGS:RTIX,Energy,United States,41,7%,15
7370,"Sanderson Farms, Inc.",NasdaqGS:SAFM,Energy,United States,71,5%,25
7437,Sanmina Corporation,NasdaqGS:SANM,Energy,United States,27,7%,22
7558,EchoStar Corporation,NasdaqGS:SATS,Energy,United States,33,0%,15
7616,Starbucks Corporation,NasdaqGS:SBUX,Energy,United States,61,2%,22
7623,"SciClone Pharmaceuticals, Inc.",NasdaqGS:SCLN,Energy,United States,87,-1%,16
7629,"ScanSource, Inc.",NasdaqGS:SCSC,Energy,United States,21,-5%,8
7708,SEI Investments Co.,NasdaqGS:SEIC,Energy,United States,80,7%,24
7786,SunEdison Semiconductor Limited,NasdaqGS:SEMI,Energy,United States,21,5%,21
7851,Seneca Foods Corporation,NasdaqGS:SENE.A,Energy,United States,25,-2%,22
8353,"Seattle Genetics, Inc.",NasdaqGS:SGEN,Energy,United States,25,-3%,12
8648,"Sangamo BioSciences, Inc.",NasdaqGS:SGMO,Energy,United States,30,4%,8
16551,Sears Holdings Corporation,NasdaqGS:SHLD,Energy,United States,69,3%,17
16759,"Shiloh Industries, Inc.",NasdaqGS:SHLO,Energy,United States,2,3%,12
16278,"Steven Madden, Ltd.",NasdaqGS:SHOO,Energy,United States,15,7%,8
16851,"Sigma Designs, Inc.",NasdaqGS:SIGM,Energy,United States,2,-8%,19
16664,Silicon Laboratories Inc.,NasdaqGS:SLAB,Energy,United States,10,4%,16
16643,Silgan Holdings Inc.,NasdaqGS:SLGN,Energy,United States,50,-2%,21
16729,"Super Micro Computer, Inc.",NasdaqGS:SMCI,Energy,United States,27,6%,17
16713,Semtech Corporation,NasdaqGS:SMTC,Energy,United States,14,-3%,15
16745,"Inventure Foods, Inc.",NasdaqGS:SNAK,Energy,United States,28,8%,9
16762,"Synchronoss Technologies, Inc.",NasdaqGS:SNCR,Energy,United States,28,8%,18
17576,"Smart Sand, Inc.",NasdaqGS:SND,Energy,United States,73,4%,18
16830,"Synopsys, Inc.",NasdaqGS:SNPS,Energy,United States,97,-2%,14
16794,"Sonus Networks, Inc.",NasdaqGS:SONS,Energy,United States,72,-8%,18
17201,"Spartan Motors, Inc.",NasdaqGS:SPAR,Energy,United States,43,-6%,17
16874,"Staples, Inc.",NasdaqGS:SPLS,Energy,United States,2,7%,10
16883,"Spectrum Pharmaceuticals, Inc.",NasdaqGS:SPPI,Energy,United States,23,-6%,9
16882,SpartanNash Company,NasdaqGS:SPTN,Energy,United States,6,6%,11
20050,"Surmodics, Inc.",NasdaqGS:SRDX,Energy,United States,47,6%,13
16301,"ServiceSource International, Inc.",NasdaqGS:SREV,Energy,United States,49,6%,6
16959,"Steel Dynamics, Inc.",NasdaqGS:STLD,Energy,United States,67,7%,12
17318,Sterling Construction Co. Inc.,NasdaqGS:STRL,Energy,United States,93,-5%,16
16950,Starz,NasdaqGS:STRZ.A,Energy,United States,6,-3%,16
16948,Skyworks Solutions Inc.,NasdaqGS:SWKS,Energy,United States,86,-2%,16
21571,"Sykes Enterprises, Incorporated",NasdaqGS:SYKE,Energy,United States,85,7%,6
16970,Symantec Corporation,NasdaqGS:SYMC,Energy,United States,68,-8%,22
16997,Synaptics Incorporated,NasdaqGS:SYNA,Energy,United States,62,-8%,24
17015,"Syntel, Inc.",NasdaqGS:SYNT,Energy,United States,68,3%,20
17021,Tech Data Corporation,NasdaqGS:TECD,Energy,United States,31,5%,17
17173,Bio-Techne Corporation,NasdaqGS:TECH,Energy,United States,28,4%,24
17358,TESSCO Technologies Incorporated,NasdaqGS:TESS,Energy,United States,33,-4%,19
16992,Gentherm Incorporated,NasdaqGS:THRM,Energy,United States,20,-6%,13
17098,TiVo Corporation,NasdaqGS:TIVO,Energy,United States,14,6%,22
17295,"Telenav, Inc.",NasdaqGS:TNAV,Energy,United States,53,4%,22
17068,"TripAdvisor, Inc.",NasdaqGS:TRIP,Energy,United States,64,3%,23
21498,Tessera Technologies Inc.,NasdaqGS:TSRA,Energy,United States,30,-3%,15
17104,TeleTech Holdings Inc.,NasdaqGS:TTEC,Energy,United States,58,3%,24
17342,"Tetra Tech, Inc.",NasdaqGS:TTEK,Energy,United States,23,-3%,11
17166,"TTM Technologies, Inc.",NasdaqGS:TTMI,Energy,United States,44,-6%,21
17127,Take-Two Interactive Software Inc.,NasdaqGS:TTWO,Energy,United States,25,-7%,15
16316,"TubeMogul, Inc.",NasdaqGS:TUBE,Energy,United States,13,4%,10
17066,"Twin Disc, Incorporated",NasdaqGS:TWIN,Energy,United States,86,2%,17
17107,Texas Instruments Incorporated,NasdaqGS:TXN,Financials,United States,16,-1%,18
5014,Ultra Clean Holdings Inc.,NasdaqGS:UCTT,Financials,United States,72,-5%,9
6800,Universal Electronics Inc.,NasdaqGS:UEIC,Financials,United States,30,7%,12
6712,"Universal Forest Products, Inc.",NasdaqGS:UFPI,Financials,United States,73,0%,11
6311,"Universal Logistics Holdings, Inc.",NasdaqGS:ULH,Financials,United States,85,5%,12
5274,"ULTA Salon, Cosmetics & Fragrance, Inc.",NasdaqGS:ULTA,Financials,United States,71,-1%,9
5336,"United Natural Foods, Inc.",NasdaqGS:UNFI,Financials,United States,41,-3%,7
7701,Universal Stainless & Alloy Products Inc.,NasdaqGS:USAP,Financials,United States,44,7%,21
17001,"Ultratech, Inc.",NasdaqGS:UTEK,Financials,United States,19,5%,10
7214,United Therapeutics Corporation,NasdaqGS:UTHR,Financials,United States,64,0%,5
16220,Viavi Solutions Inc.,NasdaqGS:VIAV,Financials,United States,41,2%,6
6436,"Meridian Bioscience, Inc.",NasdaqGS:VIVO,Financials,United States,33,-2%,17
6844,Viper Energy Partners LP,NasdaqGS:VNOM,Financials,United States,88,6%,18
4332,"Vanguard Natural Resources, LLC",NasdaqGS:VNR,Financials,United States,82,3%,24
4983,"VeriSign, Inc.",NasdaqGS:VRSN,Financials,United States,33,-7%,12
5106,Virtusa Corporation,NasdaqGS:VRTU,Financials,United States,9,-4%,8
5151,Vertex Pharmaceuticals Incorporated,NasdaqGS:VRTX,Financials,United States,82,-3%,16
5325,ViaSat Inc.,NasdaqGS:VSAT,Financials,United States,16,-3%,11
5481,VSE Corporation,NasdaqGS:VSEC,Financials,United States,36,7%,9
5865,"VIVUS, Inc.",NasdaqGS:VVUS,Financials,United States,18,7%,19
6260,VWR Corporation,NasdaqGS:VWR,Financials,United States,100,-4%,15
6276,"Walgreens Boots Alliance, Inc.",NasdaqGS:WBA,Financials,United States,15,0%,18
6357,Western Digital Corporation,NasdaqGS:WDC,Financials,United States,79,7%,19
6369,"Whole Foods Market, Inc.",NasdaqGS:WFM,Financials,United States,6,-5%,7
6420,"Westell Technologies, Inc.",NasdaqGS:WSTL,Financials,United States,68,3%,19
6457,"Woodward, Inc.",NasdaqGS:WWD,Financials,United States,68,-4%,13
6522,Xcerra Corporation,NasdaqGS:XCRA,Financials,United States,98,-3%,11
6556,"Xilinx, Inc.",NasdaqGS:XLNX,Financials,United States,31,2%,15
7043,DENTSPLY SIRONA Inc.,NasdaqGS:XRAY,Financials,United States,83,-6%,23
7088,Yahoo! Inc.,NasdaqGS:YHOO,Financials,United States,35,8%,25
7155,ZAGG Inc,NasdaqGS:ZAGG,Financials,United States,30,-3%,23
7185,Zebra Technologies Corporation,NasdaqGS:ZBRA,Financials,United States,7,-3%,6
7211,Zix Corporation,NasdaqGS:ZIXI,Financials,United States,28,-5%,10
7330,"Zynga, Inc.",NasdaqGS:ZNGA,Financials,United States,56,1%,18
7394,Alcoa Corporation,NYSE:AA,Financials,United States,15,-4%,5
7418,"AAC Holdings, Inc.",NYSE:AAC,Financials,United States,88,3%,10
7603,"Advance Auto Parts, Inc.",NYSE:AAP,Financials,United States,4,-2%,22
7610,AbbVie Inc.,NYSE:ABBV,Financials,United States,70,4%,21
7795,AmerisourceBergen Corporation,NYSE:ABC,Financials,United States,82,-2%,18
7831,ABM Industries Incorporated,NYSE:ABM,Financials,United States,87,5%,5
18686,Abbott Laboratories,NYSE:ABT,Financials,United States,86,-1%,9
21182,ACCO Brands Corporation,NYSE:ACCO,Financials,United States,94,-7%,5
21792,AECOM,NYSE:ACM,Financials,United States,42,1%,17
21108,Accuride Corporation,NYSE:ACW,Financials,United States,3,-2%,20
16116,Adeptus Health Inc.,NYSE:ADPT,Financials,United States,24,1%,19
16647,Alliance Data Systems Corporation,NYSE:ADS,Financials,United States,85,5%,7
17326,Aetna Inc.,NYSE:AET,Financials,United States,74,1%,10
18683,"Argan, Inc.",NYSE:AGX,Financials,United States,54,-6%,23
16836,"American International Group, Inc.",NYSE:AIG,Financials,United States,90,-5%,15
16736,Albany International Corp.,NYSE:AIN,Financials,United States,72,-3%,8
18684,AAR Corp.,NYSE:AIR,Financials,United States,1,0%,18
21790,"Aerojet Rocketdyne Holdings, Inc.",NYSE:AJRD,Financials,United States,99,4%,22
16380,AK Steel Holding Corporation,NYSE:AKS,Foundation,United States,46,4%,23
16386,"Alon USA Energy, Inc.",NYSE:ALJ,Foundation,United States,84,-6%,12
20864,The Allstate Corporation,NYSE:ALL,Government Institution,United States,47,8%,17
16481,Alere Inc.,NYSE:ALR,Government Institution,United States,100,-8%,13
16422,"Allison Transmission Holdings, Inc.",NYSE:ALSN,Government Institution,United States,85,-7%,18
16439,"AMC Entertainment Holdings, Inc.",NYSE:AMC,Government Institution,United States,77,8%,20
16421,"American Midstream Partners, LP",NYSE:AMID,Government Institution,United States,69,8%,21
7886,"AMN Healthcare Services, Inc.",NYSE:AMN,Healthcare,United States,39,5%,6
5496,"Ameresco, Inc.",NYSE:AMRC,Healthcare,United States,1,-3%,8
5461,"Arista Networks, Inc.",NYSE:ANET,Healthcare,United States,46,-6%,6
6539,"Anthem, Inc.",NYSE:ANTM,Healthcare,United States,44,-6%,21
5704,"Alliance One International, Inc.",NYSE:AOI,Healthcare,United States,36,-4%,7
4740,Ampco-Pittsburgh Corporation,NYSE:AP,Healthcare,United States,5,-3%,14
5677,Apache Corporation,NYSE:APA,Healthcare,United States,99,0%,20
4585,Anadarko Petroleum Corporation,NYSE:APC,Healthcare,United States,61,1%,25
5304,Amphenol Corporation,NYSE:APH,Healthcare,United States,25,3%,5
5583,"Apollo Global Management, LLC",NYSE:APO,Healthcare,United States,88,-4%,22
5460,Antero Resources Corporation,NYSE:AR,Healthcare,United States,4,5%,6
6279,Arc Logistics Partners LP,NYSE:ARCX,Healthcare,United States,85,-8%,21
5039,Arconic Inc.,NYSE:ARNC,Healthcare,United States,29,4%,10
369,"Aéropostale, Inc.",NYSE:ARO,Healthcare,United States,46,0%,23
4368,"Archrock, Inc.",NYSE:AROC,Healthcare,United States,100,-2%,17
5610,"Arrow Electronics, Inc.",NYSE:ARW,Healthcare,United States,23,-7%,17
5476,AdvanSix Inc.,NYSE:ASIX,Healthcare,United States,44,-7%,5
4708,"A10 Networks, Inc.",NYSE:ATEN,Healthcare,United States,86,7%,9
5061,"Atwood Oceanics, Inc.",NYSE:ATW,Healthcare,United States,18,3%,21
5743,American Vanguard Corporation,NYSE:AVD,Healthcare,United States,6,0%,20
5485,"Avnet, Inc.",NYSE:AVT,Healthcare,United States,38,-8%,25
4866,AVX Corporation,NYSE:AVX,Healthcare,United States,48,-3%,18
4376,Avery Dennison Corporation,NYSE:AVY,Healthcare,United States,9,-8%,14
4682,"Armstrong World Industries, Inc.",NYSE:AWI,Healthcare,United States,91,-5%,9
5012,Anixter International Inc.,NYSE:AXE,Healthcare,United States,74,-8%,15
4735,"American Axle & Manufacturing Holdings, Inc.",NYSE:AXL,Healthcare,United States,87,-4%,14
5822,American Express Company,NYSE:AXP,Healthcare,United States,95,4%,14
4726,"Acuity Brands, Inc.",NYSE:AYI,Healthcare,United States,50,6%,20
5230,"AutoZone, Inc.",NYSE:AZO,Healthcare,United States,12,2%,22
4367,Barnes Group Inc.,NYSE:B,Healthcare,United States,34,3%,23
4997,The Boeing Company,NYSE:BA,Healthcare,United States,15,3%,5
4879,Bank of America Corporation,NYSE:BAC,Healthcare,United States,31,-5%,25
5873,Booz Allen Hamilton Holding Corporation,NYSE:BAH,Healthcare,United States,55,3%,25
5712,Baxter International Inc.,NYSE:BAX,Healthcare,United States,95,-2%,20
4941,Bill Barrett Corporation,NYSE:BBG,Healthcare,United States,11,-3%,21
7372,"Best Buy Co., Inc.",NYSE:BBY,Healthcare,United States,77,0%,23
6040,Brunswick Corporation,NYSE:BC,Healthcare,United States,44,1%,23
4693,Boise Cascade Company,NYSE:BCC,Healthcare,United States,76,-5%,15
5491,"Bonanza Creek Energy, Inc.",NYSE:BCEI,Healthcare,United States,95,1%,12
6036,"C. R. Bard, Inc.",NYSE:BCR,Healthcare,United States,77,0%,13
6217,Belden Inc.,NYSE:BDC,Healthcare,United States,97,2%,15
6011,Bunge Limited,NYSE:BG,Healthcare,United States,17,7%,22
6477,Briggs & Stratton Corporation,NYSE:BGG,Healthcare,United States,66,-5%,6
5427,"B&G Foods, Inc.",NYSE:BGS,Healthcare,United States,42,1%,8
4358,"Benchmark Electronics, Inc.",NYSE:BHE,Healthcare,United States,62,-2%,15
4557,"Bio-Rad Laboratories, Inc.",NYSE:BIO,Healthcare,United States,23,-1%,6
4370,Brookdale Senior Living Inc.,NYSE:BKD,Healthcare,United States,18,-4%,24
6075,"BlackRock, Inc.",NYSE:BLK,Healthcare,United States,52,-4%,21
4472,Ball Corporation,NYSE:BLL,Healthcare,United States,42,8%,7
16575,"Bemis Company, Inc.",NYSE:BMS,Healthcare,United States,22,-7%,24
4889,Bristol-Myers Squibb Company,NYSE:BMY,Healthcare,United States,79,2%,24
4474,"Broadridge Financial Solutions, Inc.",NYSE:BR,Healthcare,United States,63,2%,23
7348,Berkshire Hathaway Inc.,NYSE:BRK.A,Healthcare,United States,8,3%,6
5405,Bristow Group Inc.,NYSE:BRS,Healthcare,United States,96,-6%,9
4711,Peabody Energy Corporation,NYSE:BTU,Healthcare,United States,50,-2%,8
6463,BorgWarner Inc.,NYSE:BWA,Healthcare,United States,41,-6%,17
4560,"BWX Technologies, Inc.",NYSE:BWXT,Healthcare,United States,68,5%,15
5872,Bluelinx Holdings Inc.,NYSE:BXC,Healthcare,United States,79,-2%,10
5282,Citigroup Inc.,NYSE:C,Healthcare,United States,22,4%,23
5471,CACI International Inc,NYSE:CACI,Healthcare,United States,51,-1%,10
5143,"Conagra Brands, Inc.",NYSE:CAG,Healthcare,United States,67,-5%,17
7388,"Cardinal Health, Inc.",NYSE:CAH,Healthcare,United States,48,-4%,7
4364,"CAI International, Inc.",NYSE:CAI,Healthcare,United States,14,-8%,11
4958,"Calix, Inc.",NYSE:CALX,Healthcare,United States,34,-8%,25
5001,CrossAmerica Partners LP,NYSE:CAPL,Healthcare,United States,85,7%,15
4792,Caterpillar Inc.,NYSE:CAT,Healthcare,United States,31,-8%,25
6425,Cambrex Corporation,NYSE:CBM,Healthcare,United States,2,-2%,11
5373,"Continental Building Products, Inc.",NYSE:CBPX,Healthcare,United States,21,-7%,14
4672,Carnival Corporation,NYSE:CCL,Healthcare,United States,84,8%,16
4949,"Coeur Mining, Inc.",NYSE:CDE,Healthcare,United States,52,6%,17
7111,CDI Corp.,NYSE:CDI,Healthcare,United States,1,-4%,9
5002,Crestwood Equity Partners LP,NYSE:CEQP,Healthcare,United States,63,-6%,6
16206,"Culp, Inc.",NYSE:CFI,Healthcare,United States,22,-5%,6
4870,"Church & Dwight Co., Inc.",NYSE:CHD,Healthcare,United States,10,-7%,5
16203,Chemed Corporation,NYSE:CHE,Healthcare,United States,88,-3%,11
4992,"Chegg, Inc.",NYSE:CHGG,Healthcare,United States,54,-1%,10
5920,Chesapeake Energy Corporation,NYSE:CHK,Healthcare,United States,6,1%,9
7092,Chemtura Corporation,NYSE:CHMT,Healthcare,United States,27,0%,20
5010,Cigna Corporation,NYSE:CI,Healthcare,United States,60,-5%,24
4944,Ciena Corporation,NYSE:CIEN,Healthcare,United States,71,-1%,13
5737,Ciner Resources LP,NYSE:CINR,Healthcare,United States,23,6%,6
5235,CIT Group Inc.,NYSE:CIT,Healthcare,United States,41,1%,23
5815,Colgate-Palmolive Company,NYSE:CL,Healthcare,United States,60,3%,18
5597,Cliffs Natural Resources Inc.,NYSE:CLF,Healthcare,United States,15,-6%,14
6216,"Continental Resources, Inc.",NYSE:CLR,Healthcare,United States,84,-8%,24
5090,Clearwater Paper Corporation,NYSE:CLW,Healthcare,United States,37,-5%,16
4929,The Clorox Company,NYSE:CLX,Healthcare,United States,26,7%,15
6211,Cantel Medical Corp.,NYSE:CMD,Healthcare,United States,59,6%,7
6232,Cummins Inc.,NYSE:CMI,Healthcare,United States,17,-5%,18
5013,CONSOL Energy Inc.,NYSE:CNX,Healthcare,United States,24,-5%,21
5518,Capital One Financial Corporation,NYSE:COF,Healthcare,United States,88,-7%,17
4955,"Rockwell Collins, Inc.",NYSE:COL,Healthcare,United States,35,-7%,9
5297,ConocoPhillips,NYSE:COP,Healthcare,United States,61,-4%,5
4883,Coty Inc.,NYSE:COTY,Healthcare,United States,55,-1%,16
5835,Campbell Soup Company,NYSE:CPB,Healthcare,United States,98,-3%,9
5566,Callon Petroleum Company,NYSE:CPE,Healthcare,United States,28,6%,13
5787,Cooper-Standard Holdings Inc.,NYSE:CPS,Healthcare,United States,53,0%,18
5162,"Comstock Resources, Inc.",NYSE:CRK,Healthcare,United States,83,4%,23
6023,"salesforce.com, inc.",NYSE:CRM,Healthcare,United States,22,-5%,21
5256,CARBO Ceramics Inc.,NYSE:CRR,Healthcare,United States,67,-3%,10
5588,Carpenter Technology Corporation,NYSE:CRS,Healthcare,United States,12,8%,14
4340,Computer Sciences Corporation,NYSE:CSC,Healthcare,United States,86,-6%,14
4912,Carlisle Companies Incorporated,NYSE:CSL,Healthcare,United States,27,7%,13
434,"CSS Industries, Inc.",NYSE:CSS,Healthcare,United States,52,2%,25
7154,Cooper Tire & Rubber Company,NYSE:CTB,Healthcare,United States,65,2%,22
8372,CTS Corporation,NYSE:CTS,Healthcare,United States,61,6%,14
4473,Cubic Corporation,NYSE:CUB,Healthcare,United States,4,6%,21
5819,Convergys Corporation,NYSE:CVG,Healthcare,United States,33,-1%,10
8758,"CVR Energy, Inc.",NYSE:CVI,Healthcare,United States,5,-1%,8
6759,CVS Health Corporation,NYSE:CVS,Healthcare,United States,71,-6%,24
5440,Chevron Corporation,NYSE:CVX,Healthcare,United States,10,-1%,7
8711,Curtiss-Wright Corporation,NYSE:CW,Healthcare,United States,57,1%,15
5027,Concho Resources Inc.,NYSE:CXO,Healthcare,United States,28,-3%,20
5369,"Community Health Systems, Inc.",NYSE:CYH,Healthcare,United States,6,0%,6
7020,"Delta Air Lines, Inc.",NYSE:DAL,Healthcare,United States,44,-1%,23
4771,Dana Incorporated,NYSE:DAN,Healthcare,United States,47,-3%,11
4998,Ducommun Incorporated,NYSE:DCO,Healthcare,United States,32,5%,8
8615,Deere & Company,NYSE:DE,Healthcare,United States,7,-3%,23
16238,Dean Foods Company,NYSE:DF,Healthcare,United States,37,7%,6
370,Dollar General Corporation,NYSE:DG,Healthcare,United States,43,-3%,8
4899,"DigitalGlobe, Inc.",NYSE:DGI,Healthcare,United States,21,-4%,10
5926,Quest Diagnostics Incorporated,NYSE:DGX,Healthcare,United States,48,-4%,5
5779,Danaher Corporation,NYSE:DHR,Healthcare,United States,54,-6%,17
4833,The Walt Disney Company,NYSE:DIS,Healthcare,United States,33,7%,12
4462,"Delek US Holdings, Inc.",NYSE:DK,Healthcare,United States,3,-2%,14
4355,"Delek Logistics Partners, LP",NYSE:DKL,Healthcare,United States,41,4%,25
4943,"Dick's Sporting Goods, Inc.",NYSE:DKS,Healthcare,United States,8,0%,7
16263,"Dolby Laboratories, Inc.",NYSE:DLB,Healthcare,United States,65,-1%,19
5718,Denbury Resources Inc.,NYSE:DNR,Healthcare,United States,62,2%,16
5452,"Diamond Offshore Drilling, Inc.",NYSE:DO,Healthcare,United States,52,1%,10
5099,The Dow Chemical Company,NYSE:DOW,Healthcare,United States,42,-1%,9
4443,"Diplomat Pharmacy, Inc.",NYSE:DPLO,Healthcare,United States,36,4%,25
4383,DCP Midstream Partners LP,NYSE:DPM,Healthcare,United States,84,-6%,9
4977,"Dr Pepper Snapple Group, Inc.",NYSE:DPS,Healthcare,United States,3,-3%,14
6729,"Dril-Quip, Inc.",NYSE:DRQ,Healthcare,United States,85,-3%,9
5091,DaVita Inc.,NYSE:DVA,Healthcare,United States,46,4%,21
4796,Dover Motorsports Inc.,NYSE:DVD,Healthcare,United States,53,3%,17
450,Dell Technologies Inc.,NYSE:DVMT,Healthcare,United States,1,8%,6
8249,Devon Energy Corporation,NYSE:DVN,Healthcare,United States,57,6%,9
5432,Drew Industries Incorporated,NYSE:DW,Healthcare,United States,66,2%,5
8748,"Dycom Industries, Inc.",NYSE:DY,Healthcare,United States,71,3%,11
4345,Emergent BioSolutions Inc.,NYSE:EBS,Healthcare,United States,89,-8%,15
4611,"Enbridge Energy Partners, L.P.",NYSE:EEP,Healthcare,United States,78,6%,14
418,"Engility Holdings, Inc.",NYSE:EGL,Healthcare,United States,30,6%,6
8294,Energen Corporation,NYSE:EGN,Healthcare,United States,11,-1%,24
8496,"VAALCO Energy, Inc.",NYSE:EGY,Healthcare,United States,84,3%,14
8276,"Employers Holdings, Inc.",NYSE:EIG,Healthcare,United States,0,0%,21
8454,The Estée Lauder Companies Inc.,NYSE:EL,Healthcare,United States,32,7%,12
4876,Callaway Golf Company,NYSE:ELY,Healthcare,United States,40,-7%,13
4394,Eastman Chemical Company,NYSE:EMN,Healthcare,United States,54,-4%,12
4960,Emerson Electric Co.,NYSE:EMR,Healthcare,United States,62,8%,20
6241,"EnLink Midstream, LLC",NYSE:ENLC,Healthcare,United States,12,1%,18
6299,"EnLink Midstream Partners, LP",NYSE:ENLK,Healthcare,United States,53,4%,8
5370,"Energizer Holdings, Inc.",NYSE:ENR,Healthcare,United States,24,-7%,13
7767,"Envestnet, Inc.",NYSE:ENV,Healthcare,United States,99,-1%,20
6619,"Enzo Biochem, Inc.",NYSE:ENZ,Healthcare,United States,29,4%,21
6930,"EOG Resources, Inc.",NYSE:EOG,Healthcare,United States,96,-8%,25
6918,"EPAM Systems, Inc.",NYSE:EPAM,Healthcare,United States,12,1%,20
7540,Edgewell Personal Care Company,NYSE:EPC,Healthcare,United States,23,-3%,20
5574,Enterprise Products Partners L.P.,NYSE:EPD,Healthcare,United States,71,2%,21
7069,"EQT Midstream Partners, LP",NYSE:EQM,Healthcare,United States,68,-1%,15
5281,EQT Corporation,NYSE:EQT,Healthcare,United States,10,4%,23
466,Era Group Inc.,NYSE:ERA,Healthcare,United States,55,5%,6
6947,ESCO Technologies Inc.,NYSE:ESE,Healthcare,United States,62,2%,24
4431,Esterline Technologies Corporation,NYSE:ESL,Healthcare,United States,36,2%,12
6506,"Energy Transfer Equity, L.P.",NYSE:ETE,Healthcare,United States,11,2%,18
4982,"Energy Transfer Partners, L.P.",NYSE:ETP,Healthcare,United States,19,1%,8
354,"Envision Healthcare Holdings, Inc.",NYSE:EVHC,Healthcare,United States,25,-7%,19
7821,"EVERTEC, Inc.",NYSE:EVTC,Healthcare,United States,96,-2%,5
4534,Exar Corporation,NYSE:EXAR,Healthcare,United States,68,-6%,18
4864,Ford Motor Company,NYSE:F,Healthcare,United States,20,-4%,14
4734,"Fortune Brands Home & Security, Inc.",NYSE:FBHS,Healthcare,United States,18,1%,17
4589,Freeport-McMoRan Inc.,NYSE:FCX,Healthcare,United States,96,6%,17
4386,Fresh Del Monte Produce Inc.,NYSE:FDP,Healthcare,United States,72,-1%,22
6290,FedEx Corporation,NYSE:FDX,Healthcare,United States,59,-6%,21
4433,Foresight Energy LP,NYSE:FELP,Healthcare,United States,30,-2%,8
4371,"Federated Investors, Inc.",NYSE:FII,Healthcare,United States,29,-6%,22
4404,"Fitbit, Inc.",NYSE:FIT,Healthcare,United States,99,-2%,10
5856,"Flowers Foods, Inc.",NYSE:FLO,Healthcare,United States,74,-2%,18
5720,Fluor Corporation,NYSE:FLR,Healthcare,United States,52,6%,5
16210,Federal Signal Corporation,NYSE:FSS,Healthcare,United States,13,4%,5
7095,"The Greenbrier Companies, Inc.",NYSE:GBX,Healthcare,United States,74,7%,23
4539,"Gannett Co., Inc.",NYSE:GCI,Healthcare,United States,2,-7%,8
4599,General Dynamics Corporation,NYSE:GD,Healthcare,United States,1,-8%,19
7209,GoDaddy Inc.,NYSE:GDDY,Healthcare,United States,86,4%,21
5609,Green Dot Corporation,NYSE:GDOT,Healthcare,United States,58,-7%,22
7684,Goodrich Petroleum Corp.,NYSE:GDP,Healthcare,United States,19,7%,11
4455,General Electric Company,NYSE:GE,Healthcare,United States,56,-3%,21
5775,"Genesis Energy, L.P.",NYSE:GEL,Healthcare,United States,45,-7%,23
6648,"Genesis Healthcare, Inc.",NYSE:GEN,Healthcare,United States,65,7%,21
4524,"Guess?, Inc.",NYSE:GES,Healthcare,United States,80,-8%,20
7754,Griffon Corporation,NYSE:GFF,Healthcare,United States,45,3%,11
5082,Graco Inc.,NYSE:GGG,Healthcare,United States,55,4%,14
8278,Gigamon Inc.,NYSE:GIMO,Healthcare,United States,7,5%,9
6685,"General Mills, Inc.",NYSE:GIS,Healthcare,United States,59,-7%,17
16614,"Gulfmark Offshore, Inc.",NYSE:GLF,Healthcare,United States,48,2%,13
4365,Corning Incorporated,NYSE:GLW,Healthcare,United States,54,0%,19
6981,General Motors Company,NYSE:GM,Healthcare,United States,35,-5%,7
5555,GameStop Corp.,NYSE:GME,Healthcare,United States,93,1%,7
5009,"GNC Holdings, Inc.",NYSE:GNC,Healthcare,United States,8,-8%,25
6693,Acushnet Holdings Corp.,NYSE:GOLF,Healthcare,United States,30,-8%,10
7740,Genuine Parts Company,NYSE:GPC,Healthcare,United States,45,8%,14
443,Graphic Packaging Holding Company,NYSE:GPK,Healthcare,United States,78,2%,18
4448,"The Gap, Inc.",NYSE:GPS,Healthcare,United States,49,3%,19
4491,GP Strategies Corporation,NYSE:GPX,Healthcare,United States,91,-6%,8
4610,Granite Construction Incorporated,NYSE:GVA,Healthcare,United States,6,8%,23
4649,Genesee & Wyoming Inc.,NYSE:GWR,Healthcare,United States,17,-1%,25
4654,"W.W. Grainger, Inc.",NYSE:GWW,Healthcare,United States,80,4%,8
4664,Hyatt Hotels Corporation,NYSE:H,Healthcare,United States,24,-2%,12
4666,Halliburton Company,NYSE:HAL,Healthcare,United States,85,-8%,8
4778,"Harman International Industries, Incorporated",NYSE:HAR,Healthcare,United States,31,6%,20
4810,Hanesbrands Inc.,NYSE:HBI,Healthcare,United States,0,4%,16
4812,"HCA Holdings, Inc.",NYSE:HCA,Healthcare,United States,87,-8%,13
4821,"The Home Depot, Inc.",NYSE:HD,Healthcare,United States,87,8%,24
4965,"Holly Energy Partners, L.P.",NYSE:HEP,Healthcare,United States,6,-8%,6
4966,Hess Corporation,NYSE:HES,Healthcare,United States,75,-3%,25
5042,HollyFrontier Corporation,NYSE:HFC,Healthcare,United States,100,-4%,12
5125,"Hanger, Inc.",NYSE:HGR,Healthcare,United States,6,1%,9
5214,Hugoton Royalty Trust,NYSE:HGT,Healthcare,United States,61,4%,14
5252,"Huntington Ingalls Industries, Inc.",NYSE:HII,Healthcare,United States,67,7%,19
5717,"Hill International, Inc.",NYSE:HIL,Healthcare,United States,46,0%,6
5741,Halcón Resources Corporation,NYSE:HK,Healthcare,United States,62,1%,17
5754,Hecla Mining Company,NYSE:HL,Healthcare,United States,47,-1%,25
5786,HealthSouth Corporation,NYSE:HLS,Healthcare,United States,92,-6%,10
5954,"Helix Energy Solutions Group, Inc.",NYSE:HLX,Healthcare,United States,72,5%,10
6041,"Harley-Davidson, Inc.",NYSE:HOG,Healthcare,United States,70,-5%,9
6220,Honeywell International Inc.,NYSE:HON,Healthcare,United States,94,8%,23
6373,"Helmerich & Payne, Inc.",NYSE:HP,Healthcare,United States,1,-2%,5
6384,Hewlett Packard Enterprise Company,NYSE:HPE,Healthcare,United States,46,-6%,25
6408,HP Inc.,NYSE:HPQ,Healthcare,United States,23,-8%,5
6413,Hormel Foods Corporation,NYSE:HRL,Healthcare,United States,59,3%,24
6515,Harris Corporation,NYSE:HRS,Healthcare,United States,18,8%,18
6650,The Hershey Company,NYSE:HSY,Healthcare,United States,40,8%,15
6670,Humana Inc.,NYSE:HUM,Healthcare,United States,54,-5%,14
6850,Hexcel Corporation,NYSE:HXL,Healthcare,United States,60,-3%,24
7035,"MarineMax, Inc.",NYSE:HZO,Healthcare,United States,14,5%,19
7104,International Business Machines Corporation,NYSE:IBM,Healthcare,United States,45,-2%,24
7491,"Independence Contract Drilling, Inc.",NYSE:ICD,Healthcare,United States,19,-5%,22
7604,International Flavors & Fragrances Inc.,NYSE:IFF,Healthcare,United States,53,1%,5
7631,Ingram Micro Inc.,NYSE:IM,Healthcare,United States,23,8%,17
7666,"Imperva, Inc.",NYSE:IMPV,Healthcare,United States,77,2%,11
7687,Ingredion Incorporated,NYSE:INGR,Healthcare,United States,46,-5%,18
7749,"InvenSense, Inc.",NYSE:INVN,Healthcare,United States,27,-8%,9
7898,International Paper Company,NYSE:IP,Healthcare,United States,72,-3%,14
8314,"The Interpublic Group of Companies, Inc.",NYSE:IPG,Healthcare,United States,7,3%,23
8569,Inphi Corporation,NYSE:IPHI,Healthcare,United States,16,8%,9
20893,Integer Holdings Corporation,NYSE:ITGR,Healthcare,United States,5,2%,11
16812,ITT Inc.,NYSE:ITT,Healthcare,United States,52,-5%,21
16722,"Jabil Circuit, Inc.",NYSE:JBL,Healthcare,United States,100,-2%,19
16842,John Bean Technologies Corporation,NYSE:JBT,Healthcare,United States,61,-4%,12
22176,"J. C. Penney Company, Inc.",NYSE:JCP,Healthcare,United States,6,-6%,7
16215,Jacobs Engineering Group Inc.,NYSE:JEC,Healthcare,United States,24,-5%,11
17379,Johnson & Johnson,NYSE:JNJ,Healthcare,United States,24,-7%,12
16731,"Juniper Networks, Inc.",NYSE:JNPR,Healthcare,United States,94,-8%,11
17362,"Jones Energy, Inc.",NYSE:JONE,Healthcare,United States,58,-5%,13
17343,JPMorgan Chase & Co.,NYSE:JPM,Healthcare,United States,81,-1%,6
16774,"Nordstrom, Inc.",NYSE:JWN,Healthcare,United States,92,-4%,16
17527,Kellogg Company,NYSE:K,Healthcare,United States,99,1%,25
16793,Kate Spade & Company,NYSE:KATE,Healthcare,United States,11,0%,20
17595,"KBR, Inc.",NYSE:KBR,Healthcare,United States,32,7%,10
16701,KEMET Corporation,NYSE:KEM,Healthcare,United States,65,-1%,9
16692,Kimberly-Clark Corporation,NYSE:KMB,Healthcare,United States,82,-3%,17
16821,"KMG Chemicals, Inc.",NYSE:KMG,Healthcare,United States,13,-2%,24
16799,"Kinder Morgan, Inc.",NYSE:KMI,Healthcare,United States,44,-4%,23
16808,Knowles Corporation,NYSE:KN,Healthcare,United States,17,-6%,22
16884,"Kindred Healthcare, Inc.",NYSE:KND,Healthcare,United States,13,8%,18
17180,"Knoll, Inc.",NYSE:KNL,Healthcare,United States,99,-4%,18
16909,The Coca-Cola Company,NYSE:KO,Healthcare,United States,68,3%,12
20851,The Kroger Co.,NYSE:KR,Healthcare,United States,92,-3%,18
16934,"Kronos Worldwide, Inc.",NYSE:KRO,Healthcare,United States,53,5%,11
17390,Kohl's Corporation,NYSE:KSS,Healthcare,United States,73,-8%,16
17580,Quaker Chemical Corporation,NYSE:KWR,Healthcare,United States,61,-5%,11
16897,Loews Corporation,NYSE:L,Healthcare,United States,81,1%,20
16905,"L Brands, Inc.",NYSE:LB,Healthcare,United States,64,2%,15
17205,"Lannett Company, Inc.",NYSE:LCI,Healthcare,United States,52,-3%,14
17783,"Lydall, Inc.",NYSE:LDL,Healthcare,United States,55,7%,5
17005,"Leidos Holdings, Inc.",NYSE:LDOS,Healthcare,United States,96,4%,19
18545,"Landauer, Inc.",NYSE:LDR,Healthcare,United States,77,5%,12
16986,Lear Corporation,NYSE:LEA,Healthcare,United States,12,-6%,22
17545,"Lucas Energy, Inc., Prior to Reverse Merger with Working Interests in Producing Properties and Unde",NYSE:LEI,Healthcare,United States,31,4%,5
17451,Leaf Group Ltd.,NYSE:LFGR,Healthcare,United States,71,-8%,11
17017,Lions Gate Entertainment Corp.,NYSE:LGF,Healthcare,United States,6,6%,22
17596,Laboratory Corporation of America Holdings,NYSE:LH,Healthcare,United States,92,2%,9
17616,"L-3 Communications Holdings, Inc.",NYSE:LLL,Healthcare,United States,53,-1%,25
17034,Eli Lilly and Company,NYSE:LLY,Healthcare,United States,7,3%,24
17371,Lockheed Martin Corporation,NYSE:LMT,Healthcare,United States,18,5%,18
16259,Lindsay Corporation,NYSE:LNN,Healthcare,United States,2,3%,13
21484,"Lowe's Companies, Inc.",NYSE:LOW,Healthcare,United States,69,-5%,7
17094,"Laredo Petroleum, Inc.",NYSE:LPI,Healthcare,United States,60,1%,14
17297,K12 Inc.,NYSE:LRN,Healthcare,United States,84,3%,14
17056,Southwest Airlines Co.,NYSE:LUV,Healthcare,United States,34,-6%,11
17592,La-Z-Boy Incorporated,NYSE:LZB,Healthcare,United States,61,-6%,17
17114,"Macy's, Inc.",NYSE:M,Healthcare,United States,7,-4%,21
17060,Masco Corporation,NYSE:MAS,Healthcare,United States,46,7%,14
22186,McDonald's Corporation,NYSE:MCD,Healthcare,United States,21,-1%,15
21511,McKesson Corporation,NYSE:MCK,Healthcare,United States,28,3%,13
17095,Moody's Corporation,NYSE:MCO,Healthcare,United States,59,0%,19
5501,"McDermott International, Inc.",NYSE:MDR,Industrials,United States,4,-8%,11
4549,"Methode Electronics, Inc.",NYSE:MEI,Industrials,United States,26,0%,13
16738,"Midcoast Energy Partners, L.P.",NYSE:MEP,Industrials,United States,31,2%,22
5292,Mead Johnson Nutrition Company,NYSE:MJN,Industrials,United States,48,-6%,17
8536,"McCormick & Company, Incorporated",NYSE:MKC,Industrials,United States,42,-1%,25
6836,"Marsh & McLennan Companies, Inc.",NYSE:MMC,Industrials,United States,39,-1%,17
6894,3M Company,NYSE:MMM,Industrials,United States,69,6%,23
7021,"MAXIMUS, Inc.",NYSE:MMS,Industrials,United States,92,-6%,22
4349,"Altria Group, Inc.",NYSE:MO,Industrials,United States,24,-5%,23
7581,Modine Manufacturing Company,NYSE:MOD,Industrials,United States,33,3%,17
7646,Moog Inc.,NYSE:MOG.A,Industrials,United States,74,-1%,12
7768,Monsanto Company,NYSE:MON,Industrials,United States,54,2%,18
6985,"Movado Group, Inc.",NYSE:MOV,Industrials,United States,78,-3%,7
7815,Marathon Petroleum Corporation,NYSE:MPC,Industrials,United States,19,-2%,13
6261,Metaldyne Performance Group Inc.,NYSE:MPG,Industrials,United States,37,8%,20
7116,MPLX LP,NYSE:MPLX,Industrials,United States,98,0%,23
4408,"Merck & Co., Inc.",NYSE:MRK,Industrials,United States,72,-2%,9
6366,Marathon Oil Corporation,NYSE:MRO,Industrials,United States,72,4%,11
7847,Morgan Stanley,NYSE:MS,Industrials,United States,93,-7%,19
7235,MSCI Inc.,NYSE:MSCI,Industrials,United States,36,-7%,15
4846,"Motorola Solutions, Inc.",NYSE:MSI,Industrials,United States,70,2%,19
8668,"Meritor, Inc.",NYSE:MTOR,Industrials,United States,99,-4%,10
5056,"The Manitowoc Company, Inc.",NYSE:MTW,Industrials,United States,78,-1%,13
7637,"MasTec, Inc.",NYSE:MTZ,Industrials,United States,43,4%,21
5057,Murphy Oil Corporation,NYSE:MUR,Industrials,United States,45,6%,10
7146,Murphy USA Inc.,NYSE:MUSA,Industrials,United States,89,-8%,25
6586,"Mueller Water Products, Inc.",NYSE:MWA,Industrials,United States,6,-5%,16
4861,"MaxLinear, Inc.",NYSE:MXL,Industrials,United States,75,-8%,10
6690,Navistar International Corporation,NYSE:NAV,Industrials,United States,41,-4%,10
5806,"Noble Energy, Inc.",NYSE:NBL,Industrials,United States,62,4%,8
5037,"NACCO Industries, Inc.",NYSE:NC,Industrials,United States,68,0%,6
6707,NCR Corporation,NYSE:NCR,Industrials,United States,55,8%,6
6224,Newmont Mining Corporation,NYSE:NEM,Industrials,United States,59,-3%,7
6228,Newfield Exploration Company,NYSE:NFX,Industrials,United States,54,-3%,24
5222,NGL Energy Partners LP,NYSE:NGL,Industrials,United States,51,4%,6
6541,"Natural Gas Services Group, Inc.",NYSE:NGS,Industrials,United States,43,-4%,8
8621,"Natural Grocers by Vitamin Cottage, Inc.",NYSE:NGVC,Industrials,United States,19,0%,13
8632,Ingevity Corporation,NYSE:NGVT,Industrials,United States,4,-1%,24
5016,"NIKE, Inc.",NYSE:NKE,Industrials,United States,95,-8%,10
427,"NL Industries, Inc.",NYSE:NL,Industrials,United States,21,-4%,21
4753,"Nautilus, Inc.",NYSE:NLS,Industrials,United States,9,-1%,22
6956,"Nimble Storage, Inc.",NYSE:NMBL,Industrials,United States,58,-6%,19
5083,Northrop Grumman Corporation,NYSE:NOC,Industrials,United States,85,7%,20
5564,"National Oilwell Varco, Inc.",NYSE:NOV,Industrials,United States,89,-1%,24
462,"Neenah Paper, Inc.",NYSE:NP,Industrials,United States,54,5%,5
7196,"National Presto Industries, Inc.",NYSE:NPK,Industrials,United States,13,7%,25
6267,NeoPhotonics Corporation,NYSE:NPTN,Industrials,United States,53,4%,24
6631,Natural Resource Partners L.P.,NYSE:NRP,Industrials,United States,96,6%,19
7662,NuStar Energy L.P.,NYSE:NS,Industrials,United States,91,7%,7
383,Norfolk Southern Corporation,NYSE:NSC,Industrials,United States,5,1%,20
4793,"NuStar GP Holdings, LLC",NYSE:NSH,Industrials,United States,74,-7%,19
7707,Newell Brands Inc.,NYSE:NWL,Industrials,United States,99,-4%,10
8283,"Orbital ATK, Inc.",NYSE:OA,Industrials,United States,97,1%,10
4339,Oasis Petroleum Inc.,NYSE:OAS,Industrials,United States,31,2%,8
7730,OCI Partners LP,NYSE:OCIP,Industrials,United States,100,2%,13
7052,Ocwen Financial Corporation,NYSE:OCN,Industrials,United States,36,1%,23
4935,Oil-Dri Corporation of America,NYSE:ODC,Industrials,United States,76,3%,7
7231,"Oceaneering International, Inc.",NYSE:OII,Industrials,United States,76,1%,6
4869,"ONEOK Partners, L.P.",NYSE:OKS,Industrials,United States,76,-6%,14
7093,Omnicom Group Inc.,NYSE:OMC,Industrials,United States,67,-7%,12
4739,"Owens & Minor, Inc.",NYSE:OMI,Industrials,United States,98,-1%,10
8616,"Orion Group Holdings, Inc.",NYSE:ORN,Industrials,United States,81,-4%,5
8448,Oshkosh Corporation,NYSE:OSK,Industrials,United States,85,-3%,9
17010,Occidental Chemical Corporation,NYSE:OXY,Industrials,United States,99,3%,17
6068,"Plains All American Pipeline, L.P.",NYSE:PAA,Industrials,United States,95,-4%,24
5636,Pacific Drilling S.A.,NYSE:PACD,Industrials,United States,57,-4%,20
6002,Plains Marketing LP,NYSE:PAGP,Industrials,United States,86,1%,25
7621,PAR Technology Corporation,NYSE:PAR,Industrials,United States,99,-3%,19
6360,PBF Energy Inc.,NYSE:PBF,Industrials,United States,20,6%,5
5826,"Prestige Brands Holdings, Inc.",NYSE:PBH,Industrials,United States,34,1%,8
7725,"Parsley Energy, Inc.",NYSE:PE,Industrials,United States,8,-8%,10
6853,"Pepsico, Inc.",NYSE:PEP,Industrials,United States,94,-1%,9
6773,SandRidge Permian Trust,NYSE:PER,Industrials,United States,24,7%,17
7765,Pioneer Energy Services Corp.,NYSE:PES,Industrials,United States,24,1%,14
6000,Pinnacle Foods Inc.,NYSE:PF,Industrials,United States,24,-8%,16
8545,Pfizer Inc.,NYSE:PFE,Industrials,United States,52,6%,24
5021,The Procter & Gamble Company,NYSE:PG,Industrials,United States,23,5%,5
6351,"Ply Gem Holdings, Inc",NYSE:PGEM,Industrials,United States,13,-8%,11
374,The Progressive Corporation,NYSE:PGR,Industrials,United States,63,7%,13
7273,Panhandle Oil and Gas Inc.,NYSE:PHX,Industrials,United States,6,5%,22
4926,Polaris Industries Inc.,NYSE:PII,Industrials,United States,9,2%,14
6492,Parker Drilling Company,NYSE:PKD,Industrials,United States,0,2%,25
357,Park Electrochemical Corp.,NYSE:PKE,Industrials,United States,98,8%,20
5635,Packaging Corporation of America,NYSE:PKG,Industrials,United States,37,-8%,11
6478,"Plantronics, Inc.",NYSE:PLT,Industrials,United States,3,-4%,13
6280,Philip Morris International Inc.,NYSE:PM,Industrials,United States,68,-3%,14
7227,"The PNC Financial Services Group, Inc.",NYSE:PNC,Industrials,United States,66,4%,10
5543,"Post Holdings, Inc.",NYSE:POST,Industrials,United States,72,7%,8
4645,"PetroQuest Energy, Inc.",NYSE:PQ,Industrials,United States,35,0%,18
4439,Phillips 66,NYSE:PSX,Industrials,United States,56,1%,9
6855,"Praxair, Inc.",NYSE:PX,Industrials,United States,90,-6%,9
5225,Pioneer Natural Resources Company,NYSE:PXD,Industrials,United States,11,-8%,12
4875,"QEP Resources, Inc.",NYSE:QEP,Industrials,United States,38,-2%,7
4747,"Ryder System, Inc.",NYSE:R,Industrials,United States,17,2%,7
7289,Rite Aid Corporation,NYSE:RAD,Industrials,United States,56,-5%,21
7620,Reynolds American Inc.,NYSE:RAI,Industrials,United States,28,-2%,12
16900,"Bankrate, Inc.",NYSE:RATE,Industrials,United States,84,-6%,13
4553,Regal Beloit Corporation,NYSE:RBC,Industrials,United States,68,-7%,12
6807,Royal Caribbean Cruises Ltd.,NYSE:RCL,Industrials,United States,45,5%,22
6398,Rowan Companies plc,NYSE:RDC,Industrials,United States,43,5%,11
5679,Resolute Energy Corporation,NYSE:REN,Industrials,United States,3,8%,20
4558,"RPC, Inc.",NYSE:RES,Industrials,United States,1,2%,10
7393,"Revlon, Inc.",NYSE:REV,Industrials,United States,4,7%,17
4435,"Sturm, Ruger & Company, Inc.",NYSE:RGR,Industrials,United States,31,-2%,12
16234,"Red Hat, Inc.",NYSE:RHT,Industrials,United States,50,-5%,15
6908,Rice Energy Inc.,NYSE:RICE,Industrials,United States,72,-2%,24
16552,Ralph Lauren Corporation,NYSE:RL,Industrials,United States,83,-8%,25
6464,ResMed Inc.,NYSE:RMD,Industrials,United States,21,2%,12
6039,"RingCentral, Inc.",NYSE:RNG,Industrials,United States,12,8%,13
6253,Pacific Coast Oil Trust,NYSE:ROYT,Industrials,United States,41,-1%,18
4503,RPM International Inc.,NYSE:RPM,Industrials,United States,95,-5%,22
4540,Reliance Steel & Aluminum Co.,NYSE:RS,Industrials,United States,26,3%,6
7574,"RSP Permian, Inc.",NYSE:RSPP,Industrials,United States,20,3%,19
382,"Rudolph Technologies, Inc.",NYSE:RTEC,Industrials,United States,91,-5%,10
5988,Raytheon Company,NYSE:RTN,Industrials,United States,17,-7%,11
5750,Rayonier Advanced Materials Inc.,NYSE:RYAM,Industrials,United States,37,-1%,22
4466,Ryerson Holding Corporation,NYSE:RYI,Industrials,United States,40,0%,18
4802,Science Applications International Corporation,NYSE:SAIC,Industrials,United States,56,8%,18
16207,Steelcase Inc.,NYSE:SCS,Industrials,United States,54,-7%,10
5448,"SandRidge Energy, Inc.",NYSE:SD,Industrials,United States,21,2%,17
7110,Sandridge Mississippian Trust II,NYSE:SDR,Industrials,United States,0,0%,21
4593,SandRidge Mississippian Trust I,NYSE:SDT,Industrials,United States,16,0%,6
6598,Spectra Energy Corp.,NYSE:SE,Industrials,United States,98,-3%,9
5296,Select Medical Holdings Corporation,NYSE:SEM,Industrials,United States,53,7%,19
7458,SemGroup Corporation,NYSE:SEMG,Industrials,United States,84,-3%,10
8281,Stone Energy Corp.,NYSE:SGY,Industrials,United States,52,-8%,14
6842,The Sherwin-Williams Company,NYSE:SHW,Industrials,United States,7,-4%,25
6938,The J. M. Smucker Company,NYSE:SJM,Industrials,United States,94,-4%,14
8706,Schlumberger Limited,NYSE:SLB,Industrials,United States,90,-5%,11
7027,"U.S. Silica Holdings, Inc.",NYSE:SLCA,Industrials,United States,23,4%,19
6219,The Scotts Miracle-Gro Company,NYSE:SMG,Industrials,United States,2,-2%,9
7531,"Standard Motor Products, Inc.",NYSE:SMP,Industrials,United States,94,-3%,20
5621,Snap-on Incorporated,NYSE:SNA,Industrials,United States,25,-7%,17
5828,SYNNEX Corporation,NYSE:SNX,Industrials,United States,65,-2%,8
485,Sparton Corporation,NYSE:SPA,Industrials,United States,54,4%,24
6225,"Spectrum Brands Holdings, Inc.",NYSE:SPB,Industrials,United States,89,0%,22
7324,"Spirit AeroSystems Holdings, Inc.",NYSE:SPR,Industrials,United States,26,-5%,7
7355,"Stoneridge, Inc.",NYSE:SRI,Industrials,United States,68,0%,9
6262,"StarTek, Inc.",NYSE:SRT,Industrials,United States,17,-8%,24
6937,"Silver Spring Networks, Inc.",NYSE:SSNI,Industrials,United States,99,-1%,10
6906,"SunTrust Banks, Inc.",NYSE:STI,Industrials,United States,73,-6%,5
7070,"St. Jude Medical, Inc.",NYSE:STJ,Industrials,United States,24,-6%,23
469,State Street Corporation,NYSE:STT,Industrials,United States,52,-7%,5
7513,"Constellation Brands, Inc.",NYSE:STZ,Industrials,United States,97,5%,21
5936,Sunoco LP,NYSE:SUN,Industrials,United States,8,-4%,16
6745,"Superior Industries International, Inc.",NYSE:SUP,Industrials,United States,62,-1%,25
4360,Stillwater Mining Company,NYSE:SWC,Industrials,United States,3,-4%,20
6746,Swift Transportation Company,NYSE:SWFT,Industrials,United States,18,2%,9
7357,"Stanley Black & Decker, Inc.",NYSE:SWK,Industrials,United States,43,4%,20
6292,"Schweitzer-Mauduit International, Inc.",NYSE:SWM,Industrials,United States,29,-5%,19
7030,Southwestern Energy Company,NYSE:SWN,Industrials,United States,85,-1%,16
7736,SunCoke Energy Inc.,NYSE:SXC,Industrials,United States,81,-5%,24
7650,"SunCoke Energy Partners, L.P.",NYSE:SXCP,Industrials,United States,37,-5%,16
5060,"Southcross Energy Partners, L.P.",NYSE:SXE,Industrials,United States,60,5%,16
6367,Sunoco Logistics Partners L.P.,NYSE:SXL,Industrials,United States,73,2%,14
6559,Stryker Corporation,NYSE:SYK,Industrials,United States,47,-4%,10
6612,Sysco Corporation,NYSE:SYY,Industrials,United States,27,-7%,12
5979,"TrueBlue, Inc.",NYSE:TBI,Industrials,United States,70,-6%,5
6825,"TC PipeLines, LP",NYSE:TCP,Industrials,United States,0,-4%,7
4683,Teradata Corporation,NYSE:TDC,Industrials,United States,58,8%,9
8393,TransDigm Group Incorporated,NYSE:TDG,Industrials,United States,29,4%,21
5539,Tidewater Inc.,NYSE:TDW,Industrials,United States,60,2%,24
6647,Teledyne Technologies Incorporated,NYSE:TDY,Industrials,United States,13,-7%,15
7113,Tenneco Inc.,NYSE:TEN,Industrials,United States,28,-5%,12
473,"Tallgrass Energy Partners, LP",NYSE:TEP,Industrials,United States,72,0%,21
7283,"Teradyne, Inc.",NYSE:TER,Industrials,United States,11,-2%,12
6451,Tredegar Corporation,NYSE:TG,Industrials,United States,52,5%,25
8334,"Triumph Group, Inc.",NYSE:TGI,Industrials,United States,91,-7%,25
5527,Target Corporation,NYSE:TGT,Industrials,United States,56,-2%,18
4426,Tenet Healthcare Corp.,NYSE:THC,Industrials,United States,24,-4%,25
17140,"Thor Industries, Inc.",NYSE:THO,Industrials,United States,21,-3%,15
4946,"Treehouse Foods, Inc.",NYSE:THS,Industrials,United States,10,1%,11
5084,"The TJX Companies, Inc.",NYSE:TJX,Industrials,United States,18,-7%,20
5094,Tesoro Logistics LP,NYSE:TLLP,Industrials,United States,30,-7%,18
5210,Transmontaigne Partners L.P.,NYSE:TLP,Industrials,United States,68,2%,19
5416,"Team Health Holdings, Inc.",NYSE:TMH,Industrials,United States,34,8%,5
5456,Thermo Fisher Scientific Inc.,NYSE:TMO,Industrials,United States,31,-5%,20
5734,"Tower International, Inc.",NYSE:TOWR,Industrials,United States,38,7%,18
6323,Texas Pacific Land Trust,NYSE:TPL,Industrials,United States,42,4%,14
6453,Tempur Sealy International Inc.,NYSE:TPX,Industrials,United States,7,-1%,24
6469,"Tootsie Roll Industries, Inc.",NYSE:TR,Industrials,United States,28,-6%,24
6623,Trecora Resources,NYSE:TREC,Industrials,United States,75,2%,23
6638,"Trex Company, Inc.",NYSE:TREX,Industrials,United States,31,0%,17
6719,Targa Resources Corp.,NYSE:TRGP,Industrials,United States,26,-3%,6
6787,"Trinity Industries, Inc.",NYSE:TRN,Industrials,United States,17,0%,10
6847,Tronox Limited,NYSE:TROX,Industrials,United States,46,8%,5
6910,Trinseo SA,NYSE:TSE,Industrials,United States,76,-4%,22
7129,"Tyson Foods, Inc.",NYSE:TSN,Industrials,United States,42,5%,14
7187,Tesoro Corporation,NYSE:TSO,Industrials,United States,3,-7%,11
7229,The Toro Company,NYSE:TTC,Industrials,United States,7,-7%,5
7243,"Titan International, Inc.",NYSE:TWI,Industrials,United States,11,-6%,25
7302,Time Warner Inc.,NYSE:TWX,Industrials,United States,97,2%,22
7453,Textron Inc.,NYSE:TXT,Industrials,United States,77,-4%,15
7566,"Under Armour, Inc.",NYSE:UA,Industrials,United States,58,-7%,22
7712,"United Continental Holdings, Inc.",NYSE:UAL,Industrials,United States,8,6%,6
7739,Universal American Corp,NYSE:UAM,Industrials,United States,34,3%,15
7756,Domtar Corporation,NYSE:UFS,Industrials,United States,5,-4%,5
7759,"Universal Health Services, Inc.",NYSE:UHS,Industrials,United States,63,7%,13
7820,Unisys Corporation,NYSE:UIS,Industrials,United States,85,1%,15
16067,UnitedHealth Group Incorporated,NYSE:UNH,Industrials,United States,84,-6%,16
16217,Union Pacific Corporation,NYSE:UNP,Industrials,United States,66,1%,25
17476,Unit Corporation,NYSE:UNT,Industrials,United States,87,0%,10
17224,"United Parcel Service, Inc.",NYSE:UPS,Industrials,United States,85,0%,18
17339,"USA Compression Partners, LP",NYSE:USAC,Industrials,United States,35,6%,19
16754,US Foods Holding Corp.,NYSE:USFD,Industrials,United States,46,-8%,9
16756,USG Corporation,NYSE:USG,Industrials,United States,39,-3%,17
16782,"U.S. Physical Therapy, Inc.",NYSE:USPH,Industrials,United States,43,-1%,21
16757,United Technologies Corporation,NYSE:UTX,Industrials,United States,32,-6%,24
17583,Universal Corporation,NYSE:UVV,Industrials,United States,19,-5%,12
21580,The Valspar Corporation,NYSE:VAL,Industrials,United States,41,-8%,6
17465,Visteon Corporation,NYSE:VC,Industrials,United States,42,8%,14
18393,Vector Group Ltd.,NYSE:VGR,Industrials,United States,42,-5%,10
16657,"Valhi, Inc.",NYSE:VHI,Industrials,United States,65,-7%,22
21418,Valero Energy Corporation,NYSE:VLO,Industrials,United States,71,-4%,25
16658,"VMware, Inc.",NYSE:VMW,Industrials,United States,38,4%,15
21643,"Vantiv, Inc.",NYSE:VNTV,Industrials,United States,89,-8%,20
17251,"Voya Financial, Inc.",NYSE:VOYA,Industrials,United States,18,-6%,6
16218,"Wesco Aircraft Holdings, Inc.",NYSE:WAIR,Industrials,United States,17,-1%,7
21600,"WESCO International, Inc.",NYSE:WCC,Industrials,United States,76,5%,18
16269,"WellCare Health Plans, Inc.",NYSE:WCG,Industrials,United States,60,-2%,11
16813,Western Gas Partners LP,NYSE:WES,Industrials,United States,81,8%,7
16710,Wells Fargo & Company,NYSE:WFC,Industrials,United States,85,-3%,19
17315,"Willbros Group, Inc.",NYSE:WG,Industrials,United States,30,8%,20
21420,"Winnebago Industries, Inc.",NYSE:WGO,Industrials,United States,3,1%,12
21607,Whirlpool Corporation,NYSE:WHR,Industrials,United States,88,5%,21
21923,Westlake Chemical Corporation,NYSE:WLK,Industrials,United States,64,8%,19
21675,Westlake Chemical Partners LP,NYSE:WLKP,Industrials,United States,89,5%,22
17829,Whiting Petroleum Corp.,NYSE:WLL,Industrials,United States,4,4%,14
16204,"The Williams Companies, Inc.",NYSE:WMB,Industrials,United States,11,3%,6
21658,"Westmoreland Resource Partners, LP",NYSE:WMLP,Industrials,United States,51,7%,5
21832,"Advanced Drainage Systems, Inc.",NYSE:WMS,Industrials,United States,92,4%,12
21614,"Wal-Mart Stores, Inc.",NYSE:WMT,Industrials,United States,21,-8%,20
20601,"Western Refining, Inc.",NYSE:WNR,Industrials,United States,66,-3%,18
21619,"Western Refining Logistics, LP",NYSE:WNRL,Industrials,United States,86,4%,17
16975,"World Point Terminals, LP",NYSE:WPT,Industrials,United States,71,-1%,10
16907,"WPX Energy, Inc.",NYSE:WPX,Industrials,United States,3,-3%,14
20680,Williams Partners L.P.,NYSE:WPZ,Industrials,United States,2,1%,21
20852,WestRock Company,NYSE:WRK,Industrials,United States,16,-2%,21
17269,W&T Offshore Inc.,NYSE:WTI,Industrials,United States,40,2%,17
16927,The WhiteWave Foods Company,NYSE:WWAV,Industrials,United States,51,-4%,17
21806,United States Steel Corporation,NYSE:X,Industrials,United States,98,-5%,13
16932,"EXCO Resources, Inc.",NYSE:XCO,Industrials,United States,48,-4%,7
20897,Cimarex Energy Co.,NYSE:XEC,Industrials,United States,65,-7%,7
21414,Exxon Mobil Corporation,NYSE:XOM,Industrials,United States,67,-2%,8
20877,Intrexon Corporation,NYSE:XON,Industrials,United States,62,-4%,8
21635,Xerox Corporation,NYSE:XRX,Industrials,United States,5,6%,7
21419,"Yum! Brands, Inc.",NYSE:YUM,Industrials,United States,14,5%,25
16947,"Zimmer Biomet Holdings, Inc.",NYSE:ZBH,Industrials,United States,85,-5%,11
16271,"International Isotopes, Inc.",OTCBB:INIS,Industrials,United States,80,-4%,13
21627,"Acorn Energy, Inc.",OTCPK:ACFN,Industrials,United States,4,-2%,22
22413,"Accretive Health, Inc.",OTCPK:ACHI,Industrials,United States,91,2%,6
22118,Authentidate Holding Corp.,OTCPK:ADAT,Industrials,United States,2,-2%,17
17176,"Applied Energetics, Inc.",OTCPK:AERG,Industrials,United States,95,4%,16
16252,"AeroGrow International, Inc.",OTCPK:AERO,Industrials,United States,59,1%,8
21646,"Advanced Environmental Recycling Technologies, Inc.",OTCPK:AERT,Industrials,United States,25,-1%,21
21801,"Apollo Medical Holdings, Inc.",OTCPK:AMEH,Industrials,United States,92,-7%,24
20732,Breitburn Energy Partners LP,OTCPK:BBEP.Q,Industrials,United States,36,7%,14
17062,Birner Dental Management Services Inc.,OTCPK:BDMS,Industrials,United States,69,-1%,22
17090,Barfresh Food Group Inc,OTCPK:BRFH,Industrials,United States,16,-1%,13
21475,Butler National Corporation,OTCPK:BUKS,Industrials,United States,60,0%,10
17075,"C&J Energy Services, Ltd.",OTCPK:CJES.Q,Industrials,United States,61,0%,9
17061,"Cengage Learning Holdings II, Inc.",OTCPK:CNGO,Industrials,United States,75,-1%,16
16276,"Conrad Industries, Inc.",OTCPK:CNRD,Industrials,United States,46,-7%,11
17096,"CareView Communications, Inc.",OTCPK:CRVW,Industrials,United States,19,-2%,25
17067,"CV Sciences, Inc.",OTCPK:CVSI,Industrials,United States,1,3%,16
21807,The Dewey Electronics Corporation,OTCPK:DEWY,Industrials,United States,64,4%,7
17057,Findex.com Inc.,OTCPK:FIND,Industrials,United States,27,-3%,11
17598,"Freeze Tag, Inc.",OTCPK:FRZT,Industrials,United States,6,7%,7
16322,"Green Earth Technologies, Inc.",OTCPK:GETG,Industrials,United States,39,-2%,16
17091,Global Power Equipment Group Inc.,OTCPK:GLPW,Industrials,United States,33,2%,19
21508,"American Caresource Holdings, Inc.",OTCPK:GNOW,Industrials,United States,7,-6%,6
20830,The Guitammer Company,OTCPK:GTMM,Industrials,United States,37,5%,10
17092,"Hampshire Group, Limited",OTCPK:HAMP,Industrials,United States,3,-3%,22
16228,"Hercules Offshore, Inc.",OTCPK:HERO.Q,Industrials,United States,87,7%,16
20622,Hickok Incorporated,OTCPK:HICK.A,Industrials,United States,9,-5%,10
22412,Ironclad Performance Wear Corporation,OTCPK:ICPW,Industrials,United States,70,4%,13
17128,"Fuel Performance Solutions, Inc.",OTCPK:IFUE,Industrials,United States,83,7%,20
5068,"Interleukin Genetics, Inc.",OTCPK:ILIU,Information Technology,United States,39,-6%,12
4403,"Integrated Biopharma, Inc.",OTCPK:INBP,Information Technology,United States,94,2%,20
5278,"Inrad Optics, Inc.",OTCPK:INRD,Information Technology,United States,17,7%,23
4521,Intrusion Inc.,OTCPK:INTZ,Information Technology,United States,64,2%,23
5753,"Innovative Designs, Inc.",OTCPK:IVDN,Information Technology,United States,19,-1%,23
4586,"Innovative Food Holdings, Inc.",OTCPK:IVFH,Information Technology,United States,43,5%,21
4976,Key Energy Services Inc.,OTCPK:KEGX.Q,Information Technology,United States,88,-3%,7
5997,"Kid Brands, Inc.",OTCPK:KIDB.Q,Information Technology,United States,17,0%,13
4791,Lime Energy Co.,OTCPK:LIME,Information Technology,United States,72,4%,16
5984,"Linn Energy, LLC",OTCPK:LINE.Q,Information Technology,United States,35,-7%,5
8628,"Lilis Energy, Inc.",OTCPK:LLEX,Information Technology,United States,3,-5%,12
5802,"Linn Co, LLC",OTCPK:LNCO.Q,Information Technology,United States,98,-1%,13
5944,Local Corporation,OTCPK:LOCM.Q,Information Technology,United States,14,-6%,19
16257,Lighting Science Group Corporation,OTCPK:LSCG,Information Technology,United States,43,6%,14
5309,LOUD Technologies Inc.,OTCPK:LTEC,Information Technology,United States,10,5%,18
5319,"Medical Marijuana, Inc.",OTCPK:MJNA,Information Technology,United States,32,6%,25
5066,"Mechanical Technology, Incorporated",OTCPK:MKTY,Information Technology,United States,38,-1%,22
5680,Muscle Pharm Corp.,OTCPK:MSLP,Information Technology,United States,17,8%,5
5178,"M2 nGage Group, Inc.",OTCPK:MTWO,Information Technology,United States,67,-3%,14
5454,Nanophase Technologies Corporation,OTCPK:NANX,Information Technology,United States,86,6%,23
5656,OurPet's Company,OTCPK:OPCO,Information Technology,United States,22,6%,21
5976,OptimizeRx Corporation,OTCPK:OPRX,Information Technology,United States,61,-8%,7
5339,"Optex Systems Holdings, Inc",OTCPK:OPXS,Information Technology,United States,47,1%,20
5823,"Precision Aerospace Components, Inc.",OTCPK:PAOS,Information Technology,United States,59,6%,13
5462,"Paradise, Inc.",OTCPK:PARF,Information Technology,United States,91,-1%,13
5900,Paybox Corp.,OTCPK:PBOX,Information Technology,United States,63,-3%,6
5578,"PCS Edventures!.com, Inc.",OTCPK:PCSV,Information Technology,United States,60,6%,6
5453,"Paragon Technologies, Inc.",OTCPK:PGNT,Information Technology,United States,80,-5%,24
5198,PostRock Energy Corporation,OTCPK:PSTR.Q,Information Technology,United States,78,-7%,5
5941,Point.360,OTCPK:PTSX,Information Technology,United States,98,3%,17
5003,"PURE Bioscience, Inc.",OTCPK:PURE,Information Technology,United States,97,0%,10
5532,Penn Virginia Corporation,OTCPK:PVAC,Information Technology,United States,99,1%,18
5742,Quantum Fuel Systems Technologies Worldwide Inc.,OTCPK:QTWW.Q,Information Technology,United States,1,8%,7
6871,Rhino Resource Partners LP,OTCPK:RHNO,Information Technology,United States,47,7%,13
5253,Republic Airways Holdings Inc.,OTCPK:RJET.Q,Information Technology,United States,18,-6%,19
7068,"George Risk Industries, Inc.",OTCPK:RSKI.A,Information Technology,United States,11,1%,20
6657,Reserve Petroleum Co.,OTCPK:RSRV,Information Technology,United States,43,-5%,14
5029,Scott's Liquid Gold Inc.,OTCPK:SLGD,Information Technology,United States,53,-8%,20
5800,"The Singing Machine Company, Inc.",OTCPK:SMDM,Information Technology,United States,46,-6%,15
20603,"Solitron Devices, Inc.",OTCPK:SODI,Information Technology,United States,62,6%,9
5649,"Speed Commerce, Inc.",OTCPK:SPDC,Information Technology,United States,42,-8%,21
7009,Spindletop Oil & Gas Co.,OTCPK:SPND,Information Technology,United States,34,5%,7
5794,"Stack-It Storage, Inc.",OTCPK:STAK,Information Technology,United States,81,-6%,12
5135,"STG Group, Inc.",OTCPK:STGG,Information Technology,United States,63,-4%,9
5755,"STR Holdings, Inc.",OTCPK:STRI,Information Technology,United States,51,-6%,22
8712,"Stereotaxis, Inc.",OTCPK:STXS,Information Technology,United States,94,-4%,16
5866,"SunEdison, Inc.",OTCPK:SUNE.Q,Information Technology,United States,25,-5%,18
5577,Swift Energy Company,OTCPK:SWTF,Information Technology,United States,99,2%,7
5464,Steel Excel Inc.,OTCPK:SXCL,Information Technology,United States,94,-8%,17
4873,Tofutti Brands Inc.,OTCPK:TOFB,Information Technology,United States,70,0%,8
16261,ULURU Inc.,OTCPK:ULUR,Information Technology,United States,19,-4%,9
5710,Vasomedical Inc.,OTCPK:VASO,Information Technology,United States,100,-8%,16
6010,Video Display Corporation,OTCPK:VIDE,Information Technology,United States,99,1%,16
16941,"Violin Memory, Inc.",OTCPK:VMEM.Q,Information Technology,United States,34,0%,17
5227,"Walter Energy, Inc.",OTCPK:WLTG.Q,Information Technology,United States,4,0%,21
4745,"Xtera Communications, Inc.",OTCPK:XCOM,Information Technology,United States,69,2%,15
4928,Cobra Electronics Corporation,PHLX:COBR,Information Technology,United States,98,-2%,18
4827,Battelle Memorial Institute,Private: Battitute,Information Technology,United States,33,-3%,22
5386," The Vanguard Group, Inc.",Private: The Vanup Inc.,Information Technology,United States,74,5%,20
5990,31 Incorporated,Private:31 Incorporporated,Information Technology,United States,53,2%,12
6309,3a Incorporated,Private:3a I Inc,Information Technology,United States,68,-7%,14
7002,"Aavid Thermalloy, LLC","Private:Aavid Thelloy, LLC",Information Technology,United States,7,-2%,19
5407,"Aba Industry, Inc.","Private:Aba Indury, Inc.",Information Technology,United States,94,-1%,10
4972,ABC Supply Holding Corp.,Private:abcsupplyCorp.,Information Technology,United States,32,-8%,17
16262,Access Business Group LLC,Private:Access Broup LLC,Information Technology,United States,58,-3%,7
5294,Ace Hardware Corporation,Private:Ace Hation,Information Technology,United States,41,8%,25
8701,"AD Skincare, Inc.",Private:AD Sk Inc.,Information Technology,United States,60,-6%,23
5152,"ADS Tactical, Inc.",Private:ADS T Inc.,Information Technology,United States,96,-7%,21
7026,"Advanced Green Innovations, LLC","Private:Advan, LLC",Information Technology,United States,99,6%,22
8439,Advance Wheel Corporation,Private:Advanation,Information Technology,United States,67,3%,23
4344,"AgaMatrix, Inc.","Private:AgaMatrixrix, Inc.",Information Technology,United States,69,-4%,9
5380,AGI Holding Corporation,Private:AGI Hation,Information Technology,United States,100,8%,14
16227,"Agility Fuel Systems, Inc.",Private:Agili Inc.,Information Technology,United States,88,-1%,9
5980,Agora Cyber Charter School,Private:Agora Cyber School,Information Technology,United States,76,4%,8
6087,Air Comm Corporation,Private:Air Cation,Information Technology,United States,67,3%,22
416,AJ Capital Partners,Private:AJ Capita Partners,Information Technology,United States,18,0%,15
6434,"Alabama Coal Cooperative, Inc ",Private:Alaba Inc ,Information Technology,United States,47,5%,14
5110,"Alliance Game Distributors,Inc.","Private:Allia,Inc.",Information Technology,United States,66,-6%,14
5619,"Allied Physicians ACO, LLC","Private:Allie, LLC",Information Technology,United States,53,0%,25
4980,"Alltech, Inc.",Private:Allnc.,Information Technology,United States,84,8%,11
6802,Alltrust Insurance Inc.,Private:Alltrust ance Inc.,Information Technology,United States,63,-6%,13
4652,"Alpha Natural Resources, Inc.","Private:Alpha Nes, Inc.",Information Technology,United States,2,-6%,12
5130,"Alphabet Holding Company, Inc.",Private:alphabet,Information Technology,United States,51,1%,16
16277,Altera Corporation,Private:alteracorption,Information Technology,United States,46,-6%,5
5759,Alticor Global Holdings Inc.,Private:Altic Inc.,Information Technology,United States,23,4%,12
5887,American Natural Soda Ash Corporation (ANSAC),Private:AmeAC),Information Technology,United States,39,-7%,14
7237,American Natural Soda Ash Corporation,Private:Ameriation,Information Technology,United States,73,-8%,25
6403,American Greetings Corporation,Private:americangreeting,Information Technology,United States,29,-4%,7
6233,"American Science & Engineering Inc. (a subsidiary of OSI Systems, Inc.)","Private:Americans, Inc.)",Information Technology,United States,80,0%,23
4518,"Anacor Pharmaceuticals, Inc. (a subsidiary of Pfizer Inc.)",Private:Anacor Per Inc.),Information Technology,United States,44,2%,8
6762,Anexio Data Centers LLC,Private:Anexio Danters LLC,Information Technology,United States,47,-5%,11
4937,"Anglo-Suisse Offshore Partners, LLC ",Private:Anglo LLC ,Information Technology,United States,32,5%,13
4529,Angstrom Technology Inc.,Private:Angstrom logy Inc.,Information Technology,United States,63,-6%,16
6065,"Angstrom-USA, LLC","Private:Angstrom--USA, LLC",Information Technology,United States,65,-3%,10
4703,Apex Holding Co.,Private:Apex g Co.,Information Technology,United States,22,0%,22
5963,API Technologies Corp.,Private:API Teces Corp.,Information Technology,United States,39,1%,6
5040,"Applied Computer Solutions, Inc.",Private:Applied c.,Information Technology,United States,50,5%,7
5205,"Arena Energy, LP","Private:Arenay, LP",Information Technology,United States,19,2%,18
7592,Argos Holdings Inc.,Private:Argos Inc.,Information Technology,United States,32,-8%,11
5421,Ascension Health,Private:Ascenealth,Information Technology,United States,97,8%,10
4602,"Atlas Resource Partners, L.P. (filed for bankruptcy)",Private:Atlas Rekruptcy),Information Technology,United States,80,-4%,17
6085,Atmel Corporation,Private:Atmel Cporation,Information Technology,United States,45,-8%,19
5396,Avaya Holdings Corp.,Private:AvayaCorp.,Information Technology,United States,96,4%,9
5706,"Bake One, Inc.","Private:Bake Onene, Inc.",Information Technology,United States,37,4%,18
7014,Baskin-Robbins LLC,Private:Baskibbins,Information Technology,United States,33,-6%,16
5559,"BCBSM, Inc.",Private:BCBSM Inc.,Information Technology,United States,39,1%,19
5337,"Benefit Administrative Systems, LLC","Private:Benef, LLC",Information Technology,United States,56,7%,13
5188,Bestmed LLC,Private:Bestmed Lstmed LLC,Information Technology,United States,62,1%,10
440,Biddle Sawyer Corporation,Private:Biddle Sporation,Information Technology,United States,61,4%,14
4986,Bioventus Inc.,Private:Bioventus Inc.,Information Technology,United States,23,4%,13
5844,Bloom Energy Corporation,Private:Bloom Enporation,Information Technology,United States,21,-7%,7
4488,Blue Cross and Blue Shield Association,Private:Blue ation,Information Technology,United States,78,4%,19
16775,"Blue Science, LLC","Private:Blue Scieence, LLC",Information Technology,United States,44,1%,14
7794,"BOPCO, L.P.","Private:BOPCO, L.P.",Information Technology,United States,70,6%,16
5006,Breeze-Eastern Corporation,Private:breezecorp,Information Technology,United States,87,6%,10
4692,"Bright Market, LLC (FastSpring)",Private:Brighring,Information Technology,United States,2,3%,13
4905,Broadcom Corporation,Private:Broadcom rporation,Information Technology,United States,60,-6%,11
5558,"Byram Healthcare Centers, Inc.",Private:Byram Inc.,Information Technology,United States,51,2%,12
5655,C & M Company Limited,Private:C & M Comy Limited,Information Technology,United States,31,-1%,13
5537,"Capitol Petroleum Group, LLC","Private:Capit, LLC",Information Technology,United States,40,8%,9
5077,Carahsoft Technology Corp,Private:Carah Corp,Information Technology,United States,2,0%,25
8541,"CARDONE Industries, Inc.",Private:CARDO Inc.,Information Technology,United States,31,-1%,16
417,"Carespring Healthcare Management, LLC","Private:Cares, LLC",Information Technology,United States,74,-7%,10
7101,"Cargill, Incorporated",Private:Cargirated,Information Technology,United States,63,6%,24
5444,"CareFirst, Inc",Private:CarInc,Information Technology,United States,5,3%,19
5622,Castleton Commodities International LLC,Private:Castll LLC,Information Technology,United States,53,-7%,24
4801,"Catapult Learning, LLC","Private:Catapulting, LLC",Information Technology,United States,92,-2%,15
5908,"CCF Brands, Inc.",Private:CCF B Inc.,Information Technology,United States,88,-2%,7
7512,"CCS Medical Holdings, Inc.",Private:CCS M Inc.,Information Technology,United States,48,5%,9
5648,"Centaur, Inc.",Private:Centa Inc.,Information Technology,United States,27,6%,12
4964,Center Oil Company,Private:Centempany,Information Technology,United States,33,4%,14
4731,Centers for Medicare & Medicaid Services,Private:Centevices,Information Technology,United States,92,4%,18
8782,"CH2M HILL Companies, Ltd.",Private:CH2M  Ltd.,Information Technology,United States,20,-1%,11
5415,"Chestnut Petroleum Distributors, Inc.",Private:Chest Inc.,Information Technology,United States,78,-3%,19
5058,Cheyenne Petroleum Corporation,Private:Cheyeation,Information Technology,United States,92,4%,19
6296,"CHS, Inc.","Private:CHS,  Inc.",Information Technology,United States,29,-1%,19
5259,Clearwater Enterprises,Private:Clearrises,Information Technology,United States,68,1%,25
6077,"CNK Promotions, LLC","Private:CNK Promoions, LLC",Information Technology,United States,33,7%,23
5983,Colstrip Energy L.P.,Private:Colstrip ergy L.P.,Information Technology,United States,78,6%,12
4352,"Compañía Española de Petróleos, S.A.U.",Private:Compa.A.U.,Information Technology,United States,7,3%,24
477,Concord Energy Inc.,Private:Conco Inc.,Information Technology,United States,95,1%,10
5011,Consumers' Co-operative Federation of Green Co-op Union,Private:Conion,Information Technology,United States,11,5%,23
16230,"Consolidated Electrical Distributors, Inc.",Private:Conso Inc.,Information Technology,United States,71,0%,7
5123,Container Maintenance Corporation,Private:Containerrporation,Information Technology,United States,59,0%,12
5504,Continuum Energy,Private:Continergy,Information Technology,United States,95,-5%,22
16241, CommScope Incorporated,Private:Coted,Information Technology,United States,33,0%,22
4947,Countrymark Cooperative Holding Corp.,Private:CountCorp.,Information Technology,United States,57,-5%,6
6962,Cox Enterprises,Private:Cox Erises,Information Technology,United States,37,-3%,7
4504,"CPV Sentinel, LLC","Private:CPV S, LLC",Information Technology,United States,22,-1%,15
7791,"Critchfield Pacific, Inc.",Private:CritInc.,Information Technology,United States,35,0%,24
4975,"CV Industries, Inc.","Private:CV Industies, Inc.",Information Technology,United States,38,-8%,10
7406,Davidson's Inc.,Private:David Inc.,Information Technology,United States,35,1%,16
5128,Deloitte Touche Tohmatsu,Private:Deloimatsu,Information Technology,United States,68,-5%,21
6081,"Devlar Energy Marketing, Llc","Private:Devla, Llc",Information Technology,United States,90,5%,11
6035,"Diamond Foods, Inc.","Private:Diamondds, Inc.",Information Technology,United States,82,7%,15
5594,Digi-Key Corporation,Private:Digi-Keyion,Information Technology,United States,15,-1%,12
4814,Dignity Health,Private:Digniealth,Information Technology,United States,60,7%,5
5195,"Direct ChassisLink, Inc.","Private:Direct Chink, Inc.",Information Technology,United States,83,8%,24
5562,Do it Best Corp.,Private:Doitcorp,Information Technology,United States,75,-8%,13
4479,"DreamWorks Animation SKG Inc. (a subsidiary of NBCUniversal Media, LLC)","Private:DreamWoria, LLC)",Information Technology,United States,87,4%,9
5647,Dropbox Inc.,Private:Dropb Inc.,Information Technology,United States,81,6%,6
16633,E Money Inc,Private:E Money IMoney Inc,Information Technology,United States,90,5%,11
6764,"Earl W. Colvard, Inc.","Private:Earl W. Card, Inc.",Information Technology,United States,37,-8%,5
6862,"East Texas Electric Cooperative, Inc","Private:East , Inc",Information Technology,United States,10,0%,23
5685,Eastex Crude Company,Private:Eastempany,Information Technology,United States,40,-2%,13
5224,"East Penn Manufacturing Co., Inc.",Private:Eastinpenn,Information Technology,United States,51,5%,20
6993,"Econolite Group, Inc.",Private:Econo Inc.,Information Technology,United States,49,-5%,6
5894,"E-Finity Distributed Generation, LLC","Private:E-Fin, LLC",Information Technology,United States,70,2%,19
5498,El Camino Hospital,Private:El Capital,Information Technology,United States,96,-2%,24
5766,Electric Vehicles International LLC,Private:Electl LLC,Information Technology,United States,85,-4%,5
7277,Elevation Resources LLC,Private:ElevatioLLC,Information Technology,United States,67,-4%,13
6072,"Elizabeth Arden, Inc. (a subsidiary of Revlon, Inc.)","Private:Elizabetn, Inc.)",Information Technology,United States,93,-3%,7
5182,"Ellett Brothers, LLC","Private:Ellet, LLC",Information Technology,United States,14,2%,24
6386,"Ellison Technologies, Inc.",Private:Ellnc.,Information Technology,United States,48,7%,10
5945,"Emmaus Medical, Inc.","Private:Emmaus Mal, Inc.",Information Technology,United States,22,-8%,24
4461,Emory University,Private:Emoryrsity,Information Technology,United States,89,-7%,21
414,Energy Resources Technology Inc ,Private:Ener LLC,Information Technology,United States,15,6%,14
5688,"EnergySolutions, Inc.",Private:Energ Inc.,Information Technology,United States,15,0%,23
5354,"EnerVest, Ltd.",Private:EnerV Ltd.,Information Technology,United States,68,-8%,18
7055,Enterprise Vision Technology,Private:Enterprisechnology,Information Technology,United States,70,-5%,24
4971,"Ernest Health, Inc.",Private:Ernes Inc.,Information Technology,United States,2,-1%,17
7291,ETC Field Services LLC ,Private:ETCces LLC ,Information Technology,United States,29,-4%,16
8698,Exclusive Networks SAS,Private:Exclus SAS,Information Technology,United States,56,8%,15
6596,Exela Holdings Inc.,Private:Exela Inc.,Information Technology,United States,84,4%,10
7457,"Exotech Bio, Inc.",Private:Exote Inc.,Information Technology,United States,63,6%,19
6466,"Faraday Technology, Inc.","Private:Faraday gy, Inc.",Information Technology,United States,32,8%,9
6333,Fenwal Blood Technologies,Private:Fenwaogies,Information Technology,United States,78,8%,11
7595,Fidelity Investments,Private:Fidelments,Information Technology,United States,96,-3%,17
5480,Fieldwood Energy LLC,Private:Fieldy LLC,Information Technology,United States,8,2%,14
16258,Fine International Corporation,Private:Fine Interporation,Information Technology,United States,31,8%,22
5107,"Fisher & Company, Inc.",Private:Fishe Inc.,Information Technology,United States,86,-4%,19
4527,Fleece Corner,Private:Fleece Coce Corner,Information Technology,United States,68,6%,18
7166,"Flexi-Van Leasing, Inc.","Private:Flexi-Vaning, Inc.",Information Technology,United States,85,-3%,10
5966,Flight Safety Equipment LP,Private:Flight Saipment LP,Information Technology,United States,18,-1%,13
6033,Flint Group,Private:Flint Groint Group,Information Technology,United States,10,-8%,11
4528,"Florida Orange Marketers, Inc.","Private:Florida Oers, Inc.",Information Technology,United States,88,2%,25
8472,Fort Schuyler Management Corporation,Private:Fort Schurporation,Information Technology,United States,26,4%,10
5139,"FreedomRoads, LLC,","Private:Freed LLC,",Information Technology,United States,13,5%,17
4862,"Freepoint Commodities, LLC","Private:Freep, LLC",Information Technology,United States,46,-3%,23
8585,Fresco Logic Inc.,Private:Fresco Loogic Inc.,Information Technology,United States,83,5%,22
5019,"Fujirebio Diagnostics, Inc.",Private:Fujnc.,Information Technology,United States,0,-3%,8
8672,"Fundamental Long Term Care Holdings, LLC","Private:Funda, LLC",Information Technology,United States,79,7%,17
5697,"FX Energy, Inc.",Private:fxenergy,Information Technology,United States,75,-6%,11
4634,Genopaver,"Private:Genop, LLC",Information Technology,United States,65,-6%,22
5898,"Global Wedge, Inc","Private:Globa, Inc",Information Technology,United States,99,-4%,18
5213,GLOBALFOUNDRIES Inc.,Private:GLOBA. Inc,Information Technology,United States,19,8%,19
4908,"Global Systems Technologies, Inc.","Private:Global Ses, Inc.",Information Technology,United States,2,-4%,6
5202,Great Lakes Power Companies,Private:Greatanies,Information Technology,United States,99,-2%,15
7413,Great Lakes Higher Education Guaranty Corporation,Private:Greion,Information Technology,United States,97,-5%,15
5689,"GROWMARK, Inc.","Private:GRORK, Inc.",Information Technology,United States,55,-8%,24
5220,H & M Transportation Inc,Private:H & M Traation Inc,Information Technology,United States,23,-3%,24
5525,H. Lee Moffitt Cancer Center & Research Institute,Private:H. Lee MoInstitute,Information Technology,United States,12,5%,8
8760,H.E. Butt Grocery Company,Private:H.E. mpany,Information Technology,United States,68,8%,22
5911,HCSC Group,Private:HCSC Group,Information Technology,United States,80,4%,17
7368,"Health Net, Inc.","Private:Health et, Inc.",Information Technology,United States,10,-4%,25
4417,"HealthMarkets, Inc.",Private:Healthmarket,Information Technology,United States,77,7%,16
5834,"HealthSmart Holdings, Inc.",Private:Healtsmart,Information Technology,United States,17,-6%,7
397,"HEB Grocery Company, LP","Private:HEB Gy, LP",Information Technology,United States,81,-6%,25
5273,"Helmet House, Inc.","Private:Helmet Hse, Inc.",Information Technology,United States,38,2%,6
4597,"Hermance And Strouse, Inc.","Private:Hermance use, Inc.",Information Technology,United States,56,-5%,10
4600,"Hilite Industries, Inc.","Private:Hilite Inies, Inc.",Information Technology,United States,25,1%,23
4648,Hirosawa Automotive Trim USA Co.,Private:Hirosawa m USA Co.,Information Technology,United States,55,2%,11
8709,"HornerXpress-South Florida, Inc.",Private:Horne Inc.,Information Technology,United States,20,6%,20
6019,"Howard Midstream Energy Partners, LLC","Private:Howar, LLC",Information Technology,United States,1,-5%,7
7493,H-Square Corporation,Private:H-Square rporation,Information Technology,United States,46,2%,5
4797,"Hutchinson Technology Inc. (a subsidiary of Headway Technologies, Inc.)","Private:Hutchinss, Inc.)",Information Technology,United States,40,-8%,16
5942,HwaSeung Networks America Corp,Private:HwaSeung rica Corp,Information Technology,United States,33,4%,14
6605,IASIS Healthcare Corporation,Private:IASISation,Information Technology,United States,45,8%,8
6517,"II-VI OptoElectronic Devices, Inc. (formerly known as ANADIGICS, Inc.)","Private:IGICS, Inc.)",Information Technology,United States,100,2%,23
5251,Illumitex Inc.,Private:Illumitexitex Inc.,Information Technology,United States,53,7%,17
5903,"iMarket Asia Co., Ltd.","Private:iMarket ACo., Ltd.",Information Technology,United States,52,8%,24
4587,"Inception Parent, Inc.","Private:Inceptint, Inc.",Information Technology,United States,35,1%,25
5283,Industry Products Company,Private:Industry Company,Information Technology,United States,49,7%,8
407,Infac North America Inc,Private:Infac Norica Inc,Information Technology,United States,15,5%,21
6731,Infoblox Inc. (taken private),Private:Infobloxprivate),Information Technology,United States,55,8%,11
5927,"Innovacyn, Inc","Private:Innov, Inc",Information Technology,United States,82,4%,15
5478,"INT, Inc.","Private:INT, Inc.INT, Inc.",Information Technology,United States,3,3%,6
4588,Intercon Chemical Company ,Private:Interpany,Information Technology,United States,57,-4%,20
4786,Interconn Resources LLC,Private:Inters LLC,Information Technology,United States,31,-4%,24
5270,"ITS Technologies & Logistics, LLC","Private:ITS Techntics, LLC",Information Technology,United States,66,-2%,25
4445,"Jamex Marketing, LLC","Private:Jamex Marting, LLC",Information Technology,United States,65,0%,6
5367,"Jamex, LLC","Private:Jamex, LLC",Information Technology,United States,20,-7%,11
5978,Jarden Corp.,Private:Jarden Corp.,Information Technology,United States,55,3%,18
5280,Jenne Inc.,Private:Jennc.,Information Technology,United States,43,-3%,9
7189,"JH Industry, Inc.","Private:JH Industtry, Inc.",Information Technology,United States,98,7%,9
8275,"Johanson Technology, Inc.","Private:Johansongy, Inc.",Information Technology,United States,91,-6%,16
458,JP Energy Development LP,Private:JP Et LP,Information Technology,United States,5,-5%,12
4962,"Juniper Communities, LLC","Private:Junip, LLC",Information Technology,United States,82,-5%,6
5958,"K&S Wire Products, Inc.","Private:K&S Wire cts, Inc.",Information Technology,United States,55,-5%,10
4484,Kaiser Foundation Health Plan Inc. ,Private:KaiseInc. ,Information Technology,United States,35,3%,22
8764,"kaleo, Inc.",Private:kaleoustry,Information Technology,United States,99,5%,17
16289,Karma Automotive,Private:Karmaotive,Information Technology,United States,99,7%,13
5358,"Kateeva, Inc.","Private:Kateeva, eva, Inc.",Information Technology,United States,76,5%,8
6727,"Keurig Green Mountain, Inc.","Private:Keurig in, Inc.",Information Technology,United States,71,7%,5
5505,Kingston Technology Corporation,Private:Kingsation,Information Technology,United States,77,3%,16
5247,Kitagawa-Northtech Inc.,Private:Kitag Inc.,Information Technology,United States,57,-8%,10
7656,"KMRC RH, LLC","Private:KMRC , LLC",Information Technology,United States,42,-3%,17
363,"Koch Industries, Inc.",Private:Koch  Inc.,Information Technology,United States,79,-6%,18
12749,"Kohler Co., Inc.",Private:Kohlempany,Information Technology,United States,65,2%,13
4399,KW Systems & Recycling Inc,Private:KW Systemcling Inc,Information Technology,United States,55,7%,20
8432,"La Mesa RV Center, Inc.",Private:La Me Inc.,Information Technology,United States,12,8%,20
5149,"Laminate Technologies, Inc.","Private:Laminate ies, Inc.",Information Technology,United States,75,4%,8
5489,Land O Lakes Inc.,Private:Land O kes Inc.,Information Technology,United States,25,4%,10
4567,Land O Lakes Inc.,Private:Land O kes Inc.,Information Technology,United States,62,5%,10
8570,"Laramie Energy II, LLC","Private:Laram, LLC",Information Technology,United States,85,-3%,9
5085,LeapFrog Enterprises Inc.,Private:LeapFroses Inc.,Information Technology,United States,39,4%,12
5004,Levi Strauss & Co.,Private:Levi Strauss & Co.,Information Technology,United States,47,-8%,5
6071,Life Extension Foundation Inc,Private:Life Exttion Inc,Information Technology,United States,78,3%,6
7569,"Lighthouse Media, Inc","Private:Lighthousedia, Inc",Information Technology,United States,6,7%,22
6461,Light Company,Private:Lightmpany,Information Technology,United States,23,4%,8
4685,Lil’ Drug Store,Private:Lilore,Information Technology,United States,31,-5%,11
5646,Linder Oil Company Inc.,Private:Linde Inc.,Information Technology,United States,65,4%,22
4729,Lion Technology Inc.,Private:Lion Techlogy Inc.,Information Technology,United States,64,8%,13
5177,"LIPSEY'S, LLC.",Private:LIPSE LLC.,Information Technology,United States,0,-2%,13
7217,"Liquid Biotech USA, Inc.","Private:Liquid BiUSA, Inc.",Information Technology,United States,79,-7%,12
7479,Los Angeles County Metropolitan Transportation Authority,Private:Los AngelAuthority,Information Technology,United States,73,4%,10
8503,Lotte International America Corp.,Private:Lotte Intica Corp.,Information Technology,United States,86,0%,7
7004,Louis Dreyfus Commodities LLC.,Private:Lou.V.,Information Technology,United States,82,-7%,15
4774,LPC Crude Oil,Private:LPC Ce Oil,Information Technology,United States,58,-3%,19
388,Luff Exploration Company ,Private:Lufny ,Information Technology,United States,1,-1%,13
17083,Lumbermen’s Merchandising Corporation,Private:Lumbeation,Information Technology,United States,47,7%,20
7521,"LV East Gibson, LLC","Private:LV Ea, LLC",Information Technology,United States,14,0%,24
487,"M.Block & Sons, Inc.",Private:M.Blo Inc.,Information Technology,United States,11,-2%,8
7751,Mansfield Energy Corp,Private:Mansf Corp,Information Technology,United States,84,6%,12
4502,"Matrix Network, Inc.","Private:Matrix Neork, Inc.",Information Technology,United States,33,-5%,21
6038,Mattson Technology Inc. (taken private),Private:Mattson private),Information Technology,United States,88,-6%,16
5330,"McLane Company, Inc",Private:McLInc,Information Technology,United States,62,-2%,25
4505,MedAssets Inc,Private:MedAss Inc,Information Technology,United States,44,-7%,21
5662,"Medivation, Inc. (a subsidiary of Pfizer Inc.)",Private:Medivatier Inc.),Information Technology,United States,48,-4%,23
5170,"Medline Industries, Inc.",Private:Medli Inc.,Information Technology,United States,85,-3%,23
5194,Megazone Corporation,Private:Megazonoration,Information Technology,United States,94,1%,8
8504,"Menard, Inc.","Private:Menard, Iard, Inc.",Information Technology,United States,74,8%,12
4754,Meritor Wabco Vehicle Control Systems,Private:Meritstems,Information Technology,United States,100,-4%,19
7094,Midcon Gathering LLC,Private:MidLLC,Information Technology,United States,97,1%,19
6969,Miles & Stockbridge P.C.,Private:Miles & Sidge P.C.,Information Technology,United States,99,-7%,24
6370,"MineCore International, Inc.","Private:MineCore nal, Inc.",Information Technology,United States,80,-1%,12
5586,"Minnetronix, Inc. ",Private:Minnetro.,Information Technology,United States,34,-4%,11
1983,"Monarch Investments Holdings, LLC","Private:Monarch , LLC",Information Technology,United States,72,-1%,22
4973,MTD Holdings Inc.,Private:MTD H Inc.,Information Technology,United States,46,-8%,13
5141,Muharraq Holding Company 1 Limited,Private:Muharraq 1 Limited,Information Technology,United States,18,-8%,25
5242,"Multi-Fineline Electronix, Inc. (a subsidiary of Suzhou Dongshan Precision Manufacturing Co.,Ltd.)","Private:Multi-Fio.,Ltd.)",Information Technology,United States,69,2%,7
5260,MV Partners LLC,Private:MV Pas LLC,Information Technology,United States,64,2%,18
5314,Namecheap Inc.,Private:Namecheanc.,Information Technology,United States,16,-4%,17
5388,NASCAR,Private:NASCAASCAR,Information Technology,United States,98,-7%,6
5553,National Distribution & Contracting Inc.,Private:Natio Inc.,Information Technology,United States,41,0%,15
5638,"National Hockey League, L.P.",Private:Natio L.P.,Information Technology,United States,3,-6%,8
5640,"National Association for Stock Car Auto Racing, Inc","Private:Natio, Inc",Information Technology,United States,78,3%,5
5642,National Multiple Sclerosis Society,Private:Natiociety,Information Technology,United States,13,0%,6
5758,National Petroleum Corp,Private:National leum Corp,Information Technology,United States,17,4%,25
5817,"NeoImmuneTech, Inc","Private:NeoImmuneTech, Inc",Information Technology,United States,81,1%,18
5843,Net Data Centers,Private:Net Dnters,Information Technology,United States,69,-2%,6
5858,New Gulf Resources,Private:New Gurces,Information Technology,United States,51,-2%,9
5943,New Jersey Department Of Transportation,Private:New Jerseportation,Information Technology,United States,45,-8%,24
5953,Nickless Schirmer,Private:Nicmer,Information Technology,United States,51,-5%,14
6047,"Nol-Tec Systems, Inc.","Private:Nol-Tec Sems, Inc.",Information Technology,United States,30,-4%,19
6326,Nooma Networks Inc,Private:Nooma Networks Inc,Information Technology,United States,7,-1%,20
6347,North Carolina Mutual Wholesale Drug Company,Private:Norany,Information Technology,United States,76,-3%,18
6348,"Norfolk Southern Railway Co.,",Private:Norfolk S Railroad,Information Technology,United States,18,5%,21
6354,Nova/Tcb Usa Inc.,Private:Nova/Tcb  Usa Inc.,Information Technology,United States,49,-2%,20
6581,"NSA International, Inc","Private:NSA I, Inc",Information Technology,United States,98,7%,9
6585,Ohio Virtual Academy,Private:Ohio ademy,Information Technology,United States,3,-1%,10
6687,Ohio Coatings Company,Private:Ohio Coa Company,Information Technology,United States,49,4%,5
15752,"OmniVision Technologies, Inc.",Private:ommitech,Information Technology,United States,40,2%,19
6960,Omnis Health LLC,Private:Omnis Health LLC,Information Technology,United States,30,-3%,13
7036,"Oncor, Inc.",Private:Oncnc.,Information Technology,United States,43,-8%,12
7250,ONE Aviation Corporation,Private:ONE Aation,Information Technology,United States,42,-2%,14
7645,One Citizens Plaza Holdings LLC,Private:One Cs LLC,Information Technology,United States,27,-6%,15
7889,"Orgill, Inc.",Private:Orgil Inc.,Information Technology,United States,33,-8%,15
17214,"ORR Corporation, Inc.",Private:ORR C Inc.,Information Technology,United States,59,-7%,10
21578, Otter Products LLC,Private:OtLLC,Information Technology,United States,0,8%,25
17575,Outerwall Inc. (taken private),Private:Outerwalprivate),Information Technology,United States,48,8%,18
16796,"OvaXon, LLC","Private:OvaXon, LaXon, LLC",Information Technology,United States,55,-4%,12
16672,"Owens Communications, Inc.",Private:Owens Inc.,Information Technology,United States,21,2%,19
16822,Oxford Health Plan,Private:Oxflan,Information Technology,United States,71,-6%,16
16783,Port Blakely Companies.,Private:Paces.,Information Technology,United States,77,6%,21
17606,Pactron,Private:PactronPactron,Information Technology,United States,12,-4%,24
16698,Panda Liberty LLC,Private:Panda Ly LLC,Information Technology,United States,90,6%,8
16818,"Panjit Americas, Inc.","Private:Panjit Amcas, Inc.",Information Technology,United States,38,-2%,17
22305,Panther Energy Company,Private:Panthmpany,Information Technology,United States,27,-5%,24
16123,"Paris Baguette America, Inc.","Private:Paris Bagica, Inc.",Information Technology,United States,41,7%,6
21841,Pastoria Energy Facility L.L.C,Private:Pasto.L.C.,Information Technology,United States,56,7%,10
16788,Permian Transport & Trading,Private:Permiading,Information Technology,United States,49,5%,23
20811,Persea Bio,"Private:Perse, LLC",Information Technology,United States,36,-7%,7
16306,"Petco Holdings, Inc.",Private:Petco Inc.,Information Technology,United States,91,1%,17
17747,"Pha Body Systems, Llc","Private:Pha Body tems, Llc",Information Technology,United States,78,-3%,10
20649,"PharmatrophiX, Inc.","Private:PharmatriX, Inc.",Information Technology,United States,0,-8%,21
16971,Phase Electric Inc.,Private:Phase Eletric Inc.,Information Technology,United States,15,8%,5
17578,Pilot Corporation,Private:Pilotation,Information Technology,United States,26,-8%,23
16928,PKG Group LLC,Private:PKG GroupGroup LLC,Information Technology,United States,30,6%,7
17008,"Plastatech Engineering, Ltd.",Private:Plast Ltd.,Information Technology,United States,51,-6%,24
21451,"Platinum Underwriters Finance, Inc. ",Private:platinumun,Information Technology,United States,1,6%,11
21518,PMC-Sierra Inc.,Private:pmcsierra,Information Technology,United States,88,8%,7
17052,"Polycom, Inc. (taken private)","Private:Polycom,private)",Information Technology,United States,47,-3%,14
17051,POSCO Mexico Processing Center Holding LLC,Private:POSCO Mexlding LLC,Information Technology,United States,71,0%,19
17197,Precision Castparts Corp.,Private:precsiscas,Information Technology,United States,48,3%,15
17109,"Preferred Care, Inc","Private:Prefe, Inc",Information Technology,United States,70,8%,18
20539,"Pride Of The Hills Manufacturing, Inc.",Private:Pride Inc.,Information Technology,United States,71,-2%,22
16332,"Prime A Investments, LLC","Private:Prime, LLC",Information Technology,United States,14,7%,10
17122,Primexx Energy Corporation,Private:Primeustry,Information Technology,United States,98,3%,24
21842,"Prodigy Diabetes Care, LLC","Private:Prodigy are, LLC",Information Technology,United States,39,1%,24
17562,Protein Sciences Corporation,Private:Protein poration,Information Technology,United States,72,1%,23
17112,Pruet Production Co.,Private:Pruetn Co.,Information Technology,United States,95,2%,8
17105,"Publix Super Markets, Inc.",Private:Pubnc.,Information Technology,United States,91,5%,21
479,Puerto Rico Commonwealth,Private:Puerto Rimonwealth,Materials,United States,52,-4%,8
7257,"QLogic Corp. (a subsidiary of Cavium, Inc.)","Private:QLogic Cm, Inc.)",Materials,United States,80,2%,13
6491,Quintana Energy Services LP,Private:Quintes LP,Materials,United States,87,-2%,19
6944,R&S Northeast LLC,Private:R&S Northheast LLC,Materials,United States,78,4%,7
7622,RAAM Global Energy Company,Private:RAAM mpany,Materials,United States,26,8%,13
5146,RaceTrac Petroleum Inc.,Private:RaceT Inc.,Materials,United States,14,0%,9
7619,"RadQual, LLC","Private:RadQu, LLC",Materials,United States,61,-3%,25
7329,"Raycom Media, Inc.",Private:Raync.,Materials,United States,77,7%,9
4469,"RCC Holdings Corp.,","Private:RCC Horp.,",Materials,United States,46,-8%,12
7064,"Recreational Equipment, Inc. (REI)",Private:Recre(REI),Materials,United States,44,0%,9
6424,"Redland Resources, Inc.",Private:Rednc.,Materials,United States,93,-3%,23
7407,Reed & Reed Inc. ,Private:Reed ustry,Materials,United States,43,2%,25
376,"Relieve Genetics, Inc.",Private:Relie Inc.,Materials,United States,97,5%,21
7747,"Rentech Nitrogen Partners, L.P.",Private:Rente L.P.,Materials,United States,23,4%,6
6583,"Republic National Distributing Company, LLC","Private:Repub, LLC",Materials,United States,70,-8%,22
5820,Republic Metals Corporation,Private:Republicporation,Materials,United States,12,2%,21
16283,Revo America Inc.,Private:Revo Amerrica Inc.,Materials,United States,43,-2%,22
6345,Richmond Homes of Nevada,Private:Richmevada,Materials,United States,80,7%,22
6530,"Rochester Drug Cooperative, Inc.",Private:Rochestec.,Materials,United States,44,1%,10
7625,Rockefeller University,Private:Rocity,Materials,United States,54,-2%,11
7626,Triad Retail Media,Private:Rockbquity,Materials,United States,0,-1%,17
6210,"Rose Rock Midstream, L.P. (acquired by SemGroup)",Private:Rose RocemGroup),Materials,United States,28,1%,19
5522,"S & I Ophthalmic, LLC","Private:S & I, LLC",Materials,United States,92,0%,7
6330,"S. C. Johnson & Son, Inc.","Private:S. C. JohSon, Inc.",Materials,United States,88,-3%,5
6421,"Sagent Pharmaceuticals, Inc. (a subsidiary of Nichi-Iko Pharmaceutical Co., Ltd.)","Private:Sagent P., Ltd.)",Materials,United States,30,8%,24
5895,"Samwha U.S.A., Inc.","Private:Samwha U..A., Inc.",Materials,United States,79,-4%,16
7718,"SanDisk Corp. (a subsidiary of Western Digital Technologies, Inc.)","Private:SanDisk s, Inc.)",Materials,United States,26,-2%,6
7516,SDI International Corp. ,Private:SDI rp. ,Materials,United States,77,-7%,19
7783,SeaCube Container Leasing Ltd.,Private:SeaCube Csing Ltd.,Materials,United States,11,-3%,15
6269,"Seaside Transportation Services, LLC","Private:Seaside Tices, LLC",Materials,United States,53,-1%,16
4579,"Seb Group, Inc.","Private:Seb Groupoup, Inc.",Materials,United States,61,5%,24
5142,"Senior Care Centers, LLC","Private:Senio, LLC",Materials,United States,52,6%,6
7501,Senior Lifestyle Corporation,Private:Senioation,Materials,United States,57,6%,9
6381,Sentinel Capital Partners LLC,Private:Sentis LLC,Materials,United States,15,-4%,16
7562,Seohan-NTN Driveshaft USA Corp,Private:Seohan-NT USA Corp,Materials,United States,55,-4%,12
6535,Serta Simmons Bedding LLC,Private:Sertag LLC,Materials,United States,17,-2%,15
7772,"ServerCentral, Inc.",Private:Serve Inc.,Materials,United States,3,7%,21
7083,"Sewart Supply, Inc","Private:Sewar, Inc",Materials,United States,89,2%,12
7087,SHI International Corp.,Private:SHI ICorp.,Materials,United States,55,3%,9
4896,Shrieve Chemical Company,Private:Shriempany,Materials,United States,4,-2%,15
7660,Sierra Nevada Corporation,Private:Sierra Nerporation,Materials,United States,11,-7%,24
6783,Silicon Graphics International Corp. (a subsidiary of Hewlett Packard Enterprise Company),Private:Silicon Company),Materials,United States,1,1%,16
5486,Sinclair Oil Corporation,Private:Sinclation,Materials,United States,83,-6%,11
6009,"Singh Semiconductors And Systems, Inc.",Private:Singh Inc.,Materials,United States,65,-7%,16
394,Sirona Dental Systems Inc.,Private:Sirona ems Inc.,Materials,United States,94,7%,16
6669,Sistemas Corporation,Private:Sismas,Materials,United States,34,0%,21
7841,Skyline Healthcare LLC,Private:Skylie LLC,Materials,United States,76,2%,7
4556,SMART Modular Technologies,Private:SMAies,Materials,United States,73,6%,8
7706,"SomaLogic, Inc.","Private:SomaLogicgic, Inc.",Materials,United States,26,1%,9
8593,"Southern Wine & Spirits of America, Inc.",Private:South Inc.,Materials,United States,34,3%,9
7714,"Southwire Company, LLC","Private:South, LLC",Materials,United States,93,-2%,8
6519,Southern Ute Indian Tribe,Private:Southern ian Tribe,Materials,United States,60,-3%,20
5932,Sparkle Power Inc.,Private:Sparkle Power Inc.,Materials,United States,21,3%,6
401,"Specialized Bicycle Components, Inc.","Private:Specialits, Inc.",Materials,United States,34,6%,10
7268,Spinal Muscular Atrophy Foundation,Private:Spinal Muoundation,Materials,United States,69,-5%,15
7198,"Sports South, LLC","Private:Sport, LLC",Materials,United States,15,5%,8
8491,"St. Joseph's/Candler Health System, Inc.",Private:St. J Inc.,Materials,United States,66,-8%,25
4511,"Starin Marketing, Inc.",Private:Stari Inc.,Materials,United States,95,-6%,6
8445,Valve Corporation,Private:Steam ration,Materials,United States,47,2%,6
6304,Stemfinity LLC,Private:Stemfinitinity LLC,Materials,United States,85,-1%,16
12605,"Superior Surfaces, Inc.","Private:Superior ces, Inc.",Materials,United States,81,-6%,23
6349,Suzo-Happ Group North America,Private:Suzo-erica,Materials,United States,49,-5%,8
6512,"TAL International Group, Inc. (acquired by Triton International Limited)",Private:TAL InteLimited),Materials,United States,8,-5%,19
6718,"Tauber Oil Company, Inc.",Private:Taube Inc.,Materials,United States,3,-2%,19
6889,"TCTM, L.P.","Private:TCTM, L.P.",Materials,United States,100,1%,6
6999,"TeamStaff, Inc.",Private:teamstaffs,Materials,United States,64,3%,7
7012,Telamon Inc,Private:Telamn Inc,Materials,United States,41,1%,12
7288,"TeleCommunication Systems, Inc",Private:telecomsys,Materials,United States,22,0%,10
7442,Telamon Corporation,Private:Telion,Materials,United States,4,2%,12
7506,"Tenaska Resources, Llc","Private:Tenas, Llc",Materials,United States,70,-8%,24
7517,"Tenkoz, Inc.",Private:Tenko Inc.,Materials,United States,51,-4%,9
7550,"Tepha, Inc.",Private:Tepha Inc.,Materials,United States,21,-1%,20
7840,"Texla Energy Management, Inc.","Private:Texla Eneent, Inc.",Materials,United States,73,2%,19
7863,the City of Henderson,Private:the Cerson,Materials,United States,51,-6%,6
7879,The F. Dohmen Co.,Private:The Fn Co.,Materials,United States,66,-8%,14
8777,"The Juice Plus+ Company, LLC","Private:The J, LLC",Materials,United States,66,4%,24
20436,The MITRE Corporation,Private:The MITRErporation,Materials,United States,94,7%,20
17615,"the city of Monett, Missouri",Private:theMissouri,Materials,United States,42,7%,18
21342,"Thermo Fisher Scientific Life Senior Holdings, Inc.","Private:Thermo Fings, Inc.",Materials,United States,17,-5%,7
21346,"Thrive Agrobiotics, Inc","Private:Thriv, Inc",Materials,United States,76,-7%,16
21623,"TI Group Automotive Systems, LLC","Private:TI Gr, LLC",Materials,United States,70,6%,6
21387,"Tireco, Inc.","Private:Tireco, co, Inc.",Materials,United States,96,4%,6
18200,TOLMAR Inc.,Private:TOLnc.,Materials,United States,30,-6%,12
17007,"Toner Cable Equipment, Inc","Private:Toner, Inc",Materials,United States,33,-2%,8
16281,"Toys ""R"" Us Inc.",Private:Toys  Inc.,Materials,United States,80,-7%,11
17846,"Traditions Senior Management, Inc","Private:Tradi, Inc",Materials,United States,48,5%,8
18201,"Trammo, Inc.",Private:Tramm Inc.,Materials,United States,17,1%,14
20431,Transamerica Corporation,Private:Transamerrporation,Others,United States,67,-8%,8
17298,Trek Therapeutics PBC,Private:Trek s PBC,Others,United States,68,-5%,6
17380,Tricon Energy Ltd.,Private:Tricon Ed.,Others,United States,19,-5%,14
17319,"Tri-Ed Distribution, Inc.",Private:Trinc.,Others,United States,0,3%,19
20468,Triple S Pro Fishing Supplies Inc.,Private:Triple S lies Inc.,Others,United States,88,0%,24
17586,"True Companies, Inc.",Private:True  Inc.,Others,United States,23,-3%,25
17284,True Value Company,Private:True mpany,Others,United States,37,4%,24
16766,"U&I Entertainment, Inc","Private:U&I E, Inc",Others,United States,92,-8%,13
17322,"U.S. Well Services, LLC","Private:U.S. , LLC",Others,United States,10,3%,10
16742,"U.S. Electronics Group, Inc.","Private:U.S. Eleup, Inc.",Others,United States,60,1%,18
17321,"Ultrafabrics, LLC","Private:Ultrafabrrics, LLC",Others,United States,77,2%,17
16770,Unimark LLC,Private:Unimark LLC,Others,United States,52,2%,22
16256,United Energy Corporation,Private:Uniteation,Others,United States,81,-5%,10
17594,"United Sheet Metal, Inc.","Private:United Sal, Inc.",Others,United States,34,1%,22
16737,United States Department Of Defense,Private:United Stf Defense,Others,United States,19,-2%,11
17651,United Nations Population Fund (UNFPA),Private:UniteNFPA,Others,United States,80,6%,24
17345,United States Postal Service,Private:Unitervice,Others,United States,50,2%,7
20429,University of Arkansas for Medical Sciences,Private:UniversiSciences,Others,United States,29,-2%,8
16753,University of Maryland,Private:Universit Maryland,Others,United States,63,8%,16
16820,US Wind Hedge Counterparty,Private:US Wiparty,Others,United States,32,-3%,13
20730,"USA Scientific, Inc.","Private:USA Scienfic, Inc.",Others,United States,48,-1%,8
16580,"VBrick Systems, Inc","Private:VBrick Sytems, Inc",Others,United States,6,8%,22
17587,"Videon Central, Inc.","Private:Videon Ceral, Inc.",Others,United States,74,-5%,12
18116,Vigor Industrial LLC,Private:Vigor Indtrial LLC,Others,United States,85,-8%,12
17361,"VirtualScopics, Inc. ( a subsidiary of BioTelemetry, Inc.)","Private:VirtualSy, Inc.)",Others,United States,31,-5%,8
20423,"Virtus Advanced Sensors, Inc.","Private:Virtus Ars, Inc.",Others,United States,77,-5%,13
17356,"Vizient, Inc.",Private:Vizie Inc.,Others,United States,31,-5%,24
16956,"VIZIO, Inc.","Private:VIZIO, IIO, Inc.",Others,United States,67,6%,10
17316,VSO Marketing,Private:VSO Meting,Others,United States,59,-5%,24
16222,W.B.Mason,Private:W.B.MMason,Others,United States,55,5%,15
17621,Walter Oil & Gas Corporation,Private:Walteation,Others,United States,42,2%,21
16936,Ward Petroleum Corporation,Private:Ward ation,Others,United States,93,2%,17
17012,"Access Industries, Inc.",Private:Warne Inc.,Others,United States,77,-1%,10
18070,"Warren Resources, Inc. (Emerges from Bankruptcy)",Private:Warren Rkruptcy),Others,United States,24,0%,20
17367,Washington State Department of Social and Health Services,Private:Washingtes,Others,United States,35,-3%,25
20432,Waterplace Master Condominium,Private:Waterinium,Others,United States,80,6%,21
20430,Weyllin Investments LLC,Private:Weylls LLC,Others,United States,74,3%,19
17018,Wintec Industries,Private:Wintetries,Others,United States,78,-4%,6
17011,Wired Media,Private:Wirdia,Others,United States,69,-8%,13
21552,"Woori Usa, Inc.","Private:Woori UsaUsa, Inc.",Others,United States,30,-8%,23
17235,World Cinema Inc,Private:Worlda Inc,Others,United States,52,8%,6
16991,"WR America Logistics, Inc.","Private:WR Americics, Inc.",Others,United States,2,3%,6
22347,"WYNIT Distribution, LLC","Private:WYNIT, LLC",Others,United States,49,5%,18
17581,"XCoal Energy & Resources, LLC","Private:XCoal, LLC",Others,United States,7,-4%,15
17137,"Xenoport, Inc. ( a subsidiary of Arbor Pharmaceuticals, LLC)","Private:Xenoportls, LLC)",Others,United States,38,-3%,21
17133,Yates Petroleum Corporation,Private:Yatesation,Others,United States,96,-7%,16
17222,"Young's Holdings, Inc.",Private:Young Inc.,Others,United States,46,-1%,9
19115,YP Holdings LLC,Private:YP Hos LLC,Others,United States,73,3%,12
18007,ZF TRW Automotive Holdings Corp.,Private:ZF TRCorp.,Others,United States,35,-2%,13
17614,Nexteer Automotive Group Limited,SEHK:1316,Others,United States,84,7%,13
17169,Cott Corporation,TSX:BCB,Others,United States,17,8%,22
17099,"NeuLion, Inc.",TSX:NLN,Others,United States,100,8%,23
17613,Performance Sports Group Ltd.,TSX:PSG,Others,United States,78,6%,21
22350,Thompson Creek Metals Company Inc.,TSX:TCM,Others,United States,84,8%,6
17070,Frankly Inc.,TSXV:TLK,Others,United States,94,5%,18
7518,Alliant Energy Corporation,NYSE:LNT,Real Estate,United States,5,6%,12
7333,"American Electric Power Company, Inc.",NYSE:AEP,Real Estate,United States,10,8%,6
7205,American Tower Corporation,NYSE:AMT,Real Estate,United States,36,-1%,10
6645,AT&T Inc.,NYSE:T,Real Estate,United States,65,4%,16
8366,Atmos Energy Corporation,NYSE:ATO,Real Estate,United States,17,-4%,23
6293,"ATN International, Inc.",NasdaqGS:ATNI,Real Estate,United States,83,0%,16
6486,"AvalonBay Communities, Inc.",NYSE:AVB,Real Estate,United States,66,-7%,7
6735,"Avangrid, Inc.",NYSE:AGR,Real Estate,United States,44,-4%,19
7127,Big Rivers Electric Corporation,Private:Big Ration,Real Estate,United States,50,8%,11
7750,"Boingo Wireless, Inc.",NasdaqGS:WIFI,Real Estate,United States,69,1%,13
6904,"Capital Properties, Inc.",OTCPK:CPTP,Real Estate,United States,32,-6%,14
7704,"CenterPoint Energy, Inc.",NYSE:CNP,Real Estate,United States,93,5%,24
6851,"CenturyLink, Inc.",NYSE:CTL,Real Estate,United States,25,-2%,10
5544,Cincinnati Bell Inc.,NYSE:CBB,Real Estate,United States,7,-2%,8
6344,CMS Energy Corporation,NYSE:CMS,Real Estate,United States,71,-3%,17
6920,CNL Plaza LLC,Private:CNL PlazaPlaza LLC,Real Estate,United States,68,8%,17
6973,Corporate Office Properties Trust,NYSE:OFC,Real Estate,United States,99,4%,13
7411,"CPS Energy, Inc.",Private:CPS E Inc.,Real Estate,United States,28,-7%,25
7877,Crown Castle International Corp.,NYSE:CCI,Real Estate,United States,67,-4%,10
21220,"Delta Natural Gas Company, Inc.",NasdaqGS:DGAS,Real Estate,United States,80,-3%,12
5846,"Dominion Resources, Inc.",NYSE:D,Telecommunication Services,United States,3,5%,22
5494,DTE Energy Company,NYSE:DTE,Telecommunication Services,United States,31,0%,25
5492,Duke Energy Corporation,NYSE:DUK,Telecommunication Services,United States,66,-2%,23
6472,"DuPont Fabros Technology, Inc.",NYSE:DFT,Telecommunication Services,United States,15,5%,10
5878,Dynegy Inc.,NYSE:DYN,Telecommunication Services,United States,5,5%,8
16260,"East Kentucky Power Cooperative, Inc.",Private:Eastinckent,Telecommunication Services,United States,64,7%,17
5567,Edison International,NYSE:EIX,Telecommunication Services,United States,38,-1%,10
6055,"Electric Reliability Council Of Texas, Inc","Private:Elect, Inc",Telecommunication Services,United States,90,-2%,25
5054,Energy Future Holdings Corp,Private:Energ Corp,Telecommunication Services,United States,15,0%,24
5965,Entergy Corporation,NYSE:ETR,Telecommunication Services,United States,39,-7%,18
6056,EPR Properties,NYSE:EPR,Telecommunication Services,United States,81,1%,18
6594,Eversource Energy,NYSE:ES,Telecommunication Services,United States,61,-8%,6
7130,Exelon Corporation,NYSE:EXC,Telecommunication Services,United States,5,2%,22
7519,"Ferrellgas Partners, L.P.",NYSE:FGP,Telecommunication Services,United States,44,1%,22
7634,"First Wind Holdings, LLC","Private:First, LLC",Telecommunication Services,United States,58,-2%,20
7810,Getty Realty Corp.,NYSE:GTY,Telecommunication Services,United States,68,4%,10
7353,"Hawaiian Electric Industries, Inc.",NYSE:HE,Utilities,United States,13,-2%,18
7163,"Host Hotels & Resorts, Inc.",NYSE:HST,Utilities,United States,18,2%,11
5239,"IdaCorp, Inc.",NYSE:IDA,Utilities,United States,71,-5%,13
5745,"Inteliquent, Inc.",NasdaqGS:IQNT,Utilities,United States,7,-3%,21
16308,Iridium Communications Inc.,NasdaqGS:IRDM,Utilities,United States,72,5%,6
4546,ITC Holdings Corp. (a subsidiary of Fortis Inc.),Private:ITC Holdis Inc.),Utilities,United States,64,-8%,24
6240,Lamar Advertising Company,NasdaqGS:LAMR,Utilities,United States,48,-6%,20
6551,"Level 3 Communications, Inc.",NYSE:LVLT,Utilities,United States,21,4%,5
7255,"LTC Properties, Inc.",NYSE:LTC,Utilities,United States,91,-4%,22
6713,Lumos Networks Corp.,NasdaqGS:LMOS,Utilities,United States,2,2%,12
6691,"MDU Resources Group, Inc.",NYSE:MDU,Utilities,United States,10,6%,25
6699,"Medical Properties Trust, Inc.",NYSE:MPW,Utilities,United States,12,-5%,25
6238,"New York Independent System Operator, Inc.","Private:New York tor, Inc.",Utilities,United States,34,-8%,5
6250,"NextEra Energy, Inc.",NYSE:NEE,Utilities,United States,81,6%,21
6336,"Niagara Mohawk Holdings, Inc.",Private:Niaga Inc.,Utilities,United States,64,1%,10
6544,"NRG Energy, Inc.",NYSE:NRG,Utilities,United States,19,-8%,12
6621,NTELOS Holdings Corp.,Private:NTELOS Hgs Corp.,Utilities,United States,34,-4%,12
6682,OGE Energy Corp.,NYSE:OGE,Utilities,United States,68,1%,14
6683,"Ormat Technologies, Inc.",NYSE:ORA,Utilities,United States,12,-5%,11
6744,"Pacificorp Energy, Inc.",Private:Pacif Inc.,Utilities,United States,38,2%,11
6754,Panda Patriot LLC,Private:Panda Pattriot LLC,Utilities,United States,47,-5%,13
6765,Pattern Energy Group Inc.,NasdaqGS:PEGI,Utilities,United States,88,-6%,14
6795,PG&E Corporation,NYSE:PCG,Utilities,United States,61,7%,11
6923,Pinnacle West Capital Corporation,NYSE:PNW,Utilities,United States,44,-7%,8
6997,"PJM Interconnection, L.L.C.",Private:PJM I.L.C.,Utilities,United States,0,4%,22
7117,PNG Companies LLC,Private:PNG Compaanies LLC,Utilities,United States,13,3%,15
7296,PPL Corporation,NYSE:PPL,Utilities,United States,38,-8%,17
7334,"Prologis, Inc.",NYSE:PLD,Utilities,United States,16,7%,20
7377,Pure Cycle Corporation,NasdaqCM:PCYO,Utilities,United States,85,5%,17
7421,Rayonier Inc.,NYSE:RYN,Utilities,United States,61,0%,12
7426,SBA Communications Corporation,NasdaqGS:SBAC,Utilities,United States,40,-2%,17
7571,Sempra Energy,NYSE:SRE,Utilities,United States,84,8%,7
7586,Shenandoah Telecommunications Co.,NasdaqGS:SHEN,Utilities,United States,29,-5%,11
7588,Southern California Gas Co.,OTCBB:SOCGP,Utilities,United States,22,2%,21
7728,Spire Inc.,NYSE:SR,Utilities,United States,93,-1%,16
7803,Sprint Corporation,NYSE:S,Utilities,United States,43,-6%,14
8265,Tejon Ranch Co.,NYSE:TRC,Utilities,United States,5,3%,17
17336,"Tenaska Energy, Inc.",Private:Tenas Inc.,Utilities,United States,14,-2%,15
16265,Tennessee Valley Authority,NYSE:TVC,Utilities,United States,40,6%,25
16716,The AES Corporation,NYSE:AES,Utilities,United States,19,-2%,5
16711,The Empire District Electric Company,NYSE:EDE,Utilities,United States,78,-1%,21
16809,"The GEO Group, Inc.",NYSE:GEO,Utilities,United States,70,-1%,24
17585,The Southern Company,NYSE:SO,Utilities,United States,12,-7%,8
17938,"T-Mobile US, Inc.",NasdaqGS:TMUS,Utilities,United States,72,-1%,16
17043,U.S. Government,U.S. Government,Utilities,United States,15,1%,12
16233,Universal Health Realty Income Trust,NYSE:UHT,Utilities,United States,10,-6%,14
21900,Verizon Communications Inc.,NYSE:VZ,Utilities,United States,30,-6%,22
17028,Virginia Electric and Power Company,Private:Virgimpany,Utilities,United States,31,2%,19
21897,"Vivint Solar, Inc.",NYSE:VSLR,Utilities,United States,39,4%,7
17063,Welltower Inc.,NYSE:HCN,Utilities,United States,33,1%,25
17118,Weyerhaeuser Co.,NYSE:WY,Utilities,United States,9,0%,7
30000,"Windstream Holdings, Inc.",NasdaqGS:WIN,Government Institution,United States,54,2%,9
21512,Uzbekneftegaz National Holding Company joint Stock Company,Private:Uzbekneftk Company,Energy,Uzbekistan,6,1%,19
21051,AK Vina Co. Ltd.,Private:AK Vina C Co. Ltd.,Others,Vietnam,26,3%,10
21720,Song Da Ha Noi Joint Stock Company,Private:Song Da Hk Company,Others,Vietnam,94,-3%,11
2333,Hanoi Education Development and Investment JSC,HASTC:EID,Consumer Discretionary,Vietnam,88,6%,12
2335,Hung Yen Book Publishing and Educational Equipment JSC,HASTC:HST,Consumer Discretionary,Vietnam,88,-2%,25
15831,Educational Book JSC in Da Nang City,HNX:DAE,Consumer Discretionary,Vietnam,68,-3%,5
22123,CTCBIO Vietnam JSC.,Private:CTCBIO Vitnam JSC.,Consumer Staples,Vietnam,12,-2%,19
2339,PetroVietnam Construction Joint Stock Corporation,HASTC:PVX,Energy,Vietnam,42,-7%,12
2338,PetroVietnam Technical Services Corporation,HASTC:PVS,Energy,Vietnam,44,3%,17
17226,Nghi Son Refinery and Petrochemical LLC,Private:Nghi Sol LLC,Energy,Vietnam,64,-7%,13
21789,Vietnam National Oil and Gas Group,Private:Vietnam NGas Group,Energy,Vietnam,42,-5%,23
2337,Pharmedic Pharmaceutical Medicinal Joint Stock Company,HASTC:PMC,Healthcare,Vietnam,55,-3%,10
21263,Duc Minh Medical Joint Stock Company,Private:Duc Minh k Company,Healthcare,Vietnam,52,-8%,18
18544,Saigon Pharmaceutical Company Limited,Private:Saigon P Limited,Healthcare,Vietnam,55,7%,14
2344,VICEM Materials Transport Cement JSC,HASTC:VTV,Industrials,Vietnam,27,2%,11
2340,Song Da No 11 JSC,HASTC:SJE,Industrials,Vietnam,13,7%,23
2343,Vimeco Joint stock company,HASTC:VMC,Industrials,Vietnam,66,4%,23
2332,Duc Long Gia Lai Public Works Service Development and Investment Joint Stock Company,HASTC:DL1,Industrials,Vietnam,79,-2%,23
2334,Global Electrical Technology Corporation,HASTC:GLT,Industrials,Vietnam,9,2%,5
2342,Construction Joint-stock company No. 9,HASTC:VC9,Industrials,Vietnam,91,-3%,20
15841,Song Da Mechanical - Assembling Joint Stock Company,HNX:MEC,Industrials,Vietnam,7,-8%,9
16072,Song Da 9 Construction And Investment Joint Stock Company,HNX:SCI,Industrials,Vietnam,86,5%,14
15843,Song Da No 2 JSC,HNX:SD2,Industrials,Vietnam,55,1%,11
16070,Song Da No 7 JSC,HNX:SD7,Industrials,Vietnam,69,-3%,14
15849,Vicem Gypsum and Cement Joint Stock Company,HNX:TXM,Industrials,Vietnam,59,1%,6
16074,Vietnam Construction Joint Stock Company No.2,HNX:VC2,Industrials,Vietnam,16,7%,17
16069,Vinaconex 6 Joint Stock Company,HNX:VC6,Industrials,Vietnam,73,-6%,23
16068,No7 Vietnam Construction Joint Stock Company,HNX:VC7,Industrials,Vietnam,48,0%,11
15956,Vietnam Construction and Import-Export Joint Stock Corporation,HNX:VCG,Industrials,Vietnam,1,-4%,20
2415,Duc Long Gia Lai Group JSC,HOSE:DLG,Industrials,Vietnam,40,5%,15
2418,Gemadept Corporation,HOSE:GMD,Industrials,Vietnam,99,6%,12
2422,Innovative Technology Development Corporation,HOSE:ITD,Industrials,Vietnam,57,-4%,8
16013,Taya (Vietnam) Electric Wire and Cable Joint Stock Company,HOSE:TYA,Industrials,Vietnam,75,0%,24
21920,"China Electronics Technology Nanjing Electronic Information Development Co.,Ltd.","Private:China Ele Co.,Ltd.",Industrials,Vietnam,14,2%,12
21829,Construction JSC No.5,Private:Construct JSC No.5,Industrials,Vietnam,71,0%,9
21919,Construction JSC No16,Private:Construct JSC No16,Industrials,Vietnam,94,4%,20
21356,"Kumho Asiana Plaza Saigon Co., LTD.","Private:Kumho AsiCo., LTD.",Industrials,Vietnam,42,-8%,22
21631,Mientrung Petroleum Construction Joint Stock Company,Private:Mientrungk Company,Industrials,Vietnam,16,0%,9
21918,New Technology Application & Construction Investment JSC,Private:New Techntment JSC,Industrials,Vietnam,80,5%,24
21835,Song Da 8 JSC,Private:Song Da 8 Da 8 JSC,Industrials,Vietnam,31,-8%,11
21826,Song Da Consulting Joint-Stock Company,Private:Song Da Ck Company,Industrials,Vietnam,39,8%,10
20519,Song Da Corporation,Private:Song Da Crporation,Industrials,Vietnam,21,-1%,9
21833,Song Da No.3 Joint Stock Company,Private:Song Da Nk Company,Industrials,Vietnam,56,3%,19
21916,"Song Da Ucrin Consulting Engineering Co.,Ltd.","Private:Song Da U Co.,Ltd.",Industrials,Vietnam,87,-8%,9
21820,Viet-Lao Power Joint Stock Company,Private:Viet-Lao k Company,Industrials,Vietnam,99,-3%,12
21885,Vietnam Construction Joint Stock Company No.11,Private:Vietnam Cany No.11,Industrials,Vietnam,94,4%,17
21917,Vimeco Mechanical & Trading JSC,Private:Vimeco Meading JSC,Industrials,Vietnam,43,-8%,20
21818,Vinaconex Engineering Construction and Investment Joint-stock Company,Private:Vinaconexk Company,Industrials,Vietnam,79,-8%,6
15940,Song Da No 12 Joint Stock Company,UNQ-VNM:S12,Industrials,Vietnam,17,-3%,9
20831,Dae Woo Electronic Equipment Viet Nam Co. Ltd.,Private:Dae Woo E Co. Ltd.,Information Technology,Vietnam,31,7%,5
21913,"Van Loc Co.,Ltd.","Private:Van Loc C Co.,Ltd.",Information Technology,Vietnam,66,4%,11
2330,BimSon Cement JSC,HASTC:BCC,Materials,Vietnam,40,4%,10
2331,Vicem But Son Cement Joint Stock Company,HASTC:BTS,Materials,Vietnam,24,-4%,16
2341,VICEM Cement Trading Joint Stock Company,HASTC:TMX,Materials,Vietnam,6,-8%,9
15824,But Son Cement Packing Joint Stock Company,HNX:BBS,Materials,Vietnam,43,-3%,12
15825,Vicem Packaging Bim Son Joint Stock Company,HNX:BPC,Materials,Vietnam,31,6%,9
15953,VICEM Hoang Mai Cement JSC,HNX:HOM,Materials,Vietnam,74,-5%,13
16071,Song Da 4 JSC,HNX:SD4,Materials,Vietnam,39,-1%,6
15852,Da Nang Construction Building Materials VICEM Joint Stock Company,HOSE:DXV,Materials,Vietnam,37,6%,15
15958,Vicem Ha Tien Joint Stock Company,HOSE:HT1,Materials,Vietnam,65,-6%,9
15856,Vicem HaiVan Cement Joint Stock Company,HOSE:HVX,Materials,Vietnam,20,-5%,12
21184,Hyundai Aluminum Vina Shareholding Company,Private:Hyundai Ag Company,Materials,Vietnam,41,-7%,9
21858,Vicem Hoang Thach Cement Company Limited,Private:Vicem Hoay Limited,Materials,Vietnam,33,1%,9
17781,Vietnam Cement Industry Corporation,Private:Vietnam poration,Materials,Vietnam,78,7%,11
14191,Petrovietnam Gas Joint Stock Corporation,HOSE:GAS,Utilities,Vietnam,84,-5%,24
20563,Electricity of Vietnam Group,Private:Electricinam Group,Utilities,Vietnam,24,-6%,10
21865,Hanoi Electrical Equipment-Mechanical Engineering JSC,Private:Hanoi Eleering JSC,Utilities,Vietnam,36,-6%,13
21912,Phuc Minh Trading & Services JSC ,Private:Phuc Minhices JSC ,Utilities,Vietnam,60,-4%,23
15342,Astra Industries Limited,ZMSE:ASTR,Materials,Zimbabwe,64,-5%,9
